Unified stdout/stderr log: /root/autodl-tmp/work_dirs/mathseg_fewshot_20260922/loveda/m0/grid_20260922_095627_059290.log

START adapter_200 K=1 seed=3407
{
  "support_images": {
    "0": 0,
    "1": 7,
    "2": 14,
    "5": 35,
    "10": 70
  },
  "evaluation_images": 1599,
  "protocol_sha256": "8184bef3aae39e2b9f01cd79a90782318f436744d14c43f108c76f56fc527ec5"
}
adapter_1shot_seed3407 step 20/200: loss=0.2743
adapter_1shot_seed3407 step 40/200: loss=0.2585
adapter_1shot_seed3407 step 60/200: loss=0.2358
adapter_1shot_seed3407 step 80/200: loss=0.1709
adapter_1shot_seed3407 step 100/200: loss=0.2525
adapter_1shot_seed3407 step 120/200: loss=0.4413
adapter_1shot_seed3407 step 140/200: loss=0.1262
adapter_1shot_seed3407 step 160/200: loss=0.1306
adapter_1shot_seed3407 step 180/200: loss=0.2658
adapter_1shot_seed3407 step 200/200: loss=0.0538
/root/miniconda3/lib/python3.12/site-packages/torch/nn/modules/conv.py:456: UserWarning: Plan failed with a cudnnException: CUDNN_BACKEND_EXECUTION_PLAN_DESCRIPTOR: cudnnFinalize Descriptor Failed cudnn_status: CUDNN_STATUS_NOT_SUPPORTED (Triggered internally at ../aten/src/ATen/native/cudnn/Conv_v8.cpp:919.)
  return F.conv2d(input, weight, bias, self.stride,
adapter_1shot_seed3407 evaluation 100/1599
adapter_1shot_seed3407 evaluation 200/1599
adapter_1shot_seed3407 evaluation 300/1599
adapter_1shot_seed3407 evaluation 400/1599
adapter_1shot_seed3407 evaluation 500/1599
adapter_1shot_seed3407 evaluation 600/1599
adapter_1shot_seed3407 evaluation 700/1599
adapter_1shot_seed3407 evaluation 800/1599
adapter_1shot_seed3407 evaluation 900/1599
adapter_1shot_seed3407 evaluation 1000/1599
adapter_1shot_seed3407 evaluation 1100/1599
adapter_1shot_seed3407 evaluation 1200/1599
adapter_1shot_seed3407 evaluation 1300/1599
adapter_1shot_seed3407 evaluation 1400/1599
adapter_1shot_seed3407 evaluation 1500/1599
{"signature": "9b59ca4f5a2e1f1827b4e26d8f8d9a08b9296e79a697070e92df3474fe9c1678", "mode": "adapter", "shots_per_class": 1, "seed": 3407, "support_images": 7, "evaluation_images": 1599, "metrics": {"mIoU": 0.5360989366822794, "per_class_iou": {"background": 0.5497985222061434, "building": 0.653164146339094, "road": 0.5475708247184191, "water": 0.7122318440536377, "barren": 0.3914981832521082, "forest": 0.3729210896023003, "agriculture": 0.5255079466042528}, "pixel_accuracy": 0.7055793430819528, "confusion": [[476118645, 31930996, 18905965, 17133352, 13981053, 28499919, 9032801], [12910741, 100920743, 283470, 163717, 452097, 1051259, 429332], [15912054, 431547, 54630506, 50085, 1801946, 1195141, 332611], [26428741, 128052, 416072, 152844911, 2470933, 3661871, 2234022], [21810152, 338584, 1015952, 1670491, 38900645, 878845, 3156962], [40320005, 755445, 1249483, 762235, 618866, 69337028, 3059156], [153003071, 4714554, 3544008, 6635458, 12267013, 34540237, 257995193]]}}
DONE adapter_200 K=1 seed=3407

START adapter_200 K=1 seed=3408
{
  "support_images": {
    "0": 0,
    "1": 7,
    "2": 14,
    "5": 35,
    "10": 70
  },
  "evaluation_images": 1599,
  "protocol_sha256": "8184bef3aae39e2b9f01cd79a90782318f436744d14c43f108c76f56fc527ec5"
}
adapter_1shot_seed3408 step 20/200: loss=0.1951
adapter_1shot_seed3408 step 40/200: loss=0.5928
adapter_1shot_seed3408 step 60/200: loss=0.3830
adapter_1shot_seed3408 step 80/200: loss=0.1923
adapter_1shot_seed3408 step 100/200: loss=0.3283
adapter_1shot_seed3408 step 120/200: loss=0.2081
adapter_1shot_seed3408 step 140/200: loss=0.2566
adapter_1shot_seed3408 step 160/200: loss=0.1000
adapter_1shot_seed3408 step 180/200: loss=0.2038
adapter_1shot_seed3408 step 200/200: loss=0.2333
/root/miniconda3/lib/python3.12/site-packages/torch/nn/modules/conv.py:456: UserWarning: Plan failed with a cudnnException: CUDNN_BACKEND_EXECUTION_PLAN_DESCRIPTOR: cudnnFinalize Descriptor Failed cudnn_status: CUDNN_STATUS_NOT_SUPPORTED (Triggered internally at ../aten/src/ATen/native/cudnn/Conv_v8.cpp:919.)
  return F.conv2d(input, weight, bias, self.stride,
adapter_1shot_seed3408 evaluation 100/1599
adapter_1shot_seed3408 evaluation 200/1599
adapter_1shot_seed3408 evaluation 300/1599
adapter_1shot_seed3408 evaluation 400/1599
adapter_1shot_seed3408 evaluation 500/1599
adapter_1shot_seed3408 evaluation 600/1599
adapter_1shot_seed3408 evaluation 700/1599
adapter_1shot_seed3408 evaluation 800/1599
adapter_1shot_seed3408 evaluation 900/1599
adapter_1shot_seed3408 evaluation 1000/1599
adapter_1shot_seed3408 evaluation 1100/1599
adapter_1shot_seed3408 evaluation 1200/1599
adapter_1shot_seed3408 evaluation 1300/1599
adapter_1shot_seed3408 evaluation 1400/1599
adapter_1shot_seed3408 evaluation 1500/1599
{"signature": "ebb95e077a8652faaa85733b02daad1a09d795cd5b686646caf609c993075611", "mode": "adapter", "shots_per_class": 1, "seed": 3408, "support_images": 7, "evaluation_images": 1599, "metrics": {"mIoU": 0.5303614639800486, "per_class_iou": {"background": 0.5451897371214729, "building": 0.6537815469929709, "road": 0.5397016540230024, "water": 0.710000651521786, "barren": 0.38702508103702915, "forest": 0.35820995604586753, "agriculture": 0.5186216211182113}, "pixel_accuracy": 0.7003063790207056, "confusion": [[465577721, 32044977, 21953650, 20409924, 14287058, 30665823, 10663578], [12517794, 101130787, 378506, 170946, 432184, 1244517, 336625], [14628970, 441047, 55652484, 51957, 1768038, 1434273, 377121], [23573736, 122935, 463587, 155050675, 2271066, 3975953, 2726650], [21581562, 324772, 1169618, 1989097, 38322571, 956718, 3427293], [39531975, 611329, 1070246, 827242, 629050, 70808557, 2623819], [146536976, 4929481, 3727630, 6747264, 11859287, 43293834, 255605062]]}}
DONE adapter_200 K=1 seed=3408

START adapter_200 K=1 seed=3409
{
  "support_images": {
    "0": 0,
    "1": 7,
    "2": 14,
    "5": 35,
    "10": 70
  },
  "evaluation_images": 1599,
  "protocol_sha256": "8184bef3aae39e2b9f01cd79a90782318f436744d14c43f108c76f56fc527ec5"
}
adapter_1shot_seed3409 step 20/200: loss=0.3493
adapter_1shot_seed3409 step 40/200: loss=0.1480
adapter_1shot_seed3409 step 60/200: loss=0.3354
adapter_1shot_seed3409 step 80/200: loss=0.2179
adapter_1shot_seed3409 step 100/200: loss=0.0319
adapter_1shot_seed3409 step 120/200: loss=0.1580
adapter_1shot_seed3409 step 140/200: loss=0.4144
adapter_1shot_seed3409 step 160/200: loss=0.1231
adapter_1shot_seed3409 step 180/200: loss=0.1794
adapter_1shot_seed3409 step 200/200: loss=0.1392
/root/miniconda3/lib/python3.12/site-packages/torch/nn/modules/conv.py:456: UserWarning: Plan failed with a cudnnException: CUDNN_BACKEND_EXECUTION_PLAN_DESCRIPTOR: cudnnFinalize Descriptor Failed cudnn_status: CUDNN_STATUS_NOT_SUPPORTED (Triggered internally at ../aten/src/ATen/native/cudnn/Conv_v8.cpp:919.)
  return F.conv2d(input, weight, bias, self.stride,
adapter_1shot_seed3409 evaluation 100/1599
adapter_1shot_seed3409 evaluation 200/1599
adapter_1shot_seed3409 evaluation 300/1599
adapter_1shot_seed3409 evaluation 400/1599
adapter_1shot_seed3409 evaluation 500/1599
adapter_1shot_seed3409 evaluation 600/1599
adapter_1shot_seed3409 evaluation 700/1599
adapter_1shot_seed3409 evaluation 800/1599
adapter_1shot_seed3409 evaluation 900/1599
adapter_1shot_seed3409 evaluation 1000/1599
adapter_1shot_seed3409 evaluation 1100/1599
adapter_1shot_seed3409 evaluation 1200/1599
adapter_1shot_seed3409 evaluation 1300/1599
adapter_1shot_seed3409 evaluation 1400/1599
adapter_1shot_seed3409 evaluation 1500/1599
{"signature": "11ee4ee99c80355dd77789d0a0ee04dfba178bd8b505dbdd33678630cf846247", "mode": "adapter", "shots_per_class": 1, "seed": 3409, "support_images": 7, "evaluation_images": 1599, "metrics": {"mIoU": 0.5407643396729844, "per_class_iou": {"background": 0.5476274035481797, "building": 0.6621834722203339, "road": 0.5447222659088307, "water": 0.7078004135529652, "barren": 0.38599554869833913, "forest": 0.36667472397946294, "agriculture": 0.5703465498027794}, "pixel_accuracy": 0.7125634761722615, "confusion": [[449982609, 33253507, 20082319, 22742194, 13588638, 35121298, 20832166], [12058846, 101449503, 310920, 175600, 442079, 1248597, 525814], [15203190, 458371, 54880308, 71386, 1781201, 1456254, 503180], [20884384, 107794, 417998, 156262658, 2178697, 4252426, 4080645], [21141437, 338661, 1084372, 1943623, 37870439, 1110857, 4282242], [36720873, 744136, 1027481, 792507, 511657, 72922523, 3383041], [120083374, 2090695, 3472175, 6862293, 11837174, 39583588, 288770235]]}}
DONE adapter_200 K=1 seed=3409

START adapter_200 K=2 seed=3407
{
  "support_images": {
    "0": 0,
    "1": 7,
    "2": 14,
    "5": 35,
    "10": 70
  },
  "evaluation_images": 1599,
  "protocol_sha256": "8184bef3aae39e2b9f01cd79a90782318f436744d14c43f108c76f56fc527ec5"
}
adapter_2shot_seed3407 step 20/200: loss=1.7721
adapter_2shot_seed3407 step 40/200: loss=0.3200
adapter_2shot_seed3407 step 60/200: loss=0.3772
adapter_2shot_seed3407 step 80/200: loss=0.3124
adapter_2shot_seed3407 step 100/200: loss=0.2748
adapter_2shot_seed3407 step 120/200: loss=0.2834
adapter_2shot_seed3407 step 140/200: loss=0.2988
adapter_2shot_seed3407 step 160/200: loss=0.3443
adapter_2shot_seed3407 step 180/200: loss=0.3420
adapter_2shot_seed3407 step 200/200: loss=0.1840
/root/miniconda3/lib/python3.12/site-packages/torch/nn/modules/conv.py:456: UserWarning: Plan failed with a cudnnException: CUDNN_BACKEND_EXECUTION_PLAN_DESCRIPTOR: cudnnFinalize Descriptor Failed cudnn_status: CUDNN_STATUS_NOT_SUPPORTED (Triggered internally at ../aten/src/ATen/native/cudnn/Conv_v8.cpp:919.)
  return F.conv2d(input, weight, bias, self.stride,
adapter_2shot_seed3407 evaluation 100/1599
adapter_2shot_seed3407 evaluation 200/1599
adapter_2shot_seed3407 evaluation 300/1599
adapter_2shot_seed3407 evaluation 400/1599
adapter_2shot_seed3407 evaluation 500/1599
adapter_2shot_seed3407 evaluation 600/1599
adapter_2shot_seed3407 evaluation 700/1599
adapter_2shot_seed3407 evaluation 800/1599
adapter_2shot_seed3407 evaluation 900/1599
adapter_2shot_seed3407 evaluation 1000/1599
adapter_2shot_seed3407 evaluation 1100/1599
adapter_2shot_seed3407 evaluation 1200/1599
adapter_2shot_seed3407 evaluation 1300/1599
adapter_2shot_seed3407 evaluation 1400/1599
adapter_2shot_seed3407 evaluation 1500/1599
{"signature": "a73ac3bd107804c1e85688209caf287382a023b6ce196aa5e4ecbbc31c79bcda", "mode": "adapter", "shots_per_class": 2, "seed": 3407, "support_images": 14, "evaluation_images": 1599, "metrics": {"mIoU": 0.5206845766981713, "per_class_iou": {"background": 0.5195285516844775, "building": 0.5714505984280538, "road": 0.528890104673534, "water": 0.7136647237491011, "barren": 0.39381227323693885, "forest": 0.37638499147359905, "agriculture": 0.541060793641495}, "pixel_accuracy": 0.6939619156777604, "confusion": [[432447348, 58602162, 27070059, 20062525, 22350426, 21478358, 13591853], [5142593, 108209039, 685679, 163846, 483916, 1037888, 488398], [11913336, 1037859, 57320111, 50647, 2026506, 1551945, 453486], [23374950, 251100, 458706, 155020946, 3134800, 2451348, 3492752], [14530817, 827702, 1207730, 1559297, 44726270, 641606, 4278209], [43799365, 903183, 820245, 849809, 1508824, 63925274, 4295518], [138020389, 11525154, 3781803, 6347445, 16296462, 26576762, 270151519]]}}
DONE adapter_200 K=2 seed=3407

START adapter_200 K=2 seed=3408
{
  "support_images": {
    "0": 0,
    "1": 7,
    "2": 14,
    "5": 35,
    "10": 70
  },
  "evaluation_images": 1599,
  "protocol_sha256": "8184bef3aae39e2b9f01cd79a90782318f436744d14c43f108c76f56fc527ec5"
}
adapter_2shot_seed3408 step 20/200: loss=2.5731
adapter_2shot_seed3408 step 40/200: loss=2.3784
adapter_2shot_seed3408 step 60/200: loss=0.2962
adapter_2shot_seed3408 step 80/200: loss=0.1742
adapter_2shot_seed3408 step 100/200: loss=0.3834
adapter_2shot_seed3408 step 120/200: loss=0.1926
adapter_2shot_seed3408 step 140/200: loss=0.3241
adapter_2shot_seed3408 step 160/200: loss=0.2102
adapter_2shot_seed3408 step 180/200: loss=0.5591
adapter_2shot_seed3408 step 200/200: loss=0.4099
/root/miniconda3/lib/python3.12/site-packages/torch/nn/modules/conv.py:456: UserWarning: Plan failed with a cudnnException: CUDNN_BACKEND_EXECUTION_PLAN_DESCRIPTOR: cudnnFinalize Descriptor Failed cudnn_status: CUDNN_STATUS_NOT_SUPPORTED (Triggered internally at ../aten/src/ATen/native/cudnn/Conv_v8.cpp:919.)
  return F.conv2d(input, weight, bias, self.stride,
adapter_2shot_seed3408 evaluation 100/1599
adapter_2shot_seed3408 evaluation 200/1599
adapter_2shot_seed3408 evaluation 300/1599
adapter_2shot_seed3408 evaluation 400/1599
adapter_2shot_seed3408 evaluation 500/1599
adapter_2shot_seed3408 evaluation 600/1599
adapter_2shot_seed3408 evaluation 700/1599
adapter_2shot_seed3408 evaluation 800/1599
adapter_2shot_seed3408 evaluation 900/1599
adapter_2shot_seed3408 evaluation 1000/1599
adapter_2shot_seed3408 evaluation 1100/1599
adapter_2shot_seed3408 evaluation 1200/1599
adapter_2shot_seed3408 evaluation 1300/1599
adapter_2shot_seed3408 evaluation 1400/1599
adapter_2shot_seed3408 evaluation 1500/1599
{"signature": "12186e910251ecb2dcd647775b1998c4f3ed37add6f85c307791826a885262fb", "mode": "adapter", "shots_per_class": 2, "seed": 3408, "support_images": 14, "evaluation_images": 1599, "metrics": {"mIoU": 0.5241778876943061, "per_class_iou": {"background": 0.5174200900196098, "building": 0.5813738696798242, "road": 0.538409123097384, "water": 0.7135502449263362, "barren": 0.373270700750188, "forest": 0.3911437730080632, "agriculture": 0.5540774123787372}, "pixel_accuracy": 0.6963114104324165, "confusion": [[423816368, 57651106, 24183545, 19104954, 32178871, 21044963, 17622924], [5280946, 108259984, 531841, 155862, 576636, 861671, 544419], [12501223, 1025519, 56392333, 41953, 2408398, 1346749, 637715], [21891593, 230361, 440028, 153741453, 5178732, 2422832, 4279603], [10415087, 822235, 951514, 1270449, 48644092, 478002, 5190252], [40886016, 1286970, 934068, 736438, 2507119, 64028409, 5723198], [132517712, 8986502, 3343928, 5965626, 19697151, 21438895, 280749720]]}}
DONE adapter_200 K=2 seed=3408

START adapter_200 K=2 seed=3409
{
  "support_images": {
    "0": 0,
    "1": 7,
    "2": 14,
    "5": 35,
    "10": 70
  },
  "evaluation_images": 1599,
  "protocol_sha256": "8184bef3aae39e2b9f01cd79a90782318f436744d14c43f108c76f56fc527ec5"
}
adapter_2shot_seed3409 step 20/200: loss=0.7782
adapter_2shot_seed3409 step 40/200: loss=0.4051
adapter_2shot_seed3409 step 60/200: loss=0.2483
adapter_2shot_seed3409 step 80/200: loss=0.5938
adapter_2shot_seed3409 step 100/200: loss=0.2748
adapter_2shot_seed3409 step 120/200: loss=0.3635
adapter_2shot_seed3409 step 140/200: loss=0.0967
adapter_2shot_seed3409 step 160/200: loss=0.2453
adapter_2shot_seed3409 step 180/200: loss=0.2016
adapter_2shot_seed3409 step 200/200: loss=0.7267
/root/miniconda3/lib/python3.12/site-packages/torch/nn/modules/conv.py:456: UserWarning: Plan failed with a cudnnException: CUDNN_BACKEND_EXECUTION_PLAN_DESCRIPTOR: cudnnFinalize Descriptor Failed cudnn_status: CUDNN_STATUS_NOT_SUPPORTED (Triggered internally at ../aten/src/ATen/native/cudnn/Conv_v8.cpp:919.)
  return F.conv2d(input, weight, bias, self.stride,
adapter_2shot_seed3409 evaluation 100/1599
adapter_2shot_seed3409 evaluation 200/1599
adapter_2shot_seed3409 evaluation 300/1599
adapter_2shot_seed3409 evaluation 400/1599
adapter_2shot_seed3409 evaluation 500/1599
adapter_2shot_seed3409 evaluation 600/1599
adapter_2shot_seed3409 evaluation 700/1599
adapter_2shot_seed3409 evaluation 800/1599
adapter_2shot_seed3409 evaluation 900/1599
adapter_2shot_seed3409 evaluation 1000/1599
adapter_2shot_seed3409 evaluation 1100/1599
adapter_2shot_seed3409 evaluation 1200/1599
adapter_2shot_seed3409 evaluation 1300/1599
adapter_2shot_seed3409 evaluation 1400/1599
adapter_2shot_seed3409 evaluation 1500/1599
{"signature": "6befbec9101ba5ce01b1b5a39f5382e69930307476eb00fa8e76601e56ac0747", "mode": "adapter", "shots_per_class": 2, "seed": 3409, "support_images": 14, "evaluation_images": 1599, "metrics": {"mIoU": 0.5312150010479108, "per_class_iou": {"background": 0.5226633505934507, "building": 0.5899159869158805, "road": 0.5368879748853066, "water": 0.7107232860650932, "barren": 0.3862695812414571, "forest": 0.3896673654638128, "agriculture": 0.5823774621703743}, "pixel_accuracy": 0.7055512320573055, "confusion": [[422158918, 57157136, 25138187, 21866774, 25816814, 20661429, 22803473], [5577124, 107841826, 622573, 162705, 488542, 928537, 590052], [12092099, 983935, 57078291, 45436, 2103109, 1516797, 534223], [20785608, 227413, 480078, 155630488, 4112118, 2581059, 4367838], [12481056, 826813, 1234587, 1554763, 46020718, 596839, 5056855], [42454714, 899880, 762952, 799237, 1856777, 64371215, 4957443], [118713804, 6502251, 3720956, 6361281, 16992459, 22808415, 297600368]]}}
DONE adapter_200 K=2 seed=3409

START adapter_200 K=5 seed=3407
{
  "support_images": {
    "0": 0,
    "1": 7,
    "2": 14,
    "5": 35,
    "10": 70
  },
  "evaluation_images": 1599,
  "protocol_sha256": "8184bef3aae39e2b9f01cd79a90782318f436744d14c43f108c76f56fc527ec5"
}
adapter_5shot_seed3407 step 20/200: loss=0.1472
adapter_5shot_seed3407 step 40/200: loss=2.2658
adapter_5shot_seed3407 step 60/200: loss=1.0025
adapter_5shot_seed3407 step 80/200: loss=0.3458
adapter_5shot_seed3407 step 100/200: loss=0.0441
adapter_5shot_seed3407 step 120/200: loss=0.5743
adapter_5shot_seed3407 step 140/200: loss=0.0982
adapter_5shot_seed3407 step 160/200: loss=1.1177
adapter_5shot_seed3407 step 180/200: loss=0.5408
adapter_5shot_seed3407 step 200/200: loss=0.4378
/root/miniconda3/lib/python3.12/site-packages/torch/nn/modules/conv.py:456: UserWarning: Plan failed with a cudnnException: CUDNN_BACKEND_EXECUTION_PLAN_DESCRIPTOR: cudnnFinalize Descriptor Failed cudnn_status: CUDNN_STATUS_NOT_SUPPORTED (Triggered internally at ../aten/src/ATen/native/cudnn/Conv_v8.cpp:919.)
  return F.conv2d(input, weight, bias, self.stride,
adapter_5shot_seed3407 evaluation 100/1599
adapter_5shot_seed3407 evaluation 200/1599
adapter_5shot_seed3407 evaluation 300/1599
adapter_5shot_seed3407 evaluation 400/1599
adapter_5shot_seed3407 evaluation 500/1599
adapter_5shot_seed3407 evaluation 600/1599
adapter_5shot_seed3407 evaluation 700/1599
adapter_5shot_seed3407 evaluation 800/1599
adapter_5shot_seed3407 evaluation 900/1599
adapter_5shot_seed3407 evaluation 1000/1599
adapter_5shot_seed3407 evaluation 1100/1599
adapter_5shot_seed3407 evaluation 1200/1599
adapter_5shot_seed3407 evaluation 1300/1599
adapter_5shot_seed3407 evaluation 1400/1599
adapter_5shot_seed3407 evaluation 1500/1599
{"signature": "acf9ca808315eeec24fcd156677e347de4a84df008dce413c0c06cc34a06f5b0", "mode": "adapter", "shots_per_class": 5, "seed": 3407, "support_images": 35, "evaluation_images": 1599, "metrics": {"mIoU": 0.5321802126122397, "per_class_iou": {"background": 0.5232775086129253, "building": 0.631654480315514, "road": 0.513933859617045, "water": 0.7084565592875841, "barren": 0.3887045604268232, "forest": 0.4003663252281634, "agriculture": 0.5588681947976228}, "pixel_accuracy": 0.7040134915014368, "confusion": [[433164589, 41222977, 36233326, 24245718, 21787350, 19745691, 19203080], [8089074, 104924223, 1110313, 157623, 471152, 832803, 626171], [8415471, 661494, 61123337, 51800, 1997015, 1476317, 628456], [19830592, 166998, 555583, 155976377, 3318745, 1903011, 6433296], [13819533, 656056, 1380649, 1449993, 42737544, 537253, 7190603], [41296766, 523140, 1195945, 783526, 1330289, 62066824, 8905728], [140737171, 6668130, 4102596, 5290381, 13272474, 14427793, 288200989]]}}
DONE adapter_200 K=5 seed=3407

START adapter_200 K=5 seed=3408
{
  "support_images": {
    "0": 0,
    "1": 7,
    "2": 14,
    "5": 35,
    "10": 70
  },
  "evaluation_images": 1599,
  "protocol_sha256": "8184bef3aae39e2b9f01cd79a90782318f436744d14c43f108c76f56fc527ec5"
}
adapter_5shot_seed3408 step 20/200: loss=0.3580
adapter_5shot_seed3408 step 40/200: loss=0.4356
adapter_5shot_seed3408 step 60/200: loss=0.3180
adapter_5shot_seed3408 step 80/200: loss=0.2515
adapter_5shot_seed3408 step 100/200: loss=0.7032
adapter_5shot_seed3408 step 120/200: loss=0.1813
adapter_5shot_seed3408 step 140/200: loss=0.0078
adapter_5shot_seed3408 step 160/200: loss=0.3949
adapter_5shot_seed3408 step 180/200: loss=0.1435
adapter_5shot_seed3408 step 200/200: loss=0.2278
/root/miniconda3/lib/python3.12/site-packages/torch/nn/modules/conv.py:456: UserWarning: Plan failed with a cudnnException: CUDNN_BACKEND_EXECUTION_PLAN_DESCRIPTOR: cudnnFinalize Descriptor Failed cudnn_status: CUDNN_STATUS_NOT_SUPPORTED (Triggered internally at ../aten/src/ATen/native/cudnn/Conv_v8.cpp:919.)
  return F.conv2d(input, weight, bias, self.stride,
adapter_5shot_seed3408 evaluation 100/1599
adapter_5shot_seed3408 evaluation 200/1599
adapter_5shot_seed3408 evaluation 300/1599
adapter_5shot_seed3408 evaluation 400/1599
adapter_5shot_seed3408 evaluation 500/1599
adapter_5shot_seed3408 evaluation 600/1599
adapter_5shot_seed3408 evaluation 700/1599
adapter_5shot_seed3408 evaluation 800/1599
adapter_5shot_seed3408 evaluation 900/1599
adapter_5shot_seed3408 evaluation 1000/1599
adapter_5shot_seed3408 evaluation 1100/1599
adapter_5shot_seed3408 evaluation 1200/1599
adapter_5shot_seed3408 evaluation 1300/1599
adapter_5shot_seed3408 evaluation 1400/1599
adapter_5shot_seed3408 evaluation 1500/1599
{"signature": "175e54b18c6d7d6246d58fbf7b5f5316c92444b4b939b8b9f8fde9c26455b7ec", "mode": "adapter", "shots_per_class": 5, "seed": 3408, "support_images": 35, "evaluation_images": 1599, "metrics": {"mIoU": 0.5370880855700121, "per_class_iou": {"background": 0.5300969359681093, "building": 0.6384700035177232, "road": 0.5319466439135432, "water": 0.7073718552992514, "barren": 0.39041221103602136, "forest": 0.3974970819950675, "agriculture": 0.563821867260369}, "pixel_accuracy": 0.7088268877980614, "confusion": [[431942086, 40366539, 30280275, 25338396, 18627702, 21786333, 27261400], [8536963, 104609870, 772104, 163363, 427948, 883536, 817575], [9535824, 706424, 59638424, 64582, 1892270, 1606095, 910271], [17552926, 151244, 530307, 157177350, 2717706, 2062650, 7992419], [13099416, 600717, 1371619, 1773083, 40482484, 688733, 9755579], [38578265, 517489, 972476, 832119, 962151, 62970079, 11269639], [131929911, 5290840, 3832874, 5842899, 11292236, 15286891, 299223883]]}}
DONE adapter_200 K=5 seed=3408

START adapter_200 K=5 seed=3409
{
  "support_images": {
    "0": 0,
    "1": 7,
    "2": 14,
    "5": 35,
    "10": 70
  },
  "evaluation_images": 1599,
  "protocol_sha256": "8184bef3aae39e2b9f01cd79a90782318f436744d14c43f108c76f56fc527ec5"
}
adapter_5shot_seed3409 step 20/200: loss=0.0803
adapter_5shot_seed3409 step 40/200: loss=0.1729
adapter_5shot_seed3409 step 60/200: loss=0.2105
adapter_5shot_seed3409 step 80/200: loss=0.3259
adapter_5shot_seed3409 step 100/200: loss=0.2780
adapter_5shot_seed3409 step 120/200: loss=0.3784
adapter_5shot_seed3409 step 140/200: loss=0.8117
adapter_5shot_seed3409 step 160/200: loss=0.8853
adapter_5shot_seed3409 step 180/200: loss=0.7021
adapter_5shot_seed3409 step 200/200: loss=0.3013
/root/miniconda3/lib/python3.12/site-packages/torch/nn/modules/conv.py:456: UserWarning: Plan failed with a cudnnException: CUDNN_BACKEND_EXECUTION_PLAN_DESCRIPTOR: cudnnFinalize Descriptor Failed cudnn_status: CUDNN_STATUS_NOT_SUPPORTED (Triggered internally at ../aten/src/ATen/native/cudnn/Conv_v8.cpp:919.)
  return F.conv2d(input, weight, bias, self.stride,
adapter_5shot_seed3409 evaluation 100/1599
adapter_5shot_seed3409 evaluation 200/1599
adapter_5shot_seed3409 evaluation 300/1599
adapter_5shot_seed3409 evaluation 400/1599
adapter_5shot_seed3409 evaluation 500/1599
adapter_5shot_seed3409 evaluation 600/1599
adapter_5shot_seed3409 evaluation 700/1599
adapter_5shot_seed3409 evaluation 800/1599
adapter_5shot_seed3409 evaluation 900/1599
adapter_5shot_seed3409 evaluation 1000/1599
adapter_5shot_seed3409 evaluation 1100/1599
adapter_5shot_seed3409 evaluation 1200/1599
adapter_5shot_seed3409 evaluation 1300/1599
adapter_5shot_seed3409 evaluation 1400/1599
adapter_5shot_seed3409 evaluation 1500/1599
{"signature": "00a8e7a8ec536d66b4de71d1fc7f6041768fd95ea72cf8782980cbda4326b8d4", "mode": "adapter", "shots_per_class": 5, "seed": 3409, "support_images": 35, "evaluation_images": 1599, "metrics": {"mIoU": 0.5386391583603554, "per_class_iou": {"background": 0.5297341900424, "building": 0.6589495887381595, "road": 0.5155578663306892, "water": 0.7074631349847295, "barren": 0.3911914675980222, "forest": 0.39685604604392477, "agriculture": 0.5707218147845633}, "pixel_accuracy": 0.7099125839228392, "confusion": [[438381289, 36513879, 34434251, 25215463, 16199681, 25445817, 19412351], [9560964, 103215693, 1143233, 168111, 427929, 1050261, 645168], [9325884, 553209, 60400436, 63683, 1802514, 1661387, 546777], [19192748, 121589, 562842, 156954081, 2320068, 2472389, 6560885], [17176918, 563305, 1425137, 1623804, 39216555, 825216, 6940696], [38922079, 474586, 1094011, 865939, 803524, 65695280, 8246799], [137768223, 2198779, 4142129, 5733182, 10923657, 17982032, 293951532]]}}
DONE adapter_200 K=5 seed=3409

START adapter_200 K=10 seed=3407
{
  "support_images": {
    "0": 0,
    "1": 7,
    "2": 14,
    "5": 35,
    "10": 70
  },
  "evaluation_images": 1599,
  "protocol_sha256": "8184bef3aae39e2b9f01cd79a90782318f436744d14c43f108c76f56fc527ec5"
}
adapter_10shot_seed3407 step 20/200: loss=0.5556
adapter_10shot_seed3407 step 40/200: loss=0.5709
adapter_10shot_seed3407 step 60/200: loss=1.1635
adapter_10shot_seed3407 step 80/200: loss=0.2934
adapter_10shot_seed3407 step 100/200: loss=0.1629
adapter_10shot_seed3407 step 120/200: loss=0.3172
adapter_10shot_seed3407 step 140/200: loss=0.0798
adapter_10shot_seed3407 step 160/200: loss=0.8467
adapter_10shot_seed3407 step 180/200: loss=0.6094
adapter_10shot_seed3407 step 200/200: loss=0.5450
/root/miniconda3/lib/python3.12/site-packages/torch/nn/modules/conv.py:456: UserWarning: Plan failed with a cudnnException: CUDNN_BACKEND_EXECUTION_PLAN_DESCRIPTOR: cudnnFinalize Descriptor Failed cudnn_status: CUDNN_STATUS_NOT_SUPPORTED (Triggered internally at ../aten/src/ATen/native/cudnn/Conv_v8.cpp:919.)
  return F.conv2d(input, weight, bias, self.stride,
adapter_10shot_seed3407 evaluation 100/1599
adapter_10shot_seed3407 evaluation 200/1599
adapter_10shot_seed3407 evaluation 300/1599
adapter_10shot_seed3407 evaluation 400/1599
adapter_10shot_seed3407 evaluation 500/1599
adapter_10shot_seed3407 evaluation 600/1599
adapter_10shot_seed3407 evaluation 700/1599
adapter_10shot_seed3407 evaluation 800/1599
adapter_10shot_seed3407 evaluation 900/1599
adapter_10shot_seed3407 evaluation 1000/1599
adapter_10shot_seed3407 evaluation 1100/1599
adapter_10shot_seed3407 evaluation 1200/1599
adapter_10shot_seed3407 evaluation 1300/1599
adapter_10shot_seed3407 evaluation 1400/1599
adapter_10shot_seed3407 evaluation 1500/1599
{"signature": "a7660c1fd31433e1a7ec2d89d20245fd6bcc7d3f7d67b491154db6a7560816e5", "mode": "adapter", "shots_per_class": 10, "seed": 3407, "support_images": 70, "evaluation_images": 1599, "metrics": {"mIoU": 0.5424503452497915, "per_class_iou": {"background": 0.5311189755684101, "building": 0.6501457139657635, "road": 0.5317231316787853, "water": 0.7005372006682831, "barren": 0.4023245140821363, "forest": 0.41871233931294594, "agriculture": 0.5625905414722165}, "pixel_accuracy": 0.710221070641916, "confusion": [[435104590, 34223596, 26870100, 30063125, 23326246, 26280225, 19734849], [10881602, 102291761, 862779, 174084, 614078, 595265, 791790], [12000756, 523605, 57310902, 84007, 2443378, 1289531, 701711], [16465041, 140182, 415983, 160626773, 3154156, 1959092, 5423375], [12190487, 370909, 908615, 1961403, 46476274, 375478, 5488465], [34826912, 607659, 945639, 1013241, 1657399, 66622383, 10428985], [137254924, 5259359, 3426347, 7810392, 16552481, 12510729, 289885302]]}}
DONE adapter_200 K=10 seed=3407

START adapter_200 K=10 seed=3408
{
  "support_images": {
    "0": 0,
    "1": 7,
    "2": 14,
    "5": 35,
    "10": 70
  },
  "evaluation_images": 1599,
  "protocol_sha256": "8184bef3aae39e2b9f01cd79a90782318f436744d14c43f108c76f56fc527ec5"
}
adapter_10shot_seed3408 step 20/200: loss=0.7948
adapter_10shot_seed3408 step 40/200: loss=0.5058
adapter_10shot_seed3408 step 60/200: loss=0.1221
adapter_10shot_seed3408 step 80/200: loss=0.3026
adapter_10shot_seed3408 step 100/200: loss=0.8607
adapter_10shot_seed3408 step 120/200: loss=0.4178
adapter_10shot_seed3408 step 140/200: loss=0.3629
adapter_10shot_seed3408 step 160/200: loss=0.0088
adapter_10shot_seed3408 step 180/200: loss=0.4890
adapter_10shot_seed3408 step 200/200: loss=0.4274
/root/miniconda3/lib/python3.12/site-packages/torch/nn/modules/conv.py:456: UserWarning: Plan failed with a cudnnException: CUDNN_BACKEND_EXECUTION_PLAN_DESCRIPTOR: cudnnFinalize Descriptor Failed cudnn_status: CUDNN_STATUS_NOT_SUPPORTED (Triggered internally at ../aten/src/ATen/native/cudnn/Conv_v8.cpp:919.)
  return F.conv2d(input, weight, bias, self.stride,
adapter_10shot_seed3408 evaluation 100/1599
adapter_10shot_seed3408 evaluation 200/1599
adapter_10shot_seed3408 evaluation 300/1599
adapter_10shot_seed3408 evaluation 400/1599
adapter_10shot_seed3408 evaluation 500/1599
adapter_10shot_seed3408 evaluation 600/1599
adapter_10shot_seed3408 evaluation 700/1599
adapter_10shot_seed3408 evaluation 800/1599
adapter_10shot_seed3408 evaluation 900/1599
adapter_10shot_seed3408 evaluation 1000/1599
adapter_10shot_seed3408 evaluation 1100/1599
adapter_10shot_seed3408 evaluation 1200/1599
adapter_10shot_seed3408 evaluation 1300/1599
adapter_10shot_seed3408 evaluation 1400/1599
adapter_10shot_seed3408 evaluation 1500/1599
{"signature": "cb62cd15987ff042cd021f916d8e9adb7dfdb2249ad5f0403ccd0646979829ae", "mode": "adapter", "shots_per_class": 10, "seed": 3408, "support_images": 70, "evaluation_images": 1599, "metrics": {"mIoU": 0.5410974938127263, "per_class_iou": {"background": 0.5197075457204873, "building": 0.6510179408817856, "road": 0.5375240549035374, "water": 0.7034290358055107, "barren": 0.39813116526908837, "forest": 0.4249976295311482, "agriculture": 0.5528750845775264}, "pixel_accuracy": 0.704503131139984, "confusion": [[425523381, 37293542, 26466149, 28218260, 24528481, 34608747, 18964171], [10039882, 103275509, 671823, 184613, 588347, 820606, 630579], [11248207, 600463, 57641893, 107593, 2414257, 1445890, 895587], [16835896, 122087, 412091, 159947815, 3510337, 2383107, 4973269], [11686404, 487699, 951828, 1941956, 46762670, 482090, 5458984], [30480040, 564552, 1053032, 1187845, 1894116, 73046587, 7876046], [142881523, 3357261, 3327119, 7558146, 16748268, 16032623, 282794594]]}}
DONE adapter_200 K=10 seed=3408

START adapter_200 K=10 seed=3409
{
  "support_images": {
    "0": 0,
    "1": 7,
    "2": 14,
    "5": 35,
    "10": 70
  },
  "evaluation_images": 1599,
  "protocol_sha256": "8184bef3aae39e2b9f01cd79a90782318f436744d14c43f108c76f56fc527ec5"
}
adapter_10shot_seed3409 step 20/200: loss=0.8898
adapter_10shot_seed3409 step 40/200: loss=0.6195
adapter_10shot_seed3409 step 60/200: loss=0.4598
adapter_10shot_seed3409 step 80/200: loss=0.7347
adapter_10shot_seed3409 step 100/200: loss=0.2054
adapter_10shot_seed3409 step 120/200: loss=0.6097
adapter_10shot_seed3409 step 140/200: loss=0.0659
adapter_10shot_seed3409 step 160/200: loss=1.1483
adapter_10shot_seed3409 step 180/200: loss=0.4055
adapter_10shot_seed3409 step 200/200: loss=0.3759
/root/miniconda3/lib/python3.12/site-packages/torch/nn/modules/conv.py:456: UserWarning: Plan failed with a cudnnException: CUDNN_BACKEND_EXECUTION_PLAN_DESCRIPTOR: cudnnFinalize Descriptor Failed cudnn_status: CUDNN_STATUS_NOT_SUPPORTED (Triggered internally at ../aten/src/ATen/native/cudnn/Conv_v8.cpp:919.)
  return F.conv2d(input, weight, bias, self.stride,
adapter_10shot_seed3409 evaluation 100/1599
adapter_10shot_seed3409 evaluation 200/1599
adapter_10shot_seed3409 evaluation 300/1599
adapter_10shot_seed3409 evaluation 400/1599
adapter_10shot_seed3409 evaluation 500/1599
adapter_10shot_seed3409 evaluation 600/1599
adapter_10shot_seed3409 evaluation 700/1599
adapter_10shot_seed3409 evaluation 800/1599
adapter_10shot_seed3409 evaluation 900/1599
adapter_10shot_seed3409 evaluation 1000/1599
adapter_10shot_seed3409 evaluation 1100/1599
adapter_10shot_seed3409 evaluation 1200/1599
adapter_10shot_seed3409 evaluation 1300/1599
adapter_10shot_seed3409 evaluation 1400/1599
adapter_10shot_seed3409 evaluation 1500/1599
{"signature": "75c9856037ea43704a656ef66076f1d5fc286f71346f42c2986848cbc5f52896", "mode": "adapter", "shots_per_class": 10, "seed": 3409, "support_images": 70, "evaluation_images": 1599, "metrics": {"mIoU": 0.5457224901115231, "per_class_iou": {"background": 0.5330092117190054, "building": 0.6559744533074136, "road": 0.5442265896666719, "water": 0.6942199438498855, "barren": 0.3975936953363667, "forest": 0.41504507216787806, "agriculture": 0.5799884647334402}, "pixel_accuracy": 0.7151165736698538, "confusion": [[430212310, 36295306, 23576612, 32776418, 21188506, 26541106, 25012473], [10452819, 103079228, 566194, 198404, 491970, 578397, 844347], [12645822, 579566, 56724812, 118402, 2138347, 1257254, 889687], [14645808, 125733, 407700, 163002016, 2736035, 1763071, 5504239], [12235049, 530873, 983671, 2862350, 43572338, 446791, 7140559], [33516795, 728977, 991690, 1762031, 1524919, 65975502, 11602304], [128039578, 2667275, 3350380, 8896602, 13738705, 12271012, 303735982]]}}
DONE adapter_200 K=10 seed=3409

START adapter_2000 K=1 seed=3407
{
  "support_images": {
    "0": 0,
    "1": 7,
    "2": 14,
    "5": 35,
    "10": 70
  },
  "evaluation_images": 1599,
  "protocol_sha256": "8184bef3aae39e2b9f01cd79a90782318f436744d14c43f108c76f56fc527ec5"
}
adapter_1shot_seed3407 step 20/2000: loss=0.2714
adapter_1shot_seed3407 step 40/2000: loss=0.2563
adapter_1shot_seed3407 step 60/2000: loss=0.2341
adapter_1shot_seed3407 step 80/2000: loss=0.1722
adapter_1shot_seed3407 step 100/2000: loss=0.2411
adapter_1shot_seed3407 step 120/2000: loss=0.2587
adapter_1shot_seed3407 step 140/2000: loss=0.1227
adapter_1shot_seed3407 step 160/2000: loss=0.1305
adapter_1shot_seed3407 step 180/2000: loss=0.2125
adapter_1shot_seed3407 step 200/2000: loss=0.0131
adapter_1shot_seed3407 step 220/2000: loss=0.1029
adapter_1shot_seed3407 step 240/2000: loss=0.1370
adapter_1shot_seed3407 step 260/2000: loss=0.1584
adapter_1shot_seed3407 step 280/2000: loss=0.1219
adapter_1shot_seed3407 step 300/2000: loss=0.2106
adapter_1shot_seed3407 step 320/2000: loss=0.2126
adapter_1shot_seed3407 step 340/2000: loss=0.1678
adapter_1shot_seed3407 step 360/2000: loss=0.2541
adapter_1shot_seed3407 step 380/2000: loss=0.1275
adapter_1shot_seed3407 step 400/2000: loss=0.0964
adapter_1shot_seed3407 step 420/2000: loss=0.1857
adapter_1shot_seed3407 step 440/2000: loss=0.1259
adapter_1shot_seed3407 step 460/2000: loss=0.1047
adapter_1shot_seed3407 step 480/2000: loss=0.0012
adapter_1shot_seed3407 step 500/2000: loss=0.1059
adapter_1shot_seed3407 step 520/2000: loss=0.0855
adapter_1shot_seed3407 step 540/2000: loss=0.1694
adapter_1shot_seed3407 step 560/2000: loss=0.1124
adapter_1shot_seed3407 step 580/2000: loss=0.1893
adapter_1shot_seed3407 step 600/2000: loss=0.1082
adapter_1shot_seed3407 step 620/2000: loss=0.0788
adapter_1shot_seed3407 step 640/2000: loss=0.2250
adapter_1shot_seed3407 step 660/2000: loss=0.1453
adapter_1shot_seed3407 step 680/2000: loss=0.0975
adapter_1shot_seed3407 step 700/2000: loss=0.0729
adapter_1shot_seed3407 step 720/2000: loss=0.0845
adapter_1shot_seed3407 step 740/2000: loss=0.1595
adapter_1shot_seed3407 step 760/2000: loss=0.0752
adapter_1shot_seed3407 step 780/2000: loss=0.0500
adapter_1shot_seed3407 step 800/2000: loss=0.0002
adapter_1shot_seed3407 step 820/2000: loss=0.1659
adapter_1shot_seed3407 step 840/2000: loss=0.1533
adapter_1shot_seed3407 step 860/2000: loss=0.1895
adapter_1shot_seed3407 step 880/2000: loss=0.1730
adapter_1shot_seed3407 step 900/2000: loss=0.2544
adapter_1shot_seed3407 step 920/2000: loss=0.2007
adapter_1shot_seed3407 step 940/2000: loss=0.2053
adapter_1shot_seed3407 step 960/2000: loss=0.1076
adapter_1shot_seed3407 step 980/2000: loss=0.0106
adapter_1shot_seed3407 step 1000/2000: loss=0.1069
adapter_1shot_seed3407 step 1020/2000: loss=0.0570
adapter_1shot_seed3407 step 1040/2000: loss=0.0728
adapter_1shot_seed3407 step 1060/2000: loss=0.1652
adapter_1shot_seed3407 step 1080/2000: loss=0.0561
adapter_1shot_seed3407 step 1100/2000: loss=0.0634
adapter_1shot_seed3407 step 1120/2000: loss=0.1770
adapter_1shot_seed3407 step 1140/2000: loss=0.0715
adapter_1shot_seed3407 step 1160/2000: loss=0.0001
adapter_1shot_seed3407 step 1180/2000: loss=0.0913
adapter_1shot_seed3407 step 1200/2000: loss=0.0043
adapter_1shot_seed3407 step 1220/2000: loss=0.0965
adapter_1shot_seed3407 step 1240/2000: loss=0.0197
adapter_1shot_seed3407 step 1260/2000: loss=0.1112
adapter_1shot_seed3407 step 1280/2000: loss=0.0801
adapter_1shot_seed3407 step 1300/2000: loss=0.1119
adapter_1shot_seed3407 step 1320/2000: loss=0.1259
adapter_1shot_seed3407 step 1340/2000: loss=0.0822
adapter_1shot_seed3407 step 1360/2000: loss=0.0831
adapter_1shot_seed3407 step 1380/2000: loss=0.1410
adapter_1shot_seed3407 step 1400/2000: loss=0.0890
adapter_1shot_seed3407 step 1420/2000: loss=0.0525
adapter_1shot_seed3407 step 1440/2000: loss=0.1082
adapter_1shot_seed3407 step 1460/2000: loss=0.0403
adapter_1shot_seed3407 step 1480/2000: loss=0.0598
adapter_1shot_seed3407 step 1500/2000: loss=0.1721
adapter_1shot_seed3407 step 1520/2000: loss=0.0936
adapter_1shot_seed3407 step 1540/2000: loss=0.1064
adapter_1shot_seed3407 step 1560/2000: loss=0.0511
adapter_1shot_seed3407 step 1580/2000: loss=0.1012
adapter_1shot_seed3407 step 1600/2000: loss=0.1112
adapter_1shot_seed3407 step 1620/2000: loss=0.0891
adapter_1shot_seed3407 step 1640/2000: loss=0.1625
adapter_1shot_seed3407 step 1660/2000: loss=0.1073
adapter_1shot_seed3407 step 1680/2000: loss=0.0549
adapter_1shot_seed3407 step 1700/2000: loss=0.0134
adapter_1shot_seed3407 step 1720/2000: loss=0.0838
adapter_1shot_seed3407 step 1740/2000: loss=0.1026
adapter_1shot_seed3407 step 1760/2000: loss=0.0819
adapter_1shot_seed3407 step 1780/2000: loss=0.2056
adapter_1shot_seed3407 step 1800/2000: loss=0.0005
adapter_1shot_seed3407 step 1820/2000: loss=0.0190
adapter_1shot_seed3407 step 1840/2000: loss=0.0007
adapter_1shot_seed3407 step 1860/2000: loss=0.0001
adapter_1shot_seed3407 step 1880/2000: loss=0.0763
adapter_1shot_seed3407 step 1900/2000: loss=0.1023
adapter_1shot_seed3407 step 1920/2000: loss=0.0042
adapter_1shot_seed3407 step 1940/2000: loss=0.0617
adapter_1shot_seed3407 step 1960/2000: loss=0.2521
adapter_1shot_seed3407 step 1980/2000: loss=0.0818
adapter_1shot_seed3407 step 2000/2000: loss=0.0020
/root/miniconda3/lib/python3.12/site-packages/torch/nn/modules/conv.py:456: UserWarning: Plan failed with a cudnnException: CUDNN_BACKEND_EXECUTION_PLAN_DESCRIPTOR: cudnnFinalize Descriptor Failed cudnn_status: CUDNN_STATUS_NOT_SUPPORTED (Triggered internally at ../aten/src/ATen/native/cudnn/Conv_v8.cpp:919.)
  return F.conv2d(input, weight, bias, self.stride,
adapter_1shot_seed3407 evaluation 100/1599
adapter_1shot_seed3407 evaluation 200/1599
adapter_1shot_seed3407 evaluation 300/1599
adapter_1shot_seed3407 evaluation 400/1599
adapter_1shot_seed3407 evaluation 500/1599
adapter_1shot_seed3407 evaluation 600/1599
adapter_1shot_seed3407 evaluation 700/1599
adapter_1shot_seed3407 evaluation 800/1599
adapter_1shot_seed3407 evaluation 900/1599
adapter_1shot_seed3407 evaluation 1000/1599
adapter_1shot_seed3407 evaluation 1100/1599
adapter_1shot_seed3407 evaluation 1200/1599
adapter_1shot_seed3407 evaluation 1300/1599
adapter_1shot_seed3407 evaluation 1400/1599
adapter_1shot_seed3407 evaluation 1500/1599
{"signature": "8331c31bee22b53bf93114a24ffc960ca1a925e1c66a056f40c18c342df732b9", "mode": "adapter", "shots_per_class": 1, "seed": 3407, "support_images": 7, "evaluation_images": 1599, "metrics": {"mIoU": 0.5096527156838003, "per_class_iou": {"background": 0.5508953136163678, "building": 0.6325211229566381, "road": 0.5324849293399718, "water": 0.6874825222544642, "barren": 0.3482597204063659, "forest": 0.32739943382646813, "agriculture": 0.48852596738632637}, "pixel_accuracy": 0.6907608672475822, "confusion": [[512665670, 24715403, 16567446, 10918744, 5452515, 17327326, 7955627], [22614035, 91585791, 221892, 157765, 266816, 728837, 636223], [19701564, 301451, 51590919, 151822, 1351974, 898867, 357293], [39118082, 81257, 297233, 143281696, 1114152, 2776444, 1515738], [30263841, 428295, 1151156, 1887707, 30900533, 684882, 2455217], [51384260, 1229800, 1636415, 622146, 919673, 58369455, 1940469], [171920009, 1827269, 2659065, 6492252, 11851654, 39763515, 238185770]]}}
DONE adapter_2000 K=1 seed=3407

START adapter_2000 K=1 seed=3408
{
  "support_images": {
    "0": 0,
    "1": 7,
    "2": 14,
    "5": 35,
    "10": 70
  },
  "evaluation_images": 1599,
  "protocol_sha256": "8184bef3aae39e2b9f01cd79a90782318f436744d14c43f108c76f56fc527ec5"
}
adapter_1shot_seed3408 step 20/2000: loss=0.1946
adapter_1shot_seed3408 step 40/2000: loss=0.5487
adapter_1shot_seed3408 step 60/2000: loss=0.4067
adapter_1shot_seed3408 step 80/2000: loss=0.1761
adapter_1shot_seed3408 step 100/2000: loss=0.3041
adapter_1shot_seed3408 step 120/2000: loss=0.1858
adapter_1shot_seed3408 step 140/2000: loss=0.2317
adapter_1shot_seed3408 step 160/2000: loss=0.0158
adapter_1shot_seed3408 step 180/2000: loss=0.1626
adapter_1shot_seed3408 step 200/2000: loss=0.1874
adapter_1shot_seed3408 step 220/2000: loss=0.1231
adapter_1shot_seed3408 step 240/2000: loss=0.0787
adapter_1shot_seed3408 step 260/2000: loss=0.1358
adapter_1shot_seed3408 step 280/2000: loss=0.1418
adapter_1shot_seed3408 step 300/2000: loss=0.1215
adapter_1shot_seed3408 step 320/2000: loss=0.1206
adapter_1shot_seed3408 step 340/2000: loss=0.1654
adapter_1shot_seed3408 step 360/2000: loss=0.1570
adapter_1shot_seed3408 step 380/2000: loss=0.1190
adapter_1shot_seed3408 step 400/2000: loss=0.1404
adapter_1shot_seed3408 step 420/2000: loss=0.1185
adapter_1shot_seed3408 step 440/2000: loss=0.2531
adapter_1shot_seed3408 step 460/2000: loss=0.1813
adapter_1shot_seed3408 step 480/2000: loss=0.1217
adapter_1shot_seed3408 step 500/2000: loss=0.0559
adapter_1shot_seed3408 step 520/2000: loss=0.0894
adapter_1shot_seed3408 step 540/2000: loss=0.1143
adapter_1shot_seed3408 step 560/2000: loss=0.0034
adapter_1shot_seed3408 step 580/2000: loss=0.0306
adapter_1shot_seed3408 step 600/2000: loss=0.1465
adapter_1shot_seed3408 step 620/2000: loss=0.1499
adapter_1shot_seed3408 step 640/2000: loss=0.0020
adapter_1shot_seed3408 step 660/2000: loss=0.1514
adapter_1shot_seed3408 step 680/2000: loss=0.0003
adapter_1shot_seed3408 step 700/2000: loss=0.0548
adapter_1shot_seed3408 step 720/2000: loss=0.1081
adapter_1shot_seed3408 step 740/2000: loss=0.0042
adapter_1shot_seed3408 step 760/2000: loss=0.1649
adapter_1shot_seed3408 step 780/2000: loss=0.1656
adapter_1shot_seed3408 step 800/2000: loss=0.0988
adapter_1shot_seed3408 step 820/2000: loss=0.0964
adapter_1shot_seed3408 step 840/2000: loss=0.1355
adapter_1shot_seed3408 step 860/2000: loss=0.0543
adapter_1shot_seed3408 step 880/2000: loss=0.1149
adapter_1shot_seed3408 step 900/2000: loss=0.0680
adapter_1shot_seed3408 step 920/2000: loss=0.1385
adapter_1shot_seed3408 step 940/2000: loss=0.1601
adapter_1shot_seed3408 step 960/2000: loss=0.0848
adapter_1shot_seed3408 step 980/2000: loss=0.1413
adapter_1shot_seed3408 step 1000/2000: loss=0.0016
adapter_1shot_seed3408 step 1020/2000: loss=0.2225
adapter_1shot_seed3408 step 1040/2000: loss=0.1759
adapter_1shot_seed3408 step 1060/2000: loss=0.0881
adapter_1shot_seed3408 step 1080/2000: loss=0.0457
adapter_1shot_seed3408 step 1100/2000: loss=0.0637
adapter_1shot_seed3408 step 1120/2000: loss=0.1403
adapter_1shot_seed3408 step 1140/2000: loss=0.1188
adapter_1shot_seed3408 step 1160/2000: loss=0.0789
adapter_1shot_seed3408 step 1180/2000: loss=0.1165
adapter_1shot_seed3408 step 1200/2000: loss=0.1203
adapter_1shot_seed3408 step 1220/2000: loss=0.0445
adapter_1shot_seed3408 step 1240/2000: loss=0.1141
adapter_1shot_seed3408 step 1260/2000: loss=0.0947
adapter_1shot_seed3408 step 1280/2000: loss=0.0397
adapter_1shot_seed3408 step 1300/2000: loss=0.0518
adapter_1shot_seed3408 step 1320/2000: loss=0.1384
adapter_1shot_seed3408 step 1340/2000: loss=0.1578
adapter_1shot_seed3408 step 1360/2000: loss=0.0006
adapter_1shot_seed3408 step 1380/2000: loss=0.0485
adapter_1shot_seed3408 step 1400/2000: loss=0.1741
adapter_1shot_seed3408 step 1420/2000: loss=0.0004
adapter_1shot_seed3408 step 1440/2000: loss=0.1141
adapter_1shot_seed3408 step 1460/2000: loss=0.1130
adapter_1shot_seed3408 step 1480/2000: loss=0.2490
adapter_1shot_seed3408 step 1500/2000: loss=0.0435
adapter_1shot_seed3408 step 1520/2000: loss=0.1212
adapter_1shot_seed3408 step 1540/2000: loss=0.0731
adapter_1shot_seed3408 step 1560/2000: loss=0.0588
adapter_1shot_seed3408 step 1580/2000: loss=0.0003
adapter_1shot_seed3408 step 1600/2000: loss=0.0959
adapter_1shot_seed3408 step 1620/2000: loss=0.1187
adapter_1shot_seed3408 step 1640/2000: loss=0.1193
adapter_1shot_seed3408 step 1660/2000: loss=0.1806
adapter_1shot_seed3408 step 1680/2000: loss=0.0012
adapter_1shot_seed3408 step 1700/2000: loss=0.1906
adapter_1shot_seed3408 step 1720/2000: loss=0.0389
adapter_1shot_seed3408 step 1740/2000: loss=0.0004
adapter_1shot_seed3408 step 1760/2000: loss=0.1754
adapter_1shot_seed3408 step 1780/2000: loss=0.2220
adapter_1shot_seed3408 step 1800/2000: loss=0.0429
adapter_1shot_seed3408 step 1820/2000: loss=0.1201
adapter_1shot_seed3408 step 1840/2000: loss=0.0007
adapter_1shot_seed3408 step 1860/2000: loss=0.0882
adapter_1shot_seed3408 step 1880/2000: loss=0.0865
adapter_1shot_seed3408 step 1900/2000: loss=0.0032
adapter_1shot_seed3408 step 1920/2000: loss=0.0444
adapter_1shot_seed3408 step 1940/2000: loss=0.1157
adapter_1shot_seed3408 step 1960/2000: loss=0.1759
adapter_1shot_seed3408 step 1980/2000: loss=0.0794
adapter_1shot_seed3408 step 2000/2000: loss=0.0999
/root/miniconda3/lib/python3.12/site-packages/torch/nn/modules/conv.py:456: UserWarning: Plan failed with a cudnnException: CUDNN_BACKEND_EXECUTION_PLAN_DESCRIPTOR: cudnnFinalize Descriptor Failed cudnn_status: CUDNN_STATUS_NOT_SUPPORTED (Triggered internally at ../aten/src/ATen/native/cudnn/Conv_v8.cpp:919.)
  return F.conv2d(input, weight, bias, self.stride,
adapter_1shot_seed3408 evaluation 100/1599
adapter_1shot_seed3408 evaluation 200/1599
adapter_1shot_seed3408 evaluation 300/1599
adapter_1shot_seed3408 evaluation 400/1599
adapter_1shot_seed3408 evaluation 500/1599
adapter_1shot_seed3408 evaluation 600/1599
adapter_1shot_seed3408 evaluation 700/1599
adapter_1shot_seed3408 evaluation 800/1599
adapter_1shot_seed3408 evaluation 900/1599
adapter_1shot_seed3408 evaluation 1000/1599
adapter_1shot_seed3408 evaluation 1100/1599
adapter_1shot_seed3408 evaluation 1200/1599
adapter_1shot_seed3408 evaluation 1300/1599
adapter_1shot_seed3408 evaluation 1400/1599
adapter_1shot_seed3408 evaluation 1500/1599
{"signature": "2fb3df4276d7ec4e1a0393d240003082cac84ca74b4454fcf5a8692781298744", "mode": "adapter", "shots_per_class": 1, "seed": 3408, "support_images": 7, "evaluation_images": 1599, "metrics": {"mIoU": 0.502314848524239, "per_class_iou": {"background": 0.5506453552290661, "building": 0.6262249578292705, "road": 0.5344572660808843, "water": 0.6776097328693428, "barren": 0.3319923116021899, "forest": 0.3146265534506196, "agriculture": 0.4806477626083001}, "pixel_accuracy": 0.6864552113498297, "confusion": [[518453380, 23021684, 15570836, 10355537, 4796479, 15563462, 7841353], [24816742, 89455289, 203527, 155716, 262388, 700596, 617101], [20278544, 269033, 51035544, 163259, 1339233, 929462, 338815], [41892662, 70024, 268056, 140714968, 1020428, 2565952, 1652512], [31779012, 361226, 1047456, 1989601, 29793991, 625743, 2174602], [53896311, 1178062, 1524545, 578178, 1151116, 55965205, 1808801], [173271732, 1737101, 2522101, 6236842, 13401740, 41390767, 234139251]]}}
DONE adapter_2000 K=1 seed=3408

START adapter_2000 K=1 seed=3409
{
  "support_images": {
    "0": 0,
    "1": 7,
    "2": 14,
    "5": 35,
    "10": 70
  },
  "evaluation_images": 1599,
  "protocol_sha256": "8184bef3aae39e2b9f01cd79a90782318f436744d14c43f108c76f56fc527ec5"
}
adapter_1shot_seed3409 step 20/2000: loss=0.3465
adapter_1shot_seed3409 step 40/2000: loss=0.1399
adapter_1shot_seed3409 step 60/2000: loss=0.3452
adapter_1shot_seed3409 step 80/2000: loss=0.2115
adapter_1shot_seed3409 step 100/2000: loss=0.0267
adapter_1shot_seed3409 step 120/2000: loss=0.1600
adapter_1shot_seed3409 step 140/2000: loss=0.2343
adapter_1shot_seed3409 step 160/2000: loss=0.1113
adapter_1shot_seed3409 step 180/2000: loss=0.1548
adapter_1shot_seed3409 step 200/2000: loss=0.1295
adapter_1shot_seed3409 step 220/2000: loss=0.0806
adapter_1shot_seed3409 step 240/2000: loss=0.1574
adapter_1shot_seed3409 step 260/2000: loss=0.1227
adapter_1shot_seed3409 step 280/2000: loss=0.3019
adapter_1shot_seed3409 step 300/2000: loss=0.1712
adapter_1shot_seed3409 step 320/2000: loss=0.2561
adapter_1shot_seed3409 step 340/2000: loss=0.1325
adapter_1shot_seed3409 step 360/2000: loss=0.1571
adapter_1shot_seed3409 step 380/2000: loss=0.1212
adapter_1shot_seed3409 step 400/2000: loss=0.0085
adapter_1shot_seed3409 step 420/2000: loss=0.0789
adapter_1shot_seed3409 step 440/2000: loss=0.1571
adapter_1shot_seed3409 step 460/2000: loss=0.1459
adapter_1shot_seed3409 step 480/2000: loss=0.2005
adapter_1shot_seed3409 step 500/2000: loss=0.2974
adapter_1shot_seed3409 step 520/2000: loss=0.0915
adapter_1shot_seed3409 step 540/2000: loss=0.1396
adapter_1shot_seed3409 step 560/2000: loss=0.0310
adapter_1shot_seed3409 step 580/2000: loss=0.0972
adapter_1shot_seed3409 step 600/2000: loss=0.1097
adapter_1shot_seed3409 step 620/2000: loss=0.0765
adapter_1shot_seed3409 step 640/2000: loss=0.0025
adapter_1shot_seed3409 step 660/2000: loss=0.0047
adapter_1shot_seed3409 step 680/2000: loss=0.1050
adapter_1shot_seed3409 step 700/2000: loss=0.0012
adapter_1shot_seed3409 step 720/2000: loss=0.0580
adapter_1shot_seed3409 step 740/2000: loss=0.1167
adapter_1shot_seed3409 step 760/2000: loss=0.0752
adapter_1shot_seed3409 step 780/2000: loss=0.0613
adapter_1shot_seed3409 step 800/2000: loss=0.0885
adapter_1shot_seed3409 step 820/2000: loss=0.0838
adapter_1shot_seed3409 step 840/2000: loss=0.0267
adapter_1shot_seed3409 step 860/2000: loss=0.1530
adapter_1shot_seed3409 step 880/2000: loss=0.0780
adapter_1shot_seed3409 step 900/2000: loss=0.1819
adapter_1shot_seed3409 step 920/2000: loss=0.1456
adapter_1shot_seed3409 step 940/2000: loss=0.2204
adapter_1shot_seed3409 step 960/2000: loss=0.0002
adapter_1shot_seed3409 step 980/2000: loss=0.2373
adapter_1shot_seed3409 step 1000/2000: loss=0.0430
adapter_1shot_seed3409 step 1020/2000: loss=0.0932
adapter_1shot_seed3409 step 1040/2000: loss=0.0015
adapter_1shot_seed3409 step 1060/2000: loss=0.0037
adapter_1shot_seed3409 step 1080/2000: loss=0.1511
adapter_1shot_seed3409 step 1100/2000: loss=0.0592
adapter_1shot_seed3409 step 1120/2000: loss=0.0034
adapter_1shot_seed3409 step 1140/2000: loss=0.1138
adapter_1shot_seed3409 step 1160/2000: loss=0.1957
adapter_1shot_seed3409 step 1180/2000: loss=0.0918
adapter_1shot_seed3409 step 1200/2000: loss=0.1449
adapter_1shot_seed3409 step 1220/2000: loss=0.0855
adapter_1shot_seed3409 step 1240/2000: loss=0.1006
adapter_1shot_seed3409 step 1260/2000: loss=0.1359
adapter_1shot_seed3409 step 1280/2000: loss=0.0264
adapter_1shot_seed3409 step 1300/2000: loss=0.0003
adapter_1shot_seed3409 step 1320/2000: loss=0.1811
adapter_1shot_seed3409 step 1340/2000: loss=0.0019
adapter_1shot_seed3409 step 1360/2000: loss=0.0931
adapter_1shot_seed3409 step 1380/2000: loss=0.0531
adapter_1shot_seed3409 step 1400/2000: loss=0.1016
adapter_1shot_seed3409 step 1420/2000: loss=0.0897
adapter_1shot_seed3409 step 1440/2000: loss=0.0953
adapter_1shot_seed3409 step 1460/2000: loss=0.0465
adapter_1shot_seed3409 step 1480/2000: loss=0.2195
adapter_1shot_seed3409 step 1500/2000: loss=0.0874
adapter_1shot_seed3409 step 1520/2000: loss=0.0735
adapter_1shot_seed3409 step 1540/2000: loss=0.1952
adapter_1shot_seed3409 step 1560/2000: loss=0.0781
adapter_1shot_seed3409 step 1580/2000: loss=0.2186
adapter_1shot_seed3409 step 1600/2000: loss=0.1465
adapter_1shot_seed3409 step 1620/2000: loss=0.0005
adapter_1shot_seed3409 step 1640/2000: loss=0.1218
adapter_1shot_seed3409 step 1660/2000: loss=0.1200
adapter_1shot_seed3409 step 1680/2000: loss=0.0052
adapter_1shot_seed3409 step 1700/2000: loss=0.1256
adapter_1shot_seed3409 step 1720/2000: loss=0.0786
adapter_1shot_seed3409 step 1740/2000: loss=0.0566
adapter_1shot_seed3409 step 1760/2000: loss=0.0411
adapter_1shot_seed3409 step 1780/2000: loss=0.1424
adapter_1shot_seed3409 step 1800/2000: loss=0.1689
adapter_1shot_seed3409 step 1820/2000: loss=0.1158
adapter_1shot_seed3409 step 1840/2000: loss=0.1216
adapter_1shot_seed3409 step 1860/2000: loss=0.1090
adapter_1shot_seed3409 step 1880/2000: loss=0.1536
adapter_1shot_seed3409 step 1900/2000: loss=0.0008
adapter_1shot_seed3409 step 1920/2000: loss=0.1018
adapter_1shot_seed3409 step 1940/2000: loss=0.0614
adapter_1shot_seed3409 step 1960/2000: loss=0.0698
adapter_1shot_seed3409 step 1980/2000: loss=0.1168
adapter_1shot_seed3409 step 2000/2000: loss=0.0645
/root/miniconda3/lib/python3.12/site-packages/torch/nn/modules/conv.py:456: UserWarning: Plan failed with a cudnnException: CUDNN_BACKEND_EXECUTION_PLAN_DESCRIPTOR: cudnnFinalize Descriptor Failed cudnn_status: CUDNN_STATUS_NOT_SUPPORTED (Triggered internally at ../aten/src/ATen/native/cudnn/Conv_v8.cpp:919.)
  return F.conv2d(input, weight, bias, self.stride,
adapter_1shot_seed3409 evaluation 100/1599
adapter_1shot_seed3409 evaluation 200/1599
adapter_1shot_seed3409 evaluation 300/1599
adapter_1shot_seed3409 evaluation 400/1599
adapter_1shot_seed3409 evaluation 500/1599
adapter_1shot_seed3409 evaluation 600/1599
adapter_1shot_seed3409 evaluation 700/1599
adapter_1shot_seed3409 evaluation 800/1599
adapter_1shot_seed3409 evaluation 900/1599
adapter_1shot_seed3409 evaluation 1000/1599
adapter_1shot_seed3409 evaluation 1100/1599
adapter_1shot_seed3409 evaluation 1200/1599
adapter_1shot_seed3409 evaluation 1300/1599
adapter_1shot_seed3409 evaluation 1400/1599
adapter_1shot_seed3409 evaluation 1500/1599
{"signature": "2ce1eba2569615daeab39b2008e43d6a9e2d1f96a90753968ef5e4c2e30f1c1e", "mode": "adapter", "shots_per_class": 1, "seed": 3409, "support_images": 7, "evaluation_images": 1599, "metrics": {"mIoU": 0.5036495665662368, "per_class_iou": {"background": 0.5490725729910353, "building": 0.6335445095933984, "road": 0.5346867046984924, "water": 0.6703599274007156, "barren": 0.3379423429480628, "forest": 0.31997932304109866, "agriculture": 0.4799615852908551}, "pixel_accuracy": 0.68608636076255, "confusion": [[517907183, 24032481, 15986868, 9191906, 5449283, 15560479, 7474531], [23005812, 91229065, 227517, 151753, 275857, 691779, 629576], [20046966, 312728, 51264663, 146831, 1328259, 885143, 369300], [44864325, 74761, 250353, 137517846, 1088382, 2631516, 1757419], [31073881, 377658, 1015323, 1551520, 30897598, 600086, 2255565], [53582754, 1150075, 1549809, 467001, 1093026, 56354975, 1904578], [175063475, 1838816, 2494186, 5446701, 14422170, 39649456, 233784730]]}}
DONE adapter_2000 K=1 seed=3409

START adapter_2000 K=2 seed=3407
{
  "support_images": {
    "0": 0,
    "1": 7,
    "2": 14,
    "5": 35,
    "10": 70
  },
  "evaluation_images": 1599,
  "protocol_sha256": "8184bef3aae39e2b9f01cd79a90782318f436744d14c43f108c76f56fc527ec5"
}
adapter_2shot_seed3407 step 20/2000: loss=1.7605
adapter_2shot_seed3407 step 40/2000: loss=0.3174
adapter_2shot_seed3407 step 60/2000: loss=0.3679
adapter_2shot_seed3407 step 80/2000: loss=0.3055
adapter_2shot_seed3407 step 100/2000: loss=0.2412
adapter_2shot_seed3407 step 120/2000: loss=0.2712
adapter_2shot_seed3407 step 140/2000: loss=0.2615
adapter_2shot_seed3407 step 160/2000: loss=0.2960
adapter_2shot_seed3407 step 180/2000: loss=0.3189
adapter_2shot_seed3407 step 200/2000: loss=0.1733
adapter_2shot_seed3407 step 220/2000: loss=0.2211
adapter_2shot_seed3407 step 240/2000: loss=0.1762
adapter_2shot_seed3407 step 260/2000: loss=0.1824
adapter_2shot_seed3407 step 280/2000: loss=0.1749
adapter_2shot_seed3407 step 300/2000: loss=0.2230
adapter_2shot_seed3407 step 320/2000: loss=0.2854
adapter_2shot_seed3407 step 340/2000: loss=0.1977
adapter_2shot_seed3407 step 360/2000: loss=0.3630
adapter_2shot_seed3407 step 380/2000: loss=0.1891
adapter_2shot_seed3407 step 400/2000: loss=0.1141
adapter_2shot_seed3407 step 420/2000: loss=0.2480
adapter_2shot_seed3407 step 440/2000: loss=0.1181
adapter_2shot_seed3407 step 460/2000: loss=0.2177
adapter_2shot_seed3407 step 480/2000: loss=0.1459
adapter_2shot_seed3407 step 500/2000: loss=0.3663
adapter_2shot_seed3407 step 520/2000: loss=0.2504
adapter_2shot_seed3407 step 540/2000: loss=0.1939
adapter_2shot_seed3407 step 560/2000: loss=0.1075
adapter_2shot_seed3407 step 580/2000: loss=0.1793
adapter_2shot_seed3407 step 600/2000: loss=0.1658
adapter_2shot_seed3407 step 620/2000: loss=0.1812
adapter_2shot_seed3407 step 640/2000: loss=0.1142
adapter_2shot_seed3407 step 660/2000: loss=0.1476
adapter_2shot_seed3407 step 680/2000: loss=0.1518
adapter_2shot_seed3407 step 700/2000: loss=0.2525
adapter_2shot_seed3407 step 720/2000: loss=0.1590
adapter_2shot_seed3407 step 740/2000: loss=0.2498
adapter_2shot_seed3407 step 760/2000: loss=0.0066
adapter_2shot_seed3407 step 780/2000: loss=0.1765
adapter_2shot_seed3407 step 800/2000: loss=0.1797
adapter_2shot_seed3407 step 820/2000: loss=0.2418
adapter_2shot_seed3407 step 840/2000: loss=0.1110
adapter_2shot_seed3407 step 860/2000: loss=0.3361
adapter_2shot_seed3407 step 880/2000: loss=0.2486
adapter_2shot_seed3407 step 900/2000: loss=0.1583
adapter_2shot_seed3407 step 920/2000: loss=0.2168
adapter_2shot_seed3407 step 940/2000: loss=0.2699
adapter_2shot_seed3407 step 960/2000: loss=0.1974
adapter_2shot_seed3407 step 980/2000: loss=0.0004
adapter_2shot_seed3407 step 1000/2000: loss=0.0975
adapter_2shot_seed3407 step 1020/2000: loss=0.0682
adapter_2shot_seed3407 step 1040/2000: loss=0.1701
adapter_2shot_seed3407 step 1060/2000: loss=0.2204
adapter_2shot_seed3407 step 1080/2000: loss=0.1368
adapter_2shot_seed3407 step 1100/2000: loss=0.1461
adapter_2shot_seed3407 step 1120/2000: loss=0.0763
adapter_2shot_seed3407 step 1140/2000: loss=0.0949
adapter_2shot_seed3407 step 1160/2000: loss=0.1355
adapter_2shot_seed3407 step 1180/2000: loss=0.1940
adapter_2shot_seed3407 step 1200/2000: loss=0.0062
adapter_2shot_seed3407 step 1220/2000: loss=0.1884
adapter_2shot_seed3407 step 1240/2000: loss=0.1581
adapter_2shot_seed3407 step 1260/2000: loss=0.0817
adapter_2shot_seed3407 step 1280/2000: loss=0.1311
adapter_2shot_seed3407 step 1300/2000: loss=0.2255
adapter_2shot_seed3407 step 1320/2000: loss=0.0020
adapter_2shot_seed3407 step 1340/2000: loss=0.1405
adapter_2shot_seed3407 step 1360/2000: loss=0.1741
adapter_2shot_seed3407 step 1380/2000: loss=0.2990
adapter_2shot_seed3407 step 1400/2000: loss=0.1355
adapter_2shot_seed3407 step 1420/2000: loss=0.1242
adapter_2shot_seed3407 step 1440/2000: loss=0.1866
adapter_2shot_seed3407 step 1460/2000: loss=0.1316
adapter_2shot_seed3407 step 1480/2000: loss=0.1092
adapter_2shot_seed3407 step 1500/2000: loss=0.1720
adapter_2shot_seed3407 step 1520/2000: loss=0.4079
adapter_2shot_seed3407 step 1540/2000: loss=0.1591
adapter_2shot_seed3407 step 1560/2000: loss=0.2529
adapter_2shot_seed3407 step 1580/2000: loss=0.1534
adapter_2shot_seed3407 step 1600/2000: loss=0.1984
adapter_2shot_seed3407 step 1620/2000: loss=0.1945
adapter_2shot_seed3407 step 1640/2000: loss=0.2448
adapter_2shot_seed3407 step 1660/2000: loss=0.1317
adapter_2shot_seed3407 step 1680/2000: loss=0.1436
adapter_2shot_seed3407 step 1700/2000: loss=0.0934
adapter_2shot_seed3407 step 1720/2000: loss=0.1537
adapter_2shot_seed3407 step 1740/2000: loss=0.1213
adapter_2shot_seed3407 step 1760/2000: loss=0.1712
adapter_2shot_seed3407 step 1780/2000: loss=0.2084
adapter_2shot_seed3407 step 1800/2000: loss=0.0731
adapter_2shot_seed3407 step 1820/2000: loss=0.1102
adapter_2shot_seed3407 step 1840/2000: loss=0.1274
adapter_2shot_seed3407 step 1860/2000: loss=0.1637
adapter_2shot_seed3407 step 1880/2000: loss=0.2020
adapter_2shot_seed3407 step 1900/2000: loss=0.1422
adapter_2shot_seed3407 step 1920/2000: loss=0.0979
adapter_2shot_seed3407 step 1940/2000: loss=0.1009
adapter_2shot_seed3407 step 1960/2000: loss=0.1478
adapter_2shot_seed3407 step 1980/2000: loss=0.1516
adapter_2shot_seed3407 step 2000/2000: loss=0.0928
/root/miniconda3/lib/python3.12/site-packages/torch/nn/modules/conv.py:456: UserWarning: Plan failed with a cudnnException: CUDNN_BACKEND_EXECUTION_PLAN_DESCRIPTOR: cudnnFinalize Descriptor Failed cudnn_status: CUDNN_STATUS_NOT_SUPPORTED (Triggered internally at ../aten/src/ATen/native/cudnn/Conv_v8.cpp:919.)
  return F.conv2d(input, weight, bias, self.stride,
adapter_2shot_seed3407 evaluation 100/1599
adapter_2shot_seed3407 evaluation 200/1599
adapter_2shot_seed3407 evaluation 300/1599
adapter_2shot_seed3407 evaluation 400/1599
adapter_2shot_seed3407 evaluation 500/1599
adapter_2shot_seed3407 evaluation 600/1599
adapter_2shot_seed3407 evaluation 700/1599
adapter_2shot_seed3407 evaluation 800/1599
adapter_2shot_seed3407 evaluation 900/1599
adapter_2shot_seed3407 evaluation 1000/1599
adapter_2shot_seed3407 evaluation 1100/1599
adapter_2shot_seed3407 evaluation 1200/1599
adapter_2shot_seed3407 evaluation 1300/1599
adapter_2shot_seed3407 evaluation 1400/1599
adapter_2shot_seed3407 evaluation 1500/1599
{"signature": "96ace39540cdc5932c68f5b4580193a6a955e7866cbebdb33cca16ae9d55670d", "mode": "adapter", "shots_per_class": 2, "seed": 3407, "support_images": 14, "evaluation_images": 1599, "metrics": {"mIoU": 0.5225918550060951, "per_class_iou": {"background": 0.5428269524161446, "building": 0.6083783070146315, "road": 0.5489999312825142, "water": 0.670111937112684, "barren": 0.4133771655376606, "forest": 0.33376649166479894, "agriculture": 0.5406822000142316}, "pixel_accuracy": 0.699323607249088, "confusion": [[484819865, 42759550, 17283511, 7440512, 10672059, 17564228, 15063006], [13061494, 101072332, 325661, 146044, 248849, 735528, 621451], [17202874, 643527, 53152360, 44360, 1597987, 1184078, 528704], [44238394, 144612, 369774, 135191716, 2344520, 1936465, 3959121], [19203690, 940309, 956909, 915597, 39686739, 555032, 5513355], [52611786, 1262121, 990134, 968838, 1516043, 55271459, 3481837], [151217927, 4172539, 2536818, 4045022, 11855034, 27521636, 271350558]]}}
DONE adapter_2000 K=2 seed=3407

START adapter_2000 K=2 seed=3408
{
  "support_images": {
    "0": 0,
    "1": 7,
    "2": 14,
    "5": 35,
    "10": 70
  },
  "evaluation_images": 1599,
  "protocol_sha256": "8184bef3aae39e2b9f01cd79a90782318f436744d14c43f108c76f56fc527ec5"
}
adapter_2shot_seed3408 step 20/2000: loss=2.5657
adapter_2shot_seed3408 step 40/2000: loss=2.3289
adapter_2shot_seed3408 step 60/2000: loss=0.2833
adapter_2shot_seed3408 step 80/2000: loss=0.1770
adapter_2shot_seed3408 step 100/2000: loss=0.3292
adapter_2shot_seed3408 step 120/2000: loss=0.1827
adapter_2shot_seed3408 step 140/2000: loss=0.3419
adapter_2shot_seed3408 step 160/2000: loss=0.1944
adapter_2shot_seed3408 step 180/2000: loss=0.4444
adapter_2shot_seed3408 step 200/2000: loss=0.3503
adapter_2shot_seed3408 step 220/2000: loss=0.2548
adapter_2shot_seed3408 step 240/2000: loss=0.0883
adapter_2shot_seed3408 step 260/2000: loss=0.0859
adapter_2shot_seed3408 step 280/2000: loss=0.3106
adapter_2shot_seed3408 step 300/2000: loss=0.1958
adapter_2shot_seed3408 step 320/2000: loss=0.1502
adapter_2shot_seed3408 step 340/2000: loss=0.3887
adapter_2shot_seed3408 step 360/2000: loss=0.1411
adapter_2shot_seed3408 step 380/2000: loss=0.0711
adapter_2shot_seed3408 step 400/2000: loss=0.2134
adapter_2shot_seed3408 step 420/2000: loss=0.3981
adapter_2shot_seed3408 step 440/2000: loss=0.2191
adapter_2shot_seed3408 step 460/2000: loss=0.1295
adapter_2shot_seed3408 step 480/2000: loss=0.1757
adapter_2shot_seed3408 step 500/2000: loss=0.1829
adapter_2shot_seed3408 step 520/2000: loss=0.0925
adapter_2shot_seed3408 step 540/2000: loss=0.1226
adapter_2shot_seed3408 step 560/2000: loss=0.1056
adapter_2shot_seed3408 step 580/2000: loss=0.0320
adapter_2shot_seed3408 step 600/2000: loss=0.1302
adapter_2shot_seed3408 step 620/2000: loss=0.2745
adapter_2shot_seed3408 step 640/2000: loss=0.0009
adapter_2shot_seed3408 step 660/2000: loss=0.2402
adapter_2shot_seed3408 step 680/2000: loss=0.2172
adapter_2shot_seed3408 step 700/2000: loss=0.0741
adapter_2shot_seed3408 step 720/2000: loss=0.3056
adapter_2shot_seed3408 step 740/2000: loss=0.0090
adapter_2shot_seed3408 step 760/2000: loss=0.2579
adapter_2shot_seed3408 step 780/2000: loss=0.2976
adapter_2shot_seed3408 step 800/2000: loss=0.1259
adapter_2shot_seed3408 step 820/2000: loss=0.2294
adapter_2shot_seed3408 step 840/2000: loss=0.1626
adapter_2shot_seed3408 step 860/2000: loss=0.0877
adapter_2shot_seed3408 step 880/2000: loss=0.2151
adapter_2shot_seed3408 step 900/2000: loss=0.1573
adapter_2shot_seed3408 step 920/2000: loss=0.1789
adapter_2shot_seed3408 step 940/2000: loss=0.2086
adapter_2shot_seed3408 step 960/2000: loss=0.1510
adapter_2shot_seed3408 step 980/2000: loss=0.1921
adapter_2shot_seed3408 step 1000/2000: loss=0.0249
adapter_2shot_seed3408 step 1020/2000: loss=0.2114
adapter_2shot_seed3408 step 1040/2000: loss=0.2733
adapter_2shot_seed3408 step 1060/2000: loss=0.1385
adapter_2shot_seed3408 step 1080/2000: loss=0.1015
adapter_2shot_seed3408 step 1100/2000: loss=0.1487
adapter_2shot_seed3408 step 1120/2000: loss=0.2531
adapter_2shot_seed3408 step 1140/2000: loss=0.2157
adapter_2shot_seed3408 step 1160/2000: loss=0.1370
adapter_2shot_seed3408 step 1180/2000: loss=0.2767
adapter_2shot_seed3408 step 1200/2000: loss=0.1184
adapter_2shot_seed3408 step 1220/2000: loss=0.1364
adapter_2shot_seed3408 step 1240/2000: loss=0.1704
adapter_2shot_seed3408 step 1260/2000: loss=0.2054
adapter_2shot_seed3408 step 1280/2000: loss=0.1918
adapter_2shot_seed3408 step 1300/2000: loss=0.1188
adapter_2shot_seed3408 step 1320/2000: loss=0.3004
adapter_2shot_seed3408 step 1340/2000: loss=0.2045
adapter_2shot_seed3408 step 1360/2000: loss=0.0620
adapter_2shot_seed3408 step 1380/2000: loss=0.0662
adapter_2shot_seed3408 step 1400/2000: loss=0.4081
adapter_2shot_seed3408 step 1420/2000: loss=0.1158
adapter_2shot_seed3408 step 1440/2000: loss=0.1564
adapter_2shot_seed3408 step 1460/2000: loss=0.1044
adapter_2shot_seed3408 step 1480/2000: loss=0.1911
adapter_2shot_seed3408 step 1500/2000: loss=0.1803
adapter_2shot_seed3408 step 1520/2000: loss=0.1849
adapter_2shot_seed3408 step 1540/2000: loss=0.1896
adapter_2shot_seed3408 step 1560/2000: loss=0.1133
adapter_2shot_seed3408 step 1580/2000: loss=0.1104
adapter_2shot_seed3408 step 1600/2000: loss=0.1759
adapter_2shot_seed3408 step 1620/2000: loss=0.3014
adapter_2shot_seed3408 step 1640/2000: loss=0.2543
adapter_2shot_seed3408 step 1660/2000: loss=0.1073
adapter_2shot_seed3408 step 1680/2000: loss=0.0401
adapter_2shot_seed3408 step 1700/2000: loss=0.0597
adapter_2shot_seed3408 step 1720/2000: loss=0.1114
adapter_2shot_seed3408 step 1740/2000: loss=0.0483
adapter_2shot_seed3408 step 1760/2000: loss=0.1185
adapter_2shot_seed3408 step 1780/2000: loss=0.2135
adapter_2shot_seed3408 step 1800/2000: loss=0.1154
adapter_2shot_seed3408 step 1820/2000: loss=0.2016
adapter_2shot_seed3408 step 1840/2000: loss=0.0945
adapter_2shot_seed3408 step 1860/2000: loss=0.1100
adapter_2shot_seed3408 step 1880/2000: loss=0.0043
adapter_2shot_seed3408 step 1900/2000: loss=0.0104
adapter_2shot_seed3408 step 1920/2000: loss=0.1006
adapter_2shot_seed3408 step 1940/2000: loss=0.2428
adapter_2shot_seed3408 step 1960/2000: loss=0.1796
adapter_2shot_seed3408 step 1980/2000: loss=0.1039
adapter_2shot_seed3408 step 2000/2000: loss=0.1149
/root/miniconda3/lib/python3.12/site-packages/torch/nn/modules/conv.py:456: UserWarning: Plan failed with a cudnnException: CUDNN_BACKEND_EXECUTION_PLAN_DESCRIPTOR: cudnnFinalize Descriptor Failed cudnn_status: CUDNN_STATUS_NOT_SUPPORTED (Triggered internally at ../aten/src/ATen/native/cudnn/Conv_v8.cpp:919.)
  return F.conv2d(input, weight, bias, self.stride,
adapter_2shot_seed3408 evaluation 100/1599
adapter_2shot_seed3408 evaluation 200/1599
adapter_2shot_seed3408 evaluation 300/1599
adapter_2shot_seed3408 evaluation 400/1599
adapter_2shot_seed3408 evaluation 500/1599
adapter_2shot_seed3408 evaluation 600/1599
adapter_2shot_seed3408 evaluation 700/1599
adapter_2shot_seed3408 evaluation 800/1599
adapter_2shot_seed3408 evaluation 900/1599
adapter_2shot_seed3408 evaluation 1000/1599
adapter_2shot_seed3408 evaluation 1100/1599
adapter_2shot_seed3408 evaluation 1200/1599
adapter_2shot_seed3408 evaluation 1300/1599
adapter_2shot_seed3408 evaluation 1400/1599
adapter_2shot_seed3408 evaluation 1500/1599
{"signature": "1aaa8ed258efe893704ca84b3c356d8a34405fcc33e35a9fd988d99b079e39da", "mode": "adapter", "shots_per_class": 2, "seed": 3408, "support_images": 14, "evaluation_images": 1599, "metrics": {"mIoU": 0.5219977332791115, "per_class_iou": {"background": 0.5420128495646227, "building": 0.6116694286972157, "road": 0.5494882990327647, "water": 0.6630628930338747, "barren": 0.4085639251177495, "forest": 0.3391061536962783, "agriculture": 0.5400805838112747}, "pixel_accuracy": 0.6990168477696657, "confusion": [[488732800, 40716253, 17722718, 7487794, 10395009, 16496684, 14051473], [14613682, 99556846, 319643, 152707, 232396, 687749, 648336], [17068455, 599751, 53455274, 57664, 1523573, 1131017, 518156], [45800721, 120601, 368551, 134198879, 2212382, 1876724, 3606744], [20016398, 973100, 984337, 1136492, 38674673, 468506, 5518125], [52694889, 1244856, 1042071, 1056391, 1473206, 55095666, 3495139], [155902780, 2896581, 2490705, 4316733, 11051832, 25710314, 270330589]]}}
DONE adapter_2000 K=2 seed=3408

START adapter_2000 K=2 seed=3409
{
  "support_images": {
    "0": 0,
    "1": 7,
    "2": 14,
    "5": 35,
    "10": 70
  },
  "evaluation_images": 1599,
  "protocol_sha256": "8184bef3aae39e2b9f01cd79a90782318f436744d14c43f108c76f56fc527ec5"
}
adapter_2shot_seed3409 step 20/2000: loss=0.7577
adapter_2shot_seed3409 step 40/2000: loss=0.3802
adapter_2shot_seed3409 step 60/2000: loss=0.2313
adapter_2shot_seed3409 step 80/2000: loss=0.4509
adapter_2shot_seed3409 step 100/2000: loss=0.2090
adapter_2shot_seed3409 step 120/2000: loss=0.3497
adapter_2shot_seed3409 step 140/2000: loss=0.0951
adapter_2shot_seed3409 step 160/2000: loss=0.2330
adapter_2shot_seed3409 step 180/2000: loss=0.1979
adapter_2shot_seed3409 step 200/2000: loss=0.5528
adapter_2shot_seed3409 step 220/2000: loss=0.1557
adapter_2shot_seed3409 step 240/2000: loss=0.2768
adapter_2shot_seed3409 step 260/2000: loss=0.3289
adapter_2shot_seed3409 step 280/2000: loss=0.3026
adapter_2shot_seed3409 step 300/2000: loss=0.3040
adapter_2shot_seed3409 step 320/2000: loss=0.1917
adapter_2shot_seed3409 step 340/2000: loss=0.2010
adapter_2shot_seed3409 step 360/2000: loss=0.1494
adapter_2shot_seed3409 step 380/2000: loss=0.1041
adapter_2shot_seed3409 step 400/2000: loss=0.1158
adapter_2shot_seed3409 step 420/2000: loss=0.1089
adapter_2shot_seed3409 step 440/2000: loss=0.0886
adapter_2shot_seed3409 step 460/2000: loss=0.2237
adapter_2shot_seed3409 step 480/2000: loss=0.2273
adapter_2shot_seed3409 step 500/2000: loss=0.1863
adapter_2shot_seed3409 step 520/2000: loss=0.0374
adapter_2shot_seed3409 step 540/2000: loss=0.0381
adapter_2shot_seed3409 step 560/2000: loss=0.0236
adapter_2shot_seed3409 step 580/2000: loss=0.1573
adapter_2shot_seed3409 step 600/2000: loss=0.2064
adapter_2shot_seed3409 step 620/2000: loss=0.2541
adapter_2shot_seed3409 step 640/2000: loss=0.1071
adapter_2shot_seed3409 step 660/2000: loss=0.0265
adapter_2shot_seed3409 step 680/2000: loss=0.2273
adapter_2shot_seed3409 step 700/2000: loss=0.1750
adapter_2shot_seed3409 step 720/2000: loss=0.1471
adapter_2shot_seed3409 step 740/2000: loss=0.0927
adapter_2shot_seed3409 step 760/2000: loss=0.1825
adapter_2shot_seed3409 step 780/2000: loss=0.1459
adapter_2shot_seed3409 step 800/2000: loss=0.2595
adapter_2shot_seed3409 step 820/2000: loss=0.2308
adapter_2shot_seed3409 step 840/2000: loss=0.1012
adapter_2shot_seed3409 step 860/2000: loss=0.1558
adapter_2shot_seed3409 step 880/2000: loss=0.0695
adapter_2shot_seed3409 step 900/2000: loss=0.1571
adapter_2shot_seed3409 step 920/2000: loss=0.2143
adapter_2shot_seed3409 step 940/2000: loss=0.1976
adapter_2shot_seed3409 step 960/2000: loss=0.1319
adapter_2shot_seed3409 step 980/2000: loss=0.1915
adapter_2shot_seed3409 step 1000/2000: loss=0.1442
adapter_2shot_seed3409 step 1020/2000: loss=0.1320
adapter_2shot_seed3409 step 1040/2000: loss=0.0016
adapter_2shot_seed3409 step 1060/2000: loss=0.0027
adapter_2shot_seed3409 step 1080/2000: loss=0.0910
adapter_2shot_seed3409 step 1100/2000: loss=0.1537
adapter_2shot_seed3409 step 1120/2000: loss=0.0017
adapter_2shot_seed3409 step 1140/2000: loss=0.0815
adapter_2shot_seed3409 step 1160/2000: loss=0.2130
adapter_2shot_seed3409 step 1180/2000: loss=0.2121
adapter_2shot_seed3409 step 1200/2000: loss=0.2582
adapter_2shot_seed3409 step 1220/2000: loss=0.2499
adapter_2shot_seed3409 step 1240/2000: loss=0.1805
adapter_2shot_seed3409 step 1260/2000: loss=0.1100
adapter_2shot_seed3409 step 1280/2000: loss=0.1228
adapter_2shot_seed3409 step 1300/2000: loss=0.2043
adapter_2shot_seed3409 step 1320/2000: loss=0.0024
adapter_2shot_seed3409 step 1340/2000: loss=0.0008
adapter_2shot_seed3409 step 1360/2000: loss=0.2368
adapter_2shot_seed3409 step 1380/2000: loss=0.0702
adapter_2shot_seed3409 step 1400/2000: loss=0.0047
adapter_2shot_seed3409 step 1420/2000: loss=0.1349
adapter_2shot_seed3409 step 1440/2000: loss=0.1655
adapter_2shot_seed3409 step 1460/2000: loss=0.2181
adapter_2shot_seed3409 step 1480/2000: loss=0.1973
adapter_2shot_seed3409 step 1500/2000: loss=0.1498
adapter_2shot_seed3409 step 1520/2000: loss=0.0011
adapter_2shot_seed3409 step 1540/2000: loss=0.0659
adapter_2shot_seed3409 step 1560/2000: loss=0.1479
adapter_2shot_seed3409 step 1580/2000: loss=0.2673
adapter_2shot_seed3409 step 1600/2000: loss=0.0868
adapter_2shot_seed3409 step 1620/2000: loss=0.1344
adapter_2shot_seed3409 step 1640/2000: loss=0.0438
adapter_2shot_seed3409 step 1660/2000: loss=0.4200
adapter_2shot_seed3409 step 1680/2000: loss=0.0939
adapter_2shot_seed3409 step 1700/2000: loss=0.0011
adapter_2shot_seed3409 step 1720/2000: loss=0.0777
adapter_2shot_seed3409 step 1740/2000: loss=0.1884
adapter_2shot_seed3409 step 1760/2000: loss=0.1084
adapter_2shot_seed3409 step 1780/2000: loss=0.2820
adapter_2shot_seed3409 step 1800/2000: loss=0.1847
adapter_2shot_seed3409 step 1820/2000: loss=0.1164
adapter_2shot_seed3409 step 1840/2000: loss=0.0897
adapter_2shot_seed3409 step 1860/2000: loss=0.1346
adapter_2shot_seed3409 step 1880/2000: loss=0.1700
adapter_2shot_seed3409 step 1900/2000: loss=0.0871
adapter_2shot_seed3409 step 1920/2000: loss=0.1237
adapter_2shot_seed3409 step 1940/2000: loss=0.1981
adapter_2shot_seed3409 step 1960/2000: loss=0.1274
adapter_2shot_seed3409 step 1980/2000: loss=0.1315
adapter_2shot_seed3409 step 2000/2000: loss=0.0823
/root/miniconda3/lib/python3.12/site-packages/torch/nn/modules/conv.py:456: UserWarning: Plan failed with a cudnnException: CUDNN_BACKEND_EXECUTION_PLAN_DESCRIPTOR: cudnnFinalize Descriptor Failed cudnn_status: CUDNN_STATUS_NOT_SUPPORTED (Triggered internally at ../aten/src/ATen/native/cudnn/Conv_v8.cpp:919.)
  return F.conv2d(input, weight, bias, self.stride,
adapter_2shot_seed3409 evaluation 100/1599
adapter_2shot_seed3409 evaluation 200/1599
adapter_2shot_seed3409 evaluation 300/1599
adapter_2shot_seed3409 evaluation 400/1599
adapter_2shot_seed3409 evaluation 500/1599
adapter_2shot_seed3409 evaluation 600/1599
adapter_2shot_seed3409 evaluation 700/1599
adapter_2shot_seed3409 evaluation 800/1599
adapter_2shot_seed3409 evaluation 900/1599
adapter_2shot_seed3409 evaluation 1000/1599
adapter_2shot_seed3409 evaluation 1100/1599
adapter_2shot_seed3409 evaluation 1200/1599
adapter_2shot_seed3409 evaluation 1300/1599
adapter_2shot_seed3409 evaluation 1400/1599
adapter_2shot_seed3409 evaluation 1500/1599
{"signature": "b516942a5a32d190f5820d5c4a74e64ed1fda8ddefdd4cac43cfac67fb95a777", "mode": "adapter", "shots_per_class": 2, "seed": 3409, "support_images": 14, "evaluation_images": 1599, "metrics": {"mIoU": 0.5234325536325537, "per_class_iou": {"background": 0.5422229589327517, "building": 0.6126604423568042, "road": 0.549449100115468, "water": 0.6661236161315703, "barren": 0.41184702327320816, "forest": 0.3387060743076097, "agriculture": 0.543018660310464}, "pixel_accuracy": 0.7001247766632988, "confusion": [[486640256, 42054792, 17657014, 7736104, 9976009, 16912665, 14625891], [13597536, 100451887, 345776, 150007, 230065, 749130, 686958], [16981879, 639310, 53524522, 45204, 1528737, 1104045, 530193], [44526555, 139855, 395659, 134660979, 2098084, 1960082, 4403388], [19781974, 887936, 1081180, 1085162, 38612618, 571845, 5750916], [52683450, 1260302, 1038937, 945506, 1322944, 55149887, 3701192], [154316931, 2766578, 2542431, 4009555, 10827288, 25425223, 272811528]]}}
DONE adapter_2000 K=2 seed=3409

START adapter_2000 K=5 seed=3407
{
  "support_images": {
    "0": 0,
    "1": 7,
    "2": 14,
    "5": 35,
    "10": 70
  },
  "evaluation_images": 1599,
  "protocol_sha256": "8184bef3aae39e2b9f01cd79a90782318f436744d14c43f108c76f56fc527ec5"
}
adapter_5shot_seed3407 step 20/2000: loss=0.1469
adapter_5shot_seed3407 step 40/2000: loss=2.2267
adapter_5shot_seed3407 step 60/2000: loss=0.9915
adapter_5shot_seed3407 step 80/2000: loss=0.3453
adapter_5shot_seed3407 step 100/2000: loss=0.0422
adapter_5shot_seed3407 step 120/2000: loss=0.5771
adapter_5shot_seed3407 step 140/2000: loss=0.1031
adapter_5shot_seed3407 step 160/2000: loss=1.0275
adapter_5shot_seed3407 step 180/2000: loss=0.4814
adapter_5shot_seed3407 step 200/2000: loss=0.4536
adapter_5shot_seed3407 step 220/2000: loss=0.3848
adapter_5shot_seed3407 step 240/2000: loss=0.5711
adapter_5shot_seed3407 step 260/2000: loss=0.2020
adapter_5shot_seed3407 step 280/2000: loss=0.3949
adapter_5shot_seed3407 step 300/2000: loss=0.5015
adapter_5shot_seed3407 step 320/2000: loss=0.3945
adapter_5shot_seed3407 step 340/2000: loss=0.3513
adapter_5shot_seed3407 step 360/2000: loss=0.0862
adapter_5shot_seed3407 step 380/2000: loss=0.4215
adapter_5shot_seed3407 step 400/2000: loss=0.1424
adapter_5shot_seed3407 step 420/2000: loss=0.0010
adapter_5shot_seed3407 step 440/2000: loss=0.1086
adapter_5shot_seed3407 step 460/2000: loss=0.3997
adapter_5shot_seed3407 step 480/2000: loss=0.2079
adapter_5shot_seed3407 step 500/2000: loss=0.4183
adapter_5shot_seed3407 step 520/2000: loss=0.5003
adapter_5shot_seed3407 step 540/2000: loss=0.4029
adapter_5shot_seed3407 step 560/2000: loss=0.0212
adapter_5shot_seed3407 step 580/2000: loss=0.3068
adapter_5shot_seed3407 step 600/2000: loss=0.1092
adapter_5shot_seed3407 step 620/2000: loss=0.4339
adapter_5shot_seed3407 step 640/2000: loss=0.3450
adapter_5shot_seed3407 step 660/2000: loss=0.3610
adapter_5shot_seed3407 step 680/2000: loss=0.2220
adapter_5shot_seed3407 step 700/2000: loss=0.1841
adapter_5shot_seed3407 step 720/2000: loss=0.1311
adapter_5shot_seed3407 step 740/2000: loss=0.0171
adapter_5shot_seed3407 step 760/2000: loss=0.3924
adapter_5shot_seed3407 step 780/2000: loss=0.2624
adapter_5shot_seed3407 step 800/2000: loss=0.2003
adapter_5shot_seed3407 step 820/2000: loss=0.2873
adapter_5shot_seed3407 step 840/2000: loss=0.5255
adapter_5shot_seed3407 step 860/2000: loss=0.1519
adapter_5shot_seed3407 step 880/2000: loss=0.2360
adapter_5shot_seed3407 step 900/2000: loss=0.2933
adapter_5shot_seed3407 step 920/2000: loss=0.0860
adapter_5shot_seed3407 step 940/2000: loss=0.2433
adapter_5shot_seed3407 step 960/2000: loss=0.2240
adapter_5shot_seed3407 step 980/2000: loss=0.2417
adapter_5shot_seed3407 step 1000/2000: loss=0.1847
adapter_5shot_seed3407 step 1020/2000: loss=0.2816
adapter_5shot_seed3407 step 1040/2000: loss=0.2533
adapter_5shot_seed3407 step 1060/2000: loss=0.0289
adapter_5shot_seed3407 step 1080/2000: loss=0.1253
adapter_5shot_seed3407 step 1100/2000: loss=0.1909
adapter_5shot_seed3407 step 1120/2000: loss=0.3074
adapter_5shot_seed3407 step 1140/2000: loss=0.1343
adapter_5shot_seed3407 step 1160/2000: loss=0.1627
adapter_5shot_seed3407 step 1180/2000: loss=0.1068
adapter_5shot_seed3407 step 1200/2000: loss=0.3260
adapter_5shot_seed3407 step 1220/2000: loss=0.3153
adapter_5shot_seed3407 step 1240/2000: loss=0.3620
adapter_5shot_seed3407 step 1260/2000: loss=0.2620
adapter_5shot_seed3407 step 1280/2000: loss=0.0599
adapter_5shot_seed3407 step 1300/2000: loss=0.0006
adapter_5shot_seed3407 step 1320/2000: loss=0.4062
adapter_5shot_seed3407 step 1340/2000: loss=0.4795
adapter_5shot_seed3407 step 1360/2000: loss=0.1528
adapter_5shot_seed3407 step 1380/2000: loss=0.1716
adapter_5shot_seed3407 step 1400/2000: loss=0.1885
adapter_5shot_seed3407 step 1420/2000: loss=0.1524
adapter_5shot_seed3407 step 1440/2000: loss=0.2552
adapter_5shot_seed3407 step 1460/2000: loss=0.3766
adapter_5shot_seed3407 step 1480/2000: loss=0.1631
adapter_5shot_seed3407 step 1500/2000: loss=0.0021
adapter_5shot_seed3407 step 1520/2000: loss=0.7393
adapter_5shot_seed3407 step 1540/2000: loss=0.2405
adapter_5shot_seed3407 step 1560/2000: loss=0.0698
adapter_5shot_seed3407 step 1580/2000: loss=0.1444
adapter_5shot_seed3407 step 1600/2000: loss=0.0006
adapter_5shot_seed3407 step 1620/2000: loss=0.2600
adapter_5shot_seed3407 step 1640/2000: loss=0.1512
adapter_5shot_seed3407 step 1660/2000: loss=0.1511
adapter_5shot_seed3407 step 1680/2000: loss=0.0936
adapter_5shot_seed3407 step 1700/2000: loss=0.1394
adapter_5shot_seed3407 step 1720/2000: loss=0.0014
adapter_5shot_seed3407 step 1740/2000: loss=0.2143
adapter_5shot_seed3407 step 1760/2000: loss=0.1091
adapter_5shot_seed3407 step 1780/2000: loss=0.1418
adapter_5shot_seed3407 step 1800/2000: loss=0.0121
adapter_5shot_seed3407 step 1820/2000: loss=0.0780
adapter_5shot_seed3407 step 1840/2000: loss=0.1627
adapter_5shot_seed3407 step 1860/2000: loss=0.1278
adapter_5shot_seed3407 step 1880/2000: loss=0.1251
adapter_5shot_seed3407 step 1900/2000: loss=0.1764
adapter_5shot_seed3407 step 1920/2000: loss=0.3940
adapter_5shot_seed3407 step 1940/2000: loss=0.1927
adapter_5shot_seed3407 step 1960/2000: loss=0.1254
adapter_5shot_seed3407 step 1980/2000: loss=0.2274
adapter_5shot_seed3407 step 2000/2000: loss=0.4034
/root/miniconda3/lib/python3.12/site-packages/torch/nn/modules/conv.py:456: UserWarning: Plan failed with a cudnnException: CUDNN_BACKEND_EXECUTION_PLAN_DESCRIPTOR: cudnnFinalize Descriptor Failed cudnn_status: CUDNN_STATUS_NOT_SUPPORTED (Triggered internally at ../aten/src/ATen/native/cudnn/Conv_v8.cpp:919.)
  return F.conv2d(input, weight, bias, self.stride,
adapter_5shot_seed3407 evaluation 100/1599
adapter_5shot_seed3407 evaluation 200/1599
adapter_5shot_seed3407 evaluation 300/1599
adapter_5shot_seed3407 evaluation 400/1599
adapter_5shot_seed3407 evaluation 500/1599
adapter_5shot_seed3407 evaluation 600/1599
adapter_5shot_seed3407 evaluation 700/1599
adapter_5shot_seed3407 evaluation 800/1599
adapter_5shot_seed3407 evaluation 900/1599
adapter_5shot_seed3407 evaluation 1000/1599
adapter_5shot_seed3407 evaluation 1100/1599
adapter_5shot_seed3407 evaluation 1200/1599
adapter_5shot_seed3407 evaluation 1300/1599
adapter_5shot_seed3407 evaluation 1400/1599
adapter_5shot_seed3407 evaluation 1500/1599
{"signature": "c04200c7b0657edb2cba75282ba5973b1d22bec62256731b915d4eda392fa2d2", "mode": "adapter", "shots_per_class": 5, "seed": 3407, "support_images": 35, "evaluation_images": 1599, "metrics": {"mIoU": 0.5356316945263342, "per_class_iou": {"background": 0.5374147980911369, "building": 0.6503366435979719, "road": 0.5486965308721803, "water": 0.6831276841818422, "barren": 0.4188648135743503, "forest": 0.3530432840953025, "agriculture": 0.5579381072715555}, "pixel_accuracy": 0.7076197477792929, "confusion": [[444401568, 39130094, 26734491, 25884583, 11769699, 21140208, 26542088], [9700410, 103611039, 421687, 172044, 212078, 903118, 1190983], [10687079, 688006, 58343019, 70226, 1873297, 1558825, 1133438], [20493937, 139002, 357274, 152660041, 1873129, 1876889, 10784330], [11196840, 890849, 727630, 1700870, 38850545, 1097738, 13307159], [44513061, 574756, 1327573, 1713297, 1305215, 58200098, 8468218], [134730637, 1685019, 2407668, 5746570, 7946941, 22173589, 298009110]]}}
DONE adapter_2000 K=5 seed=3407

START adapter_2000 K=5 seed=3408
{
  "support_images": {
    "0": 0,
    "1": 7,
    "2": 14,
    "5": 35,
    "10": 70
  },
  "evaluation_images": 1599,
  "protocol_sha256": "8184bef3aae39e2b9f01cd79a90782318f436744d14c43f108c76f56fc527ec5"
}
adapter_5shot_seed3408 step 20/2000: loss=0.3568
adapter_5shot_seed3408 step 40/2000: loss=0.4269
adapter_5shot_seed3408 step 60/2000: loss=0.3195
adapter_5shot_seed3408 step 80/2000: loss=0.2447
adapter_5shot_seed3408 step 100/2000: loss=0.6166
adapter_5shot_seed3408 step 120/2000: loss=0.1933
adapter_5shot_seed3408 step 140/2000: loss=0.0103
adapter_5shot_seed3408 step 160/2000: loss=0.3868
adapter_5shot_seed3408 step 180/2000: loss=0.1407
adapter_5shot_seed3408 step 200/2000: loss=0.2225
adapter_5shot_seed3408 step 220/2000: loss=0.3257
adapter_5shot_seed3408 step 240/2000: loss=0.2046
adapter_5shot_seed3408 step 260/2000: loss=0.4716
adapter_5shot_seed3408 step 280/2000: loss=0.1826
adapter_5shot_seed3408 step 300/2000: loss=0.4104
adapter_5shot_seed3408 step 320/2000: loss=0.3039
adapter_5shot_seed3408 step 340/2000: loss=0.0491
adapter_5shot_seed3408 step 360/2000: loss=0.1594
adapter_5shot_seed3408 step 380/2000: loss=0.3784
adapter_5shot_seed3408 step 400/2000: loss=0.0580
adapter_5shot_seed3408 step 420/2000: loss=0.1500
adapter_5shot_seed3408 step 440/2000: loss=0.2822
adapter_5shot_seed3408 step 460/2000: loss=0.9096
adapter_5shot_seed3408 step 480/2000: loss=0.3702
adapter_5shot_seed3408 step 500/2000: loss=0.9336
adapter_5shot_seed3408 step 520/2000: loss=0.6219
adapter_5shot_seed3408 step 540/2000: loss=0.8685
adapter_5shot_seed3408 step 560/2000: loss=0.0748
adapter_5shot_seed3408 step 580/2000: loss=0.0745
adapter_5shot_seed3408 step 600/2000: loss=0.0920
adapter_5shot_seed3408 step 620/2000: loss=0.2899
adapter_5shot_seed3408 step 640/2000: loss=0.3176
adapter_5shot_seed3408 step 660/2000: loss=0.4271
adapter_5shot_seed3408 step 680/2000: loss=0.0054
adapter_5shot_seed3408 step 700/2000: loss=0.1493
adapter_5shot_seed3408 step 720/2000: loss=0.2113
adapter_5shot_seed3408 step 740/2000: loss=0.6902
adapter_5shot_seed3408 step 760/2000: loss=0.2625
adapter_5shot_seed3408 step 780/2000: loss=0.3818
adapter_5shot_seed3408 step 800/2000: loss=0.0503
adapter_5shot_seed3408 step 820/2000: loss=0.2869
adapter_5shot_seed3408 step 840/2000: loss=0.2178
adapter_5shot_seed3408 step 860/2000: loss=0.1298
adapter_5shot_seed3408 step 880/2000: loss=0.2416
adapter_5shot_seed3408 step 900/2000: loss=0.1968
adapter_5shot_seed3408 step 920/2000: loss=0.2498
adapter_5shot_seed3408 step 940/2000: loss=0.2691
adapter_5shot_seed3408 step 960/2000: loss=0.1281
adapter_5shot_seed3408 step 980/2000: loss=0.1382
adapter_5shot_seed3408 step 1000/2000: loss=0.1627
adapter_5shot_seed3408 step 1020/2000: loss=0.2084
adapter_5shot_seed3408 step 1040/2000: loss=0.1957
adapter_5shot_seed3408 step 1060/2000: loss=0.4549
adapter_5shot_seed3408 step 1080/2000: loss=0.2656
adapter_5shot_seed3408 step 1100/2000: loss=0.1740
adapter_5shot_seed3408 step 1120/2000: loss=0.1616
adapter_5shot_seed3408 step 1140/2000: loss=0.0161
adapter_5shot_seed3408 step 1160/2000: loss=0.0810
adapter_5shot_seed3408 step 1180/2000: loss=0.0684
adapter_5shot_seed3408 step 1200/2000: loss=0.2631
adapter_5shot_seed3408 step 1220/2000: loss=0.4621
adapter_5shot_seed3408 step 1240/2000: loss=0.5043
adapter_5shot_seed3408 step 1260/2000: loss=0.0886
adapter_5shot_seed3408 step 1280/2000: loss=0.3078
adapter_5shot_seed3408 step 1300/2000: loss=0.1804
adapter_5shot_seed3408 step 1320/2000: loss=0.0790
adapter_5shot_seed3408 step 1340/2000: loss=0.2423
adapter_5shot_seed3408 step 1360/2000: loss=0.3140
adapter_5shot_seed3408 step 1380/2000: loss=0.0991
adapter_5shot_seed3408 step 1400/2000: loss=0.0652
adapter_5shot_seed3408 step 1420/2000: loss=0.2829
adapter_5shot_seed3408 step 1440/2000: loss=0.2857
adapter_5shot_seed3408 step 1460/2000: loss=0.1733
adapter_5shot_seed3408 step 1480/2000: loss=0.0970
adapter_5shot_seed3408 step 1500/2000: loss=0.2860
adapter_5shot_seed3408 step 1520/2000: loss=0.2755
adapter_5shot_seed3408 step 1540/2000: loss=0.1422
adapter_5shot_seed3408 step 1560/2000: loss=0.0477
adapter_5shot_seed3408 step 1580/2000: loss=0.1185
adapter_5shot_seed3408 step 1600/2000: loss=0.1751
adapter_5shot_seed3408 step 1620/2000: loss=0.2023
adapter_5shot_seed3408 step 1640/2000: loss=0.1853
adapter_5shot_seed3408 step 1660/2000: loss=0.0073
adapter_5shot_seed3408 step 1680/2000: loss=0.1678
adapter_5shot_seed3408 step 1700/2000: loss=0.2564
adapter_5shot_seed3408 step 1720/2000: loss=0.2169
adapter_5shot_seed3408 step 1740/2000: loss=0.1026
adapter_5shot_seed3408 step 1760/2000: loss=0.1850
adapter_5shot_seed3408 step 1780/2000: loss=0.0058
adapter_5shot_seed3408 step 1800/2000: loss=0.0030
adapter_5shot_seed3408 step 1820/2000: loss=0.2379
adapter_5shot_seed3408 step 1840/2000: loss=0.2722
adapter_5shot_seed3408 step 1860/2000: loss=0.1049
adapter_5shot_seed3408 step 1880/2000: loss=0.1632
adapter_5shot_seed3408 step 1900/2000: loss=0.2169
adapter_5shot_seed3408 step 1920/2000: loss=0.2289
adapter_5shot_seed3408 step 1940/2000: loss=0.1698
adapter_5shot_seed3408 step 1960/2000: loss=0.0080
adapter_5shot_seed3408 step 1980/2000: loss=0.1825
adapter_5shot_seed3408 step 2000/2000: loss=0.2389
/root/miniconda3/lib/python3.12/site-packages/torch/nn/modules/conv.py:456: UserWarning: Plan failed with a cudnnException: CUDNN_BACKEND_EXECUTION_PLAN_DESCRIPTOR: cudnnFinalize Descriptor Failed cudnn_status: CUDNN_STATUS_NOT_SUPPORTED (Triggered internally at ../aten/src/ATen/native/cudnn/Conv_v8.cpp:919.)
  return F.conv2d(input, weight, bias, self.stride,
adapter_5shot_seed3408 evaluation 100/1599
adapter_5shot_seed3408 evaluation 200/1599
adapter_5shot_seed3408 evaluation 300/1599
adapter_5shot_seed3408 evaluation 400/1599
adapter_5shot_seed3408 evaluation 500/1599
adapter_5shot_seed3408 evaluation 600/1599
adapter_5shot_seed3408 evaluation 700/1599
adapter_5shot_seed3408 evaluation 800/1599
adapter_5shot_seed3408 evaluation 900/1599
adapter_5shot_seed3408 evaluation 1000/1599
adapter_5shot_seed3408 evaluation 1100/1599
adapter_5shot_seed3408 evaluation 1200/1599
adapter_5shot_seed3408 evaluation 1300/1599
adapter_5shot_seed3408 evaluation 1400/1599
adapter_5shot_seed3408 evaluation 1500/1599
{"signature": "7125f101c277f7429ec8451143adc5a94eeacde6c8a56b5cc761078e5ba450e9", "mode": "adapter", "shots_per_class": 5, "seed": 3408, "support_images": 35, "evaluation_images": 1599, "metrics": {"mIoU": 0.5329957595117266, "per_class_iou": {"background": 0.5358742535459431, "building": 0.6487520504306733, "road": 0.5501137618298952, "water": 0.6813318816259255, "barren": 0.40595669846451077, "forest": 0.35629166475422486, "agriculture": 0.5526500059309142}, "pixel_accuracy": 0.7057217830240381, "confusion": [[443054218, 38718835, 27015320, 26439276, 11602134, 20677987, 28094961], [10508048, 102825377, 402701, 167910, 194190, 876028, 1237105], [10332540, 672256, 58654888, 67261, 1848703, 1439563, 1338679], [19111234, 131419, 342477, 152592782, 1685972, 1828855, 12491863], [10956578, 927564, 657685, 1652011, 37124108, 1250253, 15203432], [43598071, 618131, 1614335, 1755406, 1227196, 58227126, 9061953], [136678454, 1217626, 2236789, 5696020, 7118617, 21250547, 298501481]]}}
DONE adapter_2000 K=5 seed=3408

START adapter_2000 K=5 seed=3409
{
  "support_images": {
    "0": 0,
    "1": 7,
    "2": 14,
    "5": 35,
    "10": 70
  },
  "evaluation_images": 1599,
  "protocol_sha256": "8184bef3aae39e2b9f01cd79a90782318f436744d14c43f108c76f56fc527ec5"
}
adapter_5shot_seed3409 step 20/2000: loss=0.0808
adapter_5shot_seed3409 step 40/2000: loss=0.1704
adapter_5shot_seed3409 step 60/2000: loss=0.2336
adapter_5shot_seed3409 step 80/2000: loss=0.3140
adapter_5shot_seed3409 step 100/2000: loss=0.2738
adapter_5shot_seed3409 step 120/2000: loss=0.3753
adapter_5shot_seed3409 step 140/2000: loss=0.6064
adapter_5shot_seed3409 step 160/2000: loss=0.7124
adapter_5shot_seed3409 step 180/2000: loss=0.5634
adapter_5shot_seed3409 step 200/2000: loss=0.2855
adapter_5shot_seed3409 step 220/2000: loss=0.2385
adapter_5shot_seed3409 step 240/2000: loss=0.1553
adapter_5shot_seed3409 step 260/2000: loss=0.2084
adapter_5shot_seed3409 step 280/2000: loss=0.0113
adapter_5shot_seed3409 step 300/2000: loss=0.3216
adapter_5shot_seed3409 step 320/2000: loss=0.3588
adapter_5shot_seed3409 step 340/2000: loss=0.2385
adapter_5shot_seed3409 step 360/2000: loss=0.0776
adapter_5shot_seed3409 step 380/2000: loss=0.4017
adapter_5shot_seed3409 step 400/2000: loss=0.2917
adapter_5shot_seed3409 step 420/2000: loss=0.2633
adapter_5shot_seed3409 step 440/2000: loss=0.8741
adapter_5shot_seed3409 step 460/2000: loss=0.1734
adapter_5shot_seed3409 step 480/2000: loss=0.2954
adapter_5shot_seed3409 step 500/2000: loss=0.2292
adapter_5shot_seed3409 step 520/2000: loss=0.3649
adapter_5shot_seed3409 step 540/2000: loss=0.9249
adapter_5shot_seed3409 step 560/2000: loss=0.3467
adapter_5shot_seed3409 step 580/2000: loss=0.1704
adapter_5shot_seed3409 step 600/2000: loss=0.1244
adapter_5shot_seed3409 step 620/2000: loss=0.1981
adapter_5shot_seed3409 step 640/2000: loss=0.2336
adapter_5shot_seed3409 step 660/2000: loss=0.3161
adapter_5shot_seed3409 step 680/2000: loss=0.4810
adapter_5shot_seed3409 step 700/2000: loss=0.1731
adapter_5shot_seed3409 step 720/2000: loss=0.1220
adapter_5shot_seed3409 step 740/2000: loss=0.2452
adapter_5shot_seed3409 step 760/2000: loss=0.1208
adapter_5shot_seed3409 step 780/2000: loss=0.3222
adapter_5shot_seed3409 step 800/2000: loss=0.1847
adapter_5shot_seed3409 step 820/2000: loss=0.1870
adapter_5shot_seed3409 step 840/2000: loss=0.2988
adapter_5shot_seed3409 step 860/2000: loss=0.2581
adapter_5shot_seed3409 step 880/2000: loss=0.1413
adapter_5shot_seed3409 step 900/2000: loss=0.2860
adapter_5shot_seed3409 step 920/2000: loss=0.2292
adapter_5shot_seed3409 step 940/2000: loss=0.2102
adapter_5shot_seed3409 step 960/2000: loss=0.0498
adapter_5shot_seed3409 step 980/2000: loss=0.1854
adapter_5shot_seed3409 step 1000/2000: loss=0.3374
adapter_5shot_seed3409 step 1020/2000: loss=0.2278
adapter_5shot_seed3409 step 1040/2000: loss=0.1987
adapter_5shot_seed3409 step 1060/2000: loss=0.3889
adapter_5shot_seed3409 step 1080/2000: loss=0.2679
adapter_5shot_seed3409 step 1100/2000: loss=0.3599
adapter_5shot_seed3409 step 1120/2000: loss=0.2767
adapter_5shot_seed3409 step 1140/2000: loss=0.4711
adapter_5shot_seed3409 step 1160/2000: loss=0.1718
adapter_5shot_seed3409 step 1180/2000: loss=0.1713
adapter_5shot_seed3409 step 1200/2000: loss=0.1237
adapter_5shot_seed3409 step 1220/2000: loss=0.2529
adapter_5shot_seed3409 step 1240/2000: loss=0.0063
adapter_5shot_seed3409 step 1260/2000: loss=0.2611
adapter_5shot_seed3409 step 1280/2000: loss=0.0468
adapter_5shot_seed3409 step 1300/2000: loss=0.0077
adapter_5shot_seed3409 step 1320/2000: loss=0.6012
adapter_5shot_seed3409 step 1340/2000: loss=0.0903
adapter_5shot_seed3409 step 1360/2000: loss=0.0962
adapter_5shot_seed3409 step 1380/2000: loss=0.2149
adapter_5shot_seed3409 step 1400/2000: loss=0.2702
adapter_5shot_seed3409 step 1420/2000: loss=0.2749
adapter_5shot_seed3409 step 1440/2000: loss=0.1229
adapter_5shot_seed3409 step 1460/2000: loss=0.0664
adapter_5shot_seed3409 step 1480/2000: loss=0.0146
adapter_5shot_seed3409 step 1500/2000: loss=0.2744
adapter_5shot_seed3409 step 1520/2000: loss=0.2540
adapter_5shot_seed3409 step 1540/2000: loss=0.2222
adapter_5shot_seed3409 step 1560/2000: loss=0.1165
adapter_5shot_seed3409 step 1580/2000: loss=0.1804
adapter_5shot_seed3409 step 1600/2000: loss=0.1622
adapter_5shot_seed3409 step 1620/2000: loss=0.1681
adapter_5shot_seed3409 step 1640/2000: loss=0.1390
adapter_5shot_seed3409 step 1660/2000: loss=0.0858
adapter_5shot_seed3409 step 1680/2000: loss=0.3574
adapter_5shot_seed3409 step 1700/2000: loss=0.1942
adapter_5shot_seed3409 step 1720/2000: loss=0.2361
adapter_5shot_seed3409 step 1740/2000: loss=0.4676
adapter_5shot_seed3409 step 1760/2000: loss=0.1094
adapter_5shot_seed3409 step 1780/2000: loss=0.0047
adapter_5shot_seed3409 step 1800/2000: loss=0.1226
adapter_5shot_seed3409 step 1820/2000: loss=0.7106
adapter_5shot_seed3409 step 1840/2000: loss=0.1871
adapter_5shot_seed3409 step 1860/2000: loss=0.2174
adapter_5shot_seed3409 step 1880/2000: loss=0.1920
adapter_5shot_seed3409 step 1900/2000: loss=0.2721
adapter_5shot_seed3409 step 1920/2000: loss=0.1795
adapter_5shot_seed3409 step 1940/2000: loss=0.2883
adapter_5shot_seed3409 step 1960/2000: loss=0.0480
adapter_5shot_seed3409 step 1980/2000: loss=0.3655
adapter_5shot_seed3409 step 2000/2000: loss=0.0774
/root/miniconda3/lib/python3.12/site-packages/torch/nn/modules/conv.py:456: UserWarning: Plan failed with a cudnnException: CUDNN_BACKEND_EXECUTION_PLAN_DESCRIPTOR: cudnnFinalize Descriptor Failed cudnn_status: CUDNN_STATUS_NOT_SUPPORTED (Triggered internally at ../aten/src/ATen/native/cudnn/Conv_v8.cpp:919.)
  return F.conv2d(input, weight, bias, self.stride,
adapter_5shot_seed3409 evaluation 100/1599
adapter_5shot_seed3409 evaluation 200/1599
adapter_5shot_seed3409 evaluation 300/1599
adapter_5shot_seed3409 evaluation 400/1599
adapter_5shot_seed3409 evaluation 500/1599
adapter_5shot_seed3409 evaluation 600/1599
adapter_5shot_seed3409 evaluation 700/1599
adapter_5shot_seed3409 evaluation 800/1599
adapter_5shot_seed3409 evaluation 900/1599
adapter_5shot_seed3409 evaluation 1000/1599
adapter_5shot_seed3409 evaluation 1100/1599
adapter_5shot_seed3409 evaluation 1200/1599
adapter_5shot_seed3409 evaluation 1300/1599
adapter_5shot_seed3409 evaluation 1400/1599
adapter_5shot_seed3409 evaluation 1500/1599
{"signature": "2c8acad3a20f2621d77376250381bd64d03417773c4efde07653c37157db98f4", "mode": "adapter", "shots_per_class": 5, "seed": 3409, "support_images": 35, "evaluation_images": 1599, "metrics": {"mIoU": 0.5363631151728993, "per_class_iou": {"background": 0.5352603155943119, "building": 0.6534367244975671, "road": 0.5434669519993863, "water": 0.6844631523232712, "barren": 0.43050642137060974, "forest": 0.35240477887941973, "agriculture": 0.5550034615457291}, "pixel_accuracy": 0.7067175124653804, "confusion": [[443928993, 37725608, 28817383, 26761558, 12222649, 20852416, 25294124], [10373194, 102959671, 480038, 166888, 226412, 838161, 1166995], [10138932, 650620, 59304054, 59799, 1895908, 1307278, 997299], [19835405, 123696, 402239, 153504942, 2115126, 1936745, 10266449], [11201448, 877789, 798344, 1586681, 40609477, 1176348, 11521544], [44045125, 597959, 1734004, 1631894, 1580441, 57753632, 8759163], [138173436, 1379367, 2535832, 5879149, 8517383, 21671195, 294543172]]}}
DONE adapter_2000 K=5 seed=3409

START adapter_2000 K=10 seed=3407
{
  "support_images": {
    "0": 0,
    "1": 7,
    "2": 14,
    "5": 35,
    "10": 70
  },
  "evaluation_images": 1599,
  "protocol_sha256": "8184bef3aae39e2b9f01cd79a90782318f436744d14c43f108c76f56fc527ec5"
}
adapter_10shot_seed3407 step 20/2000: loss=0.5521
adapter_10shot_seed3407 step 40/2000: loss=0.5570
adapter_10shot_seed3407 step 60/2000: loss=1.0940
adapter_10shot_seed3407 step 80/2000: loss=0.3058
adapter_10shot_seed3407 step 100/2000: loss=0.1562
adapter_10shot_seed3407 step 120/2000: loss=0.3214
adapter_10shot_seed3407 step 140/2000: loss=0.0812
adapter_10shot_seed3407 step 160/2000: loss=0.7547
adapter_10shot_seed3407 step 180/2000: loss=0.5867
adapter_10shot_seed3407 step 200/2000: loss=0.5188
adapter_10shot_seed3407 step 220/2000: loss=0.4487
adapter_10shot_seed3407 step 240/2000: loss=0.4963
adapter_10shot_seed3407 step 260/2000: loss=0.6769
adapter_10shot_seed3407 step 280/2000: loss=0.7962
adapter_10shot_seed3407 step 300/2000: loss=0.3354
adapter_10shot_seed3407 step 320/2000: loss=0.3588
adapter_10shot_seed3407 step 340/2000: loss=1.2690
adapter_10shot_seed3407 step 360/2000: loss=0.2739
adapter_10shot_seed3407 step 380/2000: loss=0.2351
adapter_10shot_seed3407 step 400/2000: loss=0.6162
adapter_10shot_seed3407 step 420/2000: loss=0.1824
adapter_10shot_seed3407 step 440/2000: loss=0.3218
adapter_10shot_seed3407 step 460/2000: loss=0.5047
adapter_10shot_seed3407 step 480/2000: loss=0.2780
adapter_10shot_seed3407 step 500/2000: loss=0.4725
adapter_10shot_seed3407 step 520/2000: loss=0.4124
adapter_10shot_seed3407 step 540/2000: loss=0.3055
adapter_10shot_seed3407 step 560/2000: loss=0.2789
adapter_10shot_seed3407 step 580/2000: loss=0.9181
adapter_10shot_seed3407 step 600/2000: loss=0.4725
adapter_10shot_seed3407 step 620/2000: loss=0.3131
adapter_10shot_seed3407 step 640/2000: loss=0.5498
adapter_10shot_seed3407 step 660/2000: loss=0.4245
adapter_10shot_seed3407 step 680/2000: loss=0.2466
adapter_10shot_seed3407 step 700/2000: loss=0.1409
adapter_10shot_seed3407 step 720/2000: loss=0.2200
adapter_10shot_seed3407 step 740/2000: loss=0.2596
adapter_10shot_seed3407 step 760/2000: loss=0.3224
adapter_10shot_seed3407 step 780/2000: loss=0.4092
adapter_10shot_seed3407 step 800/2000: loss=0.2163
adapter_10shot_seed3407 step 820/2000: loss=0.1727
adapter_10shot_seed3407 step 840/2000: loss=0.4263
adapter_10shot_seed3407 step 860/2000: loss=0.1188
adapter_10shot_seed3407 step 880/2000: loss=0.1604
adapter_10shot_seed3407 step 900/2000: loss=0.3752
adapter_10shot_seed3407 step 920/2000: loss=0.2286
adapter_10shot_seed3407 step 940/2000: loss=0.2887
adapter_10shot_seed3407 step 960/2000: loss=0.2850
adapter_10shot_seed3407 step 980/2000: loss=0.2272
adapter_10shot_seed3407 step 1000/2000: loss=0.9019
adapter_10shot_seed3407 step 1020/2000: loss=0.2748
adapter_10shot_seed3407 step 1040/2000: loss=0.2838
adapter_10shot_seed3407 step 1060/2000: loss=0.3078
adapter_10shot_seed3407 step 1080/2000: loss=0.4154
adapter_10shot_seed3407 step 1100/2000: loss=0.4135
adapter_10shot_seed3407 step 1120/2000: loss=0.3501
adapter_10shot_seed3407 step 1140/2000: loss=0.1866
adapter_10shot_seed3407 step 1160/2000: loss=0.5174
adapter_10shot_seed3407 step 1180/2000: loss=0.2693
adapter_10shot_seed3407 step 1200/2000: loss=0.3513
adapter_10shot_seed3407 step 1220/2000: loss=0.4294
adapter_10shot_seed3407 step 1240/2000: loss=0.3011
adapter_10shot_seed3407 step 1260/2000: loss=0.1175
adapter_10shot_seed3407 step 1280/2000: loss=0.1777
adapter_10shot_seed3407 step 1300/2000: loss=0.2223
adapter_10shot_seed3407 step 1320/2000: loss=0.4292
adapter_10shot_seed3407 step 1340/2000: loss=0.4082
adapter_10shot_seed3407 step 1360/2000: loss=0.0689
adapter_10shot_seed3407 step 1380/2000: loss=0.4095
adapter_10shot_seed3407 step 1400/2000: loss=0.1287
adapter_10shot_seed3407 step 1420/2000: loss=0.2233
adapter_10shot_seed3407 step 1440/2000: loss=0.2852
adapter_10shot_seed3407 step 1460/2000: loss=0.3849
adapter_10shot_seed3407 step 1480/2000: loss=0.1843
adapter_10shot_seed3407 step 1500/2000: loss=0.2292
adapter_10shot_seed3407 step 1520/2000: loss=0.2970
adapter_10shot_seed3407 step 1540/2000: loss=0.3446
adapter_10shot_seed3407 step 1560/2000: loss=0.2535
adapter_10shot_seed3407 step 1580/2000: loss=0.4725
adapter_10shot_seed3407 step 1600/2000: loss=0.2454
adapter_10shot_seed3407 step 1620/2000: loss=0.3035
adapter_10shot_seed3407 step 1640/2000: loss=0.3495
adapter_10shot_seed3407 step 1660/2000: loss=0.4256
adapter_10shot_seed3407 step 1680/2000: loss=0.3290
adapter_10shot_seed3407 step 1700/2000: loss=0.3520
adapter_10shot_seed3407 step 1720/2000: loss=0.0781
adapter_10shot_seed3407 step 1740/2000: loss=0.1751
adapter_10shot_seed3407 step 1760/2000: loss=0.1800
adapter_10shot_seed3407 step 1780/2000: loss=0.4229
adapter_10shot_seed3407 step 1800/2000: loss=0.1300
adapter_10shot_seed3407 step 1820/2000: loss=0.1730
adapter_10shot_seed3407 step 1840/2000: loss=0.1941
adapter_10shot_seed3407 step 1860/2000: loss=0.2122
adapter_10shot_seed3407 step 1880/2000: loss=0.3289
adapter_10shot_seed3407 step 1900/2000: loss=1.0018
adapter_10shot_seed3407 step 1920/2000: loss=0.3981
adapter_10shot_seed3407 step 1940/2000: loss=0.3669
adapter_10shot_seed3407 step 1960/2000: loss=0.3235
adapter_10shot_seed3407 step 1980/2000: loss=0.1967
adapter_10shot_seed3407 step 2000/2000: loss=0.4108
/root/miniconda3/lib/python3.12/site-packages/torch/nn/modules/conv.py:456: UserWarning: Plan failed with a cudnnException: CUDNN_BACKEND_EXECUTION_PLAN_DESCRIPTOR: cudnnFinalize Descriptor Failed cudnn_status: CUDNN_STATUS_NOT_SUPPORTED (Triggered internally at ../aten/src/ATen/native/cudnn/Conv_v8.cpp:919.)
  return F.conv2d(input, weight, bias, self.stride,
adapter_10shot_seed3407 evaluation 100/1599
adapter_10shot_seed3407 evaluation 200/1599
adapter_10shot_seed3407 evaluation 300/1599
adapter_10shot_seed3407 evaluation 400/1599
adapter_10shot_seed3407 evaluation 500/1599
adapter_10shot_seed3407 evaluation 600/1599
adapter_10shot_seed3407 evaluation 700/1599
adapter_10shot_seed3407 evaluation 800/1599
adapter_10shot_seed3407 evaluation 900/1599
adapter_10shot_seed3407 evaluation 1000/1599
adapter_10shot_seed3407 evaluation 1100/1599
adapter_10shot_seed3407 evaluation 1200/1599
adapter_10shot_seed3407 evaluation 1300/1599
adapter_10shot_seed3407 evaluation 1400/1599
adapter_10shot_seed3407 evaluation 1500/1599
{"signature": "1f5d98d9da86813536ef78f6ef36ec05088f66193b019f36e60685db09a3639f", "mode": "adapter", "shots_per_class": 10, "seed": 3407, "support_images": 70, "evaluation_images": 1599, "metrics": {"mIoU": 0.5591669425797385, "per_class_iou": {"background": 0.5440313932416238, "building": 0.6631698724729791, "road": 0.5627581350862064, "water": 0.6919094194289078, "barren": 0.44780237386485233, "forest": 0.4269928244832055, "agriculture": 0.5775045794803955}, "pixel_accuracy": 0.7218499522754241, "confusion": [[432901266, 34483872, 21642284, 31609101, 18080835, 25543459, 31341914], [11243205, 101765490, 496650, 218977, 373521, 570234, 1543282], [11502613, 566617, 57555781, 111841, 2081026, 1182497, 1353515], [14221013, 102969, 499604, 160691367, 3230367, 2092529, 7346753], [7106636, 727486, 1040957, 2399213, 48206312, 551221, 7739806], [30753047, 412232, 1269469, 1631547, 2870402, 68576952, 10588569], [125299221, 948591, 2971600, 8088077, 13243081, 14562302, 307586662]]}}
DONE adapter_2000 K=10 seed=3407

START adapter_2000 K=10 seed=3408
{
  "support_images": {
    "0": 0,
    "1": 7,
    "2": 14,
    "5": 35,
    "10": 70
  },
  "evaluation_images": 1599,
  "protocol_sha256": "8184bef3aae39e2b9f01cd79a90782318f436744d14c43f108c76f56fc527ec5"
}
adapter_10shot_seed3408 step 20/2000: loss=0.7916
adapter_10shot_seed3408 step 40/2000: loss=0.5042
adapter_10shot_seed3408 step 60/2000: loss=0.1273
adapter_10shot_seed3408 step 80/2000: loss=0.2950
adapter_10shot_seed3408 step 100/2000: loss=0.8480
adapter_10shot_seed3408 step 120/2000: loss=0.3871
adapter_10shot_seed3408 step 140/2000: loss=0.3610
adapter_10shot_seed3408 step 160/2000: loss=0.0073
adapter_10shot_seed3408 step 180/2000: loss=0.4812
adapter_10shot_seed3408 step 200/2000: loss=0.4545
adapter_10shot_seed3408 step 220/2000: loss=0.3924
adapter_10shot_seed3408 step 240/2000: loss=0.2776
adapter_10shot_seed3408 step 260/2000: loss=0.3945
adapter_10shot_seed3408 step 280/2000: loss=0.2036
adapter_10shot_seed3408 step 300/2000: loss=0.6613
adapter_10shot_seed3408 step 320/2000: loss=0.4581
adapter_10shot_seed3408 step 340/2000: loss=0.1565
adapter_10shot_seed3408 step 360/2000: loss=0.2077
adapter_10shot_seed3408 step 380/2000: loss=0.3351
adapter_10shot_seed3408 step 400/2000: loss=0.1277
adapter_10shot_seed3408 step 420/2000: loss=0.0123
adapter_10shot_seed3408 step 440/2000: loss=0.2700
adapter_10shot_seed3408 step 460/2000: loss=0.2971
adapter_10shot_seed3408 step 480/2000: loss=0.3271
adapter_10shot_seed3408 step 500/2000: loss=0.3134
adapter_10shot_seed3408 step 520/2000: loss=0.3674
adapter_10shot_seed3408 step 540/2000: loss=0.3923
adapter_10shot_seed3408 step 560/2000: loss=0.0917
adapter_10shot_seed3408 step 580/2000: loss=0.2976
adapter_10shot_seed3408 step 600/2000: loss=0.2419
adapter_10shot_seed3408 step 620/2000: loss=0.3365
adapter_10shot_seed3408 step 640/2000: loss=0.3490
adapter_10shot_seed3408 step 660/2000: loss=0.4182
adapter_10shot_seed3408 step 680/2000: loss=0.4161
adapter_10shot_seed3408 step 700/2000: loss=0.4041
adapter_10shot_seed3408 step 720/2000: loss=0.2238
adapter_10shot_seed3408 step 740/2000: loss=0.3160
adapter_10shot_seed3408 step 760/2000: loss=0.2242
adapter_10shot_seed3408 step 780/2000: loss=0.3651
adapter_10shot_seed3408 step 800/2000: loss=0.1371
adapter_10shot_seed3408 step 820/2000: loss=0.3189
adapter_10shot_seed3408 step 840/2000: loss=0.3658
adapter_10shot_seed3408 step 860/2000: loss=0.0175
adapter_10shot_seed3408 step 880/2000: loss=0.2232
adapter_10shot_seed3408 step 900/2000: loss=0.2718
adapter_10shot_seed3408 step 920/2000: loss=0.4149
adapter_10shot_seed3408 step 940/2000: loss=0.5762
adapter_10shot_seed3408 step 960/2000: loss=0.3063
adapter_10shot_seed3408 step 980/2000: loss=0.2822
adapter_10shot_seed3408 step 1000/2000: loss=0.2705
adapter_10shot_seed3408 step 1020/2000: loss=0.1007
adapter_10shot_seed3408 step 1040/2000: loss=0.2203
adapter_10shot_seed3408 step 1060/2000: loss=0.1676
adapter_10shot_seed3408 step 1080/2000: loss=0.2596
adapter_10shot_seed3408 step 1100/2000: loss=0.2632
adapter_10shot_seed3408 step 1120/2000: loss=0.2336
adapter_10shot_seed3408 step 1140/2000: loss=0.1406
adapter_10shot_seed3408 step 1160/2000: loss=0.0202
adapter_10shot_seed3408 step 1180/2000: loss=0.1103
adapter_10shot_seed3408 step 1200/2000: loss=0.3021
adapter_10shot_seed3408 step 1220/2000: loss=0.2703
adapter_10shot_seed3408 step 1240/2000: loss=0.1991
adapter_10shot_seed3408 step 1260/2000: loss=0.2312
adapter_10shot_seed3408 step 1280/2000: loss=0.2499
adapter_10shot_seed3408 step 1300/2000: loss=0.0850
adapter_10shot_seed3408 step 1320/2000: loss=0.3705
adapter_10shot_seed3408 step 1340/2000: loss=0.1382
adapter_10shot_seed3408 step 1360/2000: loss=0.4048
adapter_10shot_seed3408 step 1380/2000: loss=0.2726
adapter_10shot_seed3408 step 1400/2000: loss=0.2434
adapter_10shot_seed3408 step 1420/2000: loss=0.2968
adapter_10shot_seed3408 step 1440/2000: loss=0.3358
adapter_10shot_seed3408 step 1460/2000: loss=0.2675
adapter_10shot_seed3408 step 1480/2000: loss=0.1561
adapter_10shot_seed3408 step 1500/2000: loss=0.1985
adapter_10shot_seed3408 step 1520/2000: loss=0.4007
adapter_10shot_seed3408 step 1540/2000: loss=0.2505
adapter_10shot_seed3408 step 1560/2000: loss=0.1499
adapter_10shot_seed3408 step 1580/2000: loss=0.1923
adapter_10shot_seed3408 step 1600/2000: loss=0.5845
adapter_10shot_seed3408 step 1620/2000: loss=0.0583
adapter_10shot_seed3408 step 1640/2000: loss=0.4462
adapter_10shot_seed3408 step 1660/2000: loss=0.2146
adapter_10shot_seed3408 step 1680/2000: loss=0.4010
adapter_10shot_seed3408 step 1700/2000: loss=0.3868
adapter_10shot_seed3408 step 1720/2000: loss=0.2401
adapter_10shot_seed3408 step 1740/2000: loss=0.2622
adapter_10shot_seed3408 step 1760/2000: loss=0.1003
adapter_10shot_seed3408 step 1780/2000: loss=0.1849
adapter_10shot_seed3408 step 1800/2000: loss=0.1329
adapter_10shot_seed3408 step 1820/2000: loss=0.2808
adapter_10shot_seed3408 step 1840/2000: loss=0.3748
adapter_10shot_seed3408 step 1860/2000: loss=0.2032
adapter_10shot_seed3408 step 1880/2000: loss=0.5200
adapter_10shot_seed3408 step 1900/2000: loss=0.3938
adapter_10shot_seed3408 step 1920/2000: loss=0.2391
adapter_10shot_seed3408 step 1940/2000: loss=0.1136
adapter_10shot_seed3408 step 1960/2000: loss=0.0470
adapter_10shot_seed3408 step 1980/2000: loss=0.3322
adapter_10shot_seed3408 step 2000/2000: loss=0.2990
/root/miniconda3/lib/python3.12/site-packages/torch/nn/modules/conv.py:456: UserWarning: Plan failed with a cudnnException: CUDNN_BACKEND_EXECUTION_PLAN_DESCRIPTOR: cudnnFinalize Descriptor Failed cudnn_status: CUDNN_STATUS_NOT_SUPPORTED (Triggered internally at ../aten/src/ATen/native/cudnn/Conv_v8.cpp:919.)
  return F.conv2d(input, weight, bias, self.stride,
adapter_10shot_seed3408 evaluation 100/1599
adapter_10shot_seed3408 evaluation 200/1599
adapter_10shot_seed3408 evaluation 300/1599
adapter_10shot_seed3408 evaluation 400/1599
adapter_10shot_seed3408 evaluation 500/1599
adapter_10shot_seed3408 evaluation 600/1599
adapter_10shot_seed3408 evaluation 700/1599
adapter_10shot_seed3408 evaluation 800/1599
adapter_10shot_seed3408 evaluation 900/1599
adapter_10shot_seed3408 evaluation 1000/1599
adapter_10shot_seed3408 evaluation 1100/1599
adapter_10shot_seed3408 evaluation 1200/1599
adapter_10shot_seed3408 evaluation 1300/1599
adapter_10shot_seed3408 evaluation 1400/1599
adapter_10shot_seed3408 evaluation 1500/1599
{"signature": "e71498836ba0ff710829b8de60ec6bd314ac39357d62bb773968b74f159208a7", "mode": "adapter", "shots_per_class": 10, "seed": 3408, "support_images": 70, "evaluation_images": 1599, "metrics": {"mIoU": 0.5592384057503073, "per_class_iou": {"background": 0.5475085693901548, "building": 0.6647832176871233, "road": 0.5681278678899101, "water": 0.6946689030813588, "barren": 0.4428160244009211, "forest": 0.4226399038186095, "agriculture": 0.5741243539840736}, "pixel_accuracy": 0.7217899188943258, "confusion": [[437742370, 33382941, 21384763, 29912246, 17886212, 26927994, 28366205], [12029962, 101297447, 479918, 203886, 337785, 565550, 1296811], [11287994, 522614, 57751855, 72519, 2076477, 1253373, 1389058], [14986826, 102967, 492409, 159968694, 3538627, 2332435, 6762644], [7920022, 770791, 981579, 2240273, 48074358, 727378, 7057230], [31240215, 459253, 1117567, 1404104, 2843976, 70029075, 9008028], [126449179, 926736, 2842791, 8262858, 14110374, 17785475, 302322121]]}}
DONE adapter_2000 K=10 seed=3408

START adapter_2000 K=10 seed=3409
{
  "support_images": {
    "0": 0,
    "1": 7,
    "2": 14,
    "5": 35,
    "10": 70
  },
  "evaluation_images": 1599,
  "protocol_sha256": "8184bef3aae39e2b9f01cd79a90782318f436744d14c43f108c76f56fc527ec5"
}
adapter_10shot_seed3409 step 20/2000: loss=0.8822
adapter_10shot_seed3409 step 40/2000: loss=0.6067
adapter_10shot_seed3409 step 60/2000: loss=0.4399
adapter_10shot_seed3409 step 80/2000: loss=0.6457
adapter_10shot_seed3409 step 100/2000: loss=0.2052
adapter_10shot_seed3409 step 120/2000: loss=0.5969
adapter_10shot_seed3409 step 140/2000: loss=0.0705
adapter_10shot_seed3409 step 160/2000: loss=1.1095
adapter_10shot_seed3409 step 180/2000: loss=0.3893
adapter_10shot_seed3409 step 200/2000: loss=0.3437
adapter_10shot_seed3409 step 220/2000: loss=0.2608
adapter_10shot_seed3409 step 240/2000: loss=0.7965
adapter_10shot_seed3409 step 260/2000: loss=0.5098
adapter_10shot_seed3409 step 280/2000: loss=0.2609
adapter_10shot_seed3409 step 300/2000: loss=0.6293
adapter_10shot_seed3409 step 320/2000: loss=0.3599
adapter_10shot_seed3409 step 340/2000: loss=0.2377
adapter_10shot_seed3409 step 360/2000: loss=0.1574
adapter_10shot_seed3409 step 380/2000: loss=0.1317
adapter_10shot_seed3409 step 400/2000: loss=0.5776
adapter_10shot_seed3409 step 420/2000: loss=0.0753
adapter_10shot_seed3409 step 440/2000: loss=0.3384
adapter_10shot_seed3409 step 460/2000: loss=0.3287
adapter_10shot_seed3409 step 480/2000: loss=0.3872
adapter_10shot_seed3409 step 500/2000: loss=0.4783
adapter_10shot_seed3409 step 520/2000: loss=0.3373
adapter_10shot_seed3409 step 540/2000: loss=0.5134
adapter_10shot_seed3409 step 560/2000: loss=0.3966
adapter_10shot_seed3409 step 580/2000: loss=0.1721
adapter_10shot_seed3409 step 600/2000: loss=0.1132
adapter_10shot_seed3409 step 620/2000: loss=0.1659
adapter_10shot_seed3409 step 640/2000: loss=0.3148
adapter_10shot_seed3409 step 660/2000: loss=0.3449
adapter_10shot_seed3409 step 680/2000: loss=0.2435
adapter_10shot_seed3409 step 700/2000: loss=0.2910
adapter_10shot_seed3409 step 720/2000: loss=0.3832
adapter_10shot_seed3409 step 740/2000: loss=0.3670
adapter_10shot_seed3409 step 760/2000: loss=0.2320
adapter_10shot_seed3409 step 780/2000: loss=0.2851
adapter_10shot_seed3409 step 800/2000: loss=0.3270
adapter_10shot_seed3409 step 820/2000: loss=0.1658
adapter_10shot_seed3409 step 840/2000: loss=0.2970
adapter_10shot_seed3409 step 860/2000: loss=0.3969
adapter_10shot_seed3409 step 880/2000: loss=0.3104
adapter_10shot_seed3409 step 900/2000: loss=0.2462
adapter_10shot_seed3409 step 920/2000: loss=0.3195
adapter_10shot_seed3409 step 940/2000: loss=0.5468
adapter_10shot_seed3409 step 960/2000: loss=0.1150
adapter_10shot_seed3409 step 980/2000: loss=0.4951
adapter_10shot_seed3409 step 1000/2000: loss=0.1862
adapter_10shot_seed3409 step 1020/2000: loss=0.3139
adapter_10shot_seed3409 step 1040/2000: loss=0.2801
adapter_10shot_seed3409 step 1060/2000: loss=0.3114
adapter_10shot_seed3409 step 1080/2000: loss=0.4237
adapter_10shot_seed3409 step 1100/2000: loss=0.4977
adapter_10shot_seed3409 step 1120/2000: loss=0.4964
adapter_10shot_seed3409 step 1140/2000: loss=0.3023
adapter_10shot_seed3409 step 1160/2000: loss=0.0768
adapter_10shot_seed3409 step 1180/2000: loss=0.3234
adapter_10shot_seed3409 step 1200/2000: loss=0.0620
adapter_10shot_seed3409 step 1220/2000: loss=0.1070
adapter_10shot_seed3409 step 1240/2000: loss=0.1555
adapter_10shot_seed3409 step 1260/2000: loss=0.3351
adapter_10shot_seed3409 step 1280/2000: loss=0.3440
adapter_10shot_seed3409 step 1300/2000: loss=0.0957
adapter_10shot_seed3409 step 1320/2000: loss=0.5235
adapter_10shot_seed3409 step 1340/2000: loss=0.3568
adapter_10shot_seed3409 step 1360/2000: loss=0.0628
adapter_10shot_seed3409 step 1380/2000: loss=0.4463
adapter_10shot_seed3409 step 1400/2000: loss=0.3604
adapter_10shot_seed3409 step 1420/2000: loss=0.4529
adapter_10shot_seed3409 step 1440/2000: loss=0.1351
adapter_10shot_seed3409 step 1460/2000: loss=0.0373
adapter_10shot_seed3409 step 1480/2000: loss=0.2090
adapter_10shot_seed3409 step 1500/2000: loss=0.4082
adapter_10shot_seed3409 step 1520/2000: loss=0.4122
adapter_10shot_seed3409 step 1540/2000: loss=0.3488
adapter_10shot_seed3409 step 1560/2000: loss=0.2864
adapter_10shot_seed3409 step 1580/2000: loss=0.2775
adapter_10shot_seed3409 step 1600/2000: loss=0.4490
adapter_10shot_seed3409 step 1620/2000: loss=0.2706
adapter_10shot_seed3409 step 1640/2000: loss=0.2196
adapter_10shot_seed3409 step 1660/2000: loss=0.4566
adapter_10shot_seed3409 step 1680/2000: loss=0.2463
adapter_10shot_seed3409 step 1700/2000: loss=0.2980
adapter_10shot_seed3409 step 1720/2000: loss=0.3291
adapter_10shot_seed3409 step 1740/2000: loss=0.3134
adapter_10shot_seed3409 step 1760/2000: loss=0.1500
adapter_10shot_seed3409 step 1780/2000: loss=0.3482
adapter_10shot_seed3409 step 1800/2000: loss=0.3082
adapter_10shot_seed3409 step 1820/2000: loss=0.2413
adapter_10shot_seed3409 step 1840/2000: loss=0.2332
adapter_10shot_seed3409 step 1860/2000: loss=0.3122
adapter_10shot_seed3409 step 1880/2000: loss=0.3157
adapter_10shot_seed3409 step 1900/2000: loss=0.3803
adapter_10shot_seed3409 step 1920/2000: loss=0.2255
adapter_10shot_seed3409 step 1940/2000: loss=0.3670
adapter_10shot_seed3409 step 1960/2000: loss=0.2197
adapter_10shot_seed3409 step 1980/2000: loss=0.1781
adapter_10shot_seed3409 step 2000/2000: loss=0.2755
/root/miniconda3/lib/python3.12/site-packages/torch/nn/modules/conv.py:456: UserWarning: Plan failed with a cudnnException: CUDNN_BACKEND_EXECUTION_PLAN_DESCRIPTOR: cudnnFinalize Descriptor Failed cudnn_status: CUDNN_STATUS_NOT_SUPPORTED (Triggered internally at ../aten/src/ATen/native/cudnn/Conv_v8.cpp:919.)
  return F.conv2d(input, weight, bias, self.stride,
adapter_10shot_seed3409 evaluation 100/1599
adapter_10shot_seed3409 evaluation 200/1599
adapter_10shot_seed3409 evaluation 300/1599
adapter_10shot_seed3409 evaluation 400/1599
adapter_10shot_seed3409 evaluation 500/1599
adapter_10shot_seed3409 evaluation 600/1599
adapter_10shot_seed3409 evaluation 700/1599
adapter_10shot_seed3409 evaluation 800/1599
adapter_10shot_seed3409 evaluation 900/1599
adapter_10shot_seed3409 evaluation 1000/1599
adapter_10shot_seed3409 evaluation 1100/1599
adapter_10shot_seed3409 evaluation 1200/1599
adapter_10shot_seed3409 evaluation 1300/1599
adapter_10shot_seed3409 evaluation 1400/1599
adapter_10shot_seed3409 evaluation 1500/1599
{"signature": "0c86b9bd91db6e21116f69b8c2804fc8d6fb73fd41a4704a2e03b93633468d6d", "mode": "adapter", "shots_per_class": 10, "seed": 3409, "support_images": 70, "evaluation_images": 1599, "metrics": {"mIoU": 0.5580488852150544, "per_class_iou": {"background": 0.5431378565002875, "building": 0.6647111163068525, "road": 0.5624607890360914, "water": 0.6888749706729282, "barren": 0.44476886547682287, "forest": 0.42833727928713716, "agriculture": 0.5740513192252613}, "pixel_accuracy": 0.7206591863904748, "confusion": [[432992978, 33845507, 23028041, 32254902, 17593547, 25744600, 30143156], [11616692, 101619266, 523605, 215442, 344942, 545996, 1345416], [10739553, 553916, 58340783, 83402, 2025116, 1254324, 1356796], [14155788, 100878, 507527, 161463118, 3358847, 1905514, 6692930], [7515125, 767226, 1094636, 2500430, 47845046, 679111, 7370057], [30827079, 439176, 1182775, 1762179, 2720201, 68907097, 10263711], [126749437, 959276, 3033704, 9385724, 13758547, 14639355, 304173491]]}}
DONE adapter_2000 K=10 seed=3409

START semantic_head_200 K=1 seed=3407
{
  "support_images": {
    "0": 0,
    "1": 7,
    "2": 14,
    "5": 35,
    "10": 70
  },
  "evaluation_images": 1599,
  "protocol_sha256": "8184bef3aae39e2b9f01cd79a90782318f436744d14c43f108c76f56fc527ec5"
}
semantic-head_1shot_seed3407 step 20/200: loss=0.5068
semantic-head_1shot_seed3407 step 40/200: loss=0.3324
semantic-head_1shot_seed3407 step 60/200: loss=0.2560
semantic-head_1shot_seed3407 step 80/200: loss=0.1700
semantic-head_1shot_seed3407 step 100/200: loss=0.5559
semantic-head_1shot_seed3407 step 120/200: loss=2.9887
semantic-head_1shot_seed3407 step 140/200: loss=0.1302
semantic-head_1shot_seed3407 step 160/200: loss=0.8835
semantic-head_1shot_seed3407 step 180/200: loss=0.8977
semantic-head_1shot_seed3407 step 200/200: loss=1.6497
/root/miniconda3/lib/python3.12/site-packages/torch/nn/modules/conv.py:456: UserWarning: Plan failed with a cudnnException: CUDNN_BACKEND_EXECUTION_PLAN_DESCRIPTOR: cudnnFinalize Descriptor Failed cudnn_status: CUDNN_STATUS_NOT_SUPPORTED (Triggered internally at ../aten/src/ATen/native/cudnn/Conv_v8.cpp:919.)
  return F.conv2d(input, weight, bias, self.stride,
semantic-head_1shot_seed3407 evaluation 100/1599
semantic-head_1shot_seed3407 evaluation 200/1599
semantic-head_1shot_seed3407 evaluation 300/1599
semantic-head_1shot_seed3407 evaluation 400/1599
semantic-head_1shot_seed3407 evaluation 500/1599
semantic-head_1shot_seed3407 evaluation 600/1599
semantic-head_1shot_seed3407 evaluation 700/1599
semantic-head_1shot_seed3407 evaluation 800/1599
semantic-head_1shot_seed3407 evaluation 900/1599
semantic-head_1shot_seed3407 evaluation 1000/1599
semantic-head_1shot_seed3407 evaluation 1100/1599
semantic-head_1shot_seed3407 evaluation 1200/1599
semantic-head_1shot_seed3407 evaluation 1300/1599
semantic-head_1shot_seed3407 evaluation 1400/1599
semantic-head_1shot_seed3407 evaluation 1500/1599
{"signature": "d2ebb8439863d481b2de73f16649a4659ba018c5abe6f77224125718406dd32c", "mode": "semantic-head", "shots_per_class": 1, "seed": 3407, "support_images": 7, "evaluation_images": 1599, "metrics": {"mIoU": 0.5355953666421093, "per_class_iou": {"background": 0.5577863019482888, "building": 0.6578055527364324, "road": 0.5657946361691951, "water": 0.713907074001847, "barren": 0.3038881859655831, "forest": 0.3972453849983895, "agriculture": 0.5527404306750291}, "pixel_accuracy": 0.7175123384586007, "confusion": [[504319730, 26721790, 10806702, 19874204, 5117862, 14261835, 14500608], [15974407, 98247810, 238244, 168930, 190627, 693016, 698325], [20650079, 394594, 50155205, 69358, 1050888, 1587047, 446719], [25339797, 123233, 219214, 156551283, 867734, 1898928, 3184413], [33416931, 432804, 468968, 2413767, 24105473, 280711, 6652977], [50536836, 332667, 406578, 896418, 150799, 58603917, 5175003], [162624280, 5140471, 2152004, 7680761, 4173954, 12701979, 278226085]]}}
DONE semantic_head_200 K=1 seed=3407

START semantic_head_200 K=1 seed=3408
{
  "support_images": {
    "0": 0,
    "1": 7,
    "2": 14,
    "5": 35,
    "10": 70
  },
  "evaluation_images": 1599,
  "protocol_sha256": "8184bef3aae39e2b9f01cd79a90782318f436744d14c43f108c76f56fc527ec5"
}
semantic-head_1shot_seed3408 step 20/200: loss=0.2041
semantic-head_1shot_seed3408 step 40/200: loss=0.9703
semantic-head_1shot_seed3408 step 60/200: loss=0.2576
semantic-head_1shot_seed3408 step 80/200: loss=1.4317
semantic-head_1shot_seed3408 step 100/200: loss=1.2135
semantic-head_1shot_seed3408 step 120/200: loss=0.3809
semantic-head_1shot_seed3408 step 140/200: loss=2.4437
semantic-head_1shot_seed3408 step 160/200: loss=3.0366
semantic-head_1shot_seed3408 step 180/200: loss=0.3947
semantic-head_1shot_seed3408 step 200/200: loss=1.6334
/root/miniconda3/lib/python3.12/site-packages/torch/nn/modules/conv.py:456: UserWarning: Plan failed with a cudnnException: CUDNN_BACKEND_EXECUTION_PLAN_DESCRIPTOR: cudnnFinalize Descriptor Failed cudnn_status: CUDNN_STATUS_NOT_SUPPORTED (Triggered internally at ../aten/src/ATen/native/cudnn/Conv_v8.cpp:919.)
  return F.conv2d(input, weight, bias, self.stride,
semantic-head_1shot_seed3408 evaluation 100/1599
semantic-head_1shot_seed3408 evaluation 200/1599
semantic-head_1shot_seed3408 evaluation 300/1599
semantic-head_1shot_seed3408 evaluation 400/1599
semantic-head_1shot_seed3408 evaluation 500/1599
semantic-head_1shot_seed3408 evaluation 600/1599
semantic-head_1shot_seed3408 evaluation 700/1599
semantic-head_1shot_seed3408 evaluation 800/1599
semantic-head_1shot_seed3408 evaluation 900/1599
semantic-head_1shot_seed3408 evaluation 1000/1599
semantic-head_1shot_seed3408 evaluation 1100/1599
semantic-head_1shot_seed3408 evaluation 1200/1599
semantic-head_1shot_seed3408 evaluation 1300/1599
semantic-head_1shot_seed3408 evaluation 1400/1599
semantic-head_1shot_seed3408 evaluation 1500/1599
{"signature": "d81e7769205aa93641b99aec42d97598d3756ef3ada2da02b77e80e630ffe3af", "mode": "semantic-head", "shots_per_class": 1, "seed": 3408, "support_images": 7, "evaluation_images": 1599, "metrics": {"mIoU": 0.5352805025471535, "per_class_iou": {"background": 0.5576788928107809, "building": 0.6583238275757303, "road": 0.565903469100226, "water": 0.7135206959072578, "barren": 0.30231217504456737, "forest": 0.3971682097359214, "agriculture": 0.5520562476555911}, "pixel_accuracy": 0.717311964556282, "confusion": [[504707133, 26155504, 10915179, 20231661, 5029526, 14258943, 14304785], [16355008, 97865779, 241027, 170236, 188344, 695269, 695696], [20578493, 384671, 50237514, 70931, 1043118, 1594530, 444633], [25096261, 121257, 220482, 156857261, 852068, 1888740, 3148533], [33583480, 426280, 474207, 2468111, 23929139, 279309, 6611105], [50595954, 320821, 407781, 916897, 145581, 58579553, 5135631], [163201943, 5039134, 2161433, 7793177, 4123471, 12674047, 277706329]]}}
DONE semantic_head_200 K=1 seed=3408

START semantic_head_200 K=1 seed=3409
{
  "support_images": {
    "0": 0,
    "1": 7,
    "2": 14,
    "5": 35,
    "10": 70
  },
  "evaluation_images": 1599,
  "protocol_sha256": "8184bef3aae39e2b9f01cd79a90782318f436744d14c43f108c76f56fc527ec5"
}
semantic-head_1shot_seed3409 step 20/200: loss=0.3999
semantic-head_1shot_seed3409 step 40/200: loss=0.2631
semantic-head_1shot_seed3409 step 60/200: loss=0.2035
semantic-head_1shot_seed3409 step 80/200: loss=0.9016
semantic-head_1shot_seed3409 step 100/200: loss=0.1809
semantic-head_1shot_seed3409 step 120/200: loss=0.7676
semantic-head_1shot_seed3409 step 140/200: loss=3.1379
semantic-head_1shot_seed3409 step 160/200: loss=0.5776
semantic-head_1shot_seed3409 step 180/200: loss=0.6196
semantic-head_1shot_seed3409 step 200/200: loss=0.6069
/root/miniconda3/lib/python3.12/site-packages/torch/nn/modules/conv.py:456: UserWarning: Plan failed with a cudnnException: CUDNN_BACKEND_EXECUTION_PLAN_DESCRIPTOR: cudnnFinalize Descriptor Failed cudnn_status: CUDNN_STATUS_NOT_SUPPORTED (Triggered internally at ../aten/src/ATen/native/cudnn/Conv_v8.cpp:919.)
  return F.conv2d(input, weight, bias, self.stride,
semantic-head_1shot_seed3409 evaluation 100/1599
semantic-head_1shot_seed3409 evaluation 200/1599
semantic-head_1shot_seed3409 evaluation 300/1599
semantic-head_1shot_seed3409 evaluation 400/1599
semantic-head_1shot_seed3409 evaluation 500/1599
semantic-head_1shot_seed3409 evaluation 600/1599
semantic-head_1shot_seed3409 evaluation 700/1599
semantic-head_1shot_seed3409 evaluation 800/1599
semantic-head_1shot_seed3409 evaluation 900/1599
semantic-head_1shot_seed3409 evaluation 1000/1599
semantic-head_1shot_seed3409 evaluation 1100/1599
semantic-head_1shot_seed3409 evaluation 1200/1599
semantic-head_1shot_seed3409 evaluation 1300/1599
semantic-head_1shot_seed3409 evaluation 1400/1599
semantic-head_1shot_seed3409 evaluation 1500/1599
{"signature": "7df98a03177ebf50083abca7c8336d0ea8222ecaf252febb8866658c276b5c11", "mode": "semantic-head", "shots_per_class": 1, "seed": 3409, "support_images": 7, "evaluation_images": 1599, "metrics": {"mIoU": 0.5353258820631173, "per_class_iou": {"background": 0.5578398062196439, "building": 0.6583112762975448, "road": 0.5657976013331969, "water": 0.713937537585991, "barren": 0.30166606049615813, "forest": 0.3973480763900355, "agriculture": 0.5523808161192506}, "pixel_accuracy": 0.7174234263907865, "confusion": [[504994654, 26299939, 10804307, 19817052, 4998531, 14312848, 14375400], [16264130, 97958103, 237456, 168751, 187423, 695901, 699595], [20670610, 386400, 50149510, 69424, 1039827, 1591197, 446922], [25414708, 121512, 218833, 156495598, 850775, 1902623, 3180553], [33685695, 428039, 467808, 2403748, 23860249, 281084, 6645008], [50517103, 327175, 406655, 891099, 143930, 58629948, 5186308], [163113253, 5027680, 2146121, 7666010, 4102790, 12667248, 277976432]]}}
DONE semantic_head_200 K=1 seed=3409

START semantic_head_200 K=2 seed=3407
{
  "support_images": {
    "0": 0,
    "1": 7,
    "2": 14,
    "5": 35,
    "10": 70
  },
  "evaluation_images": 1599,
  "protocol_sha256": "8184bef3aae39e2b9f01cd79a90782318f436744d14c43f108c76f56fc527ec5"
}
semantic-head_2shot_seed3407 step 20/200: loss=2.0766
semantic-head_2shot_seed3407 step 40/200: loss=0.2842
semantic-head_2shot_seed3407 step 60/200: loss=0.4806
semantic-head_2shot_seed3407 step 80/200: loss=0.3898
semantic-head_2shot_seed3407 step 100/200: loss=0.4524
semantic-head_2shot_seed3407 step 120/200: loss=0.8091
semantic-head_2shot_seed3407 step 140/200: loss=1.6375
semantic-head_2shot_seed3407 step 160/200: loss=0.7396
semantic-head_2shot_seed3407 step 180/200: loss=0.6129
semantic-head_2shot_seed3407 step 200/200: loss=0.3628
/root/miniconda3/lib/python3.12/site-packages/torch/nn/modules/conv.py:456: UserWarning: Plan failed with a cudnnException: CUDNN_BACKEND_EXECUTION_PLAN_DESCRIPTOR: cudnnFinalize Descriptor Failed cudnn_status: CUDNN_STATUS_NOT_SUPPORTED (Triggered internally at ../aten/src/ATen/native/cudnn/Conv_v8.cpp:919.)
  return F.conv2d(input, weight, bias, self.stride,
semantic-head_2shot_seed3407 evaluation 100/1599
semantic-head_2shot_seed3407 evaluation 200/1599
semantic-head_2shot_seed3407 evaluation 300/1599
semantic-head_2shot_seed3407 evaluation 400/1599
semantic-head_2shot_seed3407 evaluation 500/1599
semantic-head_2shot_seed3407 evaluation 600/1599
semantic-head_2shot_seed3407 evaluation 700/1599
semantic-head_2shot_seed3407 evaluation 800/1599
semantic-head_2shot_seed3407 evaluation 900/1599
semantic-head_2shot_seed3407 evaluation 1000/1599
semantic-head_2shot_seed3407 evaluation 1100/1599
semantic-head_2shot_seed3407 evaluation 1200/1599
semantic-head_2shot_seed3407 evaluation 1300/1599
semantic-head_2shot_seed3407 evaluation 1400/1599
semantic-head_2shot_seed3407 evaluation 1500/1599
{"signature": "d8da097d9fc81ca9cc0539eeb7fa4c2ae24cf13fc84fa37e4cd61f80185eee27", "mode": "semantic-head", "shots_per_class": 2, "seed": 3407, "support_images": 14, "evaluation_images": 1599, "metrics": {"mIoU": 0.5352137397587455, "per_class_iou": {"background": 0.5574071526988357, "building": 0.6568380539801788, "road": 0.5659026340647234, "water": 0.7139280501448924, "barren": 0.30355265400202064, "forest": 0.39568244945713504, "agriculture": 0.5531851839634331}, "pixel_accuracy": 0.7174277208837005, "confusion": [[503833103, 27417168, 10964729, 19943730, 5118826, 13723011, 14602164], [15530295, 98704594, 244800, 169518, 190259, 668739, 703154], [20529380, 413931, 50271909, 69507, 1053422, 1562728, 453013], [25311692, 125787, 221169, 156619678, 865327, 1819089, 3221860], [33404877, 447605, 475107, 2416462, 24077180, 264425, 6685975], [51028418, 335597, 409003, 911257, 154018, 57920744, 5343181], [162479650, 5320897, 2166211, 7682322, 4164486, 12241678, 278644290]]}}
DONE semantic_head_200 K=2 seed=3407

START semantic_head_200 K=2 seed=3408
{
  "support_images": {
    "0": 0,
    "1": 7,
    "2": 14,
    "5": 35,
    "10": 70
  },
  "evaluation_images": 1599,
  "protocol_sha256": "8184bef3aae39e2b9f01cd79a90782318f436744d14c43f108c76f56fc527ec5"
}
semantic-head_2shot_seed3408 step 20/200: loss=2.5337
semantic-head_2shot_seed3408 step 40/200: loss=2.6080
semantic-head_2shot_seed3408 step 60/200: loss=0.7343
semantic-head_2shot_seed3408 step 80/200: loss=0.2171
semantic-head_2shot_seed3408 step 100/200: loss=1.6808
semantic-head_2shot_seed3408 step 120/200: loss=0.8687
semantic-head_2shot_seed3408 step 140/200: loss=0.3657
semantic-head_2shot_seed3408 step 160/200: loss=0.4258
semantic-head_2shot_seed3408 step 180/200: loss=0.9201
semantic-head_2shot_seed3408 step 200/200: loss=0.7152
/root/miniconda3/lib/python3.12/site-packages/torch/nn/modules/conv.py:456: UserWarning: Plan failed with a cudnnException: CUDNN_BACKEND_EXECUTION_PLAN_DESCRIPTOR: cudnnFinalize Descriptor Failed cudnn_status: CUDNN_STATUS_NOT_SUPPORTED (Triggered internally at ../aten/src/ATen/native/cudnn/Conv_v8.cpp:919.)
  return F.conv2d(input, weight, bias, self.stride,
semantic-head_2shot_seed3408 evaluation 100/1599
semantic-head_2shot_seed3408 evaluation 200/1599
semantic-head_2shot_seed3408 evaluation 300/1599
semantic-head_2shot_seed3408 evaluation 400/1599
semantic-head_2shot_seed3408 evaluation 500/1599
semantic-head_2shot_seed3408 evaluation 600/1599
semantic-head_2shot_seed3408 evaluation 700/1599
semantic-head_2shot_seed3408 evaluation 800/1599
semantic-head_2shot_seed3408 evaluation 900/1599
semantic-head_2shot_seed3408 evaluation 1000/1599
semantic-head_2shot_seed3408 evaluation 1100/1599
semantic-head_2shot_seed3408 evaluation 1200/1599
semantic-head_2shot_seed3408 evaluation 1300/1599
semantic-head_2shot_seed3408 evaluation 1400/1599
semantic-head_2shot_seed3408 evaluation 1500/1599
{"signature": "6eedfd36027cfb67a7e4a43a4535cdca42b118a89511f3bd133d97fb6ee8bb87", "mode": "semantic-head", "shots_per_class": 2, "seed": 3408, "support_images": 14, "evaluation_images": 1599, "metrics": {"mIoU": 0.5348615622050646, "per_class_iou": {"background": 0.5571843081957473, "building": 0.6567476100338201, "road": 0.5657165202796061, "water": 0.7140933466585838, "barren": 0.3018017885997522, "forest": 0.3960622034462729, "agriculture": 0.5524251582216708}, "pixel_accuracy": 0.7171570114772193, "confusion": [[504228717, 27570240, 10759584, 19751713, 5038956, 13836808, 14416713], [15461733, 98784963, 237413, 168738, 187681, 670530, 700301], [20694536, 416279, 50106664, 69019, 1044743, 1570927, 451722], [25509452, 125924, 217705, 156441291, 854859, 1836417, 3198954], [33631991, 452802, 464727, 2384862, 23889962, 267947, 6679340], [50941992, 345748, 402192, 896656, 150337, 58057592, 5307701], [163116139, 5293061, 2136525, 7621218, 4109581, 12302208, 278120802]]}}
DONE semantic_head_200 K=2 seed=3408

START semantic_head_200 K=2 seed=3409
{
  "support_images": {
    "0": 0,
    "1": 7,
    "2": 14,
    "5": 35,
    "10": 70
  },
  "evaluation_images": 1599,
  "protocol_sha256": "8184bef3aae39e2b9f01cd79a90782318f436744d14c43f108c76f56fc527ec5"
}
semantic-head_2shot_seed3409 step 20/200: loss=1.5434
semantic-head_2shot_seed3409 step 40/200: loss=1.4076
semantic-head_2shot_seed3409 step 60/200: loss=1.2594
semantic-head_2shot_seed3409 step 80/200: loss=2.1290
semantic-head_2shot_seed3409 step 100/200: loss=0.5654
semantic-head_2shot_seed3409 step 120/200: loss=0.4810
semantic-head_2shot_seed3409 step 140/200: loss=0.8883
semantic-head_2shot_seed3409 step 160/200: loss=0.3060
semantic-head_2shot_seed3409 step 180/200: loss=0.3512
semantic-head_2shot_seed3409 step 200/200: loss=1.7156
/root/miniconda3/lib/python3.12/site-packages/torch/nn/modules/conv.py:456: UserWarning: Plan failed with a cudnnException: CUDNN_BACKEND_EXECUTION_PLAN_DESCRIPTOR: cudnnFinalize Descriptor Failed cudnn_status: CUDNN_STATUS_NOT_SUPPORTED (Triggered internally at ../aten/src/ATen/native/cudnn/Conv_v8.cpp:919.)
  return F.conv2d(input, weight, bias, self.stride,
semantic-head_2shot_seed3409 evaluation 100/1599
semantic-head_2shot_seed3409 evaluation 200/1599
semantic-head_2shot_seed3409 evaluation 300/1599
semantic-head_2shot_seed3409 evaluation 400/1599
semantic-head_2shot_seed3409 evaluation 500/1599
semantic-head_2shot_seed3409 evaluation 600/1599
semantic-head_2shot_seed3409 evaluation 700/1599
semantic-head_2shot_seed3409 evaluation 800/1599
semantic-head_2shot_seed3409 evaluation 900/1599
semantic-head_2shot_seed3409 evaluation 1000/1599
semantic-head_2shot_seed3409 evaluation 1100/1599
semantic-head_2shot_seed3409 evaluation 1200/1599
semantic-head_2shot_seed3409 evaluation 1300/1599
semantic-head_2shot_seed3409 evaluation 1400/1599
semantic-head_2shot_seed3409 evaluation 1500/1599
{"signature": "8ff60a0cca0d7fa9f0386e103c47ef3f0682488e39a6dadbf37c0993d887310c", "mode": "semantic-head", "shots_per_class": 2, "seed": 3409, "support_images": 14, "evaluation_images": 1599, "metrics": {"mIoU": 0.5357533139315793, "per_class_iou": {"background": 0.5575401436803544, "building": 0.6566680354076131, "road": 0.5658903497725124, "water": 0.7137375786268122, "barren": 0.30576265889181115, "forest": 0.3959028870008457, "agriculture": 0.5547715441411065}, "pixel_accuracy": 0.7178443884790319, "confusion": [[502595977, 27763743, 10965677, 20197747, 5268582, 13789908, 15021097], [15303955, 98915450, 245407, 170217, 193483, 670319, 712528], [20491825, 421405, 50269476, 70506, 1068188, 1568956, 463534], [25025860, 126888, 221049, 156822687, 882858, 1834200, 3271060], [32981510, 451057, 475288, 2448335, 24332789, 266822, 6815830], [50884283, 339696, 405885, 918034, 163766, 58005063, 5385491], [161162373, 5318203, 2165342, 7730932, 4232135, 12280939, 279809610]]}}
DONE semantic_head_200 K=2 seed=3409

START semantic_head_200 K=5 seed=3407
{
  "support_images": {
    "0": 0,
    "1": 7,
    "2": 14,
    "5": 35,
    "10": 70
  },
  "evaluation_images": 1599,
  "protocol_sha256": "8184bef3aae39e2b9f01cd79a90782318f436744d14c43f108c76f56fc527ec5"
}
semantic-head_5shot_seed3407 step 20/200: loss=0.1733
semantic-head_5shot_seed3407 step 40/200: loss=2.7514
semantic-head_5shot_seed3407 step 60/200: loss=1.0938
semantic-head_5shot_seed3407 step 80/200: loss=0.5345
semantic-head_5shot_seed3407 step 100/200: loss=0.0381
semantic-head_5shot_seed3407 step 120/200: loss=0.8608
semantic-head_5shot_seed3407 step 140/200: loss=0.1630
semantic-head_5shot_seed3407 step 160/200: loss=1.4358
semantic-head_5shot_seed3407 step 180/200: loss=0.9662
semantic-head_5shot_seed3407 step 200/200: loss=0.8811
/root/miniconda3/lib/python3.12/site-packages/torch/nn/modules/conv.py:456: UserWarning: Plan failed with a cudnnException: CUDNN_BACKEND_EXECUTION_PLAN_DESCRIPTOR: cudnnFinalize Descriptor Failed cudnn_status: CUDNN_STATUS_NOT_SUPPORTED (Triggered internally at ../aten/src/ATen/native/cudnn/Conv_v8.cpp:919.)
  return F.conv2d(input, weight, bias, self.stride,
semantic-head_5shot_seed3407 evaluation 100/1599
semantic-head_5shot_seed3407 evaluation 200/1599
semantic-head_5shot_seed3407 evaluation 300/1599
semantic-head_5shot_seed3407 evaluation 400/1599
semantic-head_5shot_seed3407 evaluation 500/1599
semantic-head_5shot_seed3407 evaluation 600/1599
semantic-head_5shot_seed3407 evaluation 700/1599
semantic-head_5shot_seed3407 evaluation 800/1599
semantic-head_5shot_seed3407 evaluation 900/1599
semantic-head_5shot_seed3407 evaluation 1000/1599
semantic-head_5shot_seed3407 evaluation 1100/1599
semantic-head_5shot_seed3407 evaluation 1200/1599
semantic-head_5shot_seed3407 evaluation 1300/1599
semantic-head_5shot_seed3407 evaluation 1400/1599
semantic-head_5shot_seed3407 evaluation 1500/1599
{"signature": "6ed2dc6fdc519a43abcb12b3eee7eb5c7e6d8fc82f7f4b2bc49691e5671667cb", "mode": "semantic-head", "shots_per_class": 5, "seed": 3407, "support_images": 35, "evaluation_images": 1599, "metrics": {"mIoU": 0.5351472476525253, "per_class_iou": {"background": 0.5575880974017845, "building": 0.6574058827168294, "road": 0.5659404751743183, "water": 0.7136780139968184, "barren": 0.30254561028682436, "forest": 0.3952396776616849, "agriculture": 0.5536329763294175}, "pixel_accuracy": 0.7175795462916675, "confusion": [[503943950, 27009731, 11005911, 20306809, 5094358, 13559101, 14682871], [15800491, 98439262, 245582, 170828, 188555, 658017, 708624], [20505463, 406043, 50303751, 71339, 1052041, 1555894, 459359], [25000205, 124535, 222342, 156920338, 862641, 1798376, 3256165], [33368293, 443251, 476896, 2467947, 23976821, 262186, 6776237], [51148616, 331921, 411842, 927430, 153317, 57694161, 5434931], [162366718, 5212103, 2168770, 7746584, 4127726, 12036802, 279040831]]}}
DONE semantic_head_200 K=5 seed=3407

START semantic_head_200 K=5 seed=3408
{
  "support_images": {
    "0": 0,
    "1": 7,
    "2": 14,
    "5": 35,
    "10": 70
  },
  "evaluation_images": 1599,
  "protocol_sha256": "8184bef3aae39e2b9f01cd79a90782318f436744d14c43f108c76f56fc527ec5"
}
semantic-head_5shot_seed3408 step 20/200: loss=0.3769
semantic-head_5shot_seed3408 step 40/200: loss=0.5308
semantic-head_5shot_seed3408 step 60/200: loss=0.2976
semantic-head_5shot_seed3408 step 80/200: loss=0.4044
semantic-head_5shot_seed3408 step 100/200: loss=1.3478
semantic-head_5shot_seed3408 step 120/200: loss=0.2131
semantic-head_5shot_seed3408 step 140/200: loss=0.0101
semantic-head_5shot_seed3408 step 160/200: loss=0.4551
semantic-head_5shot_seed3408 step 180/200: loss=0.1468
semantic-head_5shot_seed3408 step 200/200: loss=0.3970
/root/miniconda3/lib/python3.12/site-packages/torch/nn/modules/conv.py:456: UserWarning: Plan failed with a cudnnException: CUDNN_BACKEND_EXECUTION_PLAN_DESCRIPTOR: cudnnFinalize Descriptor Failed cudnn_status: CUDNN_STATUS_NOT_SUPPORTED (Triggered internally at ../aten/src/ATen/native/cudnn/Conv_v8.cpp:919.)
  return F.conv2d(input, weight, bias, self.stride,
semantic-head_5shot_seed3408 evaluation 100/1599
semantic-head_5shot_seed3408 evaluation 200/1599
semantic-head_5shot_seed3408 evaluation 300/1599
semantic-head_5shot_seed3408 evaluation 400/1599
semantic-head_5shot_seed3408 evaluation 500/1599
semantic-head_5shot_seed3408 evaluation 600/1599
semantic-head_5shot_seed3408 evaluation 700/1599
semantic-head_5shot_seed3408 evaluation 800/1599
semantic-head_5shot_seed3408 evaluation 900/1599
semantic-head_5shot_seed3408 evaluation 1000/1599
semantic-head_5shot_seed3408 evaluation 1100/1599
semantic-head_5shot_seed3408 evaluation 1200/1599
semantic-head_5shot_seed3408 evaluation 1300/1599
semantic-head_5shot_seed3408 evaluation 1400/1599
semantic-head_5shot_seed3408 evaluation 1500/1599
{"signature": "7d79e00646574eb16c2c3424f734a990ff69c83c7adc85859fb7c2a67bfa8f66", "mode": "semantic-head", "shots_per_class": 5, "seed": 3408, "support_images": 35, "evaluation_images": 1599, "metrics": {"mIoU": 0.5352594179237482, "per_class_iou": {"background": 0.5581608722191245, "building": 0.6580350012813256, "road": 0.5659570564724101, "water": 0.7134405202113523, "barren": 0.30160594147213454, "forest": 0.3954842941648691, "agriculture": 0.5541322396450213}, "pixel_accuracy": 0.7178694625785788, "confusion": [[504329283, 26288057, 10957208, 20532870, 5038508, 13651560, 14805245], [16266791, 97966319, 243262, 171701, 186941, 663292, 713053], [20546048, 391205, 50278373, 72361, 1043316, 1559094, 463493], [24775486, 122199, 222382, 157124426, 853827, 1809038, 3277244], [33412629, 432606, 476997, 2501628, 23871891, 265013, 6810867], [50993246, 322518, 413113, 945992, 151340, 57806720, 5469289], [161958492, 5109120, 2170936, 7825640, 4103710, 12116702, 279414934]]}}
DONE semantic_head_200 K=5 seed=3408

START semantic_head_200 K=5 seed=3409
{
  "support_images": {
    "0": 0,
    "1": 7,
    "2": 14,
    "5": 35,
    "10": 70
  },
  "evaluation_images": 1599,
  "protocol_sha256": "8184bef3aae39e2b9f01cd79a90782318f436744d14c43f108c76f56fc527ec5"
}
semantic-head_5shot_seed3409 step 20/200: loss=0.0660
semantic-head_5shot_seed3409 step 40/200: loss=0.2258
semantic-head_5shot_seed3409 step 60/200: loss=0.0803
semantic-head_5shot_seed3409 step 80/200: loss=0.1994
semantic-head_5shot_seed3409 step 100/200: loss=0.3203
semantic-head_5shot_seed3409 step 120/200: loss=0.4950
semantic-head_5shot_seed3409 step 140/200: loss=2.0815
semantic-head_5shot_seed3409 step 160/200: loss=2.1121
semantic-head_5shot_seed3409 step 180/200: loss=1.3878
semantic-head_5shot_seed3409 step 200/200: loss=0.4926
/root/miniconda3/lib/python3.12/site-packages/torch/nn/modules/conv.py:456: UserWarning: Plan failed with a cudnnException: CUDNN_BACKEND_EXECUTION_PLAN_DESCRIPTOR: cudnnFinalize Descriptor Failed cudnn_status: CUDNN_STATUS_NOT_SUPPORTED (Triggered internally at ../aten/src/ATen/native/cudnn/Conv_v8.cpp:919.)
  return F.conv2d(input, weight, bias, self.stride,
semantic-head_5shot_seed3409 evaluation 100/1599
semantic-head_5shot_seed3409 evaluation 200/1599
semantic-head_5shot_seed3409 evaluation 300/1599
semantic-head_5shot_seed3409 evaluation 400/1599
semantic-head_5shot_seed3409 evaluation 500/1599
semantic-head_5shot_seed3409 evaluation 600/1599
semantic-head_5shot_seed3409 evaluation 700/1599
semantic-head_5shot_seed3409 evaluation 800/1599
semantic-head_5shot_seed3409 evaluation 900/1599
semantic-head_5shot_seed3409 evaluation 1000/1599
semantic-head_5shot_seed3409 evaluation 1100/1599
semantic-head_5shot_seed3409 evaluation 1200/1599
semantic-head_5shot_seed3409 evaluation 1300/1599
semantic-head_5shot_seed3409 evaluation 1400/1599
semantic-head_5shot_seed3409 evaluation 1500/1599
{"signature": "2da568a84ef7529fe6ae9edc7fa80d0b55bcc82d174eeb99a263014b702886e5", "mode": "semantic-head", "shots_per_class": 5, "seed": 3409, "support_images": 35, "evaluation_images": 1599, "metrics": {"mIoU": 0.5352239799754869, "per_class_iou": {"background": 0.5579469401882717, "building": 0.6582884958136186, "road": 0.5659751055166289, "water": 0.7133006929439849, "barren": 0.30152169659782413, "forest": 0.39546007635982267, "agriculture": 0.5540748524082577}, "pixel_accuracy": 0.7177937068406413, "confusion": [[504185084, 26268473, 11045028, 20658331, 5032259, 13648359, 14765197], [16282651, 97945773, 246747, 172072, 187065, 663139, 713912], [20490413, 389672, 50337295, 72815, 1044588, 1559720, 459387], [24697583, 121774, 223043, 157219446, 852733, 1804177, 3265846], [33436581, 430200, 479100, 2517101, 23861284, 263792, 6783573], [51020076, 321277, 414437, 950816, 150467, 57782776, 5462369], [162113390, 5045768, 2176817, 7855441, 4097466, 12073916, 279336736]]}}
DONE semantic_head_200 K=5 seed=3409

START semantic_head_200 K=10 seed=3407
{
  "support_images": {
    "0": 0,
    "1": 7,
    "2": 14,
    "5": 35,
    "10": 70
  },
  "evaluation_images": 1599,
  "protocol_sha256": "8184bef3aae39e2b9f01cd79a90782318f436744d14c43f108c76f56fc527ec5"
}
semantic-head_10shot_seed3407 step 20/200: loss=0.7123
semantic-head_10shot_seed3407 step 40/200: loss=0.7528
semantic-head_10shot_seed3407 step 60/200: loss=1.5658
semantic-head_10shot_seed3407 step 80/200: loss=0.1993
semantic-head_10shot_seed3407 step 100/200: loss=0.0979
semantic-head_10shot_seed3407 step 120/200: loss=0.4160
semantic-head_10shot_seed3407 step 140/200: loss=0.0706
semantic-head_10shot_seed3407 step 160/200: loss=1.1977
semantic-head_10shot_seed3407 step 180/200: loss=1.0038
semantic-head_10shot_seed3407 step 200/200: loss=0.4279
/root/miniconda3/lib/python3.12/site-packages/torch/nn/modules/conv.py:456: UserWarning: Plan failed with a cudnnException: CUDNN_BACKEND_EXECUTION_PLAN_DESCRIPTOR: cudnnFinalize Descriptor Failed cudnn_status: CUDNN_STATUS_NOT_SUPPORTED (Triggered internally at ../aten/src/ATen/native/cudnn/Conv_v8.cpp:919.)
  return F.conv2d(input, weight, bias, self.stride,
semantic-head_10shot_seed3407 evaluation 100/1599
semantic-head_10shot_seed3407 evaluation 200/1599
semantic-head_10shot_seed3407 evaluation 300/1599
semantic-head_10shot_seed3407 evaluation 400/1599
semantic-head_10shot_seed3407 evaluation 500/1599
semantic-head_10shot_seed3407 evaluation 600/1599
semantic-head_10shot_seed3407 evaluation 700/1599
semantic-head_10shot_seed3407 evaluation 800/1599
semantic-head_10shot_seed3407 evaluation 900/1599
semantic-head_10shot_seed3407 evaluation 1000/1599
semantic-head_10shot_seed3407 evaluation 1100/1599
semantic-head_10shot_seed3407 evaluation 1200/1599
semantic-head_10shot_seed3407 evaluation 1300/1599
semantic-head_10shot_seed3407 evaluation 1400/1599
semantic-head_10shot_seed3407 evaluation 1500/1599
{"signature": "92094104024f8430613da84a6f1dd352f7ec1e67a1d3faba7e36bbac783ffb93", "mode": "semantic-head", "shots_per_class": 10, "seed": 3407, "support_images": 70, "evaluation_images": 1599, "metrics": {"mIoU": 0.5357221552831151, "per_class_iou": {"background": 0.5582773800420487, "building": 0.6581114569638229, "road": 0.5658775236845955, "water": 0.7127742117440882, "barren": 0.3039214947798443, "forest": 0.39632437027012857, "agriculture": 0.5547686494972781}, "pixel_accuracy": 0.7180926167914679, "confusion": [[503331454, 26267151, 10916121, 21030532, 5165233, 13917466, 14974774], [16261161, 97951098, 243336, 173267, 190170, 675074, 717253], [20554000, 390211, 50239959, 74524, 1057928, 1569722, 467546], [24306560, 122160, 221541, 157539846, 868234, 1849241, 3277020], [33053496, 428867, 474411, 2593482, 24128260, 271305, 6821810], [50649425, 320494, 408730, 966978, 159265, 58120915, 5476411], [161152150, 5096398, 2164361, 8000108, 4177317, 12264838, 279844362]]}}
DONE semantic_head_200 K=10 seed=3407

START semantic_head_200 K=10 seed=3408
{
  "support_images": {
    "0": 0,
    "1": 7,
    "2": 14,
    "5": 35,
    "10": 70
  },
  "evaluation_images": 1599,
  "protocol_sha256": "8184bef3aae39e2b9f01cd79a90782318f436744d14c43f108c76f56fc527ec5"
}
semantic-head_10shot_seed3408 step 20/200: loss=0.8993
semantic-head_10shot_seed3408 step 40/200: loss=0.5470
semantic-head_10shot_seed3408 step 60/200: loss=0.0953
semantic-head_10shot_seed3408 step 80/200: loss=0.4612
semantic-head_10shot_seed3408 step 100/200: loss=1.2449
semantic-head_10shot_seed3408 step 120/200: loss=0.5310
semantic-head_10shot_seed3408 step 140/200: loss=0.3704
semantic-head_10shot_seed3408 step 160/200: loss=0.0222
semantic-head_10shot_seed3408 step 180/200: loss=0.5061
semantic-head_10shot_seed3408 step 200/200: loss=0.6403
/root/miniconda3/lib/python3.12/site-packages/torch/nn/modules/conv.py:456: UserWarning: Plan failed with a cudnnException: CUDNN_BACKEND_EXECUTION_PLAN_DESCRIPTOR: cudnnFinalize Descriptor Failed cudnn_status: CUDNN_STATUS_NOT_SUPPORTED (Triggered internally at ../aten/src/ATen/native/cudnn/Conv_v8.cpp:919.)
  return F.conv2d(input, weight, bias, self.stride,
semantic-head_10shot_seed3408 evaluation 100/1599
semantic-head_10shot_seed3408 evaluation 200/1599
semantic-head_10shot_seed3408 evaluation 300/1599
semantic-head_10shot_seed3408 evaluation 400/1599
semantic-head_10shot_seed3408 evaluation 500/1599
semantic-head_10shot_seed3408 evaluation 600/1599
semantic-head_10shot_seed3408 evaluation 700/1599
semantic-head_10shot_seed3408 evaluation 800/1599
semantic-head_10shot_seed3408 evaluation 900/1599
semantic-head_10shot_seed3408 evaluation 1000/1599
semantic-head_10shot_seed3408 evaluation 1100/1599
semantic-head_10shot_seed3408 evaluation 1200/1599
semantic-head_10shot_seed3408 evaluation 1300/1599
semantic-head_10shot_seed3408 evaluation 1400/1599
semantic-head_10shot_seed3408 evaluation 1500/1599
{"signature": "6af5eb71e2675d78180d9bd5b8a884b1f62d2927e4d8525e9257e4fc0027266d", "mode": "semantic-head", "shots_per_class": 10, "seed": 3408, "support_images": 70, "evaluation_images": 1599, "metrics": {"mIoU": 0.5354883088877185, "per_class_iou": {"background": 0.558020095326926, "building": 0.6580522003354076, "road": 0.5659619774392493, "water": 0.713004955564392, "barren": 0.30283462846559833, "forest": 0.3965754589019511, "agriculture": 0.5539688461805056}, "pixel_accuracy": 0.7178261650889837, "confusion": [[503593405, 26349541, 10982614, 20807970, 5095339, 14015370, 14758492], [16212210, 97999706, 245127, 172492, 188581, 680822, 712421], [20503500, 391034, 50298247, 73473, 1049225, 1572722, 465689], [24517446, 122118, 222967, 157356444, 860480, 1860894, 3244253], [33270773, 430291, 478623, 2555346, 24003682, 274086, 6758830], [50605339, 322058, 412755, 954544, 154758, 58241685, 5411079], [161752642, 5097508, 2176155, 7946314, 4143319, 12355434, 279228162]]}}
DONE semantic_head_200 K=10 seed=3408

START semantic_head_200 K=10 seed=3409
{
  "support_images": {
    "0": 0,
    "1": 7,
    "2": 14,
    "5": 35,
    "10": 70
  },
  "evaluation_images": 1599,
  "protocol_sha256": "8184bef3aae39e2b9f01cd79a90782318f436744d14c43f108c76f56fc527ec5"
}
semantic-head_10shot_seed3409 step 20/200: loss=1.0259
semantic-head_10shot_seed3409 step 40/200: loss=0.8762
semantic-head_10shot_seed3409 step 60/200: loss=0.7306
semantic-head_10shot_seed3409 step 80/200: loss=1.5403
semantic-head_10shot_seed3409 step 100/200: loss=0.2667
semantic-head_10shot_seed3409 step 120/200: loss=0.6488
semantic-head_10shot_seed3409 step 140/200: loss=0.1251
semantic-head_10shot_seed3409 step 160/200: loss=1.3614
semantic-head_10shot_seed3409 step 180/200: loss=0.5938
semantic-head_10shot_seed3409 step 200/200: loss=0.5194
/root/miniconda3/lib/python3.12/site-packages/torch/nn/modules/conv.py:456: UserWarning: Plan failed with a cudnnException: CUDNN_BACKEND_EXECUTION_PLAN_DESCRIPTOR: cudnnFinalize Descriptor Failed cudnn_status: CUDNN_STATUS_NOT_SUPPORTED (Triggered internally at ../aten/src/ATen/native/cudnn/Conv_v8.cpp:919.)
  return F.conv2d(input, weight, bias, self.stride,
semantic-head_10shot_seed3409 evaluation 100/1599
semantic-head_10shot_seed3409 evaluation 200/1599
semantic-head_10shot_seed3409 evaluation 300/1599
semantic-head_10shot_seed3409 evaluation 400/1599
semantic-head_10shot_seed3409 evaluation 500/1599
semantic-head_10shot_seed3409 evaluation 600/1599
semantic-head_10shot_seed3409 evaluation 700/1599
semantic-head_10shot_seed3409 evaluation 800/1599
semantic-head_10shot_seed3409 evaluation 900/1599
semantic-head_10shot_seed3409 evaluation 1000/1599
semantic-head_10shot_seed3409 evaluation 1100/1599
semantic-head_10shot_seed3409 evaluation 1200/1599
semantic-head_10shot_seed3409 evaluation 1300/1599
semantic-head_10shot_seed3409 evaluation 1400/1599
semantic-head_10shot_seed3409 evaluation 1500/1599
{"signature": "5a06f3d52529405e46cb1d65b541efa8b2f1ebdc6b3086205c84a7b57e4a4ea2", "mode": "semantic-head", "shots_per_class": 10, "seed": 3409, "support_images": 70, "evaluation_images": 1599, "metrics": {"mIoU": 0.5357349857196919, "per_class_iou": {"background": 0.5584259564521148, "building": 0.658295224490771, "road": 0.5659028523519405, "water": 0.7123306167120657, "barren": 0.30310845897269084, "forest": 0.39616913635424145, "agriculture": 0.5559126547040196}, "pixel_accuracy": 0.7183624260957793, "confusion": [[502819556, 26238545, 10889211, 21400331, 5121559, 13861135, 15272394], [16278808, 97929355, 242103, 174727, 188880, 671602, 725884], [20572026, 388466, 50226629, 76159, 1052154, 1563756, 474700], [24000354, 121921, 221376, 157850208, 858384, 1824341, 3308018], [32998420, 428943, 474447, 2653738, 24035292, 271043, 6909748], [50630720, 324091, 410662, 997729, 156356, 58031630, 5551030], [160339907, 5048737, 2163172, 8109546, 4147048, 12187861, 280703263]]}}
DONE semantic_head_200 K=10 seed=3409

START semantic_head_2000 K=1 seed=3407
{
  "support_images": {
    "0": 0,
    "1": 7,
    "2": 14,
    "5": 35,
    "10": 70
  },
  "evaluation_images": 1599,
  "protocol_sha256": "8184bef3aae39e2b9f01cd79a90782318f436744d14c43f108c76f56fc527ec5"
}
semantic-head_1shot_seed3407 step 20/2000: loss=0.5067
semantic-head_1shot_seed3407 step 40/2000: loss=0.3319
semantic-head_1shot_seed3407 step 60/2000: loss=0.2561
semantic-head_1shot_seed3407 step 80/2000: loss=0.1696
semantic-head_1shot_seed3407 step 100/2000: loss=0.5483
semantic-head_1shot_seed3407 step 120/2000: loss=2.9545
semantic-head_1shot_seed3407 step 140/2000: loss=0.1314
semantic-head_1shot_seed3407 step 160/2000: loss=0.8464
semantic-head_1shot_seed3407 step 180/2000: loss=0.8503
semantic-head_1shot_seed3407 step 200/2000: loss=1.6039
semantic-head_1shot_seed3407 step 220/2000: loss=1.0108
semantic-head_1shot_seed3407 step 240/2000: loss=1.2110
semantic-head_1shot_seed3407 step 260/2000: loss=0.6512
semantic-head_1shot_seed3407 step 280/2000: loss=0.9780
semantic-head_1shot_seed3407 step 300/2000: loss=0.6289
semantic-head_1shot_seed3407 step 320/2000: loss=1.3544
semantic-head_1shot_seed3407 step 340/2000: loss=0.2255
semantic-head_1shot_seed3407 step 360/2000: loss=0.3773
semantic-head_1shot_seed3407 step 380/2000: loss=0.6833
semantic-head_1shot_seed3407 step 400/2000: loss=0.1127
semantic-head_1shot_seed3407 step 420/2000: loss=0.3010
semantic-head_1shot_seed3407 step 440/2000: loss=0.3082
semantic-head_1shot_seed3407 step 460/2000: loss=0.7886
semantic-head_1shot_seed3407 step 480/2000: loss=2.7028
semantic-head_1shot_seed3407 step 500/2000: loss=0.4961
semantic-head_1shot_seed3407 step 520/2000: loss=2.3166
semantic-head_1shot_seed3407 step 540/2000: loss=0.3099
semantic-head_1shot_seed3407 step 560/2000: loss=0.2540
semantic-head_1shot_seed3407 step 580/2000: loss=0.6839
semantic-head_1shot_seed3407 step 600/2000: loss=0.3500
semantic-head_1shot_seed3407 step 620/2000: loss=0.0831
semantic-head_1shot_seed3407 step 640/2000: loss=0.8937
semantic-head_1shot_seed3407 step 660/2000: loss=0.8280
semantic-head_1shot_seed3407 step 680/2000: loss=0.2022
semantic-head_1shot_seed3407 step 700/2000: loss=0.6911
semantic-head_1shot_seed3407 step 720/2000: loss=0.2824
semantic-head_1shot_seed3407 step 740/2000: loss=0.2520
semantic-head_1shot_seed3407 step 760/2000: loss=2.4384
semantic-head_1shot_seed3407 step 780/2000: loss=0.4295
semantic-head_1shot_seed3407 step 800/2000: loss=0.0002
semantic-head_1shot_seed3407 step 820/2000: loss=0.2581
semantic-head_1shot_seed3407 step 840/2000: loss=0.5370
semantic-head_1shot_seed3407 step 860/2000: loss=0.5067
semantic-head_1shot_seed3407 step 880/2000: loss=0.8715
semantic-head_1shot_seed3407 step 900/2000: loss=0.3570
semantic-head_1shot_seed3407 step 920/2000: loss=0.3215
semantic-head_1shot_seed3407 step 940/2000: loss=0.6576
semantic-head_1shot_seed3407 step 960/2000: loss=2.3426
semantic-head_1shot_seed3407 step 980/2000: loss=2.4926
semantic-head_1shot_seed3407 step 1000/2000: loss=0.1378
semantic-head_1shot_seed3407 step 1020/2000: loss=0.4993
semantic-head_1shot_seed3407 step 1040/2000: loss=3.0371
semantic-head_1shot_seed3407 step 1060/2000: loss=0.4599
semantic-head_1shot_seed3407 step 1080/2000: loss=2.4365
semantic-head_1shot_seed3407 step 1100/2000: loss=0.8736
semantic-head_1shot_seed3407 step 1120/2000: loss=0.7247
semantic-head_1shot_seed3407 step 1140/2000: loss=2.5975
semantic-head_1shot_seed3407 step 1160/2000: loss=0.0001
semantic-head_1shot_seed3407 step 1180/2000: loss=0.8340
semantic-head_1shot_seed3407 step 1200/2000: loss=0.2410
semantic-head_1shot_seed3407 step 1220/2000: loss=0.5565
semantic-head_1shot_seed3407 step 1240/2000: loss=0.3625
semantic-head_1shot_seed3407 step 1260/2000: loss=1.0874
semantic-head_1shot_seed3407 step 1280/2000: loss=1.0246
semantic-head_1shot_seed3407 step 1300/2000: loss=0.1809
semantic-head_1shot_seed3407 step 1320/2000: loss=0.4975
semantic-head_1shot_seed3407 step 1340/2000: loss=0.6231
semantic-head_1shot_seed3407 step 1360/2000: loss=0.1476
semantic-head_1shot_seed3407 step 1380/2000: loss=0.3157
semantic-head_1shot_seed3407 step 1400/2000: loss=1.7827
semantic-head_1shot_seed3407 step 1420/2000: loss=2.4630
semantic-head_1shot_seed3407 step 1440/2000: loss=0.9013
semantic-head_1shot_seed3407 step 1460/2000: loss=0.2967
semantic-head_1shot_seed3407 step 1480/2000: loss=0.3494
semantic-head_1shot_seed3407 step 1500/2000: loss=0.6674
semantic-head_1shot_seed3407 step 1520/2000: loss=0.3066
semantic-head_1shot_seed3407 step 1540/2000: loss=0.5034
semantic-head_1shot_seed3407 step 1560/2000: loss=0.5783
semantic-head_1shot_seed3407 step 1580/2000: loss=2.3912
semantic-head_1shot_seed3407 step 1600/2000: loss=0.6841
semantic-head_1shot_seed3407 step 1620/2000: loss=1.8639
semantic-head_1shot_seed3407 step 1640/2000: loss=0.9329
semantic-head_1shot_seed3407 step 1660/2000: loss=0.1445
semantic-head_1shot_seed3407 step 1680/2000: loss=2.1760
semantic-head_1shot_seed3407 step 1700/2000: loss=0.3336
semantic-head_1shot_seed3407 step 1720/2000: loss=0.5836
semantic-head_1shot_seed3407 step 1740/2000: loss=1.3128
semantic-head_1shot_seed3407 step 1760/2000: loss=0.3269
semantic-head_1shot_seed3407 step 1780/2000: loss=0.7038
semantic-head_1shot_seed3407 step 1800/2000: loss=1.8702
semantic-head_1shot_seed3407 step 1820/2000: loss=0.3254
semantic-head_1shot_seed3407 step 1840/2000: loss=0.8506
semantic-head_1shot_seed3407 step 1860/2000: loss=0.0002
semantic-head_1shot_seed3407 step 1880/2000: loss=0.4533
semantic-head_1shot_seed3407 step 1900/2000: loss=0.1521
semantic-head_1shot_seed3407 step 1920/2000: loss=0.2375
semantic-head_1shot_seed3407 step 1940/2000: loss=0.4448
semantic-head_1shot_seed3407 step 1960/2000: loss=0.3346
semantic-head_1shot_seed3407 step 1980/2000: loss=0.3994
semantic-head_1shot_seed3407 step 2000/2000: loss=0.8451
/root/miniconda3/lib/python3.12/site-packages/torch/nn/modules/conv.py:456: UserWarning: Plan failed with a cudnnException: CUDNN_BACKEND_EXECUTION_PLAN_DESCRIPTOR: cudnnFinalize Descriptor Failed cudnn_status: CUDNN_STATUS_NOT_SUPPORTED (Triggered internally at ../aten/src/ATen/native/cudnn/Conv_v8.cpp:919.)
  return F.conv2d(input, weight, bias, self.stride,
semantic-head_1shot_seed3407 evaluation 100/1599
semantic-head_1shot_seed3407 evaluation 200/1599
semantic-head_1shot_seed3407 evaluation 300/1599
semantic-head_1shot_seed3407 evaluation 400/1599
semantic-head_1shot_seed3407 evaluation 500/1599
semantic-head_1shot_seed3407 evaluation 600/1599
semantic-head_1shot_seed3407 evaluation 700/1599
semantic-head_1shot_seed3407 evaluation 800/1599
semantic-head_1shot_seed3407 evaluation 900/1599
semantic-head_1shot_seed3407 evaluation 1000/1599
semantic-head_1shot_seed3407 evaluation 1100/1599
semantic-head_1shot_seed3407 evaluation 1200/1599
semantic-head_1shot_seed3407 evaluation 1300/1599
semantic-head_1shot_seed3407 evaluation 1400/1599
semantic-head_1shot_seed3407 evaluation 1500/1599
{"signature": "dc74387c51fd7af09d08162a33be9099705ccff68fd656b66d40296c419ed7a1", "mode": "semantic-head", "shots_per_class": 1, "seed": 3407, "support_images": 7, "evaluation_images": 1599, "metrics": {"mIoU": 0.5420249567184803, "per_class_iou": {"background": 0.5407971103480076, "building": 0.6509072299471551, "road": 0.5527145704164111, "water": 0.711785192684286, "barren": 0.3738181555633176, "forest": 0.3963831599959763, "agriculture": 0.5677692780742086}, "pixel_accuracy": 0.7128148217322666, "confusion": [[447821957, 34155227, 19574462, 22700537, 14738089, 35398484, 21213975], [10942856, 101907492, 507157, 171920, 452683, 1505500, 723751], [14612161, 498662, 54952381, 67345, 1736702, 1930052, 556587], [19538092, 137965, 348246, 158118928, 2088112, 3970902, 3982357], [19607720, 395024, 888519, 2505531, 36128413, 1043194, 7203230], [35375378, 395046, 688824, 860191, 724570, 73556297, 4501912], [132398632, 4768954, 3061613, 7654040, 9135239, 25618323, 290062733]]}}
DONE semantic_head_2000 K=1 seed=3407

START semantic_head_2000 K=1 seed=3408
{
  "support_images": {
    "0": 0,
    "1": 7,
    "2": 14,
    "5": 35,
    "10": 70
  },
  "evaluation_images": 1599,
  "protocol_sha256": "8184bef3aae39e2b9f01cd79a90782318f436744d14c43f108c76f56fc527ec5"
}
semantic-head_1shot_seed3408 step 20/2000: loss=0.2040
semantic-head_1shot_seed3408 step 40/2000: loss=0.9692
semantic-head_1shot_seed3408 step 60/2000: loss=0.2590
semantic-head_1shot_seed3408 step 80/2000: loss=1.4176
semantic-head_1shot_seed3408 step 100/2000: loss=1.1915
semantic-head_1shot_seed3408 step 120/2000: loss=0.3715
semantic-head_1shot_seed3408 step 140/2000: loss=2.3695
semantic-head_1shot_seed3408 step 160/2000: loss=2.9858
semantic-head_1shot_seed3408 step 180/2000: loss=0.3706
semantic-head_1shot_seed3408 step 200/2000: loss=1.5380
semantic-head_1shot_seed3408 step 220/2000: loss=0.1327
semantic-head_1shot_seed3408 step 240/2000: loss=0.7003
semantic-head_1shot_seed3408 step 260/2000: loss=0.4028
semantic-head_1shot_seed3408 step 280/2000: loss=0.1620
semantic-head_1shot_seed3408 step 300/2000: loss=2.3956
semantic-head_1shot_seed3408 step 320/2000: loss=1.9932
semantic-head_1shot_seed3408 step 340/2000: loss=0.3451
semantic-head_1shot_seed3408 step 360/2000: loss=0.4144
semantic-head_1shot_seed3408 step 380/2000: loss=0.3196
semantic-head_1shot_seed3408 step 400/2000: loss=0.1667
semantic-head_1shot_seed3408 step 420/2000: loss=0.4250
semantic-head_1shot_seed3408 step 440/2000: loss=0.4264
semantic-head_1shot_seed3408 step 460/2000: loss=0.4161
semantic-head_1shot_seed3408 step 480/2000: loss=0.7703
semantic-head_1shot_seed3408 step 500/2000: loss=0.4127
semantic-head_1shot_seed3408 step 520/2000: loss=0.3288
semantic-head_1shot_seed3408 step 540/2000: loss=0.4295
semantic-head_1shot_seed3408 step 560/2000: loss=0.1115
semantic-head_1shot_seed3408 step 580/2000: loss=0.8546
semantic-head_1shot_seed3408 step 600/2000: loss=0.2994
semantic-head_1shot_seed3408 step 620/2000: loss=0.4134
semantic-head_1shot_seed3408 step 640/2000: loss=5.5006
semantic-head_1shot_seed3408 step 660/2000: loss=0.2067
semantic-head_1shot_seed3408 step 680/2000: loss=0.0001
semantic-head_1shot_seed3408 step 700/2000: loss=2.9899
semantic-head_1shot_seed3408 step 720/2000: loss=0.9089
semantic-head_1shot_seed3408 step 740/2000: loss=2.2940
semantic-head_1shot_seed3408 step 760/2000: loss=0.3806
semantic-head_1shot_seed3408 step 780/2000: loss=0.3100
semantic-head_1shot_seed3408 step 800/2000: loss=3.4391
semantic-head_1shot_seed3408 step 820/2000: loss=0.6544
semantic-head_1shot_seed3408 step 840/2000: loss=0.7558
semantic-head_1shot_seed3408 step 860/2000: loss=2.3450
semantic-head_1shot_seed3408 step 880/2000: loss=0.1916
semantic-head_1shot_seed3408 step 900/2000: loss=2.6141
semantic-head_1shot_seed3408 step 920/2000: loss=0.2488
semantic-head_1shot_seed3408 step 940/2000: loss=0.7080
semantic-head_1shot_seed3408 step 960/2000: loss=2.0786
semantic-head_1shot_seed3408 step 980/2000: loss=0.8778
semantic-head_1shot_seed3408 step 1000/2000: loss=4.5357
semantic-head_1shot_seed3408 step 1020/2000: loss=0.5417
semantic-head_1shot_seed3408 step 1040/2000: loss=0.3289
semantic-head_1shot_seed3408 step 1060/2000: loss=1.7450
semantic-head_1shot_seed3408 step 1080/2000: loss=1.2940
semantic-head_1shot_seed3408 step 1100/2000: loss=1.8768
semantic-head_1shot_seed3408 step 1120/2000: loss=0.6844
semantic-head_1shot_seed3408 step 1140/2000: loss=0.3951
semantic-head_1shot_seed3408 step 1160/2000: loss=0.7818
semantic-head_1shot_seed3408 step 1180/2000: loss=0.5666
semantic-head_1shot_seed3408 step 1200/2000: loss=2.2041
semantic-head_1shot_seed3408 step 1220/2000: loss=0.9202
semantic-head_1shot_seed3408 step 1240/2000: loss=1.2545
semantic-head_1shot_seed3408 step 1260/2000: loss=1.6066
semantic-head_1shot_seed3408 step 1280/2000: loss=0.0496
semantic-head_1shot_seed3408 step 1300/2000: loss=2.0758
semantic-head_1shot_seed3408 step 1320/2000: loss=0.7570
semantic-head_1shot_seed3408 step 1340/2000: loss=0.2875
semantic-head_1shot_seed3408 step 1360/2000: loss=0.0145
semantic-head_1shot_seed3408 step 1380/2000: loss=1.5607
semantic-head_1shot_seed3408 step 1400/2000: loss=0.6527
semantic-head_1shot_seed3408 step 1420/2000: loss=1.9012
semantic-head_1shot_seed3408 step 1440/2000: loss=2.4098
semantic-head_1shot_seed3408 step 1460/2000: loss=1.4855
semantic-head_1shot_seed3408 step 1480/2000: loss=0.3839
semantic-head_1shot_seed3408 step 1500/2000: loss=0.2804
semantic-head_1shot_seed3408 step 1520/2000: loss=0.3370
semantic-head_1shot_seed3408 step 1540/2000: loss=3.1995
semantic-head_1shot_seed3408 step 1560/2000: loss=1.4824
semantic-head_1shot_seed3408 step 1580/2000: loss=0.0790
semantic-head_1shot_seed3408 step 1600/2000: loss=1.4739
semantic-head_1shot_seed3408 step 1620/2000: loss=0.5048
semantic-head_1shot_seed3408 step 1640/2000: loss=0.7565
semantic-head_1shot_seed3408 step 1660/2000: loss=0.4531
semantic-head_1shot_seed3408 step 1680/2000: loss=1.6003
semantic-head_1shot_seed3408 step 1700/2000: loss=0.2730
semantic-head_1shot_seed3408 step 1720/2000: loss=0.3082
semantic-head_1shot_seed3408 step 1740/2000: loss=0.0595
semantic-head_1shot_seed3408 step 1760/2000: loss=2.6603
semantic-head_1shot_seed3408 step 1780/2000: loss=0.3497
semantic-head_1shot_seed3408 step 1800/2000: loss=0.9196
semantic-head_1shot_seed3408 step 1820/2000: loss=0.5272
semantic-head_1shot_seed3408 step 1840/2000: loss=0.3949
semantic-head_1shot_seed3408 step 1860/2000: loss=0.3592
semantic-head_1shot_seed3408 step 1880/2000: loss=1.6523
semantic-head_1shot_seed3408 step 1900/2000: loss=1.9637
semantic-head_1shot_seed3408 step 1920/2000: loss=0.4509
semantic-head_1shot_seed3408 step 1940/2000: loss=0.9670
semantic-head_1shot_seed3408 step 1960/2000: loss=0.3918
semantic-head_1shot_seed3408 step 1980/2000: loss=0.1187
semantic-head_1shot_seed3408 step 2000/2000: loss=2.5622
/root/miniconda3/lib/python3.12/site-packages/torch/nn/modules/conv.py:456: UserWarning: Plan failed with a cudnnException: CUDNN_BACKEND_EXECUTION_PLAN_DESCRIPTOR: cudnnFinalize Descriptor Failed cudnn_status: CUDNN_STATUS_NOT_SUPPORTED (Triggered internally at ../aten/src/ATen/native/cudnn/Conv_v8.cpp:919.)
  return F.conv2d(input, weight, bias, self.stride,
semantic-head_1shot_seed3408 evaluation 100/1599
semantic-head_1shot_seed3408 evaluation 200/1599
semantic-head_1shot_seed3408 evaluation 300/1599
semantic-head_1shot_seed3408 evaluation 400/1599
semantic-head_1shot_seed3408 evaluation 500/1599
semantic-head_1shot_seed3408 evaluation 600/1599
semantic-head_1shot_seed3408 evaluation 700/1599
semantic-head_1shot_seed3408 evaluation 800/1599
semantic-head_1shot_seed3408 evaluation 900/1599
semantic-head_1shot_seed3408 evaluation 1000/1599
semantic-head_1shot_seed3408 evaluation 1100/1599
semantic-head_1shot_seed3408 evaluation 1200/1599
semantic-head_1shot_seed3408 evaluation 1300/1599
semantic-head_1shot_seed3408 evaluation 1400/1599
semantic-head_1shot_seed3408 evaluation 1500/1599
{"signature": "00e32f17fde4e7bbe256febd06b9fa05d31ea0e9c1d772ddbea805fa526632ed", "mode": "semantic-head", "shots_per_class": 1, "seed": 3408, "support_images": 7, "evaluation_images": 1599, "metrics": {"mIoU": 0.5415131992829817, "per_class_iou": {"background": 0.5400217657120435, "building": 0.6521053657405207, "road": 0.5513355490556795, "water": 0.7091325004469695, "barren": 0.37501334469894443, "forest": 0.39590053782810675, "agriculture": 0.5670833314986079}, "pixel_accuracy": 0.7122402806310095, "confusion": [[446198949, 33495747, 20056562, 24075206, 15249553, 35549593, 20977121], [11191924, 101623079, 519305, 175538, 467605, 1518512, 715396], [14391051, 488259, 55150251, 73973, 1765860, 1936251, 548245], [18661059, 136269, 355411, 159046093, 2107583, 3994604, 3883583], [19101163, 382272, 919591, 2714779, 36588864, 1047859, 7017103], [35272758, 381634, 701915, 911029, 757013, 73624524, 4453345], [132040360, 4742894, 3123609, 8147490, 9447587, 25818187, 289379407]]}}
DONE semantic_head_2000 K=1 seed=3408

START semantic_head_2000 K=1 seed=3409
{
  "support_images": {
    "0": 0,
    "1": 7,
    "2": 14,
    "5": 35,
    "10": 70
  },
  "evaluation_images": 1599,
  "protocol_sha256": "8184bef3aae39e2b9f01cd79a90782318f436744d14c43f108c76f56fc527ec5"
}
semantic-head_1shot_seed3409 step 20/2000: loss=0.3996
semantic-head_1shot_seed3409 step 40/2000: loss=0.2623
semantic-head_1shot_seed3409 step 60/2000: loss=0.2039
semantic-head_1shot_seed3409 step 80/2000: loss=0.8925
semantic-head_1shot_seed3409 step 100/2000: loss=0.1820
semantic-head_1shot_seed3409 step 120/2000: loss=0.7441
semantic-head_1shot_seed3409 step 140/2000: loss=3.0998
semantic-head_1shot_seed3409 step 160/2000: loss=0.5437
semantic-head_1shot_seed3409 step 180/2000: loss=0.5809
semantic-head_1shot_seed3409 step 200/2000: loss=0.5504
semantic-head_1shot_seed3409 step 220/2000: loss=0.4850
semantic-head_1shot_seed3409 step 240/2000: loss=0.2577
semantic-head_1shot_seed3409 step 260/2000: loss=0.1904
semantic-head_1shot_seed3409 step 280/2000: loss=0.3521
semantic-head_1shot_seed3409 step 300/2000: loss=1.8763
semantic-head_1shot_seed3409 step 320/2000: loss=0.2762
semantic-head_1shot_seed3409 step 340/2000: loss=3.3424
semantic-head_1shot_seed3409 step 360/2000: loss=1.1521
semantic-head_1shot_seed3409 step 380/2000: loss=2.6414
semantic-head_1shot_seed3409 step 400/2000: loss=0.4847
semantic-head_1shot_seed3409 step 420/2000: loss=1.9535
semantic-head_1shot_seed3409 step 440/2000: loss=0.2845
semantic-head_1shot_seed3409 step 460/2000: loss=1.1016
semantic-head_1shot_seed3409 step 480/2000: loss=0.5738
semantic-head_1shot_seed3409 step 500/2000: loss=0.4204
semantic-head_1shot_seed3409 step 520/2000: loss=2.7208
semantic-head_1shot_seed3409 step 540/2000: loss=3.1770
semantic-head_1shot_seed3409 step 560/2000: loss=0.1535
semantic-head_1shot_seed3409 step 580/2000: loss=0.8569
semantic-head_1shot_seed3409 step 600/2000: loss=0.4242
semantic-head_1shot_seed3409 step 620/2000: loss=3.6165
semantic-head_1shot_seed3409 step 640/2000: loss=3.3439
semantic-head_1shot_seed3409 step 660/2000: loss=2.6782
semantic-head_1shot_seed3409 step 680/2000: loss=0.3251
semantic-head_1shot_seed3409 step 700/2000: loss=1.9656
semantic-head_1shot_seed3409 step 720/2000: loss=0.9255
semantic-head_1shot_seed3409 step 740/2000: loss=0.4714
semantic-head_1shot_seed3409 step 760/2000: loss=0.9799
semantic-head_1shot_seed3409 step 780/2000: loss=2.8136
semantic-head_1shot_seed3409 step 800/2000: loss=0.1857
semantic-head_1shot_seed3409 step 820/2000: loss=0.6015
semantic-head_1shot_seed3409 step 840/2000: loss=2.8136
semantic-head_1shot_seed3409 step 860/2000: loss=0.2660
semantic-head_1shot_seed3409 step 880/2000: loss=0.2943
semantic-head_1shot_seed3409 step 900/2000: loss=0.6371
semantic-head_1shot_seed3409 step 920/2000: loss=0.4034
semantic-head_1shot_seed3409 step 940/2000: loss=0.5296
semantic-head_1shot_seed3409 step 960/2000: loss=0.0001
semantic-head_1shot_seed3409 step 980/2000: loss=0.3321
semantic-head_1shot_seed3409 step 1000/2000: loss=0.3212
semantic-head_1shot_seed3409 step 1020/2000: loss=2.4936
semantic-head_1shot_seed3409 step 1040/2000: loss=4.9064
semantic-head_1shot_seed3409 step 1060/2000: loss=0.1709
semantic-head_1shot_seed3409 step 1080/2000: loss=1.4836
semantic-head_1shot_seed3409 step 1100/2000: loss=1.9043
semantic-head_1shot_seed3409 step 1120/2000: loss=2.6657
semantic-head_1shot_seed3409 step 1140/2000: loss=0.3800
semantic-head_1shot_seed3409 step 1160/2000: loss=0.5980
semantic-head_1shot_seed3409 step 1180/2000: loss=0.4882
semantic-head_1shot_seed3409 step 1200/2000: loss=0.4959
semantic-head_1shot_seed3409 step 1220/2000: loss=0.1177
semantic-head_1shot_seed3409 step 1240/2000: loss=0.4432
semantic-head_1shot_seed3409 step 1260/2000: loss=1.2351
semantic-head_1shot_seed3409 step 1280/2000: loss=0.2019
semantic-head_1shot_seed3409 step 1300/2000: loss=0.0002
semantic-head_1shot_seed3409 step 1320/2000: loss=0.2382
semantic-head_1shot_seed3409 step 1340/2000: loss=3.7763
semantic-head_1shot_seed3409 step 1360/2000: loss=1.2012
semantic-head_1shot_seed3409 step 1380/2000: loss=0.7929
semantic-head_1shot_seed3409 step 1400/2000: loss=1.7967
semantic-head_1shot_seed3409 step 1420/2000: loss=1.5979
semantic-head_1shot_seed3409 step 1440/2000: loss=0.4903
semantic-head_1shot_seed3409 step 1460/2000: loss=0.7708
semantic-head_1shot_seed3409 step 1480/2000: loss=0.3398
semantic-head_1shot_seed3409 step 1500/2000: loss=1.1577
semantic-head_1shot_seed3409 step 1520/2000: loss=2.0057
semantic-head_1shot_seed3409 step 1540/2000: loss=0.7558
semantic-head_1shot_seed3409 step 1560/2000: loss=0.8080
semantic-head_1shot_seed3409 step 1580/2000: loss=0.4199
semantic-head_1shot_seed3409 step 1600/2000: loss=1.9537
semantic-head_1shot_seed3409 step 1620/2000: loss=1.4930
semantic-head_1shot_seed3409 step 1640/2000: loss=1.7883
semantic-head_1shot_seed3409 step 1660/2000: loss=0.1877
semantic-head_1shot_seed3409 step 1680/2000: loss=1.1192
semantic-head_1shot_seed3409 step 1700/2000: loss=1.8759
semantic-head_1shot_seed3409 step 1720/2000: loss=0.9624
semantic-head_1shot_seed3409 step 1740/2000: loss=0.3737
semantic-head_1shot_seed3409 step 1760/2000: loss=2.7087
semantic-head_1shot_seed3409 step 1780/2000: loss=0.4329
semantic-head_1shot_seed3409 step 1800/2000: loss=0.2813
semantic-head_1shot_seed3409 step 1820/2000: loss=0.4439
semantic-head_1shot_seed3409 step 1840/2000: loss=0.7705
semantic-head_1shot_seed3409 step 1860/2000: loss=0.4788
semantic-head_1shot_seed3409 step 1880/2000: loss=0.3275
semantic-head_1shot_seed3409 step 1900/2000: loss=0.9648
semantic-head_1shot_seed3409 step 1920/2000: loss=2.5269
semantic-head_1shot_seed3409 step 1940/2000: loss=0.2154
semantic-head_1shot_seed3409 step 1960/2000: loss=0.7682
semantic-head_1shot_seed3409 step 1980/2000: loss=0.5624
semantic-head_1shot_seed3409 step 2000/2000: loss=0.2193
/root/miniconda3/lib/python3.12/site-packages/torch/nn/modules/conv.py:456: UserWarning: Plan failed with a cudnnException: CUDNN_BACKEND_EXECUTION_PLAN_DESCRIPTOR: cudnnFinalize Descriptor Failed cudnn_status: CUDNN_STATUS_NOT_SUPPORTED (Triggered internally at ../aten/src/ATen/native/cudnn/Conv_v8.cpp:919.)
  return F.conv2d(input, weight, bias, self.stride,
semantic-head_1shot_seed3409 evaluation 100/1599
semantic-head_1shot_seed3409 evaluation 200/1599
semantic-head_1shot_seed3409 evaluation 300/1599
semantic-head_1shot_seed3409 evaluation 400/1599
semantic-head_1shot_seed3409 evaluation 500/1599
semantic-head_1shot_seed3409 evaluation 600/1599
semantic-head_1shot_seed3409 evaluation 700/1599
semantic-head_1shot_seed3409 evaluation 800/1599
semantic-head_1shot_seed3409 evaluation 900/1599
semantic-head_1shot_seed3409 evaluation 1000/1599
semantic-head_1shot_seed3409 evaluation 1100/1599
semantic-head_1shot_seed3409 evaluation 1200/1599
semantic-head_1shot_seed3409 evaluation 1300/1599
semantic-head_1shot_seed3409 evaluation 1400/1599
semantic-head_1shot_seed3409 evaluation 1500/1599
{"signature": "4fa9483e1ddc6966d0074f527320199a3facf584df17e09e579925aa1e3578a3", "mode": "semantic-head", "shots_per_class": 1, "seed": 3409, "support_images": 7, "evaluation_images": 1599, "metrics": {"mIoU": 0.5429287466577798, "per_class_iou": {"background": 0.5422240229856272, "building": 0.6528163614182994, "road": 0.5528734119208824, "water": 0.7124082923227137, "barren": 0.3748872203745103, "forest": 0.39686499293476035, "agriculture": 0.5684269246476656}, "pixel_accuracy": 0.7135528950880367, "confusion": [[449198065, 33252565, 19524572, 22058030, 15467779, 34660754, 21440966], [11332700, 101511901, 509997, 170268, 473617, 1483209, 729667], [14599666, 482080, 54935011, 65558, 1781569, 1929806, 560200], [19894344, 135367, 348144, 157643359, 2186866, 3959661, 4016861], [19191830, 376309, 883335, 2425223, 36713092, 1008761, 7173081], [35713540, 384254, 681037, 821091, 769409, 73193690, 4539197], [132101492, 4656468, 3061754, 7557547, 9480160, 25285287, 290556826]]}}
DONE semantic_head_2000 K=1 seed=3409

START semantic_head_2000 K=2 seed=3407
{
  "support_images": {
    "0": 0,
    "1": 7,
    "2": 14,
    "5": 35,
    "10": 70
  },
  "evaluation_images": 1599,
  "protocol_sha256": "8184bef3aae39e2b9f01cd79a90782318f436744d14c43f108c76f56fc527ec5"
}
semantic-head_2shot_seed3407 step 20/2000: loss=2.0759
semantic-head_2shot_seed3407 step 40/2000: loss=0.2848
semantic-head_2shot_seed3407 step 60/2000: loss=0.4801
semantic-head_2shot_seed3407 step 80/2000: loss=0.3888
semantic-head_2shot_seed3407 step 100/2000: loss=0.4518
semantic-head_2shot_seed3407 step 120/2000: loss=0.7924
semantic-head_2shot_seed3407 step 140/2000: loss=1.5785
semantic-head_2shot_seed3407 step 160/2000: loss=0.7111
semantic-head_2shot_seed3407 step 180/2000: loss=0.5892
semantic-head_2shot_seed3407 step 200/2000: loss=0.3293
semantic-head_2shot_seed3407 step 220/2000: loss=0.8736
semantic-head_2shot_seed3407 step 240/2000: loss=0.5473
semantic-head_2shot_seed3407 step 260/2000: loss=3.2077
semantic-head_2shot_seed3407 step 280/2000: loss=2.7968
semantic-head_2shot_seed3407 step 300/2000: loss=3.0312
semantic-head_2shot_seed3407 step 320/2000: loss=1.1029
semantic-head_2shot_seed3407 step 340/2000: loss=0.7319
semantic-head_2shot_seed3407 step 360/2000: loss=0.3715
semantic-head_2shot_seed3407 step 380/2000: loss=2.4814
semantic-head_2shot_seed3407 step 400/2000: loss=0.7283
semantic-head_2shot_seed3407 step 420/2000: loss=0.6093
semantic-head_2shot_seed3407 step 440/2000: loss=0.5988
semantic-head_2shot_seed3407 step 460/2000: loss=3.1472
semantic-head_2shot_seed3407 step 480/2000: loss=0.6585
semantic-head_2shot_seed3407 step 500/2000: loss=0.6404
semantic-head_2shot_seed3407 step 520/2000: loss=0.2955
semantic-head_2shot_seed3407 step 540/2000: loss=1.3706
semantic-head_2shot_seed3407 step 560/2000: loss=0.7884
semantic-head_2shot_seed3407 step 580/2000: loss=2.7183
semantic-head_2shot_seed3407 step 600/2000: loss=0.4128
semantic-head_2shot_seed3407 step 620/2000: loss=0.5750
semantic-head_2shot_seed3407 step 640/2000: loss=0.9334
semantic-head_2shot_seed3407 step 660/2000: loss=1.6065
semantic-head_2shot_seed3407 step 680/2000: loss=0.6282
semantic-head_2shot_seed3407 step 700/2000: loss=0.9232
semantic-head_2shot_seed3407 step 720/2000: loss=2.1182
semantic-head_2shot_seed3407 step 740/2000: loss=0.4105
semantic-head_2shot_seed3407 step 760/2000: loss=0.7324
semantic-head_2shot_seed3407 step 780/2000: loss=0.5933
semantic-head_2shot_seed3407 step 800/2000: loss=0.3574
semantic-head_2shot_seed3407 step 820/2000: loss=0.3337
semantic-head_2shot_seed3407 step 840/2000: loss=1.5855
semantic-head_2shot_seed3407 step 860/2000: loss=1.1477
semantic-head_2shot_seed3407 step 880/2000: loss=0.8085
semantic-head_2shot_seed3407 step 900/2000: loss=1.1286
semantic-head_2shot_seed3407 step 920/2000: loss=0.9007
semantic-head_2shot_seed3407 step 940/2000: loss=1.0920
semantic-head_2shot_seed3407 step 960/2000: loss=0.5431
semantic-head_2shot_seed3407 step 980/2000: loss=0.0002
semantic-head_2shot_seed3407 step 1000/2000: loss=0.8577
semantic-head_2shot_seed3407 step 1020/2000: loss=2.6624
semantic-head_2shot_seed3407 step 1040/2000: loss=0.8227
semantic-head_2shot_seed3407 step 1060/2000: loss=0.2592
semantic-head_2shot_seed3407 step 1080/2000: loss=0.6646
semantic-head_2shot_seed3407 step 1100/2000: loss=0.2431
semantic-head_2shot_seed3407 step 1120/2000: loss=0.7246
semantic-head_2shot_seed3407 step 1140/2000: loss=0.1345
semantic-head_2shot_seed3407 step 1160/2000: loss=0.6645
semantic-head_2shot_seed3407 step 1180/2000: loss=2.6301
semantic-head_2shot_seed3407 step 1200/2000: loss=0.3024
semantic-head_2shot_seed3407 step 1220/2000: loss=0.4462
semantic-head_2shot_seed3407 step 1240/2000: loss=0.6902
semantic-head_2shot_seed3407 step 1260/2000: loss=0.2841
semantic-head_2shot_seed3407 step 1280/2000: loss=2.5110
semantic-head_2shot_seed3407 step 1300/2000: loss=0.5342
semantic-head_2shot_seed3407 step 1320/2000: loss=3.6580
semantic-head_2shot_seed3407 step 1340/2000: loss=1.0178
semantic-head_2shot_seed3407 step 1360/2000: loss=0.3575
semantic-head_2shot_seed3407 step 1380/2000: loss=0.4248
semantic-head_2shot_seed3407 step 1400/2000: loss=0.2115
semantic-head_2shot_seed3407 step 1420/2000: loss=0.4224
semantic-head_2shot_seed3407 step 1440/2000: loss=0.5702
semantic-head_2shot_seed3407 step 1460/2000: loss=0.3763
semantic-head_2shot_seed3407 step 1480/2000: loss=0.4412
semantic-head_2shot_seed3407 step 1500/2000: loss=1.5295
semantic-head_2shot_seed3407 step 1520/2000: loss=1.1044
semantic-head_2shot_seed3407 step 1540/2000: loss=1.6175
semantic-head_2shot_seed3407 step 1560/2000: loss=0.5104
semantic-head_2shot_seed3407 step 1580/2000: loss=0.6708
semantic-head_2shot_seed3407 step 1600/2000: loss=0.4796
semantic-head_2shot_seed3407 step 1620/2000: loss=0.2459
semantic-head_2shot_seed3407 step 1640/2000: loss=0.6764
semantic-head_2shot_seed3407 step 1660/2000: loss=0.4475
semantic-head_2shot_seed3407 step 1680/2000: loss=0.3656
semantic-head_2shot_seed3407 step 1700/2000: loss=0.6795
semantic-head_2shot_seed3407 step 1720/2000: loss=0.3556
semantic-head_2shot_seed3407 step 1740/2000: loss=0.2006
semantic-head_2shot_seed3407 step 1760/2000: loss=0.6285
semantic-head_2shot_seed3407 step 1780/2000: loss=1.0732
semantic-head_2shot_seed3407 step 1800/2000: loss=0.3123
semantic-head_2shot_seed3407 step 1820/2000: loss=0.5407
semantic-head_2shot_seed3407 step 1840/2000: loss=0.2105
semantic-head_2shot_seed3407 step 1860/2000: loss=0.6978
semantic-head_2shot_seed3407 step 1880/2000: loss=2.4340
semantic-head_2shot_seed3407 step 1900/2000: loss=0.7009
semantic-head_2shot_seed3407 step 1920/2000: loss=0.1914
semantic-head_2shot_seed3407 step 1940/2000: loss=0.3208
semantic-head_2shot_seed3407 step 1960/2000: loss=0.9510
semantic-head_2shot_seed3407 step 1980/2000: loss=0.2209
semantic-head_2shot_seed3407 step 2000/2000: loss=0.1891
/root/miniconda3/lib/python3.12/site-packages/torch/nn/modules/conv.py:456: UserWarning: Plan failed with a cudnnException: CUDNN_BACKEND_EXECUTION_PLAN_DESCRIPTOR: cudnnFinalize Descriptor Failed cudnn_status: CUDNN_STATUS_NOT_SUPPORTED (Triggered internally at ../aten/src/ATen/native/cudnn/Conv_v8.cpp:919.)
  return F.conv2d(input, weight, bias, self.stride,
semantic-head_2shot_seed3407 evaluation 100/1599
semantic-head_2shot_seed3407 evaluation 200/1599
semantic-head_2shot_seed3407 evaluation 300/1599
semantic-head_2shot_seed3407 evaluation 400/1599
semantic-head_2shot_seed3407 evaluation 500/1599
semantic-head_2shot_seed3407 evaluation 600/1599
semantic-head_2shot_seed3407 evaluation 700/1599
semantic-head_2shot_seed3407 evaluation 800/1599
semantic-head_2shot_seed3407 evaluation 900/1599
semantic-head_2shot_seed3407 evaluation 1000/1599
semantic-head_2shot_seed3407 evaluation 1100/1599
semantic-head_2shot_seed3407 evaluation 1200/1599
semantic-head_2shot_seed3407 evaluation 1300/1599
semantic-head_2shot_seed3407 evaluation 1400/1599
semantic-head_2shot_seed3407 evaluation 1500/1599
{"signature": "333605532766b484fa4718f93868d2baf83b3b14359eac02a626ee2e5afc4f98", "mode": "semantic-head", "shots_per_class": 2, "seed": 3407, "support_images": 14, "evaluation_images": 1599, "metrics": {"mIoU": 0.535227898536237, "per_class_iou": {"background": 0.5269425849861644, "building": 0.6013293143041311, "road": 0.5490453745598627, "water": 0.7136544613113323, "barren": 0.3708235699318245, "forest": 0.4064280422192882, "agriculture": 0.5783719424410564}, "pixel_accuracy": 0.7095346844882686, "confusion": [[432213843, 52610760, 21059646, 22134764, 16663813, 24955477, 25964428], [5830086, 107319820, 587260, 171908, 453450, 1035289, 813546], [13540366, 1011571, 55465132, 65429, 1852840, 1740372, 678180], [19984785, 194221, 349181, 157695776, 2362094, 2626365, 4972180], [18023927, 638387, 894012, 2280159, 36925110, 552347, 8457689], [39482770, 718200, 693527, 925678, 1007508, 66777927, 6496608], [127764816, 7086462, 3083519, 7206829, 9464616, 17292360, 300800932]]}}
DONE semantic_head_2000 K=2 seed=3407

START semantic_head_2000 K=2 seed=3408
{
  "support_images": {
    "0": 0,
    "1": 7,
    "2": 14,
    "5": 35,
    "10": 70
  },
  "evaluation_images": 1599,
  "protocol_sha256": "8184bef3aae39e2b9f01cd79a90782318f436744d14c43f108c76f56fc527ec5"
}
semantic-head_2shot_seed3408 step 20/2000: loss=2.5336
semantic-head_2shot_seed3408 step 40/2000: loss=2.6069
semantic-head_2shot_seed3408 step 60/2000: loss=0.7307
semantic-head_2shot_seed3408 step 80/2000: loss=0.2154
semantic-head_2shot_seed3408 step 100/2000: loss=1.6516
semantic-head_2shot_seed3408 step 120/2000: loss=0.8419
semantic-head_2shot_seed3408 step 140/2000: loss=0.3587
semantic-head_2shot_seed3408 step 160/2000: loss=0.4074
semantic-head_2shot_seed3408 step 180/2000: loss=0.8826
semantic-head_2shot_seed3408 step 200/2000: loss=0.6979
semantic-head_2shot_seed3408 step 220/2000: loss=0.5704
semantic-head_2shot_seed3408 step 240/2000: loss=2.2089
semantic-head_2shot_seed3408 step 260/2000: loss=0.0703
semantic-head_2shot_seed3408 step 280/2000: loss=0.3988
semantic-head_2shot_seed3408 step 300/2000: loss=0.3047
semantic-head_2shot_seed3408 step 320/2000: loss=0.8477
semantic-head_2shot_seed3408 step 340/2000: loss=1.3132
semantic-head_2shot_seed3408 step 360/2000: loss=0.2353
semantic-head_2shot_seed3408 step 380/2000: loss=0.3186
semantic-head_2shot_seed3408 step 400/2000: loss=0.7493
semantic-head_2shot_seed3408 step 420/2000: loss=0.3695
semantic-head_2shot_seed3408 step 440/2000: loss=0.3417
semantic-head_2shot_seed3408 step 460/2000: loss=0.3632
semantic-head_2shot_seed3408 step 480/2000: loss=0.7039
semantic-head_2shot_seed3408 step 500/2000: loss=0.5047
semantic-head_2shot_seed3408 step 520/2000: loss=0.2755
semantic-head_2shot_seed3408 step 540/2000: loss=0.1378
semantic-head_2shot_seed3408 step 560/2000: loss=0.3217
semantic-head_2shot_seed3408 step 580/2000: loss=0.0861
semantic-head_2shot_seed3408 step 600/2000: loss=0.4809
semantic-head_2shot_seed3408 step 620/2000: loss=1.0082
semantic-head_2shot_seed3408 step 640/2000: loss=0.0042
semantic-head_2shot_seed3408 step 660/2000: loss=0.8972
semantic-head_2shot_seed3408 step 680/2000: loss=1.1457
semantic-head_2shot_seed3408 step 700/2000: loss=0.2111
semantic-head_2shot_seed3408 step 720/2000: loss=0.5192
semantic-head_2shot_seed3408 step 740/2000: loss=0.2915
semantic-head_2shot_seed3408 step 760/2000: loss=0.6680
semantic-head_2shot_seed3408 step 780/2000: loss=0.7180
semantic-head_2shot_seed3408 step 800/2000: loss=0.2038
semantic-head_2shot_seed3408 step 820/2000: loss=0.9511
semantic-head_2shot_seed3408 step 840/2000: loss=2.2057
semantic-head_2shot_seed3408 step 860/2000: loss=0.1950
semantic-head_2shot_seed3408 step 880/2000: loss=0.6980
semantic-head_2shot_seed3408 step 900/2000: loss=0.5449
semantic-head_2shot_seed3408 step 920/2000: loss=0.2746
semantic-head_2shot_seed3408 step 940/2000: loss=0.7589
semantic-head_2shot_seed3408 step 960/2000: loss=0.2564
semantic-head_2shot_seed3408 step 980/2000: loss=0.9099
semantic-head_2shot_seed3408 step 1000/2000: loss=0.0664
semantic-head_2shot_seed3408 step 1020/2000: loss=1.0046
semantic-head_2shot_seed3408 step 1040/2000: loss=0.8817
semantic-head_2shot_seed3408 step 1060/2000: loss=0.4039
semantic-head_2shot_seed3408 step 1080/2000: loss=0.2154
semantic-head_2shot_seed3408 step 1100/2000: loss=0.2350
semantic-head_2shot_seed3408 step 1120/2000: loss=0.5687
semantic-head_2shot_seed3408 step 1140/2000: loss=0.5190
semantic-head_2shot_seed3408 step 1160/2000: loss=0.1722
semantic-head_2shot_seed3408 step 1180/2000: loss=1.5165
semantic-head_2shot_seed3408 step 1200/2000: loss=0.1970
semantic-head_2shot_seed3408 step 1220/2000: loss=0.4141
semantic-head_2shot_seed3408 step 1240/2000: loss=0.5262
semantic-head_2shot_seed3408 step 1260/2000: loss=0.3271
semantic-head_2shot_seed3408 step 1280/2000: loss=0.4928
semantic-head_2shot_seed3408 step 1300/2000: loss=0.3021
semantic-head_2shot_seed3408 step 1320/2000: loss=1.1163
semantic-head_2shot_seed3408 step 1340/2000: loss=0.8230
semantic-head_2shot_seed3408 step 1360/2000: loss=0.3515
semantic-head_2shot_seed3408 step 1380/2000: loss=0.1806
semantic-head_2shot_seed3408 step 1400/2000: loss=0.7025
semantic-head_2shot_seed3408 step 1420/2000: loss=0.4040
semantic-head_2shot_seed3408 step 1440/2000: loss=0.2419
semantic-head_2shot_seed3408 step 1460/2000: loss=0.5964
semantic-head_2shot_seed3408 step 1480/2000: loss=1.0009
semantic-head_2shot_seed3408 step 1500/2000: loss=0.7724
semantic-head_2shot_seed3408 step 1520/2000: loss=0.6554
semantic-head_2shot_seed3408 step 1540/2000: loss=0.9357
semantic-head_2shot_seed3408 step 1560/2000: loss=0.8208
semantic-head_2shot_seed3408 step 1580/2000: loss=0.2435
semantic-head_2shot_seed3408 step 1600/2000: loss=0.4768
semantic-head_2shot_seed3408 step 1620/2000: loss=0.5023
semantic-head_2shot_seed3408 step 1640/2000: loss=0.5604
semantic-head_2shot_seed3408 step 1660/2000: loss=0.6412
semantic-head_2shot_seed3408 step 1680/2000: loss=0.0744
semantic-head_2shot_seed3408 step 1700/2000: loss=0.8657
semantic-head_2shot_seed3408 step 1720/2000: loss=0.3809
semantic-head_2shot_seed3408 step 1740/2000: loss=0.7150
semantic-head_2shot_seed3408 step 1760/2000: loss=0.5705
semantic-head_2shot_seed3408 step 1780/2000: loss=0.8267
semantic-head_2shot_seed3408 step 1800/2000: loss=0.2006
semantic-head_2shot_seed3408 step 1820/2000: loss=2.1267
semantic-head_2shot_seed3408 step 1840/2000: loss=0.4601
semantic-head_2shot_seed3408 step 1860/2000: loss=1.1867
semantic-head_2shot_seed3408 step 1880/2000: loss=0.2269
semantic-head_2shot_seed3408 step 1900/2000: loss=0.1186
semantic-head_2shot_seed3408 step 1920/2000: loss=0.1841
semantic-head_2shot_seed3408 step 1940/2000: loss=0.4284
semantic-head_2shot_seed3408 step 1960/2000: loss=0.3429
semantic-head_2shot_seed3408 step 1980/2000: loss=0.7053
semantic-head_2shot_seed3408 step 2000/2000: loss=0.6211
/root/miniconda3/lib/python3.12/site-packages/torch/nn/modules/conv.py:456: UserWarning: Plan failed with a cudnnException: CUDNN_BACKEND_EXECUTION_PLAN_DESCRIPTOR: cudnnFinalize Descriptor Failed cudnn_status: CUDNN_STATUS_NOT_SUPPORTED (Triggered internally at ../aten/src/ATen/native/cudnn/Conv_v8.cpp:919.)
  return F.conv2d(input, weight, bias, self.stride,
semantic-head_2shot_seed3408 evaluation 100/1599
semantic-head_2shot_seed3408 evaluation 200/1599
semantic-head_2shot_seed3408 evaluation 300/1599
semantic-head_2shot_seed3408 evaluation 400/1599
semantic-head_2shot_seed3408 evaluation 500/1599
semantic-head_2shot_seed3408 evaluation 600/1599
semantic-head_2shot_seed3408 evaluation 700/1599
semantic-head_2shot_seed3408 evaluation 800/1599
semantic-head_2shot_seed3408 evaluation 900/1599
semantic-head_2shot_seed3408 evaluation 1000/1599
semantic-head_2shot_seed3408 evaluation 1100/1599
semantic-head_2shot_seed3408 evaluation 1200/1599
semantic-head_2shot_seed3408 evaluation 1300/1599
semantic-head_2shot_seed3408 evaluation 1400/1599
semantic-head_2shot_seed3408 evaluation 1500/1599
{"signature": "e628855677616d9740eab931f387a5bb1af6a800b13e6090fc9bff71b0e91de6", "mode": "semantic-head", "shots_per_class": 2, "seed": 3408, "support_images": 14, "evaluation_images": 1599, "metrics": {"mIoU": 0.5367681236591991, "per_class_iou": {"background": 0.5302478305135856, "building": 0.6105614355126094, "road": 0.5480655785726318, "water": 0.7143463575075917, "barren": 0.37139971274430383, "forest": 0.40643599280357473, "agriculture": 0.5763199579600967}, "pixel_accuracy": 0.7106383556779047, "confusion": [[436916011, 49432685, 21358848, 21490209, 16744657, 25050535, 24609786], [6481073, 106662066, 603756, 169792, 457259, 1037149, 800264], [13567870, 914292, 55575427, 62634, 1852453, 1727084, 654130], [20493687, 183556, 354587, 157182178, 2402001, 2712571, 4856022], [18210409, 595741, 910773, 2189391, 37068124, 560341, 8236852], [39542828, 678065, 711344, 876958, 1017961, 66964901, 6310161], [130085935, 6679361, 3109680, 7062782, 9560588, 17571349, 298629839]]}}
DONE semantic_head_2000 K=2 seed=3408

START semantic_head_2000 K=2 seed=3409
{
  "support_images": {
    "0": 0,
    "1": 7,
    "2": 14,
    "5": 35,
    "10": 70
  },
  "evaluation_images": 1599,
  "protocol_sha256": "8184bef3aae39e2b9f01cd79a90782318f436744d14c43f108c76f56fc527ec5"
}
semantic-head_2shot_seed3409 step 20/2000: loss=1.5429
semantic-head_2shot_seed3409 step 40/2000: loss=1.4007
semantic-head_2shot_seed3409 step 60/2000: loss=1.2534
semantic-head_2shot_seed3409 step 80/2000: loss=2.1187
semantic-head_2shot_seed3409 step 100/2000: loss=0.5535
semantic-head_2shot_seed3409 step 120/2000: loss=0.4728
semantic-head_2shot_seed3409 step 140/2000: loss=0.8381
semantic-head_2shot_seed3409 step 160/2000: loss=0.2974
semantic-head_2shot_seed3409 step 180/2000: loss=0.3377
semantic-head_2shot_seed3409 step 200/2000: loss=1.6560
semantic-head_2shot_seed3409 step 220/2000: loss=0.5823
semantic-head_2shot_seed3409 step 240/2000: loss=0.3855
semantic-head_2shot_seed3409 step 260/2000: loss=1.4145
semantic-head_2shot_seed3409 step 280/2000: loss=1.2608
semantic-head_2shot_seed3409 step 300/2000: loss=0.7061
semantic-head_2shot_seed3409 step 320/2000: loss=1.1462
semantic-head_2shot_seed3409 step 340/2000: loss=0.3692
semantic-head_2shot_seed3409 step 360/2000: loss=1.1266
semantic-head_2shot_seed3409 step 380/2000: loss=0.7366
semantic-head_2shot_seed3409 step 400/2000: loss=0.3821
semantic-head_2shot_seed3409 step 420/2000: loss=0.1294
semantic-head_2shot_seed3409 step 440/2000: loss=0.6999
semantic-head_2shot_seed3409 step 460/2000: loss=0.7221
semantic-head_2shot_seed3409 step 480/2000: loss=0.5455
semantic-head_2shot_seed3409 step 500/2000: loss=0.3660
semantic-head_2shot_seed3409 step 520/2000: loss=1.8628
semantic-head_2shot_seed3409 step 540/2000: loss=1.0882
semantic-head_2shot_seed3409 step 560/2000: loss=1.2155
semantic-head_2shot_seed3409 step 580/2000: loss=0.6542
semantic-head_2shot_seed3409 step 600/2000: loss=0.7829
semantic-head_2shot_seed3409 step 620/2000: loss=0.5918
semantic-head_2shot_seed3409 step 640/2000: loss=0.1196
semantic-head_2shot_seed3409 step 660/2000: loss=0.1227
semantic-head_2shot_seed3409 step 680/2000: loss=0.5590
semantic-head_2shot_seed3409 step 700/2000: loss=0.1981
semantic-head_2shot_seed3409 step 720/2000: loss=0.2253
semantic-head_2shot_seed3409 step 740/2000: loss=0.9702
semantic-head_2shot_seed3409 step 760/2000: loss=2.6464
semantic-head_2shot_seed3409 step 780/2000: loss=0.3142
semantic-head_2shot_seed3409 step 800/2000: loss=1.2380
semantic-head_2shot_seed3409 step 820/2000: loss=0.3796
semantic-head_2shot_seed3409 step 840/2000: loss=0.2720
semantic-head_2shot_seed3409 step 860/2000: loss=0.6054
semantic-head_2shot_seed3409 step 880/2000: loss=2.0974
semantic-head_2shot_seed3409 step 900/2000: loss=2.4516
semantic-head_2shot_seed3409 step 920/2000: loss=0.4606
semantic-head_2shot_seed3409 step 940/2000: loss=0.8694
semantic-head_2shot_seed3409 step 960/2000: loss=0.6623
semantic-head_2shot_seed3409 step 980/2000: loss=0.7186
semantic-head_2shot_seed3409 step 1000/2000: loss=0.2740
semantic-head_2shot_seed3409 step 1020/2000: loss=0.3352
semantic-head_2shot_seed3409 step 1040/2000: loss=0.0137
semantic-head_2shot_seed3409 step 1060/2000: loss=0.0336
semantic-head_2shot_seed3409 step 1080/2000: loss=0.3846
semantic-head_2shot_seed3409 step 1100/2000: loss=0.7223
semantic-head_2shot_seed3409 step 1120/2000: loss=0.1202
semantic-head_2shot_seed3409 step 1140/2000: loss=1.0546
semantic-head_2shot_seed3409 step 1160/2000: loss=0.7653
semantic-head_2shot_seed3409 step 1180/2000: loss=0.2450
semantic-head_2shot_seed3409 step 1200/2000: loss=0.4298
semantic-head_2shot_seed3409 step 1220/2000: loss=0.9219
semantic-head_2shot_seed3409 step 1240/2000: loss=1.8614
semantic-head_2shot_seed3409 step 1260/2000: loss=0.5306
semantic-head_2shot_seed3409 step 1280/2000: loss=0.4709
semantic-head_2shot_seed3409 step 1300/2000: loss=0.3378
semantic-head_2shot_seed3409 step 1320/2000: loss=0.8482
semantic-head_2shot_seed3409 step 1340/2000: loss=0.0073
semantic-head_2shot_seed3409 step 1360/2000: loss=0.5743
semantic-head_2shot_seed3409 step 1380/2000: loss=0.3396
semantic-head_2shot_seed3409 step 1400/2000: loss=1.1265
semantic-head_2shot_seed3409 step 1420/2000: loss=0.2120
semantic-head_2shot_seed3409 step 1440/2000: loss=0.8413
semantic-head_2shot_seed3409 step 1460/2000: loss=0.8980
semantic-head_2shot_seed3409 step 1480/2000: loss=0.6662
semantic-head_2shot_seed3409 step 1500/2000: loss=1.0563
semantic-head_2shot_seed3409 step 1520/2000: loss=1.2900
semantic-head_2shot_seed3409 step 1540/2000: loss=0.2468
semantic-head_2shot_seed3409 step 1560/2000: loss=0.4442
semantic-head_2shot_seed3409 step 1580/2000: loss=0.9129
semantic-head_2shot_seed3409 step 1600/2000: loss=0.4803
semantic-head_2shot_seed3409 step 1620/2000: loss=0.3785
semantic-head_2shot_seed3409 step 1640/2000: loss=0.1733
semantic-head_2shot_seed3409 step 1660/2000: loss=0.7682
semantic-head_2shot_seed3409 step 1680/2000: loss=0.0982
semantic-head_2shot_seed3409 step 1700/2000: loss=1.4690
semantic-head_2shot_seed3409 step 1720/2000: loss=0.2231
semantic-head_2shot_seed3409 step 1740/2000: loss=0.3911
semantic-head_2shot_seed3409 step 1760/2000: loss=0.2035
semantic-head_2shot_seed3409 step 1780/2000: loss=0.4683
semantic-head_2shot_seed3409 step 1800/2000: loss=0.4659
semantic-head_2shot_seed3409 step 1820/2000: loss=1.0515
semantic-head_2shot_seed3409 step 1840/2000: loss=0.2851
semantic-head_2shot_seed3409 step 1860/2000: loss=2.5435
semantic-head_2shot_seed3409 step 1880/2000: loss=0.4452
semantic-head_2shot_seed3409 step 1900/2000: loss=0.2089
semantic-head_2shot_seed3409 step 1920/2000: loss=0.1820
semantic-head_2shot_seed3409 step 1940/2000: loss=0.5322
semantic-head_2shot_seed3409 step 1960/2000: loss=0.5418
semantic-head_2shot_seed3409 step 1980/2000: loss=1.4786
semantic-head_2shot_seed3409 step 2000/2000: loss=2.0107
/root/miniconda3/lib/python3.12/site-packages/torch/nn/modules/conv.py:456: UserWarning: Plan failed with a cudnnException: CUDNN_BACKEND_EXECUTION_PLAN_DESCRIPTOR: cudnnFinalize Descriptor Failed cudnn_status: CUDNN_STATUS_NOT_SUPPORTED (Triggered internally at ../aten/src/ATen/native/cudnn/Conv_v8.cpp:919.)
  return F.conv2d(input, weight, bias, self.stride,
semantic-head_2shot_seed3409 evaluation 100/1599
semantic-head_2shot_seed3409 evaluation 200/1599
semantic-head_2shot_seed3409 evaluation 300/1599
semantic-head_2shot_seed3409 evaluation 400/1599
semantic-head_2shot_seed3409 evaluation 500/1599
semantic-head_2shot_seed3409 evaluation 600/1599
semantic-head_2shot_seed3409 evaluation 700/1599
semantic-head_2shot_seed3409 evaluation 800/1599
semantic-head_2shot_seed3409 evaluation 900/1599
semantic-head_2shot_seed3409 evaluation 1000/1599
semantic-head_2shot_seed3409 evaluation 1100/1599
semantic-head_2shot_seed3409 evaluation 1200/1599
semantic-head_2shot_seed3409 evaluation 1300/1599
semantic-head_2shot_seed3409 evaluation 1400/1599
semantic-head_2shot_seed3409 evaluation 1500/1599
{"signature": "35a6064c5cb6619c6125d2d46cd6bdff272f139df6eeddc839d4125580db4842", "mode": "semantic-head", "shots_per_class": 2, "seed": 3409, "support_images": 14, "evaluation_images": 1599, "metrics": {"mIoU": 0.5348223726673474, "per_class_iou": {"background": 0.5262323392000925, "building": 0.5998251392394042, "road": 0.5488621763786705, "water": 0.7132124777620502, "barren": 0.37095895005492263, "forest": 0.40653821310161603, "agriculture": 0.5781273129346763}, "pixel_accuracy": 0.7091515420198734, "confusion": [[431537978, 53148384, 21123675, 22440633, 16829839, 24729112, 25793110], [5753597, 107417149, 583769, 172703, 455029, 1013499, 815613], [13521310, 1027964, 55480165, 66976, 1859798, 1722155, 675522], [19809372, 195728, 348633, 157894993, 2374025, 2620264, 4941587], [17939615, 641724, 891895, 2300510, 37055975, 541801, 8400111], [39493666, 754408, 704175, 934551, 1038022, 66641131, 6536265], [127931891, 7101205, 3076106, 7285654, 9564043, 17194363, 300546272]]}}
DONE semantic_head_2000 K=2 seed=3409

START semantic_head_2000 K=5 seed=3407
{
  "support_images": {
    "0": 0,
    "1": 7,
    "2": 14,
    "5": 35,
    "10": 70
  },
  "evaluation_images": 1599,
  "protocol_sha256": "8184bef3aae39e2b9f01cd79a90782318f436744d14c43f108c76f56fc527ec5"
}
semantic-head_5shot_seed3407 step 20/2000: loss=0.1731
semantic-head_5shot_seed3407 step 40/2000: loss=2.7489
semantic-head_5shot_seed3407 step 60/2000: loss=1.0925
semantic-head_5shot_seed3407 step 80/2000: loss=0.5302
semantic-head_5shot_seed3407 step 100/2000: loss=0.0383
semantic-head_5shot_seed3407 step 120/2000: loss=0.8497
semantic-head_5shot_seed3407 step 140/2000: loss=0.1587
semantic-head_5shot_seed3407 step 160/2000: loss=1.4151
semantic-head_5shot_seed3407 step 180/2000: loss=0.9353
semantic-head_5shot_seed3407 step 200/2000: loss=0.8024
semantic-head_5shot_seed3407 step 220/2000: loss=0.7822
semantic-head_5shot_seed3407 step 240/2000: loss=1.1135
semantic-head_5shot_seed3407 step 260/2000: loss=0.3871
semantic-head_5shot_seed3407 step 280/2000: loss=1.3467
semantic-head_5shot_seed3407 step 300/2000: loss=0.4546
semantic-head_5shot_seed3407 step 320/2000: loss=0.5396
semantic-head_5shot_seed3407 step 340/2000: loss=0.6150
semantic-head_5shot_seed3407 step 360/2000: loss=0.4260
semantic-head_5shot_seed3407 step 380/2000: loss=0.8959
semantic-head_5shot_seed3407 step 400/2000: loss=0.1640
semantic-head_5shot_seed3407 step 420/2000: loss=0.0054
semantic-head_5shot_seed3407 step 440/2000: loss=0.1223
semantic-head_5shot_seed3407 step 460/2000: loss=1.1884
semantic-head_5shot_seed3407 step 480/2000: loss=0.5451
semantic-head_5shot_seed3407 step 500/2000: loss=1.7552
semantic-head_5shot_seed3407 step 520/2000: loss=0.5639
semantic-head_5shot_seed3407 step 540/2000: loss=0.4513
semantic-head_5shot_seed3407 step 560/2000: loss=0.1107
semantic-head_5shot_seed3407 step 580/2000: loss=0.4405
semantic-head_5shot_seed3407 step 600/2000: loss=0.1027
semantic-head_5shot_seed3407 step 620/2000: loss=0.5039
semantic-head_5shot_seed3407 step 640/2000: loss=1.0145
semantic-head_5shot_seed3407 step 660/2000: loss=1.0885
semantic-head_5shot_seed3407 step 680/2000: loss=0.5477
semantic-head_5shot_seed3407 step 700/2000: loss=0.5778
semantic-head_5shot_seed3407 step 720/2000: loss=0.4425
semantic-head_5shot_seed3407 step 740/2000: loss=0.0572
semantic-head_5shot_seed3407 step 760/2000: loss=0.4855
semantic-head_5shot_seed3407 step 780/2000: loss=0.2896
semantic-head_5shot_seed3407 step 800/2000: loss=0.2048
semantic-head_5shot_seed3407 step 820/2000: loss=0.3981
semantic-head_5shot_seed3407 step 840/2000: loss=0.8356
semantic-head_5shot_seed3407 step 860/2000: loss=0.2679
semantic-head_5shot_seed3407 step 880/2000: loss=0.5256
semantic-head_5shot_seed3407 step 900/2000: loss=0.4499
semantic-head_5shot_seed3407 step 920/2000: loss=0.3957
semantic-head_5shot_seed3407 step 940/2000: loss=0.7403
semantic-head_5shot_seed3407 step 960/2000: loss=0.7771
semantic-head_5shot_seed3407 step 980/2000: loss=0.4964
semantic-head_5shot_seed3407 step 1000/2000: loss=0.3062
semantic-head_5shot_seed3407 step 1020/2000: loss=1.1040
semantic-head_5shot_seed3407 step 1040/2000: loss=0.3939
semantic-head_5shot_seed3407 step 1060/2000: loss=0.3114
semantic-head_5shot_seed3407 step 1080/2000: loss=0.7735
semantic-head_5shot_seed3407 step 1100/2000: loss=0.2466
semantic-head_5shot_seed3407 step 1120/2000: loss=0.4233
semantic-head_5shot_seed3407 step 1140/2000: loss=2.6210
semantic-head_5shot_seed3407 step 1160/2000: loss=0.3182
semantic-head_5shot_seed3407 step 1180/2000: loss=0.3543
semantic-head_5shot_seed3407 step 1200/2000: loss=1.4784
semantic-head_5shot_seed3407 step 1220/2000: loss=0.6273
semantic-head_5shot_seed3407 step 1240/2000: loss=1.3537
semantic-head_5shot_seed3407 step 1260/2000: loss=1.0030
semantic-head_5shot_seed3407 step 1280/2000: loss=0.0618
semantic-head_5shot_seed3407 step 1300/2000: loss=0.0033
semantic-head_5shot_seed3407 step 1320/2000: loss=0.2995
semantic-head_5shot_seed3407 step 1340/2000: loss=0.8170
semantic-head_5shot_seed3407 step 1360/2000: loss=0.1934
semantic-head_5shot_seed3407 step 1380/2000: loss=0.1894
semantic-head_5shot_seed3407 step 1400/2000: loss=1.5946
semantic-head_5shot_seed3407 step 1420/2000: loss=0.8472
semantic-head_5shot_seed3407 step 1440/2000: loss=0.7432
semantic-head_5shot_seed3407 step 1460/2000: loss=1.1907
semantic-head_5shot_seed3407 step 1480/2000: loss=1.6552
semantic-head_5shot_seed3407 step 1500/2000: loss=0.0150
semantic-head_5shot_seed3407 step 1520/2000: loss=1.1392
semantic-head_5shot_seed3407 step 1540/2000: loss=0.5794
semantic-head_5shot_seed3407 step 1560/2000: loss=0.1001
semantic-head_5shot_seed3407 step 1580/2000: loss=0.5499
semantic-head_5shot_seed3407 step 1600/2000: loss=0.0051
semantic-head_5shot_seed3407 step 1620/2000: loss=0.6987
semantic-head_5shot_seed3407 step 1640/2000: loss=1.6714
semantic-head_5shot_seed3407 step 1660/2000: loss=0.1902
semantic-head_5shot_seed3407 step 1680/2000: loss=0.7008
semantic-head_5shot_seed3407 step 1700/2000: loss=0.4949
semantic-head_5shot_seed3407 step 1720/2000: loss=0.0137
semantic-head_5shot_seed3407 step 1740/2000: loss=0.6230
semantic-head_5shot_seed3407 step 1760/2000: loss=0.1117
semantic-head_5shot_seed3407 step 1780/2000: loss=0.4795
semantic-head_5shot_seed3407 step 1800/2000: loss=0.0888
semantic-head_5shot_seed3407 step 1820/2000: loss=0.1009
semantic-head_5shot_seed3407 step 1840/2000: loss=0.8001
semantic-head_5shot_seed3407 step 1860/2000: loss=0.9922
semantic-head_5shot_seed3407 step 1880/2000: loss=0.1312
semantic-head_5shot_seed3407 step 1900/2000: loss=0.4035
semantic-head_5shot_seed3407 step 1920/2000: loss=0.8416
semantic-head_5shot_seed3407 step 1940/2000: loss=0.4271
semantic-head_5shot_seed3407 step 1960/2000: loss=0.1742
semantic-head_5shot_seed3407 step 1980/2000: loss=0.2933
semantic-head_5shot_seed3407 step 2000/2000: loss=0.5602
/root/miniconda3/lib/python3.12/site-packages/torch/nn/modules/conv.py:456: UserWarning: Plan failed with a cudnnException: CUDNN_BACKEND_EXECUTION_PLAN_DESCRIPTOR: cudnnFinalize Descriptor Failed cudnn_status: CUDNN_STATUS_NOT_SUPPORTED (Triggered internally at ../aten/src/ATen/native/cudnn/Conv_v8.cpp:919.)
  return F.conv2d(input, weight, bias, self.stride,
semantic-head_5shot_seed3407 evaluation 100/1599
semantic-head_5shot_seed3407 evaluation 200/1599
semantic-head_5shot_seed3407 evaluation 300/1599
semantic-head_5shot_seed3407 evaluation 400/1599
semantic-head_5shot_seed3407 evaluation 500/1599
semantic-head_5shot_seed3407 evaluation 600/1599
semantic-head_5shot_seed3407 evaluation 700/1599
semantic-head_5shot_seed3407 evaluation 800/1599
semantic-head_5shot_seed3407 evaluation 900/1599
semantic-head_5shot_seed3407 evaluation 1000/1599
semantic-head_5shot_seed3407 evaluation 1100/1599
semantic-head_5shot_seed3407 evaluation 1200/1599
semantic-head_5shot_seed3407 evaluation 1300/1599
semantic-head_5shot_seed3407 evaluation 1400/1599
semantic-head_5shot_seed3407 evaluation 1500/1599
{"signature": "2278384b7654f20c31b14bad2291eb7985cfe131506069916efeb85c97859798", "mode": "semantic-head", "shots_per_class": 5, "seed": 3407, "support_images": 35, "evaluation_images": 1599, "metrics": {"mIoU": 0.5397359961652214, "per_class_iou": {"background": 0.5391734855928797, "building": 0.6391822740323704, "road": 0.5444706710405199, "water": 0.7080012556955315, "barren": 0.3575251996027178, "forest": 0.4059877999110627, "agriculture": 0.5838112872814684}, "pixel_accuracy": 0.7168004888560346, "confusion": [[443697639, 39498598, 22491536, 26117868, 12084026, 23232988, 28480076], [9029224, 104048910, 666799, 184115, 344065, 1014246, 924000], [13518314, 676611, 56030990, 86079, 1563557, 1675923, 802416], [17652869, 154051, 383665, 160315465, 1722961, 2389971, 5565620], [20047113, 535957, 1005776, 2880457, 32625611, 542319, 10134398], [40225934, 485277, 772860, 1116518, 665725, 64969155, 7866749], [126845659, 5222558, 3234580, 7864232, 7102053, 15069693, 307360759]]}}
DONE semantic_head_2000 K=5 seed=3407

START semantic_head_2000 K=5 seed=3408
{
  "support_images": {
    "0": 0,
    "1": 7,
    "2": 14,
    "5": 35,
    "10": 70
  },
  "evaluation_images": 1599,
  "protocol_sha256": "8184bef3aae39e2b9f01cd79a90782318f436744d14c43f108c76f56fc527ec5"
}
semantic-head_5shot_seed3408 step 20/2000: loss=0.3770
semantic-head_5shot_seed3408 step 40/2000: loss=0.5305
semantic-head_5shot_seed3408 step 60/2000: loss=0.2977
semantic-head_5shot_seed3408 step 80/2000: loss=0.4021
semantic-head_5shot_seed3408 step 100/2000: loss=1.3437
semantic-head_5shot_seed3408 step 120/2000: loss=0.2101
semantic-head_5shot_seed3408 step 140/2000: loss=0.0094
semantic-head_5shot_seed3408 step 160/2000: loss=0.4505
semantic-head_5shot_seed3408 step 180/2000: loss=0.1433
semantic-head_5shot_seed3408 step 200/2000: loss=0.3774
semantic-head_5shot_seed3408 step 220/2000: loss=0.5756
semantic-head_5shot_seed3408 step 240/2000: loss=0.2264
semantic-head_5shot_seed3408 step 260/2000: loss=0.8784
semantic-head_5shot_seed3408 step 280/2000: loss=0.1490
semantic-head_5shot_seed3408 step 300/2000: loss=1.1549
semantic-head_5shot_seed3408 step 320/2000: loss=0.6407
semantic-head_5shot_seed3408 step 340/2000: loss=1.0538
semantic-head_5shot_seed3408 step 360/2000: loss=0.9975
semantic-head_5shot_seed3408 step 380/2000: loss=0.8789
semantic-head_5shot_seed3408 step 400/2000: loss=0.0756
semantic-head_5shot_seed3408 step 420/2000: loss=1.9679
semantic-head_5shot_seed3408 step 440/2000: loss=0.2510
semantic-head_5shot_seed3408 step 460/2000: loss=1.3906
semantic-head_5shot_seed3408 step 480/2000: loss=1.4119
semantic-head_5shot_seed3408 step 500/2000: loss=1.7400
semantic-head_5shot_seed3408 step 520/2000: loss=1.3165
semantic-head_5shot_seed3408 step 540/2000: loss=1.6639
semantic-head_5shot_seed3408 step 560/2000: loss=0.1504
semantic-head_5shot_seed3408 step 580/2000: loss=0.0794
semantic-head_5shot_seed3408 step 600/2000: loss=0.1869
semantic-head_5shot_seed3408 step 620/2000: loss=0.3411
semantic-head_5shot_seed3408 step 640/2000: loss=0.9421
semantic-head_5shot_seed3408 step 660/2000: loss=0.4887
semantic-head_5shot_seed3408 step 680/2000: loss=0.0192
semantic-head_5shot_seed3408 step 700/2000: loss=0.6224
semantic-head_5shot_seed3408 step 720/2000: loss=0.4406
semantic-head_5shot_seed3408 step 740/2000: loss=1.6855
semantic-head_5shot_seed3408 step 760/2000: loss=0.2719
semantic-head_5shot_seed3408 step 780/2000: loss=1.9833
semantic-head_5shot_seed3408 step 800/2000: loss=0.4565
semantic-head_5shot_seed3408 step 820/2000: loss=0.8499
semantic-head_5shot_seed3408 step 840/2000: loss=0.5996
semantic-head_5shot_seed3408 step 860/2000: loss=0.1703
semantic-head_5shot_seed3408 step 880/2000: loss=0.2604
semantic-head_5shot_seed3408 step 900/2000: loss=0.2778
semantic-head_5shot_seed3408 step 920/2000: loss=1.0031
semantic-head_5shot_seed3408 step 940/2000: loss=0.6854
semantic-head_5shot_seed3408 step 960/2000: loss=0.7137
semantic-head_5shot_seed3408 step 980/2000: loss=0.5709
semantic-head_5shot_seed3408 step 1000/2000: loss=0.8084
semantic-head_5shot_seed3408 step 1020/2000: loss=0.2399
semantic-head_5shot_seed3408 step 1040/2000: loss=1.5971
semantic-head_5shot_seed3408 step 1060/2000: loss=4.6284
semantic-head_5shot_seed3408 step 1080/2000: loss=0.3341
semantic-head_5shot_seed3408 step 1100/2000: loss=0.9046
semantic-head_5shot_seed3408 step 1120/2000: loss=0.3903
semantic-head_5shot_seed3408 step 1140/2000: loss=0.0500
semantic-head_5shot_seed3408 step 1160/2000: loss=0.0932
semantic-head_5shot_seed3408 step 1180/2000: loss=0.3604
semantic-head_5shot_seed3408 step 1200/2000: loss=0.6543
semantic-head_5shot_seed3408 step 1220/2000: loss=1.4456
semantic-head_5shot_seed3408 step 1240/2000: loss=0.9596
semantic-head_5shot_seed3408 step 1260/2000: loss=0.2095
semantic-head_5shot_seed3408 step 1280/2000: loss=0.4478
semantic-head_5shot_seed3408 step 1300/2000: loss=0.2690
semantic-head_5shot_seed3408 step 1320/2000: loss=0.5545
semantic-head_5shot_seed3408 step 1340/2000: loss=1.5322
semantic-head_5shot_seed3408 step 1360/2000: loss=0.3925
semantic-head_5shot_seed3408 step 1380/2000: loss=0.8305
semantic-head_5shot_seed3408 step 1400/2000: loss=0.1541
semantic-head_5shot_seed3408 step 1420/2000: loss=0.7004
semantic-head_5shot_seed3408 step 1440/2000: loss=0.5963
semantic-head_5shot_seed3408 step 1460/2000: loss=0.6000
semantic-head_5shot_seed3408 step 1480/2000: loss=0.3000
semantic-head_5shot_seed3408 step 1500/2000: loss=0.3815
semantic-head_5shot_seed3408 step 1520/2000: loss=0.2919
semantic-head_5shot_seed3408 step 1540/2000: loss=0.3169
semantic-head_5shot_seed3408 step 1560/2000: loss=0.5849
semantic-head_5shot_seed3408 step 1580/2000: loss=0.5194
semantic-head_5shot_seed3408 step 1600/2000: loss=0.7168
semantic-head_5shot_seed3408 step 1620/2000: loss=1.3262
semantic-head_5shot_seed3408 step 1640/2000: loss=0.3835
semantic-head_5shot_seed3408 step 1660/2000: loss=0.1937
semantic-head_5shot_seed3408 step 1680/2000: loss=0.5808
semantic-head_5shot_seed3408 step 1700/2000: loss=0.3441
semantic-head_5shot_seed3408 step 1720/2000: loss=0.2790
semantic-head_5shot_seed3408 step 1740/2000: loss=0.1582
semantic-head_5shot_seed3408 step 1760/2000: loss=0.7317
semantic-head_5shot_seed3408 step 1780/2000: loss=0.0821
semantic-head_5shot_seed3408 step 1800/2000: loss=0.2557
semantic-head_5shot_seed3408 step 1820/2000: loss=0.9911
semantic-head_5shot_seed3408 step 1840/2000: loss=0.4020
semantic-head_5shot_seed3408 step 1860/2000: loss=0.3059
semantic-head_5shot_seed3408 step 1880/2000: loss=0.9564
semantic-head_5shot_seed3408 step 1900/2000: loss=0.2250
semantic-head_5shot_seed3408 step 1920/2000: loss=0.7344
semantic-head_5shot_seed3408 step 1940/2000: loss=0.5920
semantic-head_5shot_seed3408 step 1960/2000: loss=0.0795
semantic-head_5shot_seed3408 step 1980/2000: loss=0.3005
semantic-head_5shot_seed3408 step 2000/2000: loss=0.3737
/root/miniconda3/lib/python3.12/site-packages/torch/nn/modules/conv.py:456: UserWarning: Plan failed with a cudnnException: CUDNN_BACKEND_EXECUTION_PLAN_DESCRIPTOR: cudnnFinalize Descriptor Failed cudnn_status: CUDNN_STATUS_NOT_SUPPORTED (Triggered internally at ../aten/src/ATen/native/cudnn/Conv_v8.cpp:919.)
  return F.conv2d(input, weight, bias, self.stride,
semantic-head_5shot_seed3408 evaluation 100/1599
semantic-head_5shot_seed3408 evaluation 200/1599
semantic-head_5shot_seed3408 evaluation 300/1599
semantic-head_5shot_seed3408 evaluation 400/1599
semantic-head_5shot_seed3408 evaluation 500/1599
semantic-head_5shot_seed3408 evaluation 600/1599
semantic-head_5shot_seed3408 evaluation 700/1599
semantic-head_5shot_seed3408 evaluation 800/1599
semantic-head_5shot_seed3408 evaluation 900/1599
semantic-head_5shot_seed3408 evaluation 1000/1599
semantic-head_5shot_seed3408 evaluation 1100/1599
semantic-head_5shot_seed3408 evaluation 1200/1599
semantic-head_5shot_seed3408 evaluation 1300/1599
semantic-head_5shot_seed3408 evaluation 1400/1599
semantic-head_5shot_seed3408 evaluation 1500/1599
{"signature": "440935e96d80691ca405db3899911851774ddbcaf382c0c53638bd8878b93a7d", "mode": "semantic-head", "shots_per_class": 5, "seed": 3408, "support_images": 35, "evaluation_images": 1599, "metrics": {"mIoU": 0.5383366638865779, "per_class_iou": {"background": 0.5368296164643267, "building": 0.6362701660343028, "road": 0.5430835738393744, "water": 0.7057001847150994, "barren": 0.356011677125055, "forest": 0.40582769985800643, "agriculture": 0.5846337291698804}, "pixel_accuracy": 0.7159078045581303, "confusion": [[440519537, 40835381, 22943238, 27203948, 11705694, 23330837, 29064096], [8596876, 104452597, 686041, 187835, 335265, 1012979, 939766], [13341518, 707657, 56190426, 93609, 1531012, 1671995, 817673], [17136511, 156110, 385831, 161002632, 1635422, 2366807, 5501289], [20160111, 552280, 1025619, 3064567, 32252843, 536895, 10179316], [40032124, 515824, 787487, 1198486, 649183, 65004815, 7914299], [125724827, 5185297, 3283417, 8212893, 6966695, 15156628, 308169777]]}}
DONE semantic_head_2000 K=5 seed=3408

START semantic_head_2000 K=5 seed=3409
{
  "support_images": {
    "0": 0,
    "1": 7,
    "2": 14,
    "5": 35,
    "10": 70
  },
  "evaluation_images": 1599,
  "protocol_sha256": "8184bef3aae39e2b9f01cd79a90782318f436744d14c43f108c76f56fc527ec5"
}
semantic-head_5shot_seed3409 step 20/2000: loss=0.0661
semantic-head_5shot_seed3409 step 40/2000: loss=0.2254
semantic-head_5shot_seed3409 step 60/2000: loss=0.0810
semantic-head_5shot_seed3409 step 80/2000: loss=0.2006
semantic-head_5shot_seed3409 step 100/2000: loss=0.3191
semantic-head_5shot_seed3409 step 120/2000: loss=0.4892
semantic-head_5shot_seed3409 step 140/2000: loss=2.0478
semantic-head_5shot_seed3409 step 160/2000: loss=2.0391
semantic-head_5shot_seed3409 step 180/2000: loss=1.3815
semantic-head_5shot_seed3409 step 200/2000: loss=0.4684
semantic-head_5shot_seed3409 step 220/2000: loss=0.4323
semantic-head_5shot_seed3409 step 240/2000: loss=0.3151
semantic-head_5shot_seed3409 step 260/2000: loss=1.5016
semantic-head_5shot_seed3409 step 280/2000: loss=0.0242
semantic-head_5shot_seed3409 step 300/2000: loss=0.8334
semantic-head_5shot_seed3409 step 320/2000: loss=0.4063
semantic-head_5shot_seed3409 step 340/2000: loss=0.2603
semantic-head_5shot_seed3409 step 360/2000: loss=0.2009
semantic-head_5shot_seed3409 step 380/2000: loss=2.7730
semantic-head_5shot_seed3409 step 400/2000: loss=1.1614
semantic-head_5shot_seed3409 step 420/2000: loss=2.1642
semantic-head_5shot_seed3409 step 440/2000: loss=1.4990
semantic-head_5shot_seed3409 step 460/2000: loss=0.6261
semantic-head_5shot_seed3409 step 480/2000: loss=0.3725
semantic-head_5shot_seed3409 step 500/2000: loss=0.3030
semantic-head_5shot_seed3409 step 520/2000: loss=0.9313
semantic-head_5shot_seed3409 step 540/2000: loss=1.7116
semantic-head_5shot_seed3409 step 560/2000: loss=0.8834
semantic-head_5shot_seed3409 step 580/2000: loss=1.0241
semantic-head_5shot_seed3409 step 600/2000: loss=0.1998
semantic-head_5shot_seed3409 step 620/2000: loss=0.3458
semantic-head_5shot_seed3409 step 640/2000: loss=1.0214
semantic-head_5shot_seed3409 step 660/2000: loss=0.6938
semantic-head_5shot_seed3409 step 680/2000: loss=0.7642
semantic-head_5shot_seed3409 step 700/2000: loss=0.2131
semantic-head_5shot_seed3409 step 720/2000: loss=0.3698
semantic-head_5shot_seed3409 step 740/2000: loss=0.3028
semantic-head_5shot_seed3409 step 760/2000: loss=0.1388
semantic-head_5shot_seed3409 step 780/2000: loss=0.7470
semantic-head_5shot_seed3409 step 800/2000: loss=1.4547
semantic-head_5shot_seed3409 step 820/2000: loss=0.7543
semantic-head_5shot_seed3409 step 840/2000: loss=1.0394
semantic-head_5shot_seed3409 step 860/2000: loss=0.3175
semantic-head_5shot_seed3409 step 880/2000: loss=0.1489
semantic-head_5shot_seed3409 step 900/2000: loss=1.2856
semantic-head_5shot_seed3409 step 920/2000: loss=0.2636
semantic-head_5shot_seed3409 step 940/2000: loss=0.2384
semantic-head_5shot_seed3409 step 960/2000: loss=0.0552
semantic-head_5shot_seed3409 step 980/2000: loss=0.2364
semantic-head_5shot_seed3409 step 1000/2000: loss=1.1486
semantic-head_5shot_seed3409 step 1020/2000: loss=0.2944
semantic-head_5shot_seed3409 step 1040/2000: loss=0.8101
semantic-head_5shot_seed3409 step 1060/2000: loss=1.4534
semantic-head_5shot_seed3409 step 1080/2000: loss=0.3634
semantic-head_5shot_seed3409 step 1100/2000: loss=0.7574
semantic-head_5shot_seed3409 step 1120/2000: loss=0.6337
semantic-head_5shot_seed3409 step 1140/2000: loss=0.9279
semantic-head_5shot_seed3409 step 1160/2000: loss=0.2828
semantic-head_5shot_seed3409 step 1180/2000: loss=0.5932
semantic-head_5shot_seed3409 step 1200/2000: loss=0.8857
semantic-head_5shot_seed3409 step 1220/2000: loss=0.4057
semantic-head_5shot_seed3409 step 1240/2000: loss=0.0421
semantic-head_5shot_seed3409 step 1260/2000: loss=0.6068
semantic-head_5shot_seed3409 step 1280/2000: loss=0.4654
semantic-head_5shot_seed3409 step 1300/2000: loss=0.0563
semantic-head_5shot_seed3409 step 1320/2000: loss=0.4514
semantic-head_5shot_seed3409 step 1340/2000: loss=0.4467
semantic-head_5shot_seed3409 step 1360/2000: loss=0.7310
semantic-head_5shot_seed3409 step 1380/2000: loss=0.3166
semantic-head_5shot_seed3409 step 1400/2000: loss=0.3868
semantic-head_5shot_seed3409 step 1420/2000: loss=0.3653
semantic-head_5shot_seed3409 step 1440/2000: loss=0.5498
semantic-head_5shot_seed3409 step 1460/2000: loss=0.3550
semantic-head_5shot_seed3409 step 1480/2000: loss=0.0880
semantic-head_5shot_seed3409 step 1500/2000: loss=1.2052
semantic-head_5shot_seed3409 step 1520/2000: loss=1.1503
semantic-head_5shot_seed3409 step 1540/2000: loss=0.7607
semantic-head_5shot_seed3409 step 1560/2000: loss=0.1345
semantic-head_5shot_seed3409 step 1580/2000: loss=0.2719
semantic-head_5shot_seed3409 step 1600/2000: loss=1.1009
semantic-head_5shot_seed3409 step 1620/2000: loss=0.8882
semantic-head_5shot_seed3409 step 1640/2000: loss=0.6040
semantic-head_5shot_seed3409 step 1660/2000: loss=0.2417
semantic-head_5shot_seed3409 step 1680/2000: loss=1.5411
semantic-head_5shot_seed3409 step 1700/2000: loss=0.4093
semantic-head_5shot_seed3409 step 1720/2000: loss=0.4473
semantic-head_5shot_seed3409 step 1740/2000: loss=0.8049
semantic-head_5shot_seed3409 step 1760/2000: loss=0.7268
semantic-head_5shot_seed3409 step 1780/2000: loss=0.0045
semantic-head_5shot_seed3409 step 1800/2000: loss=0.2410
semantic-head_5shot_seed3409 step 1820/2000: loss=1.2862
semantic-head_5shot_seed3409 step 1840/2000: loss=0.2865
semantic-head_5shot_seed3409 step 1860/2000: loss=0.5577
semantic-head_5shot_seed3409 step 1880/2000: loss=0.2095
semantic-head_5shot_seed3409 step 1900/2000: loss=0.4101
semantic-head_5shot_seed3409 step 1920/2000: loss=0.5388
semantic-head_5shot_seed3409 step 1940/2000: loss=0.3928
semantic-head_5shot_seed3409 step 1960/2000: loss=0.5070
semantic-head_5shot_seed3409 step 1980/2000: loss=1.2354
semantic-head_5shot_seed3409 step 2000/2000: loss=0.1668
/root/miniconda3/lib/python3.12/site-packages/torch/nn/modules/conv.py:456: UserWarning: Plan failed with a cudnnException: CUDNN_BACKEND_EXECUTION_PLAN_DESCRIPTOR: cudnnFinalize Descriptor Failed cudnn_status: CUDNN_STATUS_NOT_SUPPORTED (Triggered internally at ../aten/src/ATen/native/cudnn/Conv_v8.cpp:919.)
  return F.conv2d(input, weight, bias, self.stride,
semantic-head_5shot_seed3409 evaluation 100/1599
semantic-head_5shot_seed3409 evaluation 200/1599
semantic-head_5shot_seed3409 evaluation 300/1599
semantic-head_5shot_seed3409 evaluation 400/1599
semantic-head_5shot_seed3409 evaluation 500/1599
semantic-head_5shot_seed3409 evaluation 600/1599
semantic-head_5shot_seed3409 evaluation 700/1599
semantic-head_5shot_seed3409 evaluation 800/1599
semantic-head_5shot_seed3409 evaluation 900/1599
semantic-head_5shot_seed3409 evaluation 1000/1599
semantic-head_5shot_seed3409 evaluation 1100/1599
semantic-head_5shot_seed3409 evaluation 1200/1599
semantic-head_5shot_seed3409 evaluation 1300/1599
semantic-head_5shot_seed3409 evaluation 1400/1599
semantic-head_5shot_seed3409 evaluation 1500/1599
{"signature": "e016e3ea14208adf92ff9a4efeb75cbbb6199c621fb9da94073f9054e7a8f11b", "mode": "semantic-head", "shots_per_class": 5, "seed": 3409, "support_images": 35, "evaluation_images": 1599, "metrics": {"mIoU": 0.5392791264904092, "per_class_iou": {"background": 0.5380537952162112, "building": 0.6382913774731473, "road": 0.5424147363230267, "water": 0.7069461476723677, "barren": 0.3600885901343556, "forest": 0.40575768313552757, "agriculture": 0.5834015554782287}, "pixel_accuracy": 0.716194088552634, "confusion": [[442659214, 39874457, 23111633, 26544399, 12596074, 22864839, 27952115], [8884139, 104160308, 701773, 185768, 359975, 1000923, 918473], [13307974, 684103, 56229684, 89405, 1603693, 1653910, 785121], [17495689, 154353, 388417, 160605000, 1774592, 2355259, 5411292], [19781286, 530356, 1020234, 2944405, 33207117, 517365, 9770868], [40423204, 499981, 795736, 1155054, 717642, 64722490, 7788111], [127209357, 5231534, 3293797, 8077745, 7395691, 15015688, 306475722]]}}
DONE semantic_head_2000 K=5 seed=3409

START semantic_head_2000 K=10 seed=3407
{
  "support_images": {
    "0": 0,
    "1": 7,
    "2": 14,
    "5": 35,
    "10": 70
  },
  "evaluation_images": 1599,
  "protocol_sha256": "8184bef3aae39e2b9f01cd79a90782318f436744d14c43f108c76f56fc527ec5"
}
semantic-head_10shot_seed3407 step 20/2000: loss=0.7114
semantic-head_10shot_seed3407 step 40/2000: loss=0.7520
semantic-head_10shot_seed3407 step 60/2000: loss=1.5609
semantic-head_10shot_seed3407 step 80/2000: loss=0.1995
semantic-head_10shot_seed3407 step 100/2000: loss=0.0987
semantic-head_10shot_seed3407 step 120/2000: loss=0.4096
semantic-head_10shot_seed3407 step 140/2000: loss=0.0716
semantic-head_10shot_seed3407 step 160/2000: loss=1.1950
semantic-head_10shot_seed3407 step 180/2000: loss=0.9810
semantic-head_10shot_seed3407 step 200/2000: loss=0.4426
semantic-head_10shot_seed3407 step 220/2000: loss=1.2019
semantic-head_10shot_seed3407 step 240/2000: loss=1.0789
semantic-head_10shot_seed3407 step 260/2000: loss=1.1536
semantic-head_10shot_seed3407 step 280/2000: loss=1.0936
semantic-head_10shot_seed3407 step 300/2000: loss=0.4356
semantic-head_10shot_seed3407 step 320/2000: loss=0.6828
semantic-head_10shot_seed3407 step 340/2000: loss=2.0935
semantic-head_10shot_seed3407 step 360/2000: loss=0.2811
semantic-head_10shot_seed3407 step 380/2000: loss=0.2370
semantic-head_10shot_seed3407 step 400/2000: loss=0.6187
semantic-head_10shot_seed3407 step 420/2000: loss=0.5049
semantic-head_10shot_seed3407 step 440/2000: loss=0.7854
semantic-head_10shot_seed3407 step 460/2000: loss=1.1855
semantic-head_10shot_seed3407 step 480/2000: loss=0.6694
semantic-head_10shot_seed3407 step 500/2000: loss=0.5486
semantic-head_10shot_seed3407 step 520/2000: loss=0.2760
semantic-head_10shot_seed3407 step 540/2000: loss=0.4716
semantic-head_10shot_seed3407 step 560/2000: loss=0.5540
semantic-head_10shot_seed3407 step 580/2000: loss=2.3290
semantic-head_10shot_seed3407 step 600/2000: loss=0.5084
semantic-head_10shot_seed3407 step 620/2000: loss=0.4790
semantic-head_10shot_seed3407 step 640/2000: loss=0.9626
semantic-head_10shot_seed3407 step 660/2000: loss=0.4356
semantic-head_10shot_seed3407 step 680/2000: loss=0.3014
semantic-head_10shot_seed3407 step 700/2000: loss=0.1765
semantic-head_10shot_seed3407 step 720/2000: loss=0.5014
semantic-head_10shot_seed3407 step 740/2000: loss=0.4160
semantic-head_10shot_seed3407 step 760/2000: loss=1.0465
semantic-head_10shot_seed3407 step 780/2000: loss=0.4845
semantic-head_10shot_seed3407 step 800/2000: loss=0.2650
semantic-head_10shot_seed3407 step 820/2000: loss=0.3817
semantic-head_10shot_seed3407 step 840/2000: loss=0.4161
semantic-head_10shot_seed3407 step 860/2000: loss=0.2066
semantic-head_10shot_seed3407 step 880/2000: loss=0.3121
semantic-head_10shot_seed3407 step 900/2000: loss=0.6871
semantic-head_10shot_seed3407 step 920/2000: loss=0.2446
semantic-head_10shot_seed3407 step 940/2000: loss=0.9859
semantic-head_10shot_seed3407 step 960/2000: loss=0.4558
semantic-head_10shot_seed3407 step 980/2000: loss=0.2824
semantic-head_10shot_seed3407 step 1000/2000: loss=1.7170
semantic-head_10shot_seed3407 step 1020/2000: loss=0.5322
semantic-head_10shot_seed3407 step 1040/2000: loss=0.9481
semantic-head_10shot_seed3407 step 1060/2000: loss=0.4936
semantic-head_10shot_seed3407 step 1080/2000: loss=1.3121
semantic-head_10shot_seed3407 step 1100/2000: loss=0.4021
semantic-head_10shot_seed3407 step 1120/2000: loss=0.3502
semantic-head_10shot_seed3407 step 1140/2000: loss=0.6857
semantic-head_10shot_seed3407 step 1160/2000: loss=1.1053
semantic-head_10shot_seed3407 step 1180/2000: loss=0.6935
semantic-head_10shot_seed3407 step 1200/2000: loss=0.5142
semantic-head_10shot_seed3407 step 1220/2000: loss=1.4064
semantic-head_10shot_seed3407 step 1240/2000: loss=0.4735
semantic-head_10shot_seed3407 step 1260/2000: loss=0.7246
semantic-head_10shot_seed3407 step 1280/2000: loss=0.2259
semantic-head_10shot_seed3407 step 1300/2000: loss=0.2378
semantic-head_10shot_seed3407 step 1320/2000: loss=0.5978
semantic-head_10shot_seed3407 step 1340/2000: loss=1.1371
semantic-head_10shot_seed3407 step 1360/2000: loss=0.2166
semantic-head_10shot_seed3407 step 1380/2000: loss=0.5296
semantic-head_10shot_seed3407 step 1400/2000: loss=0.3396
semantic-head_10shot_seed3407 step 1420/2000: loss=0.2123
semantic-head_10shot_seed3407 step 1440/2000: loss=0.6104
semantic-head_10shot_seed3407 step 1460/2000: loss=0.9245
semantic-head_10shot_seed3407 step 1480/2000: loss=0.3552
semantic-head_10shot_seed3407 step 1500/2000: loss=0.4611
semantic-head_10shot_seed3407 step 1520/2000: loss=0.3214
semantic-head_10shot_seed3407 step 1540/2000: loss=0.7939
semantic-head_10shot_seed3407 step 1560/2000: loss=0.3635
semantic-head_10shot_seed3407 step 1580/2000: loss=0.5201
semantic-head_10shot_seed3407 step 1600/2000: loss=0.2866
semantic-head_10shot_seed3407 step 1620/2000: loss=0.4366
semantic-head_10shot_seed3407 step 1640/2000: loss=1.0093
semantic-head_10shot_seed3407 step 1660/2000: loss=0.6191
semantic-head_10shot_seed3407 step 1680/2000: loss=0.5921
semantic-head_10shot_seed3407 step 1700/2000: loss=0.4425
semantic-head_10shot_seed3407 step 1720/2000: loss=0.1101
semantic-head_10shot_seed3407 step 1740/2000: loss=0.9461
semantic-head_10shot_seed3407 step 1760/2000: loss=0.7777
semantic-head_10shot_seed3407 step 1780/2000: loss=1.0115
semantic-head_10shot_seed3407 step 1800/2000: loss=0.1273
semantic-head_10shot_seed3407 step 1820/2000: loss=0.3121
semantic-head_10shot_seed3407 step 1840/2000: loss=0.1965
semantic-head_10shot_seed3407 step 1860/2000: loss=0.1763
semantic-head_10shot_seed3407 step 1880/2000: loss=0.4200
semantic-head_10shot_seed3407 step 1900/2000: loss=1.6191
semantic-head_10shot_seed3407 step 1920/2000: loss=1.1827
semantic-head_10shot_seed3407 step 1940/2000: loss=0.8260
semantic-head_10shot_seed3407 step 1960/2000: loss=1.2995
semantic-head_10shot_seed3407 step 1980/2000: loss=0.3576
semantic-head_10shot_seed3407 step 2000/2000: loss=0.4408
/root/miniconda3/lib/python3.12/site-packages/torch/nn/modules/conv.py:456: UserWarning: Plan failed with a cudnnException: CUDNN_BACKEND_EXECUTION_PLAN_DESCRIPTOR: cudnnFinalize Descriptor Failed cudnn_status: CUDNN_STATUS_NOT_SUPPORTED (Triggered internally at ../aten/src/ATen/native/cudnn/Conv_v8.cpp:919.)
  return F.conv2d(input, weight, bias, self.stride,
semantic-head_10shot_seed3407 evaluation 100/1599
semantic-head_10shot_seed3407 evaluation 200/1599
semantic-head_10shot_seed3407 evaluation 300/1599
semantic-head_10shot_seed3407 evaluation 400/1599
semantic-head_10shot_seed3407 evaluation 500/1599
semantic-head_10shot_seed3407 evaluation 600/1599
semantic-head_10shot_seed3407 evaluation 700/1599
semantic-head_10shot_seed3407 evaluation 800/1599
semantic-head_10shot_seed3407 evaluation 900/1599
semantic-head_10shot_seed3407 evaluation 1000/1599
semantic-head_10shot_seed3407 evaluation 1100/1599
semantic-head_10shot_seed3407 evaluation 1200/1599
semantic-head_10shot_seed3407 evaluation 1300/1599
semantic-head_10shot_seed3407 evaluation 1400/1599
semantic-head_10shot_seed3407 evaluation 1500/1599
{"signature": "088834f1f43eae16dec6a033a81af723055f36094a490b575dc96e51df1efb8a", "mode": "semantic-head", "shots_per_class": 10, "seed": 3407, "support_images": 70, "evaluation_images": 1599, "metrics": {"mIoU": 0.5418770204417467, "per_class_iou": {"background": 0.5398797756706347, "building": 0.6464768030329923, "road": 0.5499265379535964, "water": 0.6978752740436206, "barren": 0.36876202024566557, "forest": 0.4068800236028235, "agriculture": 0.5833387085428943}, "pixel_accuracy": 0.7169213986975798, "confusion": [[440764843, 36363620, 20650125, 30194071, 14526380, 25071437, 28032255], [10043462, 102952281, 609253, 193986, 407070, 1093536, 911771], [14017136, 599720, 55373275, 108361, 1724097, 1733502, 797799], [15375438, 145775, 362344, 162517620, 1994936, 2643248, 5145241], [17795577, 465725, 909960, 3550458, 35339227, 569355, 9141329], [38705080, 407790, 702123, 1307108, 874396, 66342471, 7763250], [124873531, 5057326, 3104436, 9336293, 8533558, 15838383, 305956007]]}}
DONE semantic_head_2000 K=10 seed=3407

START semantic_head_2000 K=10 seed=3408
{
  "support_images": {
    "0": 0,
    "1": 7,
    "2": 14,
    "5": 35,
    "10": 70
  },
  "evaluation_images": 1599,
  "protocol_sha256": "8184bef3aae39e2b9f01cd79a90782318f436744d14c43f108c76f56fc527ec5"
}
semantic-head_10shot_seed3408 step 20/2000: loss=0.8988
semantic-head_10shot_seed3408 step 40/2000: loss=0.5466
semantic-head_10shot_seed3408 step 60/2000: loss=0.0955
semantic-head_10shot_seed3408 step 80/2000: loss=0.4589
semantic-head_10shot_seed3408 step 100/2000: loss=1.2365
semantic-head_10shot_seed3408 step 120/2000: loss=0.5271
semantic-head_10shot_seed3408 step 140/2000: loss=0.3685
semantic-head_10shot_seed3408 step 160/2000: loss=0.0208
semantic-head_10shot_seed3408 step 180/2000: loss=0.5036
semantic-head_10shot_seed3408 step 200/2000: loss=0.5978
semantic-head_10shot_seed3408 step 220/2000: loss=0.9457
semantic-head_10shot_seed3408 step 240/2000: loss=0.2570
semantic-head_10shot_seed3408 step 260/2000: loss=0.6905
semantic-head_10shot_seed3408 step 280/2000: loss=0.2864
semantic-head_10shot_seed3408 step 300/2000: loss=1.2064
semantic-head_10shot_seed3408 step 320/2000: loss=0.5218
semantic-head_10shot_seed3408 step 340/2000: loss=0.3081
semantic-head_10shot_seed3408 step 360/2000: loss=0.2127
semantic-head_10shot_seed3408 step 380/2000: loss=2.6199
semantic-head_10shot_seed3408 step 400/2000: loss=0.1587
semantic-head_10shot_seed3408 step 420/2000: loss=0.0034
semantic-head_10shot_seed3408 step 440/2000: loss=0.4633
semantic-head_10shot_seed3408 step 460/2000: loss=0.3955
semantic-head_10shot_seed3408 step 480/2000: loss=0.5062
semantic-head_10shot_seed3408 step 500/2000: loss=1.2656
semantic-head_10shot_seed3408 step 520/2000: loss=1.1483
semantic-head_10shot_seed3408 step 540/2000: loss=1.8306
semantic-head_10shot_seed3408 step 560/2000: loss=0.0653
semantic-head_10shot_seed3408 step 580/2000: loss=0.3854
semantic-head_10shot_seed3408 step 600/2000: loss=0.3103
semantic-head_10shot_seed3408 step 620/2000: loss=0.6719
semantic-head_10shot_seed3408 step 640/2000: loss=0.3833
semantic-head_10shot_seed3408 step 660/2000: loss=0.4225
semantic-head_10shot_seed3408 step 680/2000: loss=0.6559
semantic-head_10shot_seed3408 step 700/2000: loss=0.7930
semantic-head_10shot_seed3408 step 720/2000: loss=0.2248
semantic-head_10shot_seed3408 step 740/2000: loss=0.3722
semantic-head_10shot_seed3408 step 760/2000: loss=0.3051
semantic-head_10shot_seed3408 step 780/2000: loss=0.5959
semantic-head_10shot_seed3408 step 800/2000: loss=0.7018
semantic-head_10shot_seed3408 step 820/2000: loss=0.4863
semantic-head_10shot_seed3408 step 840/2000: loss=1.0144
semantic-head_10shot_seed3408 step 860/2000: loss=1.3873
semantic-head_10shot_seed3408 step 880/2000: loss=0.2926
semantic-head_10shot_seed3408 step 900/2000: loss=0.3575
semantic-head_10shot_seed3408 step 920/2000: loss=1.5584
semantic-head_10shot_seed3408 step 940/2000: loss=2.3399
semantic-head_10shot_seed3408 step 960/2000: loss=0.6703
semantic-head_10shot_seed3408 step 980/2000: loss=0.8096
semantic-head_10shot_seed3408 step 1000/2000: loss=2.2524
semantic-head_10shot_seed3408 step 1020/2000: loss=2.0123
semantic-head_10shot_seed3408 step 1040/2000: loss=0.3036
semantic-head_10shot_seed3408 step 1060/2000: loss=0.2041
semantic-head_10shot_seed3408 step 1080/2000: loss=0.4164
semantic-head_10shot_seed3408 step 1100/2000: loss=0.2660
semantic-head_10shot_seed3408 step 1120/2000: loss=0.5396
semantic-head_10shot_seed3408 step 1140/2000: loss=0.1550
semantic-head_10shot_seed3408 step 1160/2000: loss=0.0145
semantic-head_10shot_seed3408 step 1180/2000: loss=0.1626
semantic-head_10shot_seed3408 step 1200/2000: loss=0.3908
semantic-head_10shot_seed3408 step 1220/2000: loss=0.3555
semantic-head_10shot_seed3408 step 1240/2000: loss=0.2209
semantic-head_10shot_seed3408 step 1260/2000: loss=1.4539
semantic-head_10shot_seed3408 step 1280/2000: loss=0.5843
semantic-head_10shot_seed3408 step 1300/2000: loss=0.2370
semantic-head_10shot_seed3408 step 1320/2000: loss=0.8210
semantic-head_10shot_seed3408 step 1340/2000: loss=0.3401
semantic-head_10shot_seed3408 step 1360/2000: loss=0.6618
semantic-head_10shot_seed3408 step 1380/2000: loss=0.6364
semantic-head_10shot_seed3408 step 1400/2000: loss=0.4977
semantic-head_10shot_seed3408 step 1420/2000: loss=0.3020
semantic-head_10shot_seed3408 step 1440/2000: loss=0.4130
semantic-head_10shot_seed3408 step 1460/2000: loss=0.4512
semantic-head_10shot_seed3408 step 1480/2000: loss=0.4016
semantic-head_10shot_seed3408 step 1500/2000: loss=0.1841
semantic-head_10shot_seed3408 step 1520/2000: loss=0.6023
semantic-head_10shot_seed3408 step 1540/2000: loss=0.5037
semantic-head_10shot_seed3408 step 1560/2000: loss=0.6505
semantic-head_10shot_seed3408 step 1580/2000: loss=0.2261
semantic-head_10shot_seed3408 step 1600/2000: loss=0.9279
semantic-head_10shot_seed3408 step 1620/2000: loss=0.0765
semantic-head_10shot_seed3408 step 1640/2000: loss=0.6930
semantic-head_10shot_seed3408 step 1660/2000: loss=0.5206
semantic-head_10shot_seed3408 step 1680/2000: loss=0.4569
semantic-head_10shot_seed3408 step 1700/2000: loss=1.0467
semantic-head_10shot_seed3408 step 1720/2000: loss=0.2782
semantic-head_10shot_seed3408 step 1740/2000: loss=0.3613
semantic-head_10shot_seed3408 step 1760/2000: loss=0.1884
semantic-head_10shot_seed3408 step 1780/2000: loss=0.3993
semantic-head_10shot_seed3408 step 1800/2000: loss=0.1431
semantic-head_10shot_seed3408 step 1820/2000: loss=0.4292
semantic-head_10shot_seed3408 step 1840/2000: loss=0.8005
semantic-head_10shot_seed3408 step 1860/2000: loss=0.2486
semantic-head_10shot_seed3408 step 1880/2000: loss=1.0880
semantic-head_10shot_seed3408 step 1900/2000: loss=0.8788
semantic-head_10shot_seed3408 step 1920/2000: loss=0.4762
semantic-head_10shot_seed3408 step 1940/2000: loss=0.7129
semantic-head_10shot_seed3408 step 1960/2000: loss=0.0838
semantic-head_10shot_seed3408 step 1980/2000: loss=2.0350
semantic-head_10shot_seed3408 step 2000/2000: loss=0.6551
/root/miniconda3/lib/python3.12/site-packages/torch/nn/modules/conv.py:456: UserWarning: Plan failed with a cudnnException: CUDNN_BACKEND_EXECUTION_PLAN_DESCRIPTOR: cudnnFinalize Descriptor Failed cudnn_status: CUDNN_STATUS_NOT_SUPPORTED (Triggered internally at ../aten/src/ATen/native/cudnn/Conv_v8.cpp:919.)
  return F.conv2d(input, weight, bias, self.stride,
semantic-head_10shot_seed3408 evaluation 100/1599
semantic-head_10shot_seed3408 evaluation 200/1599
semantic-head_10shot_seed3408 evaluation 300/1599
semantic-head_10shot_seed3408 evaluation 400/1599
semantic-head_10shot_seed3408 evaluation 500/1599
semantic-head_10shot_seed3408 evaluation 600/1599
semantic-head_10shot_seed3408 evaluation 700/1599
semantic-head_10shot_seed3408 evaluation 800/1599
semantic-head_10shot_seed3408 evaluation 900/1599
semantic-head_10shot_seed3408 evaluation 1000/1599
semantic-head_10shot_seed3408 evaluation 1100/1599
semantic-head_10shot_seed3408 evaluation 1200/1599
semantic-head_10shot_seed3408 evaluation 1300/1599
semantic-head_10shot_seed3408 evaluation 1400/1599
semantic-head_10shot_seed3408 evaluation 1500/1599
{"signature": "c4d60e7fcf36902108b1c9b89be943425673ae8de005f7132309d0ffb968607c", "mode": "semantic-head", "shots_per_class": 10, "seed": 3408, "support_images": 70, "evaluation_images": 1599, "metrics": {"mIoU": 0.542226862678335, "per_class_iou": {"background": 0.5405623611396133, "building": 0.6485562497430855, "road": 0.5505534623697411, "water": 0.6976789475366438, "barren": 0.36788892879634005, "forest": 0.4070725298659114, "agriculture": 0.5832755592970105}, "pixel_accuracy": 0.7171716792184372, "confusion": [[441451382, 35508194, 20432036, 30289908, 14066921, 25909814, 27944476], [10402590, 102601266, 590806, 193582, 393273, 1117472, 912370], [14120819, 576281, 55329262, 107835, 1691341, 1744449, 783903], [15315831, 143380, 365872, 162554288, 1949082, 2755298, 5100851], [18128033, 461956, 913899, 3565306, 34969042, 597579, 9135816], [38247455, 405822, 707518, 1305257, 840211, 67027425, 7568530], [124834631, 4892495, 3133507, 9346477, 8340801, 16430375, 305721248]]}}
DONE semantic_head_2000 K=10 seed=3408

START semantic_head_2000 K=10 seed=3409
{
  "support_images": {
    "0": 0,
    "1": 7,
    "2": 14,
    "5": 35,
    "10": 70
  },
  "evaluation_images": 1599,
  "protocol_sha256": "8184bef3aae39e2b9f01cd79a90782318f436744d14c43f108c76f56fc527ec5"
}
semantic-head_10shot_seed3409 step 20/2000: loss=1.0249
semantic-head_10shot_seed3409 step 40/2000: loss=0.8738
semantic-head_10shot_seed3409 step 60/2000: loss=0.7272
semantic-head_10shot_seed3409 step 80/2000: loss=1.5326
semantic-head_10shot_seed3409 step 100/2000: loss=0.2647
semantic-head_10shot_seed3409 step 120/2000: loss=0.6482
semantic-head_10shot_seed3409 step 140/2000: loss=0.1212
semantic-head_10shot_seed3409 step 160/2000: loss=1.3410
semantic-head_10shot_seed3409 step 180/2000: loss=0.5826
semantic-head_10shot_seed3409 step 200/2000: loss=0.5053
semantic-head_10shot_seed3409 step 220/2000: loss=0.2833
semantic-head_10shot_seed3409 step 240/2000: loss=1.2601
semantic-head_10shot_seed3409 step 260/2000: loss=0.7622
semantic-head_10shot_seed3409 step 280/2000: loss=0.4620
semantic-head_10shot_seed3409 step 300/2000: loss=1.9187
semantic-head_10shot_seed3409 step 320/2000: loss=0.7400
semantic-head_10shot_seed3409 step 340/2000: loss=0.5662
semantic-head_10shot_seed3409 step 360/2000: loss=0.2700
semantic-head_10shot_seed3409 step 380/2000: loss=0.2991
semantic-head_10shot_seed3409 step 400/2000: loss=0.9210
semantic-head_10shot_seed3409 step 420/2000: loss=0.2914
semantic-head_10shot_seed3409 step 440/2000: loss=1.2866
semantic-head_10shot_seed3409 step 460/2000: loss=0.9847
semantic-head_10shot_seed3409 step 480/2000: loss=0.5842
semantic-head_10shot_seed3409 step 500/2000: loss=1.0914
semantic-head_10shot_seed3409 step 520/2000: loss=0.5107
semantic-head_10shot_seed3409 step 540/2000: loss=0.6501
semantic-head_10shot_seed3409 step 560/2000: loss=0.4254
semantic-head_10shot_seed3409 step 580/2000: loss=0.2743
semantic-head_10shot_seed3409 step 600/2000: loss=0.1717
semantic-head_10shot_seed3409 step 620/2000: loss=0.3881
semantic-head_10shot_seed3409 step 640/2000: loss=1.1938
semantic-head_10shot_seed3409 step 660/2000: loss=0.7279
semantic-head_10shot_seed3409 step 680/2000: loss=0.4017
semantic-head_10shot_seed3409 step 700/2000: loss=0.5869
semantic-head_10shot_seed3409 step 720/2000: loss=0.6811
semantic-head_10shot_seed3409 step 740/2000: loss=1.0394
semantic-head_10shot_seed3409 step 760/2000: loss=0.2743
semantic-head_10shot_seed3409 step 780/2000: loss=0.3117
semantic-head_10shot_seed3409 step 800/2000: loss=0.6015
semantic-head_10shot_seed3409 step 820/2000: loss=2.3836
semantic-head_10shot_seed3409 step 840/2000: loss=0.2715
semantic-head_10shot_seed3409 step 860/2000: loss=0.6232
semantic-head_10shot_seed3409 step 880/2000: loss=0.3336
semantic-head_10shot_seed3409 step 900/2000: loss=0.2971
semantic-head_10shot_seed3409 step 920/2000: loss=0.6937
semantic-head_10shot_seed3409 step 940/2000: loss=0.5579
semantic-head_10shot_seed3409 step 960/2000: loss=0.1254
semantic-head_10shot_seed3409 step 980/2000: loss=1.0436
semantic-head_10shot_seed3409 step 1000/2000: loss=0.1524
semantic-head_10shot_seed3409 step 1020/2000: loss=0.4769
semantic-head_10shot_seed3409 step 1040/2000: loss=0.2484
semantic-head_10shot_seed3409 step 1060/2000: loss=0.3390
semantic-head_10shot_seed3409 step 1080/2000: loss=1.1615
semantic-head_10shot_seed3409 step 1100/2000: loss=0.9689
semantic-head_10shot_seed3409 step 1120/2000: loss=1.1602
semantic-head_10shot_seed3409 step 1140/2000: loss=0.4545
semantic-head_10shot_seed3409 step 1160/2000: loss=0.7903
semantic-head_10shot_seed3409 step 1180/2000: loss=0.3785
semantic-head_10shot_seed3409 step 1200/2000: loss=0.8208
semantic-head_10shot_seed3409 step 1220/2000: loss=0.1268
semantic-head_10shot_seed3409 step 1240/2000: loss=0.2588
semantic-head_10shot_seed3409 step 1260/2000: loss=0.4733
semantic-head_10shot_seed3409 step 1280/2000: loss=0.9325
semantic-head_10shot_seed3409 step 1300/2000: loss=0.1228
semantic-head_10shot_seed3409 step 1320/2000: loss=1.1253
semantic-head_10shot_seed3409 step 1340/2000: loss=0.4116
semantic-head_10shot_seed3409 step 1360/2000: loss=1.9471
semantic-head_10shot_seed3409 step 1380/2000: loss=0.5914
semantic-head_10shot_seed3409 step 1400/2000: loss=1.3067
semantic-head_10shot_seed3409 step 1420/2000: loss=0.4819
semantic-head_10shot_seed3409 step 1440/2000: loss=0.5164
semantic-head_10shot_seed3409 step 1460/2000: loss=0.1648
semantic-head_10shot_seed3409 step 1480/2000: loss=0.2391
semantic-head_10shot_seed3409 step 1500/2000: loss=0.8610
semantic-head_10shot_seed3409 step 1520/2000: loss=0.5468
semantic-head_10shot_seed3409 step 1540/2000: loss=0.4902
semantic-head_10shot_seed3409 step 1560/2000: loss=0.3210
semantic-head_10shot_seed3409 step 1580/2000: loss=1.0418
semantic-head_10shot_seed3409 step 1600/2000: loss=1.1608
semantic-head_10shot_seed3409 step 1620/2000: loss=0.8201
semantic-head_10shot_seed3409 step 1640/2000: loss=0.6976
semantic-head_10shot_seed3409 step 1660/2000: loss=0.7647
semantic-head_10shot_seed3409 step 1680/2000: loss=0.5950
semantic-head_10shot_seed3409 step 1700/2000: loss=0.3366
semantic-head_10shot_seed3409 step 1720/2000: loss=0.4644
semantic-head_10shot_seed3409 step 1740/2000: loss=0.6711
semantic-head_10shot_seed3409 step 1760/2000: loss=0.2630
semantic-head_10shot_seed3409 step 1780/2000: loss=0.3800
semantic-head_10shot_seed3409 step 1800/2000: loss=0.9319
semantic-head_10shot_seed3409 step 1820/2000: loss=0.3606
semantic-head_10shot_seed3409 step 1840/2000: loss=0.4067
semantic-head_10shot_seed3409 step 1860/2000: loss=0.9413
semantic-head_10shot_seed3409 step 1880/2000: loss=0.3489
semantic-head_10shot_seed3409 step 1900/2000: loss=0.5857
semantic-head_10shot_seed3409 step 1920/2000: loss=0.2716
semantic-head_10shot_seed3409 step 1940/2000: loss=1.0207
semantic-head_10shot_seed3409 step 1960/2000: loss=0.5859
semantic-head_10shot_seed3409 step 1980/2000: loss=0.1976
semantic-head_10shot_seed3409 step 2000/2000: loss=0.4516
/root/miniconda3/lib/python3.12/site-packages/torch/nn/modules/conv.py:456: UserWarning: Plan failed with a cudnnException: CUDNN_BACKEND_EXECUTION_PLAN_DESCRIPTOR: cudnnFinalize Descriptor Failed cudnn_status: CUDNN_STATUS_NOT_SUPPORTED (Triggered internally at ../aten/src/ATen/native/cudnn/Conv_v8.cpp:919.)
  return F.conv2d(input, weight, bias, self.stride,
semantic-head_10shot_seed3409 evaluation 100/1599
semantic-head_10shot_seed3409 evaluation 200/1599
semantic-head_10shot_seed3409 evaluation 300/1599
semantic-head_10shot_seed3409 evaluation 400/1599
semantic-head_10shot_seed3409 evaluation 500/1599
semantic-head_10shot_seed3409 evaluation 600/1599
semantic-head_10shot_seed3409 evaluation 700/1599
semantic-head_10shot_seed3409 evaluation 800/1599
semantic-head_10shot_seed3409 evaluation 900/1599
semantic-head_10shot_seed3409 evaluation 1000/1599
semantic-head_10shot_seed3409 evaluation 1100/1599
semantic-head_10shot_seed3409 evaluation 1200/1599
semantic-head_10shot_seed3409 evaluation 1300/1599
semantic-head_10shot_seed3409 evaluation 1400/1599
semantic-head_10shot_seed3409 evaluation 1500/1599
{"signature": "0bee9ad3428b89792b2045c0d9dc13551eb98e56cbc2a7e81087124f8eeb881c", "mode": "semantic-head", "shots_per_class": 10, "seed": 3409, "support_images": 70, "evaluation_images": 1599, "metrics": {"mIoU": 0.5419899691218056, "per_class_iou": {"background": 0.5412683339923902, "building": 0.6488633042616113, "road": 0.5507449091694974, "water": 0.6976820257731714, "barren": 0.36669171497566133, "forest": 0.4068975721206994, "agriculture": 0.5817819235596089}, "pixel_accuracy": 0.7171740655928548, "confusion": [[444264385, 35377345, 20366411, 30237929, 13585486, 25001063, 26770112], [10506957, 102543791, 589597, 194673, 387182, 1090839, 898320], [14218891, 577548, 55281495, 108651, 1672301, 1734801, 760203], [15595480, 142758, 359336, 162625559, 1872082, 2626284, 4963103], [18684647, 463363, 906333, 3622653, 34546985, 578847, 8968803], [38985966, 404469, 700496, 1335394, 792011, 66373606, 7510276], [127189322, 4859204, 3099799, 9410191, 8131921, 15987113, 304021984]]}}
DONE semantic_head_2000 K=10 seed=3409
ALL_DONE
Unified stdout/stderr log: /root/autodl-tmp/work_dirs/mathseg_fewshot_20260922/loveda/m0/grid_20260922_122209_548840.log

START adapter_200 K=1 seed=3407
{
  "support_images": {
    "0": 0,
    "1": 7,
    "2": 14,
    "5": 35,
    "10": 70
  },
  "evaluation_images": 1599,
  "protocol_sha256": "8184bef3aae39e2b9f01cd79a90782318f436744d14c43f108c76f56fc527ec5"
}
DONE adapter_200 K=1 seed=3407

START adapter_200 K=2 seed=3407
{
  "support_images": {
    "0": 0,
    "1": 7,
    "2": 14,
    "5": 35,
    "10": 70
  },
  "evaluation_images": 1599,
  "protocol_sha256": "8184bef3aae39e2b9f01cd79a90782318f436744d14c43f108c76f56fc527ec5"
}
DONE adapter_200 K=2 seed=3407

START adapter_200 K=5 seed=3407
{
  "support_images": {
    "0": 0,
    "1": 7,
    "2": 14,
    "5": 35,
    "10": 70
  },
  "evaluation_images": 1599,
  "protocol_sha256": "8184bef3aae39e2b9f01cd79a90782318f436744d14c43f108c76f56fc527ec5"
}
DONE adapter_200 K=5 seed=3407

START adapter_200 K=10 seed=3407
{
  "support_images": {
    "0": 0,
    "1": 7,
    "2": 14,
    "5": 35,
    "10": 70
  },
  "evaluation_images": 1599,
  "protocol_sha256": "8184bef3aae39e2b9f01cd79a90782318f436744d14c43f108c76f56fc527ec5"
}
DONE adapter_200 K=10 seed=3407

START adapter_2000 K=1 seed=3407
{
  "support_images": {
    "0": 0,
    "1": 7,
    "2": 14,
    "5": 35,
    "10": 70
  },
  "evaluation_images": 1599,
  "protocol_sha256": "8184bef3aae39e2b9f01cd79a90782318f436744d14c43f108c76f56fc527ec5"
}
DONE adapter_2000 K=1 seed=3407

START adapter_2000 K=2 seed=3407
{
  "support_images": {
    "0": 0,
    "1": 7,
    "2": 14,
    "5": 35,
    "10": 70
  },
  "evaluation_images": 1599,
  "protocol_sha256": "8184bef3aae39e2b9f01cd79a90782318f436744d14c43f108c76f56fc527ec5"
}
DONE adapter_2000 K=2 seed=3407

START adapter_2000 K=5 seed=3407
{
  "support_images": {
    "0": 0,
    "1": 7,
    "2": 14,
    "5": 35,
    "10": 70
  },
  "evaluation_images": 1599,
  "protocol_sha256": "8184bef3aae39e2b9f01cd79a90782318f436744d14c43f108c76f56fc527ec5"
}
DONE adapter_2000 K=5 seed=3407

START adapter_2000 K=10 seed=3407
{
  "support_images": {
    "0": 0,
    "1": 7,
    "2": 14,
    "5": 35,
    "10": 70
  },
  "evaluation_images": 1599,
  "protocol_sha256": "8184bef3aae39e2b9f01cd79a90782318f436744d14c43f108c76f56fc527ec5"
}
DONE adapter_2000 K=10 seed=3407

START semantic_head_200 K=1 seed=3407
{
  "support_images": {
    "0": 0,
    "1": 7,
    "2": 14,
    "5": 35,
    "10": 70
  },
  "evaluation_images": 1599,
  "protocol_sha256": "8184bef3aae39e2b9f01cd79a90782318f436744d14c43f108c76f56fc527ec5"
}
DONE semantic_head_200 K=1 seed=3407

START semantic_head_200 K=2 seed=3407
{
  "support_images": {
    "0": 0,
    "1": 7,
    "2": 14,
    "5": 35,
    "10": 70
  },
  "evaluation_images": 1599,
  "protocol_sha256": "8184bef3aae39e2b9f01cd79a90782318f436744d14c43f108c76f56fc527ec5"
}
DONE semantic_head_200 K=2 seed=3407

START semantic_head_200 K=5 seed=3407
{
  "support_images": {
    "0": 0,
    "1": 7,
    "2": 14,
    "5": 35,
    "10": 70
  },
  "evaluation_images": 1599,
  "protocol_sha256": "8184bef3aae39e2b9f01cd79a90782318f436744d14c43f108c76f56fc527ec5"
}
DONE semantic_head_200 K=5 seed=3407

START semantic_head_200 K=10 seed=3407
{
  "support_images": {
    "0": 0,
    "1": 7,
    "2": 14,
    "5": 35,
    "10": 70
  },
  "evaluation_images": 1599,
  "protocol_sha256": "8184bef3aae39e2b9f01cd79a90782318f436744d14c43f108c76f56fc527ec5"
}
DONE semantic_head_200 K=10 seed=3407

START semantic_head_2000 K=1 seed=3407
{
  "support_images": {
    "0": 0,
    "1": 7,
    "2": 14,
    "5": 35,
    "10": 70
  },
  "evaluation_images": 1599,
  "protocol_sha256": "8184bef3aae39e2b9f01cd79a90782318f436744d14c43f108c76f56fc527ec5"
}
DONE semantic_head_2000 K=1 seed=3407

START semantic_head_2000 K=2 seed=3407
{
  "support_images": {
    "0": 0,
    "1": 7,
    "2": 14,
    "5": 35,
    "10": 70
  },
  "evaluation_images": 1599,
  "protocol_sha256": "8184bef3aae39e2b9f01cd79a90782318f436744d14c43f108c76f56fc527ec5"
}
DONE semantic_head_2000 K=2 seed=3407

START semantic_head_2000 K=5 seed=3407
{
  "support_images": {
    "0": 0,
    "1": 7,
    "2": 14,
    "5": 35,
    "10": 70
  },
  "evaluation_images": 1599,
  "protocol_sha256": "8184bef3aae39e2b9f01cd79a90782318f436744d14c43f108c76f56fc527ec5"
}
DONE semantic_head_2000 K=5 seed=3407

START semantic_head_2000 K=10 seed=3407
{
  "support_images": {
    "0": 0,
    "1": 7,
    "2": 14,
    "5": 35,
    "10": 70
  },
  "evaluation_images": 1599,
  "protocol_sha256": "8184bef3aae39e2b9f01cd79a90782318f436744d14c43f108c76f56fc527ec5"
}
DONE semantic_head_2000 K=10 seed=3407
ALL_DONE
