Unified stdout/stderr log: /root/autodl-tmp/work_dirs/mathseg_fewshot_20260922/suim/m0/grid_20260922_085618_288427.log

START adapter_200 K=1 seed=3407
{
  "shots_per_class": 1,
  "support_images": 8,
  "evaluation_images": 110,
  "protocol_sha256": "16da76ae8e9677aec5f30b09dad79b23402cfee6964f31ede28bf1d72bf52540"
}
step 20/200: loss=1.5962
step 40/200: loss=1.4601
step 60/200: loss=1.3006
step 80/200: loss=1.1781
step 100/200: loss=1.1687
step 120/200: loss=1.1683
step 140/200: loss=0.7375
step 160/200: loss=0.7477
step 180/200: loss=0.8190
step 200/200: loss=1.1240
/root/miniconda3/lib/python3.12/site-packages/torch/nn/modules/conv.py:456: UserWarning: Plan failed with a cudnnException: CUDNN_BACKEND_EXECUTION_PLAN_DESCRIPTOR: cudnnFinalize Descriptor Failed cudnn_status: CUDNN_STATUS_NOT_SUPPORTED (Triggered internally at ../aten/src/ATen/native/cudnn/Conv_v8.cpp:919.)
  return F.conv2d(input, weight, bias, self.stride,
evaluation 25/110
evaluation 50/110
evaluation 75/110
evaluation 100/110
evaluation 110/110
{
  "signature": "7bae4df4eaaf991d95866d8c472c845c42be96b5751ade50cb66e11dbbbed067",
  "mode": "adapter",
  "steps": 200,
  "shots_per_class": 1,
  "seed": 3407,
  "support_images": 8,
  "evaluation_images": 110,
  "metrics": {
    "mIoU": 0.08744662727989014,
    "foreground_mIoU": 0.09979303256431746,
    "pixel_accuracy": 0.17080535530088403,
    "per_class_iou": {
      "BW_background_waterbody": 0.0010217902888987873,
      "HD_human_divers": 0.04903865602685759,
      "PF_plants_seagrass": 0.0006621981127353787,
      "WR_wrecks_ruins": 0.08004174053164169,
      "RO_robots_instruments": 0.023402093832480875,
      "RI_reefs_invertebrates": 0.25630720918684297,
      "FV_fish_vertebrates": 0.20812310382309582,
      "SR_sand_seafloor_rocks": 0.08097622643656796
    },
    "confusion": [
      [
        16849,
        10229058,
        11524,
        1014011,
        704715,
        3812273,
        190932,
        498916
      ],
      [
        1197,
        678116,
        27081,
        98188,
        266659,
        182419,
        189463,
        10926
      ],
      [
        0,
        21978,
        1548,
        48195,
        219611,
        377431,
        9015,
        537839
      ],
      [
        3158,
        178675,
        42895,
        481625,
        1026329,
        377935,
        253759,
        506640
      ],
      [
        2540,
        115694,
        270,
        40174,
        100874,
        2677,
        88744,
        3326
      ],
      [
        349,
        311854,
        577169,
        70947,
        666819,
        3824670,
        164658,
        2057924
      ],
      [
        1424,
        152209,
        45427,
        387369,
        518969,
        671277,
        784642,
        105387
      ],
      [
        2739,
        1364676,
        417686,
        1487273,
        553068,
        1823808,
        206811,
        843842
      ]
    ]
  }
}
DONE adapter_200 K=1 seed=3407

START adapter_200 K=1 seed=3408
{
  "shots_per_class": 1,
  "support_images": 8,
  "evaluation_images": 110,
  "protocol_sha256": "16da76ae8e9677aec5f30b09dad79b23402cfee6964f31ede28bf1d72bf52540"
}
step 20/200: loss=1.8108
step 40/200: loss=1.1470
step 60/200: loss=0.9996
step 80/200: loss=1.0645
step 100/200: loss=1.0840
step 120/200: loss=0.8719
step 140/200: loss=0.7164
step 160/200: loss=0.9137
step 180/200: loss=0.9129
step 200/200: loss=0.9116
/root/miniconda3/lib/python3.12/site-packages/torch/nn/modules/conv.py:456: UserWarning: Plan failed with a cudnnException: CUDNN_BACKEND_EXECUTION_PLAN_DESCRIPTOR: cudnnFinalize Descriptor Failed cudnn_status: CUDNN_STATUS_NOT_SUPPORTED (Triggered internally at ../aten/src/ATen/native/cudnn/Conv_v8.cpp:919.)
  return F.conv2d(input, weight, bias, self.stride,
evaluation 25/110
evaluation 50/110
evaluation 75/110
evaluation 100/110
evaluation 110/110
{
  "signature": "f9917b218e093f452a7713a3126c8030a0ae2a1a2c8b0bcd684b096ea8913aa7",
  "mode": "adapter",
  "steps": 200,
  "shots_per_class": 1,
  "seed": 3408,
  "support_images": 8,
  "evaluation_images": 110,
  "metrics": {
    "mIoU": 0.19779901695326602,
    "foreground_mIoU": 0.13867664567313787,
    "pixel_accuracy": 0.45486635597028646,
    "per_class_iou": {
      "BW_background_waterbody": 0.6116556159141631,
      "HD_human_divers": 0.006257288500892646,
      "PF_plants_seagrass": 0.09867677769413877,
      "WR_wrecks_ruins": 0.15766732737971154,
      "RO_robots_instruments": 0.01621071282180116,
      "RI_reefs_invertebrates": 0.1203682842879511,
      "FV_fish_vertebrates": 0.30287859710879844,
      "SR_sand_seafloor_rocks": 0.26867753191867144
    },
    "confusion": [
      [
        11332847,
        1643432,
        39897,
        513198,
        335253,
        2033962,
        351546,
        228143
      ],
      [
        325220,
        22477,
        114709,
        33426,
        187833,
        237771,
        418282,
        114331
      ],
      [
        20954,
        17364,
        668943,
        31175,
        61753,
        293083,
        28230,
        94115
      ],
      [
        233964,
        27526,
        275807,
        678431,
        366943,
        754038,
        252511,
        281796
      ],
      [
        72224,
        9995,
        72414,
        38495,
        30650,
        6080,
        119429,
        5012
      ],
      [
        50166,
        33694,
        4475066,
        39105,
        395959,
        1533341,
        295471,
        851588
      ],
      [
        159827,
        23551,
        196348,
        73568,
        146156,
        337695,
        1331232,
        398327
      ],
      [
        1187517,
        382520,
        389275,
        702944,
        42529,
        1401727,
        263093,
        2330298
      ]
    ]
  }
}
DONE adapter_200 K=1 seed=3408

START adapter_200 K=1 seed=3409
{
  "shots_per_class": 1,
  "support_images": 8,
  "evaluation_images": 110,
  "protocol_sha256": "16da76ae8e9677aec5f30b09dad79b23402cfee6964f31ede28bf1d72bf52540"
}
step 20/200: loss=2.0137
step 40/200: loss=1.8680
step 60/200: loss=1.1189
step 80/200: loss=0.8603
step 100/200: loss=0.7803
step 120/200: loss=0.6776
step 140/200: loss=1.0257
step 160/200: loss=0.9357
step 180/200: loss=0.8669
step 200/200: loss=0.9966
/root/miniconda3/lib/python3.12/site-packages/torch/nn/modules/conv.py:456: UserWarning: Plan failed with a cudnnException: CUDNN_BACKEND_EXECUTION_PLAN_DESCRIPTOR: cudnnFinalize Descriptor Failed cudnn_status: CUDNN_STATUS_NOT_SUPPORTED (Triggered internally at ../aten/src/ATen/native/cudnn/Conv_v8.cpp:919.)
  return F.conv2d(input, weight, bias, self.stride,
evaluation 25/110
evaluation 50/110
evaluation 75/110
evaluation 100/110
evaluation 110/110
{
  "signature": "65ce92c54be10d6494204a1630d1e6f9ac0cf34d3f1a705e27f21006009c7809",
  "mode": "adapter",
  "steps": 200,
  "shots_per_class": 1,
  "seed": 3409,
  "support_images": 8,
  "evaluation_images": 110,
  "metrics": {
    "mIoU": 0.13875633986552044,
    "foreground_mIoU": 0.12022495613749319,
    "pixel_accuracy": 0.31120232232723105,
    "per_class_iou": {
      "BW_background_waterbody": 0.26847602596171105,
      "HD_human_divers": 0.003296336883678663,
      "PF_plants_seagrass": 0.15059953907499685,
      "WR_wrecks_ruins": 0.14566600623864775,
      "RO_robots_instruments": 0.009501717305151916,
      "RI_reefs_invertebrates": 0.2387700564558635,
      "FV_fish_vertebrates": 0.2843637391857438,
      "SR_sand_seafloor_rocks": 0.009377297818369882
    },
    "confusion": [
      [
        4534588,
        3206456,
        52762,
        4756821,
        385015,
        2531492,
        926224,
        84920
      ],
      [
        30604,
        16559,
        1066,
        277471,
        45045,
        104484,
        977714,
        1106
      ],
      [
        0,
        401,
        680128,
        252621,
        21889,
        193368,
        64382,
        2828
      ],
      [
        31048,
        11537,
        154627,
        1649885,
        13989,
        457829,
        545772,
        6329
      ],
      [
        119092,
        1034,
        4,
        19598,
        8991,
        425,
        205155,
        0
      ],
      [
        18607,
        12580,
        2808610,
        808243,
        22556,
        3513552,
        473993,
        16249
      ],
      [
        27768,
        10179,
        51185,
        170517,
        55226,
        543340,
        1798136,
        10353
      ],
      [
        184707,
        327219,
        232265,
        2170206,
        48231,
        3209884,
        463422,
        63969
      ]
    ]
  }
}
DONE adapter_200 K=1 seed=3409

START adapter_200 K=2 seed=3407
{
  "shots_per_class": 2,
  "support_images": 16,
  "evaluation_images": 110,
  "protocol_sha256": "16da76ae8e9677aec5f30b09dad79b23402cfee6964f31ede28bf1d72bf52540"
}
step 20/200: loss=1.9759
step 40/200: loss=1.6975
step 60/200: loss=1.6358
step 80/200: loss=1.2012
step 100/200: loss=1.3296
step 120/200: loss=1.0748
step 140/200: loss=1.0944
step 160/200: loss=1.3670
step 180/200: loss=1.0285
step 200/200: loss=1.1813
/root/miniconda3/lib/python3.12/site-packages/torch/nn/modules/conv.py:456: UserWarning: Plan failed with a cudnnException: CUDNN_BACKEND_EXECUTION_PLAN_DESCRIPTOR: cudnnFinalize Descriptor Failed cudnn_status: CUDNN_STATUS_NOT_SUPPORTED (Triggered internally at ../aten/src/ATen/native/cudnn/Conv_v8.cpp:919.)
  return F.conv2d(input, weight, bias, self.stride,
evaluation 25/110
evaluation 50/110
evaluation 75/110
evaluation 100/110
evaluation 110/110
{
  "signature": "c2917a742924f39e9b2aa4b6add45dbd38f3a9dc7006035f4904cbfb5ef2ba53",
  "mode": "adapter",
  "steps": 200,
  "shots_per_class": 2,
  "seed": 3407,
  "support_images": 16,
  "evaluation_images": 110,
  "metrics": {
    "mIoU": 0.13816287727430032,
    "foreground_mIoU": 0.11062181405754161,
    "pixel_accuracy": 0.26355342087390915,
    "per_class_iou": {
      "BW_background_waterbody": 0.33095031979161116,
      "HD_human_divers": 0.16888479477766238,
      "PF_plants_seagrass": 0.04668027135890402,
      "WR_wrecks_ruins": 0.08104109430601626,
      "RO_robots_instruments": 0.05871213261379029,
      "RI_reefs_invertebrates": 0.10692381038382645,
      "FV_fish_vertebrates": 0.2910610779243516,
      "SR_sand_seafloor_rocks": 0.0210495170382403
    },
    "confusion": [
      [
        5602190,
        1334473,
        452941,
        3582957,
        1178446,
        3981980,
        192480,
        152811
      ],
      [
        18834,
        561559,
        176370,
        137500,
        238624,
        119915,
        196092,
        5155
      ],
      [
        7741,
        7190,
        450538,
        133573,
        49423,
        280834,
        44267,
        242051
      ],
      [
        54254,
        161935,
        458458,
        838012,
        587776,
        95015,
        236502,
        439064
      ],
      [
        8013,
        113719,
        926,
        5302,
        204807,
        1166,
        20287,
        79
      ],
      [
        10360,
        55723,
        5226081,
        286305,
        251486,
        1364051,
        245968,
        234416
      ],
      [
        23226,
        31562,
        509629,
        486285,
        216624,
        150172,
        1201983,
        47223
      ],
      [
        326880,
        166450,
        1611550,
        2837643,
        611647,
        453752,
        527359,
        164622
      ]
    ]
  }
}
DONE adapter_200 K=2 seed=3407

START adapter_200 K=2 seed=3408
{
  "shots_per_class": 2,
  "support_images": 16,
  "evaluation_images": 110,
  "protocol_sha256": "16da76ae8e9677aec5f30b09dad79b23402cfee6964f31ede28bf1d72bf52540"
}
step 20/200: loss=1.4906
step 40/200: loss=1.4753
step 60/200: loss=1.1732
step 80/200: loss=1.2064
step 100/200: loss=1.1602
step 120/200: loss=1.1045
step 140/200: loss=1.0365
step 160/200: loss=0.7528
step 180/200: loss=0.9019
step 200/200: loss=1.1673
/root/miniconda3/lib/python3.12/site-packages/torch/nn/modules/conv.py:456: UserWarning: Plan failed with a cudnnException: CUDNN_BACKEND_EXECUTION_PLAN_DESCRIPTOR: cudnnFinalize Descriptor Failed cudnn_status: CUDNN_STATUS_NOT_SUPPORTED (Triggered internally at ../aten/src/ATen/native/cudnn/Conv_v8.cpp:919.)
  return F.conv2d(input, weight, bias, self.stride,
evaluation 25/110
evaluation 50/110
evaluation 75/110
evaluation 100/110
evaluation 110/110
{
  "signature": "bc9023aae72bd9c29ced38de44283a86a36d31692905fa7cd45659a9c67ff593",
  "mode": "adapter",
  "steps": 200,
  "shots_per_class": 2,
  "seed": 3408,
  "support_images": 16,
  "evaluation_images": 110,
  "metrics": {
    "mIoU": 0.22474755418136172,
    "foreground_mIoU": 0.16545544404746085,
    "pixel_accuracy": 0.49404012598893154,
    "per_class_iou": {
      "BW_background_waterbody": 0.6397923251186677,
      "HD_human_divers": 0.019356169802785123,
      "PF_plants_seagrass": 0.12069953267421885,
      "WR_wrecks_ruins": 0.21373764770028347,
      "RO_robots_instruments": 0.10019935470315856,
      "RI_reefs_invertebrates": 0.20756704237352808,
      "FV_fish_vertebrates": 0.27299632735033474,
      "SR_sand_seafloor_rocks": 0.22363203372791723
    },
    "confusion": [
      [
        11695968,
        1593897,
        25354,
        1237024,
        141947,
        765077,
        480360,
        538651
      ],
      [
        392164,
        71582,
        15602,
        201064,
        81105,
        73214,
        484555,
        134763
      ],
      [
        16730,
        7651,
        635000,
        120131,
        1853,
        293063,
        64195,
        76994
      ],
      [
        132520,
        16155,
        141265,
        1269707,
        253956,
        473839,
        337130,
        246444
      ],
      [
        29708,
        76886,
        13101,
        24013,
        123041,
        4092,
        76802,
        6656
      ],
      [
        62256,
        64164,
        3521606,
        324393,
        307819,
        2222203,
        553627,
        618322
      ],
      [
        169813,
        54396,
        104980,
        104790,
        57917,
        227957,
        1491997,
        454854
      ],
      [
        999413,
        430951,
        223473,
        1058062,
        29066,
        1194321,
        801891,
        1962726
      ]
    ]
  }
}
DONE adapter_200 K=2 seed=3408

START adapter_200 K=2 seed=3409
{
  "shots_per_class": 2,
  "support_images": 16,
  "evaluation_images": 110,
  "protocol_sha256": "16da76ae8e9677aec5f30b09dad79b23402cfee6964f31ede28bf1d72bf52540"
}
step 20/200: loss=1.1793
step 40/200: loss=1.7129
step 60/200: loss=1.9102
step 80/200: loss=1.6086
step 100/200: loss=1.1544
step 120/200: loss=1.1899
step 140/200: loss=1.0924
step 160/200: loss=0.9405
step 180/200: loss=0.9039
step 200/200: loss=0.9369
/root/miniconda3/lib/python3.12/site-packages/torch/nn/modules/conv.py:456: UserWarning: Plan failed with a cudnnException: CUDNN_BACKEND_EXECUTION_PLAN_DESCRIPTOR: cudnnFinalize Descriptor Failed cudnn_status: CUDNN_STATUS_NOT_SUPPORTED (Triggered internally at ../aten/src/ATen/native/cudnn/Conv_v8.cpp:919.)
  return F.conv2d(input, weight, bias, self.stride,
evaluation 25/110
evaluation 50/110
evaluation 75/110
evaluation 100/110
evaluation 110/110
{
  "signature": "e4df8d275aa0f12ffb99f2739ad804508e54803c6b6d5333dce29cee87a7c67f",
  "mode": "adapter",
  "steps": 200,
  "shots_per_class": 2,
  "seed": 3409,
  "support_images": 16,
  "evaluation_images": 110,
  "metrics": {
    "mIoU": 0.1610264444858327,
    "foreground_mIoU": 0.15605972588773934,
    "pixel_accuracy": 0.32108877051998647,
    "per_class_iou": {
      "BW_background_waterbody": 0.19579347467248603,
      "HD_human_divers": 0.025395227845811854,
      "PF_plants_seagrass": 0.22321473396963956,
      "WR_wrecks_ruins": 0.16226062265640803,
      "RO_robots_instruments": 0.031248225648636836,
      "RI_reefs_invertebrates": 0.3388615565126827,
      "FV_fish_vertebrates": 0.2854911870093826,
      "SR_sand_seafloor_rocks": 0.025946527571614038
    },
    "confusion": [
      [
        3293360,
        1254689,
        52671,
        4436505,
        4628553,
        2101997,
        693254,
        17249
      ],
      [
        22526,
        74839,
        2005,
        504248,
        141881,
        127765,
        579745,
        1040
      ],
      [
        127,
        590,
        702484,
        197504,
        11575,
        257919,
        44698,
        720
      ],
      [
        29261,
        50126,
        136750,
        1662007,
        69716,
        439882,
        477418,
        5856
      ],
      [
        35342,
        19522,
        1,
        33856,
        189319,
        2481,
        73778,
        0
      ],
      [
        13434,
        11832,
        1591149,
        666994,
        55397,
        4973794,
        361083,
        707
      ],
      [
        11723,
        37181,
        59520,
        213358,
        131246,
        627295,
        1585137,
        1244
      ],
      [
        229890,
        118982,
        89409,
        1319343,
        665885,
        3446224,
        655635,
        174535
      ]
    ]
  }
}
DONE adapter_200 K=2 seed=3409

START adapter_200 K=5 seed=3407
{
  "shots_per_class": 5,
  "support_images": 40,
  "evaluation_images": 110,
  "protocol_sha256": "16da76ae8e9677aec5f30b09dad79b23402cfee6964f31ede28bf1d72bf52540"
}
step 20/200: loss=1.4131
step 40/200: loss=1.5023
step 60/200: loss=1.5155
step 80/200: loss=1.5517
step 100/200: loss=1.4704
step 120/200: loss=1.4870
step 140/200: loss=0.9264
step 160/200: loss=1.2265
step 180/200: loss=1.2626
step 200/200: loss=1.2729
/root/miniconda3/lib/python3.12/site-packages/torch/nn/modules/conv.py:456: UserWarning: Plan failed with a cudnnException: CUDNN_BACKEND_EXECUTION_PLAN_DESCRIPTOR: cudnnFinalize Descriptor Failed cudnn_status: CUDNN_STATUS_NOT_SUPPORTED (Triggered internally at ../aten/src/ATen/native/cudnn/Conv_v8.cpp:919.)
  return F.conv2d(input, weight, bias, self.stride,
evaluation 25/110
evaluation 50/110
evaluation 75/110
evaluation 100/110
evaluation 110/110
{
  "signature": "40ae1cf4616d1cb054e6978de53953566e02a7314f3d28c3c77bb237f586fa11",
  "mode": "adapter",
  "steps": 200,
  "shots_per_class": 5,
  "seed": 3407,
  "support_images": 40,
  "evaluation_images": 110,
  "metrics": {
    "mIoU": 0.2268086576426686,
    "foreground_mIoU": 0.17326409891401653,
    "pixel_accuracy": 0.4913940022107737,
    "per_class_iou": {
      "BW_background_waterbody": 0.601620568743233,
      "HD_human_divers": 0.26730118510684425,
      "PF_plants_seagrass": 0.025858218303313363,
      "WR_wrecks_ruins": 0.09934475409664188,
      "RO_robots_instruments": 0.06832052190033726,
      "RI_reefs_invertebrates": 0.40856375532359884,
      "FV_fish_vertebrates": 0.24385656120653526,
      "SR_sand_seafloor_rocks": 0.09960369646084483
    },
    "confusion": [
      [
        10659648,
        843124,
        262342,
        284312,
        1141705,
        2147315,
        89874,
        1049958
      ],
      [
        36023,
        822424,
        37280,
        56673,
        300938,
        127944,
        44736,
        28031
      ],
      [
        22718,
        7751,
        82262,
        74152,
        15876,
        535446,
        33770,
        443642
      ],
      [
        110565,
        197460,
        331068,
        559048,
        673596,
        343155,
        134832,
        521292
      ],
      [
        8548,
        88135,
        209,
        2759,
        250525,
        891,
        1218,
        2014
      ],
      [
        64048,
        49244,
        592465,
        476776,
        164597,
        5126906,
        95680,
        1104674
      ],
      [
        89377,
        158408,
        208264,
        303370,
        350513,
        429640,
        859401,
        267731
      ],
      [
        908667,
        278598,
        534026,
        1558295,
        665383,
        1289826,
        457393,
        1007715
      ]
    ]
  }
}
DONE adapter_200 K=5 seed=3407

START adapter_200 K=5 seed=3408
{
  "shots_per_class": 5,
  "support_images": 40,
  "evaluation_images": 110,
  "protocol_sha256": "16da76ae8e9677aec5f30b09dad79b23402cfee6964f31ede28bf1d72bf52540"
}
step 20/200: loss=1.6068
step 40/200: loss=1.3465
step 60/200: loss=1.5278
step 80/200: loss=1.4596
step 100/200: loss=1.5296
step 120/200: loss=0.8307
step 140/200: loss=1.4091
step 160/200: loss=1.4004
step 180/200: loss=1.1470
step 200/200: loss=1.0913
/root/miniconda3/lib/python3.12/site-packages/torch/nn/modules/conv.py:456: UserWarning: Plan failed with a cudnnException: CUDNN_BACKEND_EXECUTION_PLAN_DESCRIPTOR: cudnnFinalize Descriptor Failed cudnn_status: CUDNN_STATUS_NOT_SUPPORTED (Triggered internally at ../aten/src/ATen/native/cudnn/Conv_v8.cpp:919.)
  return F.conv2d(input, weight, bias, self.stride,
evaluation 25/110
evaluation 50/110
evaluation 75/110
evaluation 100/110
evaluation 110/110
{
  "signature": "53e504e5aeca3f33d2b613f1ba83419617082d41992ae1f9f68d8a530ba70c87",
  "mode": "adapter",
  "steps": 200,
  "shots_per_class": 5,
  "seed": 3408,
  "support_images": 40,
  "evaluation_images": 110,
  "metrics": {
    "mIoU": 0.21072626523690946,
    "foreground_mIoU": 0.1399592501666381,
    "pixel_accuracy": 0.50045508914338,
    "per_class_iou": {
      "BW_background_waterbody": 0.7060953707288091,
      "HD_human_divers": 0.09284080431331423,
      "PF_plants_seagrass": 0.11494368997207187,
      "WR_wrecks_ruins": 0.20582227897426952,
      "RO_robots_instruments": 0.07018837289431577,
      "RI_reefs_invertebrates": 0.1350277636526382,
      "FV_fish_vertebrates": 0.26543898408112243,
      "SR_sand_seafloor_rocks": 0.0954528572787347
    },
    "confusion": [
      [
        13568729,
        174797,
        72047,
        1828819,
        153369,
        257783,
        393351,
        29383
      ],
      [
        481158,
        172986,
        13527,
        303967,
        97008,
        10596,
        346561,
        28246
      ],
      [
        31126,
        2308,
        805524,
        156480,
        1568,
        145294,
        68772,
        4545
      ],
      [
        189786,
        19543,
        290079,
        1694230,
        114173,
        278212,
        210369,
        74624
      ],
      [
        33670,
        51215,
        23094,
        113924,
        74353,
        593,
        47672,
        9778
      ],
      [
        301679,
        24333,
        4592464,
        644519,
        231580,
        1197314,
        554075,
        128426
      ],
      [
        226456,
        45590,
        335555,
        268603,
        85853,
        76831,
        1537537,
        90279
      ],
      [
        1474414,
        91419,
        465605,
        2044191,
        21485,
        423470,
        1504927,
        674392
      ]
    ]
  }
}
DONE adapter_200 K=5 seed=3408

START adapter_200 K=5 seed=3409
{
  "shots_per_class": 5,
  "support_images": 40,
  "evaluation_images": 110,
  "protocol_sha256": "16da76ae8e9677aec5f30b09dad79b23402cfee6964f31ede28bf1d72bf52540"
}
step 20/200: loss=1.3903
step 40/200: loss=1.5715
step 60/200: loss=0.9402
step 80/200: loss=1.4335
step 100/200: loss=1.1622
step 120/200: loss=0.9570
step 140/200: loss=1.1170
step 160/200: loss=1.0722
step 180/200: loss=1.0905
step 200/200: loss=0.7596
/root/miniconda3/lib/python3.12/site-packages/torch/nn/modules/conv.py:456: UserWarning: Plan failed with a cudnnException: CUDNN_BACKEND_EXECUTION_PLAN_DESCRIPTOR: cudnnFinalize Descriptor Failed cudnn_status: CUDNN_STATUS_NOT_SUPPORTED (Triggered internally at ../aten/src/ATen/native/cudnn/Conv_v8.cpp:919.)
  return F.conv2d(input, weight, bias, self.stride,
evaluation 25/110
evaluation 50/110
evaluation 75/110
evaluation 100/110
evaluation 110/110
{
  "signature": "4e2a6d54bb3a942447b6a1e2bcca2f65f48b2140cd88cd2bc87777198cecb643",
  "mode": "adapter",
  "steps": 200,
  "shots_per_class": 5,
  "seed": 3409,
  "support_images": 40,
  "evaluation_images": 110,
  "metrics": {
    "mIoU": 0.23469765390639225,
    "foreground_mIoU": 0.17389422994109496,
    "pixel_accuracy": 0.540661962514274,
    "per_class_iou": {
      "BW_background_waterbody": 0.660321621663473,
      "HD_human_divers": 0.02511662113364732,
      "PF_plants_seagrass": 0.2113237820443025,
      "WR_wrecks_ruins": 0.2042933882435874,
      "RO_robots_instruments": 0.08888287731935006,
      "RI_reefs_invertebrates": 0.3944662539606613,
      "FV_fish_vertebrates": 0.2877807120921166,
      "SR_sand_seafloor_rocks": 0.005395974793999634
    },
    "confusion": [
      [
        11982593,
        92723,
        36554,
        1935910,
        525433,
        1044247,
        828469,
        32349
      ],
      [
        146837,
        40231,
        0,
        720526,
        58402,
        102207,
        363353,
        22493
      ],
      [
        9454,
        230,
        279485,
        297834,
        528,
        568898,
        58321,
        867
      ],
      [
        90124,
        35023,
        7818,
        1927217,
        8149,
        379257,
        420695,
        2733
      ],
      [
        122192,
        1562,
        0,
        47211,
        97583,
        1379,
        84056,
        316
      ],
      [
        58131,
        3402,
        26151,
        2088508,
        1823,
        5319052,
        172567,
        4756
      ],
      [
        130233,
        11853,
        23983,
        234661,
        47653,
        576300,
        1627052,
        14969
      ],
      [
        1111352,
        2926,
        12421,
        1237909,
        101596,
        3137497,
        1059626,
        36576
      ]
    ]
  }
}
DONE adapter_200 K=5 seed=3409

START adapter_200 K=10 seed=3407
{
  "shots_per_class": 10,
  "support_images": 78,
  "evaluation_images": 110,
  "protocol_sha256": "16da76ae8e9677aec5f30b09dad79b23402cfee6964f31ede28bf1d72bf52540"
}
step 20/200: loss=1.7497
step 40/200: loss=1.6100
step 60/200: loss=1.5015
step 80/200: loss=1.4921
step 100/200: loss=1.2443
step 120/200: loss=1.3847
step 140/200: loss=1.5291
step 160/200: loss=1.2559
step 180/200: loss=1.4610
step 200/200: loss=1.2837
/root/miniconda3/lib/python3.12/site-packages/torch/nn/modules/conv.py:456: UserWarning: Plan failed with a cudnnException: CUDNN_BACKEND_EXECUTION_PLAN_DESCRIPTOR: cudnnFinalize Descriptor Failed cudnn_status: CUDNN_STATUS_NOT_SUPPORTED (Triggered internally at ../aten/src/ATen/native/cudnn/Conv_v8.cpp:919.)
  return F.conv2d(input, weight, bias, self.stride,
evaluation 25/110
evaluation 50/110
evaluation 75/110
evaluation 100/110
evaluation 110/110
{
  "signature": "9b73f21015dc2512d6d8150b52090c8decd434890b0117b026bd5555787db7dc",
  "mode": "adapter",
  "steps": 200,
  "shots_per_class": 10,
  "seed": 3407,
  "support_images": 78,
  "evaluation_images": 110,
  "metrics": {
    "mIoU": 0.19029377880901024,
    "foreground_mIoU": 0.11916235327620617,
    "pixel_accuracy": 0.434225220438006,
    "per_class_iou": {
      "BW_background_waterbody": 0.6882137575386388,
      "HD_human_divers": 0.2472913280531727,
      "PF_plants_seagrass": 0.06341735063487464,
      "WR_wrecks_ruins": 0.07594975258730602,
      "RO_robots_instruments": 0.10446742715239268,
      "RI_reefs_invertebrates": 0.07563130384959849,
      "FV_fish_vertebrates": 0.2565616005001382,
      "SR_sand_seafloor_rocks": 0.010817710155960489
    },
    "confusion": [
      [
        12708920,
        1139539,
        443510,
        778771,
        575662,
        472517,
        284539,
        74820
      ],
      [
        56042,
        960504,
        27980,
        77295,
        188991,
        39174,
        103216,
        847
      ],
      [
        35371,
        26330,
        426024,
        188308,
        10682,
        70067,
        56471,
        402364
      ],
      [
        195959,
        329485,
        586175,
        648410,
        563540,
        43634,
        289147,
        214666
      ],
      [
        19269,
        105795,
        63,
        1845,
        226577,
        33,
        670,
        47
      ],
      [
        117677,
        98456,
        3373724,
        2384821,
        67252,
        639939,
        459187,
        533334
      ],
      [
        120416,
        202220,
        273566,
        345061,
        199284,
        84013,
        1418291,
        23853
      ],
      [
        1443518,
        528225,
        797148,
        1890238,
        209167,
        77470,
        1668138,
        85999
      ]
    ]
  }
}
DONE adapter_200 K=10 seed=3407

START adapter_200 K=10 seed=3408
{
  "shots_per_class": 10,
  "support_images": 78,
  "evaluation_images": 110,
  "protocol_sha256": "16da76ae8e9677aec5f30b09dad79b23402cfee6964f31ede28bf1d72bf52540"
}
step 20/200: loss=1.5753
step 40/200: loss=1.7121
step 60/200: loss=1.4484
step 80/200: loss=1.5468
step 100/200: loss=1.5495
step 120/200: loss=1.2738
step 140/200: loss=1.0898
step 160/200: loss=1.2580
step 180/200: loss=1.2606
step 200/200: loss=1.2702
/root/miniconda3/lib/python3.12/site-packages/torch/nn/modules/conv.py:456: UserWarning: Plan failed with a cudnnException: CUDNN_BACKEND_EXECUTION_PLAN_DESCRIPTOR: cudnnFinalize Descriptor Failed cudnn_status: CUDNN_STATUS_NOT_SUPPORTED (Triggered internally at ../aten/src/ATen/native/cudnn/Conv_v8.cpp:919.)
  return F.conv2d(input, weight, bias, self.stride,
evaluation 25/110
evaluation 50/110
evaluation 75/110
evaluation 100/110
evaluation 110/110
{
  "signature": "85ad35d676bdafa9e34677852011f90d6c64fa9d333230d09338d64ee8a6d5fb",
  "mode": "adapter",
  "steps": 200,
  "shots_per_class": 10,
  "seed": 3408,
  "support_images": 78,
  "evaluation_images": 110,
  "metrics": {
    "mIoU": 0.223315786938597,
    "foreground_mIoU": 0.15271095833852621,
    "pixel_accuracy": 0.5150132479983892,
    "per_class_iou": {
      "BW_background_waterbody": 0.7175495871390921,
      "HD_human_divers": 0.16790857557030464,
      "PF_plants_seagrass": 0.11426793750604641,
      "WR_wrecks_ruins": 0.15789586144849302,
      "RO_robots_instruments": 0.06482330788224602,
      "RI_reefs_invertebrates": 0.23341911847923735,
      "FV_fish_vertebrates": 0.2747942190063051,
      "SR_sand_seafloor_rocks": 0.05586768847705113
    },
    "confusion": [
      [
        13514377,
        1910777,
        41652,
        106740,
        99539,
        582684,
        210499,
        12010
      ],
      [
        139223,
        974829,
        2167,
        32347,
        124333,
        32219,
        148111,
        820
      ],
      [
        44155,
        34195,
        662628,
        66191,
        2333,
        341249,
        61699,
        3167
      ],
      [
        233790,
        317984,
        173917,
        561604,
        263601,
        1020847,
        197893,
        101380
      ],
      [
        13527,
        233270,
        4246,
        22203,
        61484,
        1627,
        15903,
        2039
      ],
      [
        261959,
        136022,
        3943113,
        134236,
        31615,
        2516175,
        585205,
        66065
      ],
      [
        102169,
        521701,
        123554,
        36690,
        56892,
        185930,
        1622110,
        17658
      ],
      [
        1560966,
        1197715,
        294631,
        287377,
        15874,
        940698,
        2016985,
        385657
      ]
    ]
  }
}
DONE adapter_200 K=10 seed=3408

START adapter_200 K=10 seed=3409
{
  "shots_per_class": 10,
  "support_images": 78,
  "evaluation_images": 110,
  "protocol_sha256": "16da76ae8e9677aec5f30b09dad79b23402cfee6964f31ede28bf1d72bf52540"
}
step 20/200: loss=1.5427
step 40/200: loss=1.4376
step 60/200: loss=1.0454
step 80/200: loss=1.1616
step 100/200: loss=0.9008
step 120/200: loss=0.9926
step 140/200: loss=1.2848
step 160/200: loss=1.3055
step 180/200: loss=1.1609
step 200/200: loss=1.5133
/root/miniconda3/lib/python3.12/site-packages/torch/nn/modules/conv.py:456: UserWarning: Plan failed with a cudnnException: CUDNN_BACKEND_EXECUTION_PLAN_DESCRIPTOR: cudnnFinalize Descriptor Failed cudnn_status: CUDNN_STATUS_NOT_SUPPORTED (Triggered internally at ../aten/src/ATen/native/cudnn/Conv_v8.cpp:919.)
  return F.conv2d(input, weight, bias, self.stride,
evaluation 25/110
evaluation 50/110
evaluation 75/110
evaluation 100/110
evaluation 110/110
{
  "signature": "c547fe7a47343486cd9edce7492e46fe951e047eacf1eb005c873316db4e9003",
  "mode": "adapter",
  "steps": 200,
  "shots_per_class": 10,
  "seed": 3409,
  "support_images": 78,
  "evaluation_images": 110,
  "metrics": {
    "mIoU": 0.21635875261663173,
    "foreground_mIoU": 0.1410269378457676,
    "pixel_accuracy": 0.5226502055499919,
    "per_class_iou": {
      "BW_background_waterbody": 0.7436814560126805,
      "HD_human_divers": 0.12594387971272394,
      "PF_plants_seagrass": 0.15033224398391223,
      "WR_wrecks_ruins": 0.24767991882380383,
      "RO_robots_instruments": 0.018139044017413484,
      "RI_reefs_invertebrates": 0.1713914864007736,
      "FV_fish_vertebrates": 0.2716886056998886,
      "SR_sand_seafloor_rocks": 0.002013386281857673
    },
    "confusion": [
      [
        13966543,
        104223,
        176577,
        606954,
        15321,
        364267,
        1241426,
        2967
      ],
      [
        244503,
        216994,
        5325,
        581962,
        12055,
        15689,
        377345,
        176
      ],
      [
        17347,
        1033,
        891354,
        150896,
        19,
        66671,
        88097,
        200
      ],
      [
        113069,
        93546,
        304768,
        1638340,
        4323,
        215035,
        501935,
        0
      ],
      [
        192387,
        17689,
        14,
        43949,
        7425,
        287,
        92548,
        0
      ],
      [
        153856,
        10718,
        3750953,
        1420455,
        113,
        1782346,
        554570,
        1379
      ],
      [
        172786,
        17110,
        90893,
        129385,
        11018,
        162144,
        2083368,
        0
      ],
      [
        1408050,
        24574,
        385080,
        810130,
        12190,
        1900785,
        2145595,
        13499
      ]
    ]
  }
}
DONE adapter_200 K=10 seed=3409

START adapter_2000 K=1 seed=3407
{
  "shots_per_class": 1,
  "support_images": 8,
  "evaluation_images": 110,
  "protocol_sha256": "16da76ae8e9677aec5f30b09dad79b23402cfee6964f31ede28bf1d72bf52540"
}
step 20/2000: loss=1.5918
step 40/2000: loss=1.4251
step 60/2000: loss=1.2475
step 80/2000: loss=1.0739
step 100/2000: loss=1.0207
step 120/2000: loss=0.9685
step 140/2000: loss=0.5372
step 160/2000: loss=0.4999
step 180/2000: loss=0.4705
step 200/2000: loss=0.7408
step 220/2000: loss=0.4023
step 240/2000: loss=0.3942
step 260/2000: loss=0.4518
step 280/2000: loss=0.3333
step 300/2000: loss=0.3243
step 320/2000: loss=0.1960
step 340/2000: loss=0.3928
step 360/2000: loss=0.3244
step 380/2000: loss=0.2797
step 400/2000: loss=0.1169
step 420/2000: loss=0.1526
step 440/2000: loss=0.1127
step 460/2000: loss=0.2800
step 480/2000: loss=0.1160
step 500/2000: loss=0.1135
step 520/2000: loss=0.1147
step 540/2000: loss=0.2621
step 560/2000: loss=0.2168
step 580/2000: loss=0.2043
step 600/2000: loss=0.0980
step 620/2000: loss=0.2018
step 640/2000: loss=0.1643
step 660/2000: loss=0.1841
step 680/2000: loss=0.2065
step 700/2000: loss=0.0891
step 720/2000: loss=0.1161
step 740/2000: loss=0.0788
step 760/2000: loss=0.0730
step 780/2000: loss=0.1995
step 800/2000: loss=0.1484
step 820/2000: loss=0.1468
step 840/2000: loss=0.0728
step 860/2000: loss=0.1338
step 880/2000: loss=0.1507
step 900/2000: loss=0.1568
step 920/2000: loss=0.0579
step 940/2000: loss=0.1512
step 960/2000: loss=0.1321
step 980/2000: loss=0.2001
step 1000/2000: loss=0.0618
step 1020/2000: loss=0.1020
step 1040/2000: loss=0.1197
step 1060/2000: loss=0.0532
step 1080/2000: loss=0.0678
step 1100/2000: loss=0.0947
step 1120/2000: loss=0.0916
step 1140/2000: loss=0.0610
step 1160/2000: loss=0.1121
step 1180/2000: loss=0.1414
step 1200/2000: loss=0.0540
step 1220/2000: loss=0.1584
step 1240/2000: loss=0.1686
step 1260/2000: loss=0.1261
step 1280/2000: loss=0.1395
step 1300/2000: loss=0.1677
step 1320/2000: loss=0.0514
step 1340/2000: loss=0.0808
step 1360/2000: loss=0.0995
step 1380/2000: loss=0.0469
step 1400/2000: loss=0.0513
step 1420/2000: loss=0.1535
step 1440/2000: loss=0.0628
step 1460/2000: loss=0.0509
step 1480/2000: loss=0.0513
step 1500/2000: loss=0.1233
step 1520/2000: loss=0.1481
step 1540/2000: loss=0.0486
step 1560/2000: loss=0.1224
step 1580/2000: loss=0.0504
step 1600/2000: loss=0.1193
step 1620/2000: loss=0.0266
step 1640/2000: loss=0.0942
step 1660/2000: loss=0.0502
step 1680/2000: loss=0.1156
step 1700/2000: loss=0.0457
step 1720/2000: loss=0.1191
step 1740/2000: loss=0.1165
step 1760/2000: loss=0.1124
step 1780/2000: loss=0.0457
step 1800/2000: loss=0.1088
step 1820/2000: loss=0.0985
step 1840/2000: loss=0.1227
step 1860/2000: loss=0.1691
step 1880/2000: loss=0.0916
step 1900/2000: loss=0.1643
step 1920/2000: loss=0.1092
step 1940/2000: loss=0.0929
step 1960/2000: loss=0.1654
step 1980/2000: loss=0.1094
step 2000/2000: loss=0.1242
/root/miniconda3/lib/python3.12/site-packages/torch/nn/modules/conv.py:456: UserWarning: Plan failed with a cudnnException: CUDNN_BACKEND_EXECUTION_PLAN_DESCRIPTOR: cudnnFinalize Descriptor Failed cudnn_status: CUDNN_STATUS_NOT_SUPPORTED (Triggered internally at ../aten/src/ATen/native/cudnn/Conv_v8.cpp:919.)
  return F.conv2d(input, weight, bias, self.stride,
evaluation 25/110
evaluation 50/110
evaluation 75/110
evaluation 100/110
evaluation 110/110
{
  "signature": "6fe296bc9d34af9ff94c980ea726d171f6229b822c80462ff5803c812952a2d8",
  "mode": "adapter",
  "steps": 2000,
  "shots_per_class": 1,
  "seed": 3407,
  "support_images": 8,
  "evaluation_images": 110,
  "metrics": {
    "mIoU": 0.24039296812292898,
    "foreground_mIoU": 0.2001679403086315,
    "pixel_accuracy": 0.5105852816300782,
    "per_class_iou": {
      "BW_background_waterbody": 0.5219681628230113,
      "HD_human_divers": 0.12923484427735293,
      "PF_plants_seagrass": 0.022417615985421836,
      "WR_wrecks_ruins": 0.19030507455106832,
      "RO_robots_instruments": 0.10100775993919661,
      "RI_reefs_invertebrates": 0.3366108061324898,
      "FV_fish_vertebrates": 0.4215845502042566,
      "SR_sand_seafloor_rocks": 0.20001493107063453
    },
    "confusion": [
      [
        9362093,
        264563,
        11353,
        1286605,
        99808,
        4821857,
        281334,
        350665
      ],
      [
        54781,
        248050,
        237,
        142998,
        275073,
        401237,
        304488,
        27185
      ],
      [
        20338,
        2285,
        42565,
        133518,
        30707,
        673592,
        49798,
        262814
      ],
      [
        144600,
        25468,
        7191,
        1056746,
        175454,
        716570,
        209104,
        535883
      ],
      [
        151385,
        41087,
        0,
        2556,
        107647,
        6027,
        45251,
        346
      ],
      [
        29153,
        36743,
        504948,
        60727,
        15396,
        5896498,
        133017,
        997908
      ],
      [
        63430,
        8379,
        8411,
        15411,
        102810,
        741986,
        1613012,
        113265
      ],
      [
        994173,
        86800,
        150973,
        1040074,
        12183,
        2481598,
        136374,
        1797728
      ]
    ]
  }
}
DONE adapter_2000 K=1 seed=3407

START adapter_2000 K=1 seed=3408
{
  "shots_per_class": 1,
  "support_images": 8,
  "evaluation_images": 110,
  "protocol_sha256": "16da76ae8e9677aec5f30b09dad79b23402cfee6964f31ede28bf1d72bf52540"
}
step 20/2000: loss=1.8020
step 40/2000: loss=1.1287
step 60/2000: loss=1.0040
step 80/2000: loss=0.9741
step 100/2000: loss=0.9566
step 120/2000: loss=0.7540
step 140/2000: loss=0.5615
step 160/2000: loss=0.6794
step 180/2000: loss=0.4776
step 200/2000: loss=0.5020
step 220/2000: loss=0.4577
step 240/2000: loss=0.3505
step 260/2000: loss=0.3381
step 280/2000: loss=0.2330
step 300/2000: loss=0.2935
step 320/2000: loss=0.3165
step 340/2000: loss=0.1707
step 360/2000: loss=0.1745
step 380/2000: loss=0.1553
step 400/2000: loss=0.1332
step 420/2000: loss=0.1974
step 440/2000: loss=0.2433
step 460/2000: loss=0.2179
step 480/2000: loss=0.1243
step 500/2000: loss=0.1492
step 520/2000: loss=0.2336
step 540/2000: loss=0.2463
step 560/2000: loss=0.0991
step 580/2000: loss=0.1638
step 600/2000: loss=0.2449
step 620/2000: loss=0.2103
step 640/2000: loss=0.1581
step 660/2000: loss=0.1695
step 680/2000: loss=0.2010
step 700/2000: loss=0.1588
step 720/2000: loss=0.0909
step 740/2000: loss=0.1944
step 760/2000: loss=0.1410
step 780/2000: loss=0.2109
step 800/2000: loss=0.1987
step 820/2000: loss=0.0790
step 840/2000: loss=0.2484
step 860/2000: loss=0.0836
step 880/2000: loss=0.1329
step 900/2000: loss=0.0751
step 920/2000: loss=0.1409
step 940/2000: loss=0.1929
step 960/2000: loss=0.1485
step 980/2000: loss=0.0598
step 1000/2000: loss=0.1704
step 1020/2000: loss=0.1268
step 1040/2000: loss=0.1514
step 1060/2000: loss=0.1228
step 1080/2000: loss=0.0661
step 1100/2000: loss=0.0647
step 1120/2000: loss=0.0658
step 1140/2000: loss=0.1725
step 1160/2000: loss=0.0820
step 1180/2000: loss=0.0541
step 1200/2000: loss=0.1646
step 1220/2000: loss=0.0732
step 1240/2000: loss=0.0524
step 1260/2000: loss=0.0817
step 1280/2000: loss=0.0475
step 1300/2000: loss=0.1854
step 1320/2000: loss=0.1671
step 1340/2000: loss=0.1627
step 1360/2000: loss=0.1307
step 1380/2000: loss=0.1560
step 1400/2000: loss=0.1704
step 1420/2000: loss=0.0481
step 1440/2000: loss=0.1516
step 1460/2000: loss=0.1154
step 1480/2000: loss=0.0970
step 1500/2000: loss=0.0602
step 1520/2000: loss=0.1010
step 1540/2000: loss=0.0762
step 1560/2000: loss=0.1130
step 1580/2000: loss=0.0525
step 1600/2000: loss=0.1568
step 1620/2000: loss=0.0329
step 1640/2000: loss=0.1740
step 1660/2000: loss=0.1345
step 1680/2000: loss=0.0492
step 1700/2000: loss=0.1154
step 1720/2000: loss=0.0552
step 1740/2000: loss=0.0381
step 1760/2000: loss=0.0953
step 1780/2000: loss=0.1555
step 1800/2000: loss=0.0702
step 1820/2000: loss=0.0745
step 1840/2000: loss=0.1011
step 1860/2000: loss=0.1117
step 1880/2000: loss=0.1078
step 1900/2000: loss=0.1370
step 1920/2000: loss=0.1064
step 1940/2000: loss=0.1363
step 1960/2000: loss=0.1081
step 1980/2000: loss=0.0478
step 2000/2000: loss=0.0517
/root/miniconda3/lib/python3.12/site-packages/torch/nn/modules/conv.py:456: UserWarning: Plan failed with a cudnnException: CUDNN_BACKEND_EXECUTION_PLAN_DESCRIPTOR: cudnnFinalize Descriptor Failed cudnn_status: CUDNN_STATUS_NOT_SUPPORTED (Triggered internally at ../aten/src/ATen/native/cudnn/Conv_v8.cpp:919.)
  return F.conv2d(input, weight, bias, self.stride,
evaluation 25/110
evaluation 50/110
evaluation 75/110
evaluation 100/110
evaluation 110/110
{
  "signature": "d2101c6240b43e4723a737e7780cde31372b34ac77dbfb30a6159a52b2cc28fd",
  "mode": "adapter",
  "steps": 2000,
  "shots_per_class": 1,
  "seed": 3408,
  "support_images": 8,
  "evaluation_images": 110,
  "metrics": {
    "mIoU": 0.2501641026362159,
    "foreground_mIoU": 0.19741888581394434,
    "pixel_accuracy": 0.5389650638083845,
    "per_class_iou": {
      "BW_background_waterbody": 0.6193806203921172,
      "HD_human_divers": 0.07237233680966215,
      "PF_plants_seagrass": 0.06306793488177666,
      "WR_wrecks_ruins": 0.19898040124017743,
      "RO_robots_instruments": 0.1144946333163778,
      "RI_reefs_invertebrates": 0.2851662703574658,
      "FV_fish_vertebrates": 0.411709144316917,
      "SR_sand_seafloor_rocks": 0.2361414797752337
    },
    "confusion": [
      [
        11622839,
        306724,
        1677,
        139269,
        110670,
        3600478,
        301740,
        394881
      ],
      [
        120340,
        141171,
        3765,
        8810,
        338681,
        359642,
        340812,
        140828
      ],
      [
        15151,
        15970,
        133070,
        150988,
        37724,
        480178,
        59631,
        322905
      ],
      [
        170993,
        15956,
        1374,
        706151,
        190076,
        883008,
        203435,
        700023
      ],
      [
        155731,
        7312,
        648,
        0,
        155986,
        2161,
        28401,
        4060
      ],
      [
        58978,
        27050,
        842577,
        25916,
        145766,
        4432219,
        113543,
        2028341
      ],
      [
        109478,
        17688,
        10690,
        21191,
        170619,
        577901,
        1578758,
        180379
      ],
      [
        1656312,
        105872,
        33599,
        331657,
        14552,
        1964820,
        120378,
        2472713
      ]
    ]
  }
}
DONE adapter_2000 K=1 seed=3408

START adapter_2000 K=1 seed=3409
{
  "shots_per_class": 1,
  "support_images": 8,
  "evaluation_images": 110,
  "protocol_sha256": "16da76ae8e9677aec5f30b09dad79b23402cfee6964f31ede28bf1d72bf52540"
}
step 20/2000: loss=2.0067
step 40/2000: loss=1.8349
step 60/2000: loss=1.0705
step 80/2000: loss=0.8029
step 100/2000: loss=0.6643
step 120/2000: loss=0.5148
step 140/2000: loss=0.8256
step 160/2000: loss=0.7054
step 180/2000: loss=0.5678
step 200/2000: loss=0.6267
step 220/2000: loss=0.6615
step 240/2000: loss=0.5327
step 260/2000: loss=0.3891
step 280/2000: loss=0.3472
step 300/2000: loss=0.2624
step 320/2000: loss=0.2986
step 340/2000: loss=0.3803
step 360/2000: loss=0.2356
step 380/2000: loss=0.1936
step 400/2000: loss=0.3182
step 420/2000: loss=0.2921
step 440/2000: loss=0.2019
step 460/2000: loss=0.1960
step 480/2000: loss=0.1760
step 500/2000: loss=0.1119
step 520/2000: loss=0.2423
step 540/2000: loss=0.2919
step 560/2000: loss=0.1932
step 580/2000: loss=0.2463
step 600/2000: loss=0.1644
step 620/2000: loss=0.1313
step 640/2000: loss=0.0765
step 660/2000: loss=0.1763
step 680/2000: loss=0.1031
step 700/2000: loss=0.0730
step 720/2000: loss=0.1014
step 740/2000: loss=0.1597
step 760/2000: loss=0.2001
step 780/2000: loss=0.1407
step 800/2000: loss=0.0869
step 820/2000: loss=0.1108
step 840/2000: loss=0.2141
step 860/2000: loss=0.1482
step 880/2000: loss=0.1830
step 900/2000: loss=0.1535
step 920/2000: loss=0.1414
step 940/2000: loss=0.0927
step 960/2000: loss=0.1591
step 980/2000: loss=0.1411
step 1000/2000: loss=0.1292
step 1020/2000: loss=0.1433
step 1040/2000: loss=0.0667
step 1060/2000: loss=0.1448
step 1080/2000: loss=0.2038
step 1100/2000: loss=0.0485
step 1120/2000: loss=0.0428
step 1140/2000: loss=0.1060
step 1160/2000: loss=0.0889
step 1180/2000: loss=0.1404
step 1200/2000: loss=0.1280
step 1220/2000: loss=0.1322
step 1240/2000: loss=0.1035
step 1260/2000: loss=0.0645
step 1280/2000: loss=0.2156
step 1300/2000: loss=0.0496
step 1320/2000: loss=0.0818
step 1340/2000: loss=0.0715
step 1360/2000: loss=0.0299
step 1380/2000: loss=0.0605
step 1400/2000: loss=0.0673
step 1420/2000: loss=0.0507
step 1440/2000: loss=0.1482
step 1460/2000: loss=0.1178
step 1480/2000: loss=0.1570
step 1500/2000: loss=0.0577
step 1520/2000: loss=0.0905
step 1540/2000: loss=0.0448
step 1560/2000: loss=0.0669
step 1580/2000: loss=0.1244
step 1600/2000: loss=0.0461
step 1620/2000: loss=0.1141
step 1640/2000: loss=0.0566
step 1660/2000: loss=0.1136
step 1680/2000: loss=0.0634
step 1700/2000: loss=0.1011
step 1720/2000: loss=0.0835
step 1740/2000: loss=0.0432
step 1760/2000: loss=0.0639
step 1780/2000: loss=0.0213
step 1800/2000: loss=0.1326
step 1820/2000: loss=0.0592
step 1840/2000: loss=0.1231
step 1860/2000: loss=0.0758
step 1880/2000: loss=0.0367
step 1900/2000: loss=0.1280
step 1920/2000: loss=0.0393
step 1940/2000: loss=0.1128
step 1960/2000: loss=0.0777
step 1980/2000: loss=0.0990
step 2000/2000: loss=0.1628
/root/miniconda3/lib/python3.12/site-packages/torch/nn/modules/conv.py:456: UserWarning: Plan failed with a cudnnException: CUDNN_BACKEND_EXECUTION_PLAN_DESCRIPTOR: cudnnFinalize Descriptor Failed cudnn_status: CUDNN_STATUS_NOT_SUPPORTED (Triggered internally at ../aten/src/ATen/native/cudnn/Conv_v8.cpp:919.)
  return F.conv2d(input, weight, bias, self.stride,
evaluation 25/110
evaluation 50/110
evaluation 75/110
evaluation 100/110
evaluation 110/110
{
  "signature": "584c620107b65b1a7561ed70155176255bc2194a88d230d54a36a17df25fdf69",
  "mode": "adapter",
  "steps": 2000,
  "shots_per_class": 1,
  "seed": 3409,
  "support_images": 8,
  "evaluation_images": 110,
  "metrics": {
    "mIoU": 0.24919524765872797,
    "foreground_mIoU": 0.1961127447119126,
    "pixel_accuracy": 0.5392666551919691,
    "per_class_iou": {
      "BW_background_waterbody": 0.6207727682864356,
      "HD_human_divers": 0.017341600634700832,
      "PF_plants_seagrass": 0.11782677119879875,
      "WR_wrecks_ruins": 0.23997131603437546,
      "RO_robots_instruments": 0.08954061214063563,
      "RI_reefs_invertebrates": 0.3041627084709077,
      "FV_fish_vertebrates": 0.4022829974994674,
      "SR_sand_seafloor_rocks": 0.20166320700450252
    },
    "confusion": [
      [
        11638007,
        218100,
        10729,
        144466,
        223769,
        2961994,
        184223,
        1096990
      ],
      [
        105035,
        29705,
        841,
        25384,
        429905,
        541273,
        209854,
        112052
      ],
      [
        24265,
        2180,
        204020,
        145883,
        25659,
        435125,
        55958,
        322527
      ],
      [
        192950,
        19694,
        16389,
        868730,
        187355,
        835561,
        157292,
        593045
      ],
      [
        169424,
        3119,
        0,
        962,
        137934,
        7265,
        31213,
        4382
      ],
      [
        90835,
        8177,
        460883,
        19761,
        23683,
        4700918,
        106607,
        2263526
      ],
      [
        96914,
        3742,
        11943,
        2046,
        271165,
        686444,
        1399164,
        195286
      ],
      [
        1589911,
        3872,
        15123,
        410623,
        24628,
        2313222,
        66208,
        2276316
      ]
    ]
  }
}
DONE adapter_2000 K=1 seed=3409

START adapter_2000 K=2 seed=3407
{
  "shots_per_class": 2,
  "support_images": 16,
  "evaluation_images": 110,
  "protocol_sha256": "16da76ae8e9677aec5f30b09dad79b23402cfee6964f31ede28bf1d72bf52540"
}
step 20/2000: loss=1.9723
step 40/2000: loss=1.6783
step 60/2000: loss=1.6008
step 80/2000: loss=1.1305
step 100/2000: loss=1.1308
step 120/2000: loss=0.9706
step 140/2000: loss=0.9139
step 160/2000: loss=1.0764
step 180/2000: loss=0.7133
step 200/2000: loss=0.8159
step 220/2000: loss=0.6426
step 240/2000: loss=0.6847
step 260/2000: loss=0.6243
step 280/2000: loss=0.7005
step 300/2000: loss=0.5618
step 320/2000: loss=0.5479
step 340/2000: loss=0.4396
step 360/2000: loss=0.3149
step 380/2000: loss=0.3290
step 400/2000: loss=0.5751
step 420/2000: loss=0.3255
step 440/2000: loss=0.4853
step 460/2000: loss=0.2866
step 480/2000: loss=0.2890
step 500/2000: loss=0.3789
step 520/2000: loss=0.4416
step 540/2000: loss=0.1476
step 560/2000: loss=0.3740
step 580/2000: loss=0.2934
step 600/2000: loss=0.4189
step 620/2000: loss=0.1466
step 640/2000: loss=0.2569
step 660/2000: loss=0.1267
step 680/2000: loss=0.1270
step 700/2000: loss=0.3157
step 720/2000: loss=0.1794
step 740/2000: loss=0.2234
step 760/2000: loss=0.1313
step 780/2000: loss=0.1822
step 800/2000: loss=0.0972
step 820/2000: loss=0.1728
step 840/2000: loss=0.1201
step 860/2000: loss=0.0739
step 880/2000: loss=0.1692
step 900/2000: loss=0.1266
step 920/2000: loss=0.1601
step 940/2000: loss=0.0962
step 960/2000: loss=0.0940
step 980/2000: loss=0.0941
step 1000/2000: loss=0.1227
step 1020/2000: loss=0.1376
step 1040/2000: loss=0.0773
step 1060/2000: loss=0.1557
step 1080/2000: loss=0.3926
step 1100/2000: loss=0.2609
step 1120/2000: loss=0.1405
step 1140/2000: loss=0.1366
step 1160/2000: loss=0.1842
step 1180/2000: loss=0.2713
step 1200/2000: loss=0.2736
step 1220/2000: loss=0.0669
step 1240/2000: loss=0.0712
step 1260/2000: loss=0.1016
step 1280/2000: loss=0.3029
step 1300/2000: loss=0.1247
step 1320/2000: loss=0.2316
step 1340/2000: loss=0.1298
step 1360/2000: loss=0.0773
step 1380/2000: loss=0.1369
step 1400/2000: loss=0.2125
step 1420/2000: loss=0.1182
step 1440/2000: loss=0.0898
step 1460/2000: loss=0.0896
step 1480/2000: loss=0.0830
step 1500/2000: loss=0.1086
step 1520/2000: loss=0.0900
step 1540/2000: loss=0.3220
step 1560/2000: loss=0.0700
step 1580/2000: loss=0.1023
step 1600/2000: loss=0.1451
step 1620/2000: loss=0.1533
step 1640/2000: loss=0.1240
step 1660/2000: loss=0.0661
step 1680/2000: loss=0.0814
step 1700/2000: loss=0.2411
step 1720/2000: loss=0.0882
step 1740/2000: loss=0.2243
step 1760/2000: loss=0.1283
step 1780/2000: loss=0.0588
step 1800/2000: loss=0.1997
step 1820/2000: loss=0.2462
step 1840/2000: loss=0.0626
step 1860/2000: loss=0.0838
step 1880/2000: loss=0.0378
step 1900/2000: loss=0.1202
step 1920/2000: loss=0.1260
step 1940/2000: loss=0.1129
step 1960/2000: loss=0.0558
step 1980/2000: loss=0.1232
step 2000/2000: loss=0.0598
/root/miniconda3/lib/python3.12/site-packages/torch/nn/modules/conv.py:456: UserWarning: Plan failed with a cudnnException: CUDNN_BACKEND_EXECUTION_PLAN_DESCRIPTOR: cudnnFinalize Descriptor Failed cudnn_status: CUDNN_STATUS_NOT_SUPPORTED (Triggered internally at ../aten/src/ATen/native/cudnn/Conv_v8.cpp:919.)
  return F.conv2d(input, weight, bias, self.stride,
evaluation 25/110
evaluation 50/110
evaluation 75/110
evaluation 100/110
evaluation 110/110
{
  "signature": "6beb5df7a91959ddac5b4dfc604f2c8ed1546c664bd0b7022a5e8cd830d2294d",
  "mode": "adapter",
  "steps": 2000,
  "shots_per_class": 2,
  "seed": 3407,
  "support_images": 16,
  "evaluation_images": 110,
  "metrics": {
    "mIoU": 0.3528329054677748,
    "foreground_mIoU": 0.3063247663889043,
    "pixel_accuracy": 0.6147807788126205,
    "per_class_iou": {
      "BW_background_waterbody": 0.6783898790198678,
      "HD_human_divers": 0.2639303083083634,
      "PF_plants_seagrass": 0.14275164932117676,
      "WR_wrecks_ruins": 0.29785357071237567,
      "RO_robots_instruments": 0.3046242873801075,
      "RI_reefs_invertebrates": 0.44091312676419914,
      "FV_fish_vertebrates": 0.5191439535935803,
      "SR_sand_seafloor_rocks": 0.17505646864252752
    },
    "confusion": [
      [
        11999099,
        338215,
        289725,
        1372718,
        153230,
        1364699,
        340415,
        620177
      ],
      [
        46040,
        594910,
        1551,
        97204,
        144698,
        211107,
        326334,
        32205
      ],
      [
        18383,
        867,
        383143,
        94270,
        392,
        507868,
        62183,
        148511
      ],
      [
        32458,
        168990,
        35013,
        1685811,
        48029,
        520217,
        134924,
        245574
      ],
      [
        13606,
        85538,
        0,
        638,
        230674,
        13446,
        8283,
        2114
      ],
      [
        21936,
        109099,
        703277,
        117289,
        1426,
        5793673,
        324545,
        603145
      ],
      [
        106530,
        6870,
        65100,
        935,
        37186,
        302608,
        2067876,
        79599
      ],
      [
        970384,
        90414,
        373700,
        1105795,
        17981,
        2545834,
        119854,
        1475941
      ]
    ]
  }
}
DONE adapter_2000 K=2 seed=3407

START adapter_2000 K=2 seed=3408
{
  "shots_per_class": 2,
  "support_images": 16,
  "evaluation_images": 110,
  "protocol_sha256": "16da76ae8e9677aec5f30b09dad79b23402cfee6964f31ede28bf1d72bf52540"
}
step 20/2000: loss=1.4855
step 40/2000: loss=1.4585
step 60/2000: loss=1.1058
step 80/2000: loss=1.1385
step 100/2000: loss=1.0737
step 120/2000: loss=0.9602
step 140/2000: loss=0.8471
step 160/2000: loss=0.6038
step 180/2000: loss=0.5416
step 200/2000: loss=0.8480
step 220/2000: loss=0.5339
step 240/2000: loss=0.4659
step 260/2000: loss=0.7498
step 280/2000: loss=0.6551
step 300/2000: loss=0.3701
step 320/2000: loss=0.4320
step 340/2000: loss=0.5431
step 360/2000: loss=0.2564
step 380/2000: loss=0.3076
step 400/2000: loss=0.2140
step 420/2000: loss=0.4276
step 440/2000: loss=0.4338
step 460/2000: loss=0.1174
step 480/2000: loss=0.1751
step 500/2000: loss=0.3001
step 520/2000: loss=0.1425
step 540/2000: loss=0.1437
step 560/2000: loss=0.4364
step 580/2000: loss=0.1177
step 600/2000: loss=0.1238
step 620/2000: loss=0.1155
step 640/2000: loss=0.1439
step 660/2000: loss=0.3609
step 680/2000: loss=0.1248
step 700/2000: loss=0.2026
step 720/2000: loss=0.3471
step 740/2000: loss=0.2365
step 760/2000: loss=0.0918
step 780/2000: loss=0.1246
step 800/2000: loss=0.1075
step 820/2000: loss=0.1059
step 840/2000: loss=0.1557
step 860/2000: loss=0.1560
step 880/2000: loss=0.1647
step 900/2000: loss=0.2214
step 920/2000: loss=0.2944
step 940/2000: loss=0.1883
step 960/2000: loss=0.1514
step 980/2000: loss=0.1686
step 1000/2000: loss=0.0817
step 1020/2000: loss=0.1731
step 1040/2000: loss=0.0762
step 1060/2000: loss=0.1082
step 1080/2000: loss=0.1129
step 1100/2000: loss=0.0795
step 1120/2000: loss=0.1941
step 1140/2000: loss=0.1038
step 1160/2000: loss=0.2138
step 1180/2000: loss=0.2964
step 1200/2000: loss=0.1071
step 1220/2000: loss=0.1053
step 1240/2000: loss=0.1662
step 1260/2000: loss=0.0599
step 1280/2000: loss=0.3099
step 1300/2000: loss=0.0966
step 1320/2000: loss=0.0771
step 1340/2000: loss=0.1080
step 1360/2000: loss=0.1137
step 1380/2000: loss=0.1522
step 1400/2000: loss=0.0999
step 1420/2000: loss=0.3685
step 1440/2000: loss=0.0558
step 1460/2000: loss=0.1708
step 1480/2000: loss=0.1823
step 1500/2000: loss=0.0859
step 1520/2000: loss=0.0430
step 1540/2000: loss=0.0929
step 1560/2000: loss=0.0766
step 1580/2000: loss=0.1260
step 1600/2000: loss=0.1450
step 1620/2000: loss=0.1189
step 1640/2000: loss=0.0601
step 1660/2000: loss=0.1391
step 1680/2000: loss=0.0771
step 1700/2000: loss=0.0569
step 1720/2000: loss=0.2056
step 1740/2000: loss=0.1996
step 1760/2000: loss=0.1171
step 1780/2000: loss=0.0489
step 1800/2000: loss=0.1616
step 1820/2000: loss=0.0445
step 1840/2000: loss=0.0579
step 1860/2000: loss=0.0536
step 1880/2000: loss=0.2180
step 1900/2000: loss=0.1422
step 1920/2000: loss=0.2103
step 1940/2000: loss=0.1704
step 1960/2000: loss=0.0861
step 1980/2000: loss=0.1690
step 2000/2000: loss=0.0578
/root/miniconda3/lib/python3.12/site-packages/torch/nn/modules/conv.py:456: UserWarning: Plan failed with a cudnnException: CUDNN_BACKEND_EXECUTION_PLAN_DESCRIPTOR: cudnnFinalize Descriptor Failed cudnn_status: CUDNN_STATUS_NOT_SUPPORTED (Triggered internally at ../aten/src/ATen/native/cudnn/Conv_v8.cpp:919.)
  return F.conv2d(input, weight, bias, self.stride,
evaluation 25/110
evaluation 50/110
evaluation 75/110
evaluation 100/110
evaluation 110/110
{
  "signature": "1a65958265e4000cb6b5858d6cc3499499f2a3fa9c6ad340dd60224450cf2a0b",
  "mode": "adapter",
  "steps": 2000,
  "shots_per_class": 2,
  "seed": 3408,
  "support_images": 16,
  "evaluation_images": 110,
  "metrics": {
    "mIoU": 0.3667516220858099,
    "foreground_mIoU": 0.3160525604626727,
    "pixel_accuracy": 0.6472700892793714,
    "per_class_iou": {
      "BW_background_waterbody": 0.7216450534477703,
      "HD_human_divers": 0.2799336790313026,
      "PF_plants_seagrass": 0.13993929979505246,
      "WR_wrecks_ruins": 0.40471001661402356,
      "RO_robots_instruments": 0.26404204885087085,
      "RI_reefs_invertebrates": 0.44425887999936114,
      "FV_fish_vertebrates": 0.498303212815015,
      "SR_sand_seafloor_rocks": 0.18118078613308358
    },
    "confusion": [
      [
        13221845,
        323495,
        106651,
        583244,
        181875,
        1508320,
        313059,
        239789
      ],
      [
        144468,
        582652,
        1185,
        6658,
        253918,
        126459,
        312992,
        25717
      ],
      [
        20707,
        8971,
        294494,
        102544,
        2623,
        520183,
        52358,
        213737
      ],
      [
        61065,
        82294,
        16374,
        1747310,
        78669,
        498121,
        118670,
        268513
      ],
      [
        18967,
        59844,
        4,
        0,
        263886,
        6048,
        5016,
        534
      ],
      [
        39249,
        65905,
        618751,
        69891,
        7937,
        6008114,
        291393,
        573150
      ],
      [
        144851,
        10280,
        11044,
        739,
        102669,
        387867,
        1924743,
        84511
      ],
      [
        1414227,
        76555,
        134815,
        683345,
        17419,
        2802515,
        102402,
        1468625
      ]
    ]
  }
}
DONE adapter_2000 K=2 seed=3408

START adapter_2000 K=2 seed=3409
{
  "shots_per_class": 2,
  "support_images": 16,
  "evaluation_images": 110,
  "protocol_sha256": "16da76ae8e9677aec5f30b09dad79b23402cfee6964f31ede28bf1d72bf52540"
}
step 20/2000: loss=1.1756
step 40/2000: loss=1.6825
step 60/2000: loss=1.8641
step 80/2000: loss=1.5366
step 100/2000: loss=1.0801
step 120/2000: loss=1.0635
step 140/2000: loss=0.8703
step 160/2000: loss=0.7754
step 180/2000: loss=0.7213
step 200/2000: loss=0.7421
step 220/2000: loss=0.6803
step 240/2000: loss=0.6058
step 260/2000: loss=0.3863
step 280/2000: loss=0.3476
step 300/2000: loss=0.5711
step 320/2000: loss=0.4105
step 340/2000: loss=0.3707
step 360/2000: loss=0.2207
step 380/2000: loss=0.3465
step 400/2000: loss=0.3847
step 420/2000: loss=0.3945
step 440/2000: loss=0.3508
step 460/2000: loss=0.3745
step 480/2000: loss=0.1963
step 500/2000: loss=0.3433
step 520/2000: loss=0.3390
step 540/2000: loss=0.2535
step 560/2000: loss=0.1450
step 580/2000: loss=0.2047
step 600/2000: loss=0.2136
step 620/2000: loss=0.1837
step 640/2000: loss=0.3608
step 660/2000: loss=0.3309
step 680/2000: loss=0.1549
step 700/2000: loss=0.3955
step 720/2000: loss=0.2707
step 740/2000: loss=0.2129
step 760/2000: loss=0.1756
step 780/2000: loss=0.1148
step 800/2000: loss=0.1819
step 820/2000: loss=0.2755
step 840/2000: loss=0.1106
step 860/2000: loss=0.1532
step 880/2000: loss=0.0961
step 900/2000: loss=0.1764
step 920/2000: loss=0.1536
step 940/2000: loss=0.2237
step 960/2000: loss=0.1440
step 980/2000: loss=0.1428
step 1000/2000: loss=0.1780
step 1020/2000: loss=0.2407
step 1040/2000: loss=0.1848
step 1060/2000: loss=0.1797
step 1080/2000: loss=0.0842
step 1100/2000: loss=0.2854
step 1120/2000: loss=0.1978
step 1140/2000: loss=0.1631
step 1160/2000: loss=0.1491
step 1180/2000: loss=0.1381
step 1200/2000: loss=0.0721
step 1220/2000: loss=0.1346
step 1240/2000: loss=0.1620
step 1260/2000: loss=0.3145
step 1280/2000: loss=0.1361
step 1300/2000: loss=0.2189
step 1320/2000: loss=0.2054
step 1340/2000: loss=0.1209
step 1360/2000: loss=0.0700
step 1380/2000: loss=0.1594
step 1400/2000: loss=0.0891
step 1420/2000: loss=0.1599
step 1440/2000: loss=0.0576
step 1460/2000: loss=0.0760
step 1480/2000: loss=0.0678
step 1500/2000: loss=0.1813
step 1520/2000: loss=0.1288
step 1540/2000: loss=0.1979
step 1560/2000: loss=0.1204
step 1580/2000: loss=0.1878
step 1600/2000: loss=0.1443
step 1620/2000: loss=0.0989
step 1640/2000: loss=0.2175
step 1660/2000: loss=0.0799
step 1680/2000: loss=0.1079
step 1700/2000: loss=0.0435
step 1720/2000: loss=0.1475
step 1740/2000: loss=0.1182
step 1760/2000: loss=0.1662
step 1780/2000: loss=0.0441
step 1800/2000: loss=0.0848
step 1820/2000: loss=0.0778
step 1840/2000: loss=0.1466
step 1860/2000: loss=0.1607
step 1880/2000: loss=0.2116
step 1900/2000: loss=0.0715
step 1920/2000: loss=0.1183
step 1940/2000: loss=0.0418
step 1960/2000: loss=0.1299
step 1980/2000: loss=0.2226
step 2000/2000: loss=0.0425
/root/miniconda3/lib/python3.12/site-packages/torch/nn/modules/conv.py:456: UserWarning: Plan failed with a cudnnException: CUDNN_BACKEND_EXECUTION_PLAN_DESCRIPTOR: cudnnFinalize Descriptor Failed cudnn_status: CUDNN_STATUS_NOT_SUPPORTED (Triggered internally at ../aten/src/ATen/native/cudnn/Conv_v8.cpp:919.)
  return F.conv2d(input, weight, bias, self.stride,
evaluation 25/110
evaluation 50/110
evaluation 75/110
evaluation 100/110
evaluation 110/110
{
  "signature": "d4022e9205fc44d95445e73b61527f955efd5451f249c83142e075e4b18b5f00",
  "mode": "adapter",
  "steps": 2000,
  "shots_per_class": 2,
  "seed": 3409,
  "support_images": 16,
  "evaluation_images": 110,
  "metrics": {
    "mIoU": 0.36000516783230807,
    "foreground_mIoU": 0.3110159758764322,
    "pixel_accuracy": 0.6340089230658065,
    "per_class_iou": {
      "BW_background_waterbody": 0.7029295115234386,
      "HD_human_divers": 0.26408187120960797,
      "PF_plants_seagrass": 0.16913677545975636,
      "WR_wrecks_ruins": 0.3866204159817339,
      "RO_robots_instruments": 0.23570071003370868,
      "RI_reefs_invertebrates": 0.4481465937444217,
      "FV_fish_vertebrates": 0.4816685280585823,
      "SR_sand_seafloor_rocks": 0.19175693664721527
    },
    "confusion": [
      [
        12787700,
        336649,
        157407,
        671751,
        274926,
        1095680,
        213022,
        941143
      ],
      [
        71089,
        524582,
        1822,
        14803,
        312048,
        154257,
        217112,
        158336
      ],
      [
        15202,
        4118,
        385220,
        79521,
        558,
        512718,
        53628,
        164652
      ],
      [
        93436,
        62213,
        66776,
        1690572,
        90299,
        521975,
        91495,
        254250
      ],
      [
        23485,
        24931,
        0,
        188,
        289201,
        8235,
        6279,
        1980
      ],
      [
        31026,
        62033,
        649742,
        82438,
        18811,
        5834494,
        225540,
        770306
      ],
      [
        127931,
        11410,
        45654,
        865,
        153796,
        393597,
        1710456,
        222995
      ],
      [
        1351562,
        31034,
        140547,
        652110,
        22247,
        2658312,
        77326,
        1766765
      ]
    ]
  }
}
DONE adapter_2000 K=2 seed=3409

START adapter_2000 K=5 seed=3407
{
  "shots_per_class": 5,
  "support_images": 40,
  "evaluation_images": 110,
  "protocol_sha256": "16da76ae8e9677aec5f30b09dad79b23402cfee6964f31ede28bf1d72bf52540"
}
step 20/2000: loss=1.4123
step 40/2000: loss=1.4810
step 60/2000: loss=1.4840
step 80/2000: loss=1.5030
step 100/2000: loss=1.3780
step 120/2000: loss=1.4396
step 140/2000: loss=0.8062
step 160/2000: loss=0.9741
step 180/2000: loss=1.0686
step 200/2000: loss=0.8953
step 220/2000: loss=1.0691
step 240/2000: loss=0.8707
step 260/2000: loss=0.6977
step 280/2000: loss=1.0938
step 300/2000: loss=1.1033
step 320/2000: loss=0.4541
step 340/2000: loss=0.6867
step 360/2000: loss=0.5244
step 380/2000: loss=0.6375
step 400/2000: loss=0.6770
step 420/2000: loss=0.4332
step 440/2000: loss=0.3637
step 460/2000: loss=0.4487
step 480/2000: loss=0.6663
step 500/2000: loss=1.1048
step 520/2000: loss=0.9746
step 540/2000: loss=0.3127
step 560/2000: loss=0.2596
step 580/2000: loss=0.3825
step 600/2000: loss=0.3761
step 620/2000: loss=0.5727
step 640/2000: loss=0.7725
step 660/2000: loss=0.5268
step 680/2000: loss=0.4508
step 700/2000: loss=0.3030
step 720/2000: loss=0.4494
step 740/2000: loss=0.5367
step 760/2000: loss=0.3104
step 780/2000: loss=0.3239
step 800/2000: loss=0.2374
step 820/2000: loss=0.4586
step 840/2000: loss=0.3977
step 860/2000: loss=0.2579
step 880/2000: loss=0.2497
step 900/2000: loss=0.2734
step 920/2000: loss=0.2257
step 940/2000: loss=0.2596
step 960/2000: loss=0.2521
step 980/2000: loss=0.3953
step 1000/2000: loss=0.1362
step 1020/2000: loss=0.3413
step 1040/2000: loss=0.1567
step 1060/2000: loss=0.3432
step 1080/2000: loss=0.1992
step 1100/2000: loss=0.3065
step 1120/2000: loss=0.4761
step 1140/2000: loss=0.1770
step 1160/2000: loss=0.2207
step 1180/2000: loss=0.4737
step 1200/2000: loss=0.1749
step 1220/2000: loss=0.2429
step 1240/2000: loss=0.2286
step 1260/2000: loss=0.2039
step 1280/2000: loss=0.4176
step 1300/2000: loss=0.1572
step 1320/2000: loss=0.3153
step 1340/2000: loss=0.2722
step 1360/2000: loss=0.3538
step 1380/2000: loss=0.2019
step 1400/2000: loss=0.0733
step 1420/2000: loss=0.4122
step 1440/2000: loss=0.2855
step 1460/2000: loss=0.2287
step 1480/2000: loss=0.1665
step 1500/2000: loss=0.4107
step 1520/2000: loss=0.1680
step 1540/2000: loss=0.1952
step 1560/2000: loss=0.1881
step 1580/2000: loss=0.2604
step 1600/2000: loss=0.1277
step 1620/2000: loss=0.1764
step 1640/2000: loss=0.1055
step 1660/2000: loss=0.1891
step 1680/2000: loss=0.1461
step 1700/2000: loss=0.1283
step 1720/2000: loss=0.2391
step 1740/2000: loss=0.4049
step 1760/2000: loss=0.1302
step 1780/2000: loss=0.0910
step 1800/2000: loss=0.1812
step 1820/2000: loss=0.3689
step 1840/2000: loss=0.2615
step 1860/2000: loss=0.1861
step 1880/2000: loss=0.1869
step 1900/2000: loss=0.3284
step 1920/2000: loss=0.3040
step 1940/2000: loss=0.0892
step 1960/2000: loss=0.1083
step 1980/2000: loss=0.1978
step 2000/2000: loss=0.1786
/root/miniconda3/lib/python3.12/site-packages/torch/nn/modules/conv.py:456: UserWarning: Plan failed with a cudnnException: CUDNN_BACKEND_EXECUTION_PLAN_DESCRIPTOR: cudnnFinalize Descriptor Failed cudnn_status: CUDNN_STATUS_NOT_SUPPORTED (Triggered internally at ../aten/src/ATen/native/cudnn/Conv_v8.cpp:919.)
  return F.conv2d(input, weight, bias, self.stride,
evaluation 25/110
evaluation 50/110
evaluation 75/110
evaluation 100/110
evaluation 110/110
{
  "signature": "4386a7de637df3ba9155ce2d22e68b12cedb7188e40a09f35b59c69b319da26a",
  "mode": "adapter",
  "steps": 2000,
  "shots_per_class": 5,
  "seed": 3407,
  "support_images": 40,
  "evaluation_images": 110,
  "metrics": {
    "mIoU": 0.4270400089138968,
    "foreground_mIoU": 0.3809212484269714,
    "pixel_accuracy": 0.6965553529667032,
    "per_class_iou": {
      "BW_background_waterbody": 0.7498713323223749,
      "HD_human_divers": 0.4203619325747799,
      "PF_plants_seagrass": 0.21556837676824897,
      "WR_wrecks_ruins": 0.4245558478357896,
      "RO_robots_instruments": 0.272586884898649,
      "RI_reefs_invertebrates": 0.5256889304897213,
      "FV_fish_vertebrates": 0.5348200806265322,
      "SR_sand_seafloor_rocks": 0.2728666857950788
    },
    "confusion": [
      [
        13869111,
        247662,
        110383,
        381772,
        94816,
        611992,
        153402,
        1009140
      ],
      [
        101907,
        941670,
        1786,
        57053,
        155573,
        110951,
        59324,
        25785
      ],
      [
        37508,
        530,
        401467,
        131707,
        915,
        554572,
        50113,
        38805
      ],
      [
        87280,
        176490,
        28722,
        1898663,
        190623,
        283021,
        54918,
        151299
      ],
      [
        10803,
        98152,
        0,
        79,
        239355,
        4885,
        611,
        414
      ],
      [
        134748,
        84672,
        371522,
        328114,
        5454,
        5890294,
        184313,
        675273
      ],
      [
        162064,
        63616,
        43808,
        2396,
        24590,
        310149,
        1794308,
        265773
      ],
      [
        1482733,
        114970,
        90527,
        699979,
        51817,
        1654944,
        185590,
        2419343
      ]
    ]
  }
}
DONE adapter_2000 K=5 seed=3407

START adapter_2000 K=5 seed=3408
{
  "shots_per_class": 5,
  "support_images": 40,
  "evaluation_images": 110,
  "protocol_sha256": "16da76ae8e9677aec5f30b09dad79b23402cfee6964f31ede28bf1d72bf52540"
}
step 20/2000: loss=1.6035
step 40/2000: loss=1.3340
step 60/2000: loss=1.5075
step 80/2000: loss=1.4586
step 100/2000: loss=1.4542
step 120/2000: loss=0.8009
step 140/2000: loss=1.3323
step 160/2000: loss=1.3786
step 180/2000: loss=0.9658
step 200/2000: loss=0.8205
step 220/2000: loss=0.7833
step 240/2000: loss=0.8253
step 260/2000: loss=0.7095
step 280/2000: loss=1.2548
step 300/2000: loss=0.7739
step 320/2000: loss=0.6928
step 340/2000: loss=0.7815
step 360/2000: loss=0.7269
step 380/2000: loss=0.7147
step 400/2000: loss=0.5144
step 420/2000: loss=0.3970
step 440/2000: loss=0.3521
step 460/2000: loss=0.3302
step 480/2000: loss=0.8248
step 500/2000: loss=0.8095
step 520/2000: loss=0.3428
step 540/2000: loss=0.3883
step 560/2000: loss=0.6750
step 580/2000: loss=0.4675
step 600/2000: loss=0.3366
step 620/2000: loss=0.3996
step 640/2000: loss=0.2467
step 660/2000: loss=0.9106
step 680/2000: loss=0.4207
step 700/2000: loss=0.7422
step 720/2000: loss=0.5028
step 740/2000: loss=0.2377
step 760/2000: loss=0.4073
step 780/2000: loss=0.3658
step 800/2000: loss=0.3243
step 820/2000: loss=0.3011
step 840/2000: loss=0.2940
step 860/2000: loss=0.4834
step 880/2000: loss=0.2974
step 900/2000: loss=0.3869
step 920/2000: loss=0.2352
step 940/2000: loss=0.3995
step 960/2000: loss=0.1744
step 980/2000: loss=0.4473
step 1000/2000: loss=0.3643
step 1020/2000: loss=0.2011
step 1040/2000: loss=0.2315
step 1060/2000: loss=0.1433
step 1080/2000: loss=0.3162
step 1100/2000: loss=0.2225
step 1120/2000: loss=0.3361
step 1140/2000: loss=0.2330
step 1160/2000: loss=1.3173
step 1180/2000: loss=0.2627
step 1200/2000: loss=0.2562
step 1220/2000: loss=0.1852
step 1240/2000: loss=0.1752
step 1260/2000: loss=0.3391
step 1280/2000: loss=0.2060
step 1300/2000: loss=0.1449
step 1320/2000: loss=0.1696
step 1340/2000: loss=0.2301
step 1360/2000: loss=0.1494
step 1380/2000: loss=0.2521
step 1400/2000: loss=0.1925
step 1420/2000: loss=0.2054
step 1440/2000: loss=0.2789
step 1460/2000: loss=0.3879
step 1480/2000: loss=0.1861
step 1500/2000: loss=0.2726
step 1520/2000: loss=0.2114
step 1540/2000: loss=0.2389
step 1560/2000: loss=0.2042
step 1580/2000: loss=0.3324
step 1600/2000: loss=0.1789
step 1620/2000: loss=0.1279
step 1640/2000: loss=0.2790
step 1660/2000: loss=0.2179
step 1680/2000: loss=0.1570
step 1700/2000: loss=0.1775
step 1720/2000: loss=0.2755
step 1740/2000: loss=0.1422
step 1760/2000: loss=0.3132
step 1780/2000: loss=0.3246
step 1800/2000: loss=0.1588
step 1820/2000: loss=0.3670
step 1840/2000: loss=0.1329
step 1860/2000: loss=0.1980
step 1880/2000: loss=0.1927
step 1900/2000: loss=0.1608
step 1920/2000: loss=0.1311
step 1940/2000: loss=0.2604
step 1960/2000: loss=0.1594
step 1980/2000: loss=0.1710
step 2000/2000: loss=0.4712
/root/miniconda3/lib/python3.12/site-packages/torch/nn/modules/conv.py:456: UserWarning: Plan failed with a cudnnException: CUDNN_BACKEND_EXECUTION_PLAN_DESCRIPTOR: cudnnFinalize Descriptor Failed cudnn_status: CUDNN_STATUS_NOT_SUPPORTED (Triggered internally at ../aten/src/ATen/native/cudnn/Conv_v8.cpp:919.)
  return F.conv2d(input, weight, bias, self.stride,
evaluation 25/110
evaluation 50/110
evaluation 75/110
evaluation 100/110
evaluation 110/110
{
  "signature": "583e1b05bd456bb1d778dbf9d10b256606e9085e5e110d304eb0d3b9d89acf57",
  "mode": "adapter",
  "steps": 2000,
  "shots_per_class": 5,
  "seed": 3408,
  "support_images": 40,
  "evaluation_images": 110,
  "metrics": {
    "mIoU": 0.42695406755074133,
    "foreground_mIoU": 0.37978463722168265,
    "pixel_accuracy": 0.7069133056831011,
    "per_class_iou": {
      "BW_background_waterbody": 0.7571400798541521,
      "HD_human_divers": 0.448864438594213,
      "PF_plants_seagrass": 0.08067118929880021,
      "WR_wrecks_ruins": 0.4626206256807649,
      "RO_robots_instruments": 0.3336910757037893,
      "RI_reefs_invertebrates": 0.5414747868524994,
      "FV_fish_vertebrates": 0.5259320367003562,
      "SR_sand_seafloor_rocks": 0.2652383077213554
    },
    "confusion": [
      [
        14316362,
        244367,
        65902,
        207990,
        131920,
        693815,
        163712,
        654210
      ],
      [
        197754,
        950549,
        0,
        11152,
        168396,
        38949,
        67862,
        19387
      ],
      [
        32972,
        2214,
        128975,
        126142,
        629,
        769864,
        62933,
        91888
      ],
      [
        101045,
        135767,
        636,
        1875161,
        107166,
        334641,
        64929,
        251671
      ],
      [
        9618,
        73314,
        0,
        0,
        266772,
        1790,
        1448,
        1357
      ],
      [
        122026,
        31515,
        194988,
        256702,
        12132,
        6385362,
        109967,
        561698
      ],
      [
        255900,
        76520,
        29891,
        1995,
        18633,
        390364,
        1688813,
        204588
      ],
      [
        1710879,
        99929,
        91740,
        578348,
        6283,
        1888725,
        73531,
        2250468
      ]
    ]
  }
}
DONE adapter_2000 K=5 seed=3408

START adapter_2000 K=5 seed=3409
{
  "shots_per_class": 5,
  "support_images": 40,
  "evaluation_images": 110,
  "protocol_sha256": "16da76ae8e9677aec5f30b09dad79b23402cfee6964f31ede28bf1d72bf52540"
}
step 20/2000: loss=1.3886
step 40/2000: loss=1.5710
step 60/2000: loss=0.9055
step 80/2000: loss=1.3667
step 100/2000: loss=1.1179
step 120/2000: loss=0.8728
step 140/2000: loss=1.1966
step 160/2000: loss=0.9055
step 180/2000: loss=0.8982
step 200/2000: loss=0.6041
step 220/2000: loss=1.3325
step 240/2000: loss=0.9787
step 260/2000: loss=0.8842
step 280/2000: loss=0.9468
step 300/2000: loss=0.9980
step 320/2000: loss=0.5049
step 340/2000: loss=0.7146
step 360/2000: loss=0.7595
step 380/2000: loss=0.6894
step 400/2000: loss=0.4898
step 420/2000: loss=0.9970
step 440/2000: loss=0.6784
step 460/2000: loss=0.6180
step 480/2000: loss=0.4598
step 500/2000: loss=0.3676
step 520/2000: loss=0.4789
step 540/2000: loss=0.5331
step 560/2000: loss=0.4566
step 580/2000: loss=0.5796
step 600/2000: loss=0.3750
step 620/2000: loss=0.4969
step 640/2000: loss=0.2552
step 660/2000: loss=0.3283
step 680/2000: loss=0.4754
step 700/2000: loss=0.3322
step 720/2000: loss=0.3388
step 740/2000: loss=0.3501
step 760/2000: loss=0.3121
step 780/2000: loss=0.2929
step 800/2000: loss=0.2534
step 820/2000: loss=0.2544
step 840/2000: loss=0.5892
step 860/2000: loss=0.4039
step 880/2000: loss=0.2413
step 900/2000: loss=0.4629
step 920/2000: loss=0.2691
step 940/2000: loss=0.4536
step 960/2000: loss=0.2640
step 980/2000: loss=0.3991
step 1000/2000: loss=0.2102
step 1020/2000: loss=0.3252
step 1040/2000: loss=0.1899
step 1060/2000: loss=0.5040
step 1080/2000: loss=0.2538
step 1100/2000: loss=0.1933
step 1120/2000: loss=0.2187
step 1140/2000: loss=0.3485
step 1160/2000: loss=0.2439
step 1180/2000: loss=0.2468
step 1200/2000: loss=0.1656
step 1220/2000: loss=0.2262
step 1240/2000: loss=0.2498
step 1260/2000: loss=0.2470
step 1280/2000: loss=0.2538
step 1300/2000: loss=0.2659
step 1320/2000: loss=0.3479
step 1340/2000: loss=0.3766
step 1360/2000: loss=0.1271
step 1380/2000: loss=0.2231
step 1400/2000: loss=0.2695
step 1420/2000: loss=0.2365
step 1440/2000: loss=0.2715
step 1460/2000: loss=0.1709
step 1480/2000: loss=0.1602
step 1500/2000: loss=0.2125
step 1520/2000: loss=0.3670
step 1540/2000: loss=0.1549
step 1560/2000: loss=0.3659
step 1580/2000: loss=0.1940
step 1600/2000: loss=0.2136
step 1620/2000: loss=0.1706
step 1640/2000: loss=0.1236
step 1660/2000: loss=0.2374
step 1680/2000: loss=0.4113
step 1700/2000: loss=0.1238
step 1720/2000: loss=0.1507
step 1740/2000: loss=0.3531
step 1760/2000: loss=0.2375
step 1780/2000: loss=0.2569
step 1800/2000: loss=0.1991
step 1820/2000: loss=0.2986
step 1840/2000: loss=0.2068
step 1860/2000: loss=0.1920
step 1880/2000: loss=0.1469
step 1900/2000: loss=0.3154
step 1920/2000: loss=0.2365
step 1940/2000: loss=0.1009
step 1960/2000: loss=0.1227
step 1980/2000: loss=0.0956
step 2000/2000: loss=0.1845
/root/miniconda3/lib/python3.12/site-packages/torch/nn/modules/conv.py:456: UserWarning: Plan failed with a cudnnException: CUDNN_BACKEND_EXECUTION_PLAN_DESCRIPTOR: cudnnFinalize Descriptor Failed cudnn_status: CUDNN_STATUS_NOT_SUPPORTED (Triggered internally at ../aten/src/ATen/native/cudnn/Conv_v8.cpp:919.)
  return F.conv2d(input, weight, bias, self.stride,
evaluation 25/110
evaluation 50/110
evaluation 75/110
evaluation 100/110
evaluation 110/110
{
  "signature": "6ec5fcc8579a97ecb560fa5b454e86fb7450143309c7cb18ab6d65245153068e",
  "mode": "adapter",
  "steps": 2000,
  "shots_per_class": 5,
  "seed": 3409,
  "support_images": 40,
  "evaluation_images": 110,
  "metrics": {
    "mIoU": 0.4253180133821552,
    "foreground_mIoU": 0.38022497505722064,
    "pixel_accuracy": 0.6865787850974531,
    "per_class_iou": {
      "BW_background_waterbody": 0.7409692816566966,
      "HD_human_divers": 0.4408978316750095,
      "PF_plants_seagrass": 0.14147990615930564,
      "WR_wrecks_ruins": 0.4727398433459917,
      "RO_robots_instruments": 0.3555051863777265,
      "RI_reefs_invertebrates": 0.5030314259182519,
      "FV_fish_vertebrates": 0.5036084819106995,
      "SR_sand_seafloor_rocks": 0.24431215001356008
    },
    "confusion": [
      [
        13864254,
        260777,
        69227,
        166739,
        132976,
        717292,
        121893,
        1145120
      ],
      [
        105648,
        896202,
        856,
        11466,
        215664,
        125490,
        29391,
        69332
      ],
      [
        28667,
        3323,
        269630,
        95137,
        1027,
        699278,
        45137,
        73418
      ],
      [
        217432,
        62448,
        31165,
        1847516,
        96810,
        374434,
        48132,
        193079
      ],
      [
        9731,
        36991,
        0,
        0,
        302082,
        3141,
        872,
        1482
      ],
      [
        114012,
        38960,
        368424,
        299620,
        5854,
        6092529,
        69758,
        685233
      ],
      [
        234074,
        132081,
        62664,
        1014,
        22676,
        357524,
        1546561,
        310110
      ],
      [
        1523128,
        44046,
        157830,
        463111,
        20420,
        2160078,
        89072,
        2242218
      ]
    ]
  }
}
DONE adapter_2000 K=5 seed=3409

START adapter_2000 K=10 seed=3407
{
  "shots_per_class": 10,
  "support_images": 78,
  "evaluation_images": 110,
  "protocol_sha256": "16da76ae8e9677aec5f30b09dad79b23402cfee6964f31ede28bf1d72bf52540"
}
step 20/2000: loss=1.7465
step 40/2000: loss=1.5892
step 60/2000: loss=1.4630
step 80/2000: loss=1.4468
step 100/2000: loss=1.1758
step 120/2000: loss=1.3691
step 140/2000: loss=1.4103
step 160/2000: loss=1.1095
step 180/2000: loss=1.1080
step 200/2000: loss=1.0632
step 220/2000: loss=1.0408
step 240/2000: loss=0.8595
step 260/2000: loss=1.2105
step 280/2000: loss=1.0942
step 300/2000: loss=1.1288
step 320/2000: loss=0.6377
step 340/2000: loss=1.1394
step 360/2000: loss=0.6713
step 380/2000: loss=0.7995
step 400/2000: loss=0.6448
step 420/2000: loss=0.6961
step 440/2000: loss=0.6271
step 460/2000: loss=1.1318
step 480/2000: loss=0.5885
step 500/2000: loss=0.7064
step 520/2000: loss=0.5135
step 540/2000: loss=0.6808
step 560/2000: loss=0.8624
step 580/2000: loss=0.8104
step 600/2000: loss=0.6074
step 620/2000: loss=0.5602
step 640/2000: loss=0.5814
step 660/2000: loss=0.7426
step 680/2000: loss=0.5335
step 700/2000: loss=0.4823
step 720/2000: loss=0.4080
step 740/2000: loss=0.5368
step 760/2000: loss=0.5323
step 780/2000: loss=0.2910
step 800/2000: loss=0.6776
step 820/2000: loss=0.4146
step 840/2000: loss=0.5312
step 860/2000: loss=0.9931
step 880/2000: loss=0.5689
step 900/2000: loss=0.3567
step 920/2000: loss=0.3269
step 940/2000: loss=0.2478
step 960/2000: loss=0.3626
step 980/2000: loss=0.4480
step 1000/2000: loss=0.3618
step 1020/2000: loss=0.4230
step 1040/2000: loss=0.4128
step 1060/2000: loss=0.3707
step 1080/2000: loss=0.3979
step 1100/2000: loss=0.1512
step 1120/2000: loss=0.3407
step 1140/2000: loss=0.5139
step 1160/2000: loss=0.3577
step 1180/2000: loss=0.3248
step 1200/2000: loss=0.5539
step 1220/2000: loss=0.5917
step 1240/2000: loss=0.6420
step 1260/2000: loss=0.3211
step 1280/2000: loss=0.4346
step 1300/2000: loss=1.0307
step 1320/2000: loss=0.5599
step 1340/2000: loss=0.3863
step 1360/2000: loss=0.3614
step 1380/2000: loss=0.6199
step 1400/2000: loss=0.3894
step 1420/2000: loss=0.5794
step 1440/2000: loss=0.3343
step 1460/2000: loss=0.4972
step 1480/2000: loss=0.2197
step 1500/2000: loss=0.2532
step 1520/2000: loss=0.3187
step 1540/2000: loss=0.5283
step 1560/2000: loss=1.0640
step 1580/2000: loss=0.5207
step 1600/2000: loss=0.5010
step 1620/2000: loss=0.1824
step 1640/2000: loss=0.5231
step 1660/2000: loss=0.5379
step 1680/2000: loss=0.5317
step 1700/2000: loss=0.3409
step 1720/2000: loss=0.3532
step 1740/2000: loss=0.3187
step 1760/2000: loss=0.3459
step 1780/2000: loss=0.4633
step 1800/2000: loss=0.9108
step 1820/2000: loss=0.4935
step 1840/2000: loss=0.8149
step 1860/2000: loss=0.4405
step 1880/2000: loss=0.2439
step 1900/2000: loss=0.2991
step 1920/2000: loss=0.3895
step 1940/2000: loss=0.2109
step 1960/2000: loss=0.2463
step 1980/2000: loss=0.6786
step 2000/2000: loss=0.3518
/root/miniconda3/lib/python3.12/site-packages/torch/nn/modules/conv.py:456: UserWarning: Plan failed with a cudnnException: CUDNN_BACKEND_EXECUTION_PLAN_DESCRIPTOR: cudnnFinalize Descriptor Failed cudnn_status: CUDNN_STATUS_NOT_SUPPORTED (Triggered internally at ../aten/src/ATen/native/cudnn/Conv_v8.cpp:919.)
  return F.conv2d(input, weight, bias, self.stride,
evaluation 25/110
evaluation 50/110
evaluation 75/110
evaluation 100/110
evaluation 110/110
{
  "signature": "8415720895ae730f66345825525c7783aeca8642de2cdc1f9b50ac5931b03fc7",
  "mode": "adapter",
  "steps": 2000,
  "shots_per_class": 10,
  "seed": 3407,
  "support_images": 78,
  "evaluation_images": 110,
  "metrics": {
    "mIoU": 0.4966066260775067,
    "foreground_mIoU": 0.45177733796338426,
    "pixel_accuracy": 0.7503190469965993,
    "per_class_iou": {
      "BW_background_waterbody": 0.8104116428763642,
      "HD_human_divers": 0.5268255581539154,
      "PF_plants_seagrass": 0.24159933900421887,
      "WR_wrecks_ruins": 0.4714986481431702,
      "RO_robots_instruments": 0.33867031066105324,
      "RI_reefs_invertebrates": 0.5559927156228944,
      "FV_fish_vertebrates": 0.6382655362383411,
      "SR_sand_seafloor_rocks": 0.3895892579200964
    },
    "confusion": [
      [
        14850034,
        259527,
        110577,
        195295,
        129196,
        142747,
        162722,
        628180
      ],
      [
        83763,
        1085405,
        3096,
        22531,
        170071,
        29910,
        41093,
        18180
      ],
      [
        31348,
        50,
        556742,
        136313,
        1228,
        313074,
        47969,
        128893
      ],
      [
        89593,
        130762,
        57524,
        1989084,
        74312,
        132990,
        47584,
        349167
      ],
      [
        10136,
        84241,
        0,
        578,
        257256,
        1236,
        484,
        368
      ],
      [
        121718,
        45195,
        805425,
        461761,
        9413,
        5224107,
        180045,
        826726
      ],
      [
        173224,
        23312,
        27372,
        12822,
        774,
        140317,
        2209030,
        79853
      ],
      [
        1336003,
        63138,
        84791,
        518326,
        20313,
        961335,
        314388,
        3401609
      ]
    ]
  }
}
DONE adapter_2000 K=10 seed=3407

START adapter_2000 K=10 seed=3408
{
  "shots_per_class": 10,
  "support_images": 78,
  "evaluation_images": 110,
  "protocol_sha256": "16da76ae8e9677aec5f30b09dad79b23402cfee6964f31ede28bf1d72bf52540"
}
step 20/2000: loss=1.5711
step 40/2000: loss=1.7120
step 60/2000: loss=1.4443
step 80/2000: loss=1.4918
step 100/2000: loss=1.5009
step 120/2000: loss=1.1645
step 140/2000: loss=1.0129
step 160/2000: loss=1.1108
step 180/2000: loss=1.0572
step 200/2000: loss=1.0595
step 220/2000: loss=0.7383
step 240/2000: loss=1.5578
step 260/2000: loss=0.8218
step 280/2000: loss=0.8364
step 300/2000: loss=0.9232
step 320/2000: loss=0.5622
step 340/2000: loss=1.6874
step 360/2000: loss=0.7096
step 380/2000: loss=0.6056
step 400/2000: loss=0.8256
step 420/2000: loss=0.9655
step 440/2000: loss=0.7074
step 460/2000: loss=0.8227
step 480/2000: loss=0.6806
step 500/2000: loss=0.9008
step 520/2000: loss=0.6550
step 540/2000: loss=0.7374
step 560/2000: loss=0.3819
step 580/2000: loss=0.8444
step 600/2000: loss=0.6247
step 620/2000: loss=0.5225
step 640/2000: loss=0.6990
step 660/2000: loss=0.5485
step 680/2000: loss=0.7792
step 700/2000: loss=0.5352
step 720/2000: loss=0.5598
step 740/2000: loss=0.4050
step 760/2000: loss=0.6374
step 780/2000: loss=0.3943
step 800/2000: loss=0.6317
step 820/2000: loss=0.3361
step 840/2000: loss=0.3971
step 860/2000: loss=0.3500
step 880/2000: loss=0.2839
step 900/2000: loss=0.3548
step 920/2000: loss=0.4231
step 940/2000: loss=0.6627
step 960/2000: loss=0.5006
step 980/2000: loss=1.1069
step 1000/2000: loss=0.6742
step 1020/2000: loss=0.3724
step 1040/2000: loss=0.3225
step 1060/2000: loss=0.3794
step 1080/2000: loss=0.4686
step 1100/2000: loss=0.6923
step 1120/2000: loss=0.5605
step 1140/2000: loss=0.6043
step 1160/2000: loss=0.7823
step 1180/2000: loss=0.3200
step 1200/2000: loss=0.5420
step 1220/2000: loss=0.4909
step 1240/2000: loss=0.5979
step 1260/2000: loss=0.4593
step 1280/2000: loss=0.2263
step 1300/2000: loss=0.3411
step 1320/2000: loss=0.4619
step 1340/2000: loss=0.3374
step 1360/2000: loss=0.4821
step 1380/2000: loss=0.3620
step 1400/2000: loss=0.3218
step 1420/2000: loss=0.3361
step 1440/2000: loss=0.5576
step 1460/2000: loss=0.2867
step 1480/2000: loss=0.5608
step 1500/2000: loss=0.7037
step 1520/2000: loss=0.5270
step 1540/2000: loss=0.1894
step 1560/2000: loss=0.4894
step 1580/2000: loss=0.5786
step 1600/2000: loss=0.4938
step 1620/2000: loss=0.3113
step 1640/2000: loss=0.6572
step 1660/2000: loss=0.3100
step 1680/2000: loss=0.4222
step 1700/2000: loss=0.4963
step 1720/2000: loss=0.1808
step 1740/2000: loss=0.2728
step 1760/2000: loss=0.5531
step 1780/2000: loss=0.4945
step 1800/2000: loss=0.3120
step 1820/2000: loss=0.2604
step 1840/2000: loss=0.3442
step 1860/2000: loss=0.2129
step 1880/2000: loss=0.1657
step 1900/2000: loss=0.3335
step 1920/2000: loss=0.6829
step 1940/2000: loss=0.3711
step 1960/2000: loss=0.3814
step 1980/2000: loss=0.2706
step 2000/2000: loss=0.6513
/root/miniconda3/lib/python3.12/site-packages/torch/nn/modules/conv.py:456: UserWarning: Plan failed with a cudnnException: CUDNN_BACKEND_EXECUTION_PLAN_DESCRIPTOR: cudnnFinalize Descriptor Failed cudnn_status: CUDNN_STATUS_NOT_SUPPORTED (Triggered internally at ../aten/src/ATen/native/cudnn/Conv_v8.cpp:919.)
  return F.conv2d(input, weight, bias, self.stride,
evaluation 25/110
evaluation 50/110
evaluation 75/110
evaluation 100/110
evaluation 110/110
{
  "signature": "4f07df3d0b994705a2abda575409359d469aac027771c21112f88f24be860936",
  "mode": "adapter",
  "steps": 2000,
  "shots_per_class": 10,
  "seed": 3408,
  "support_images": 78,
  "evaluation_images": 110,
  "metrics": {
    "mIoU": 0.5064847969743222,
    "foreground_mIoU": 0.4634823773395736,
    "pixel_accuracy": 0.7624821079966599,
    "per_class_iou": {
      "BW_background_waterbody": 0.8075017344175618,
      "HD_human_divers": 0.5404545566894448,
      "PF_plants_seagrass": 0.20563062999403614,
      "WR_wrecks_ruins": 0.48834237191827506,
      "RO_robots_instruments": 0.34557883239448717,
      "RI_reefs_invertebrates": 0.574550081697792,
      "FV_fish_vertebrates": 0.6431489744905717,
      "SR_sand_seafloor_rocks": 0.4466711941924087
    },
    "confusion": [
      [
        14882110,
        241803,
        117116,
        145043,
        197985,
        164963,
        175679,
        553579
      ],
      [
        131569,
        1071429,
        553,
        22398,
        162475,
        10795,
        47965,
        6865
      ],
      [
        35964,
        1263,
        436509,
        193709,
        1012,
        370539,
        65082,
        111539
      ],
      [
        138679,
        67109,
        56876,
        2024813,
        72577,
        116462,
        53833,
        340667
      ],
      [
        7600,
        64054,
        0,
        44,
        281588,
        529,
        315,
        169
      ],
      [
        108944,
        48161,
        662404,
        483167,
        10607,
        5345148,
        193243,
        822716
      ],
      [
        190999,
        36477,
        21071,
        9211,
        8416,
        160983,
        2165426,
        74121
      ],
      [
        1337785,
        69543,
        49145,
        421710,
        7459,
        804528,
        164091,
        3845642
      ]
    ]
  }
}
DONE adapter_2000 K=10 seed=3408

START adapter_2000 K=10 seed=3409
{
  "shots_per_class": 10,
  "support_images": 78,
  "evaluation_images": 110,
  "protocol_sha256": "16da76ae8e9677aec5f30b09dad79b23402cfee6964f31ede28bf1d72bf52540"
}
step 20/2000: loss=1.5415
step 40/2000: loss=1.4075
step 60/2000: loss=1.0280
step 80/2000: loss=1.0993
step 100/2000: loss=0.8420
step 120/2000: loss=0.9210
step 140/2000: loss=1.2255
step 160/2000: loss=1.1625
step 180/2000: loss=1.0429
step 200/2000: loss=1.2613
step 220/2000: loss=1.0100
step 240/2000: loss=0.9054
step 260/2000: loss=0.7648
step 280/2000: loss=1.0999
step 300/2000: loss=0.7329
step 320/2000: loss=0.9441
step 340/2000: loss=0.6922
step 360/2000: loss=0.9163
step 380/2000: loss=0.9664
step 400/2000: loss=0.6242
step 420/2000: loss=0.6672
step 440/2000: loss=0.6712
step 460/2000: loss=0.6552
step 480/2000: loss=0.5665
step 500/2000: loss=0.7818
step 520/2000: loss=0.6931
step 540/2000: loss=0.8371
step 560/2000: loss=0.5771
step 580/2000: loss=0.9968
step 600/2000: loss=0.9848
step 620/2000: loss=1.0893
step 640/2000: loss=0.6902
step 660/2000: loss=0.4795
step 680/2000: loss=0.3740
step 700/2000: loss=0.3893
step 720/2000: loss=0.5273
step 740/2000: loss=1.1324
step 760/2000: loss=0.6862
step 780/2000: loss=0.4286
step 800/2000: loss=0.6820
step 820/2000: loss=0.7868
step 840/2000: loss=0.6290
step 860/2000: loss=0.5428
step 880/2000: loss=0.4381
step 900/2000: loss=0.6242
step 920/2000: loss=0.9381
step 940/2000: loss=0.5832
step 960/2000: loss=0.4097
step 980/2000: loss=0.4971
step 1000/2000: loss=0.3891
step 1020/2000: loss=0.5649
step 1040/2000: loss=0.4621
step 1060/2000: loss=0.4727
step 1080/2000: loss=0.4219
step 1100/2000: loss=0.3213
step 1120/2000: loss=0.9144
step 1140/2000: loss=0.2936
step 1160/2000: loss=0.4945
step 1180/2000: loss=0.3451
step 1200/2000: loss=0.3826
step 1220/2000: loss=0.4202
step 1240/2000: loss=0.4308
step 1260/2000: loss=0.5149
step 1280/2000: loss=0.6346
step 1300/2000: loss=0.3603
step 1320/2000: loss=0.7642
step 1340/2000: loss=0.4397
step 1360/2000: loss=0.2919
step 1380/2000: loss=0.2757
step 1400/2000: loss=0.4916
step 1420/2000: loss=0.3365
step 1440/2000: loss=1.0011
step 1460/2000: loss=0.4573
step 1480/2000: loss=0.3928
step 1500/2000: loss=0.1942
step 1520/2000: loss=0.3625
step 1540/2000: loss=0.3512
step 1560/2000: loss=0.3448
step 1580/2000: loss=0.4821
step 1600/2000: loss=0.5478
step 1620/2000: loss=0.2711
step 1640/2000: loss=0.2694
step 1660/2000: loss=0.3886
step 1680/2000: loss=0.8749
step 1700/2000: loss=0.3353
step 1720/2000: loss=0.2838
step 1740/2000: loss=0.5419
step 1760/2000: loss=0.4048
step 1780/2000: loss=0.5547
step 1800/2000: loss=0.2088
step 1820/2000: loss=0.4682
step 1840/2000: loss=0.2764
step 1860/2000: loss=0.3855
step 1880/2000: loss=0.1925
step 1900/2000: loss=0.4578
step 1920/2000: loss=0.3614
step 1940/2000: loss=0.5254
step 1960/2000: loss=0.6022
step 1980/2000: loss=0.3610
step 2000/2000: loss=0.5118
/root/miniconda3/lib/python3.12/site-packages/torch/nn/modules/conv.py:456: UserWarning: Plan failed with a cudnnException: CUDNN_BACKEND_EXECUTION_PLAN_DESCRIPTOR: cudnnFinalize Descriptor Failed cudnn_status: CUDNN_STATUS_NOT_SUPPORTED (Triggered internally at ../aten/src/ATen/native/cudnn/Conv_v8.cpp:919.)
  return F.conv2d(input, weight, bias, self.stride,
evaluation 25/110
evaluation 50/110
evaluation 75/110
evaluation 100/110
evaluation 110/110
{
  "signature": "6fece2fea4165b0b28a9fd044af9a7fa82e776b6a4795d822660cde55f6b14f1",
  "mode": "adapter",
  "steps": 2000,
  "shots_per_class": 10,
  "seed": 3409,
  "support_images": 78,
  "evaluation_images": 110,
  "metrics": {
    "mIoU": 0.5080333999610183,
    "foreground_mIoU": 0.4665940022400655,
    "pixel_accuracy": 0.7520319297667322,
    "per_class_iou": {
      "BW_background_waterbody": 0.7981091840076872,
      "HD_human_divers": 0.5204898426280165,
      "PF_plants_seagrass": 0.29114717533993956,
      "WR_wrecks_ruins": 0.482268512370127,
      "RO_robots_instruments": 0.3908189490923537,
      "RI_reefs_invertebrates": 0.559995209192548,
      "FV_fish_vertebrates": 0.6351861285490403,
      "SR_sand_seafloor_rocks": 0.3862521985084337
    },
    "confusion": [
      [
        14671527,
        290418,
        105096,
        138263,
        150061,
        289457,
        137876,
        695580
      ],
      [
        107113,
        1104303,
        993,
        13864,
        166448,
        19762,
        18282,
        23284
      ],
      [
        33983,
        4751,
        559209,
        173622,
        777,
        282779,
        41668,
        118828
      ],
      [
        131425,
        57157,
        61566,
        1942797,
        51756,
        341117,
        33563,
        251635
      ],
      [
        12827,
        51037,
        0,
        2,
        289224,
        331,
        504,
        374
      ],
      [
        113438,
        73426,
        452471,
        450889,
        4975,
        5713560,
        136186,
        729445
      ],
      [
        185583,
        144340,
        24269,
        7868,
        2556,
        210921,
        2056121,
        35046
      ],
      [
        1320210,
        46483,
        60697,
        372931,
        9174,
        1384116,
        202254,
        3304038
      ]
    ]
  }
}
DONE adapter_2000 K=10 seed=3409

START semantic_head_200 K=1 seed=3407
{
  "shots_per_class": 1,
  "support_images": 8,
  "evaluation_images": 110,
  "protocol_sha256": "16da76ae8e9677aec5f30b09dad79b23402cfee6964f31ede28bf1d72bf52540"
}
step 20/200: loss=1.7779
step 40/200: loss=1.9745
step 60/200: loss=1.8197
step 80/200: loss=1.9240
step 100/200: loss=1.9548
step 120/200: loss=1.7729
step 140/200: loss=1.4371
step 160/200: loss=1.8040
step 180/200: loss=1.7791
step 200/200: loss=1.9573
/root/miniconda3/lib/python3.12/site-packages/torch/nn/modules/conv.py:456: UserWarning: Plan failed with a cudnnException: CUDNN_BACKEND_EXECUTION_PLAN_DESCRIPTOR: cudnnFinalize Descriptor Failed cudnn_status: CUDNN_STATUS_NOT_SUPPORTED (Triggered internally at ../aten/src/ATen/native/cudnn/Conv_v8.cpp:919.)
  return F.conv2d(input, weight, bias, self.stride,
evaluation 25/110
evaluation 50/110
evaluation 75/110
evaluation 100/110
evaluation 110/110
{
  "signature": "4715756364f17729af21b690ef2000e99e7c366985ce064c063ddb1e74ba3a04",
  "mode": "semantic-head",
  "steps": 200,
  "shots_per_class": 1,
  "seed": 3407,
  "support_images": 8,
  "evaluation_images": 110,
  "metrics": {
    "mIoU": 0.01085315605644938,
    "foreground_mIoU": 0.011916800055582504,
    "pixel_accuracy": 0.02107323806898702,
    "per_class_iou": {
      "BW_background_waterbody": 0.0034076480625175086,
      "HD_human_divers": 0.0125843570378661,
      "PF_plants_seagrass": 0.002087269964037441,
      "WR_wrecks_ruins": 0.01755583968317291,
      "RO_robots_instruments": 0.01107883055342389,
      "RI_reefs_invertebrates": 0.0011361526192416767,
      "FV_fish_vertebrates": 0.003543147782144898,
      "SR_sand_seafloor_rocks": 0.035432002749190616
    },
    "confusion": [
      [
        56199,
        479633,
        9500317,
        652394,
        2872415,
        347237,
        280186,
        2289897
      ],
      [
        1212,
        25051,
        518266,
        245952,
        601370,
        7903,
        7481,
        46814
      ],
      [
        25,
        132,
        28814,
        26524,
        781888,
        8609,
        1554,
        368071
      ],
      [
        248,
        4310,
        245398,
        107773,
        2340547,
        1322,
        8086,
        163332
      ],
      [
        0,
        16998,
        47403,
        51919,
        184705,
        67,
        32366,
        20841
      ],
      [
        2437,
        4022,
        234725,
        470336,
        5208722,
        9355,
        1562,
        1743231
      ],
      [
        2221,
        22633,
        277784,
        577161,
        1569925,
        37740,
        11217,
        168023
      ],
      [
        7599,
        8869,
        1765125,
        1243567,
        2942720,
        156661,
        167890,
        407472
      ]
    ]
  }
}
DONE semantic_head_200 K=1 seed=3407

START semantic_head_200 K=1 seed=3408
{
  "shots_per_class": 1,
  "support_images": 8,
  "evaluation_images": 110,
  "protocol_sha256": "16da76ae8e9677aec5f30b09dad79b23402cfee6964f31ede28bf1d72bf52540"
}
step 20/200: loss=1.9823
step 40/200: loss=1.3722
step 60/200: loss=1.1234
step 80/200: loss=1.8038
step 100/200: loss=1.6044
step 120/200: loss=1.3657
step 140/200: loss=1.3127
step 160/200: loss=1.5290
step 180/200: loss=1.8295
step 200/200: loss=1.5210
/root/miniconda3/lib/python3.12/site-packages/torch/nn/modules/conv.py:456: UserWarning: Plan failed with a cudnnException: CUDNN_BACKEND_EXECUTION_PLAN_DESCRIPTOR: cudnnFinalize Descriptor Failed cudnn_status: CUDNN_STATUS_NOT_SUPPORTED (Triggered internally at ../aten/src/ATen/native/cudnn/Conv_v8.cpp:919.)
  return F.conv2d(input, weight, bias, self.stride,
evaluation 25/110
evaluation 50/110
evaluation 75/110
evaluation 100/110
evaluation 110/110
{
  "signature": "6f566c6e770d7e3a069830e104f8c88eac444b46ba78f2abcdce06536471fa09",
  "mode": "semantic-head",
  "steps": 200,
  "shots_per_class": 1,
  "seed": 3408,
  "support_images": 8,
  "evaluation_images": 110,
  "metrics": {
    "mIoU": 0.11199605207473778,
    "foreground_mIoU": 0.029246461973302624,
    "pixel_accuracy": 0.4113473561444367,
    "per_class_iou": {
      "BW_background_waterbody": 0.6912431827847839,
      "HD_human_divers": 0.00010403493412021575,
      "PF_plants_seagrass": 0.07307967073833124,
      "WR_wrecks_ruins": 0.010694413662594939,
      "RO_robots_instruments": 0.005937432265966127,
      "RI_reefs_invertebrates": 0.0431364441813032,
      "FV_fish_vertebrates": 0.06165448869294722,
      "SR_sand_seafloor_rocks": 0.010118749337855426
    },
    "confusion": [
      [
        14708860,
        4249,
        326793,
        308712,
        613166,
        461652,
        34281,
        20565
      ],
      [
        405485,
        154,
        527477,
        26439,
        295643,
        95388,
        37253,
        66210
      ],
      [
        103379,
        754,
        731521,
        16122,
        107524,
        171292,
        17363,
        67662
      ],
      [
        571107,
        616,
        676542,
        40147,
        1084647,
        437792,
        46631,
        13534
      ],
      [
        46699,
        0,
        130459,
        102567,
        35118,
        7079,
        3765,
        28612
      ],
      [
        331360,
        6144,
        4568783,
        4310,
        2126562,
        409385,
        124719,
        103127
      ],
      [
        366838,
        1554,
        1209257,
        105332,
        368694,
        197775,
        214890,
        202364
      ],
      [
        2975704,
        12906,
        1354983,
        319518,
        964143,
        445099,
        554675,
        72875
      ]
    ]
  }
}
DONE semantic_head_200 K=1 seed=3408

START semantic_head_200 K=1 seed=3409
{
  "shots_per_class": 1,
  "support_images": 8,
  "evaluation_images": 110,
  "protocol_sha256": "16da76ae8e9677aec5f30b09dad79b23402cfee6964f31ede28bf1d72bf52540"
}
step 20/200: loss=2.1256
step 40/200: loss=2.2066
step 60/200: loss=1.4976
step 80/200: loss=1.3862
step 100/200: loss=1.6469
step 120/200: loss=1.5434
step 140/200: loss=1.8186
step 160/200: loss=1.7512
step 180/200: loss=1.7915
step 200/200: loss=1.8473
/root/miniconda3/lib/python3.12/site-packages/torch/nn/modules/conv.py:456: UserWarning: Plan failed with a cudnnException: CUDNN_BACKEND_EXECUTION_PLAN_DESCRIPTOR: cudnnFinalize Descriptor Failed cudnn_status: CUDNN_STATUS_NOT_SUPPORTED (Triggered internally at ../aten/src/ATen/native/cudnn/Conv_v8.cpp:919.)
  return F.conv2d(input, weight, bias, self.stride,
evaluation 25/110
evaluation 50/110
evaluation 75/110
evaluation 100/110
evaluation 110/110
{
  "signature": "463777784aaf077af696fa7054f800dcc062d95d208bef8842e2a3fb7f94affd",
  "mode": "semantic-head",
  "steps": 200,
  "shots_per_class": 1,
  "seed": 3409,
  "support_images": 8,
  "evaluation_images": 110,
  "metrics": {
    "mIoU": 0.019889119078302073,
    "foreground_mIoU": 0.022730421803773798,
    "pixel_accuracy": 0.06846910924818675,
    "per_class_iou": {
      "BW_background_waterbody": 0.0,
      "HD_human_divers": 1.9251448671512533e-05,
      "PF_plants_seagrass": 0.005148402935384452,
      "WR_wrecks_ruins": 0.05051530468365101,
      "RO_robots_instruments": 0.0036321826004639766,
      "RI_reefs_invertebrates": 0.00870649171373448,
      "FV_fish_vertebrates": 0.09109131924451117,
      "SR_sand_seafloor_rocks": 0.0
    },
    "confusion": [
      [
        0,
        107,
        808295,
        9046468,
        34017,
        623223,
        5965422,
        746
      ],
      [
        105,
        28,
        1444,
        511603,
        1808,
        16576,
        921695,
        790
      ],
      [
        0,
        0,
        11077,
        1010931,
        23493,
        14534,
        155582,
        0
      ],
      [
        0,
        117,
        21409,
        1162013,
        0,
        95387,
        1591892,
        198
      ],
      [
        0,
        0,
        0,
        29810,
        1788,
        288,
        322413,
        0
      ],
      [
        0,
        0,
        13271,
        6655637,
        11758,
        87795,
        905920,
        9
      ],
      [
        512,
        163,
        7406,
        1037159,
        21943,
        163475,
        1435958,
        88
      ],
      [
        0,
        0,
        84099,
        1840563,
        44948,
        1495982,
        3234311,
        0
      ]
    ]
  }
}
DONE semantic_head_200 K=1 seed=3409

START semantic_head_200 K=2 seed=3407
{
  "shots_per_class": 2,
  "support_images": 16,
  "evaluation_images": 110,
  "protocol_sha256": "16da76ae8e9677aec5f30b09dad79b23402cfee6964f31ede28bf1d72bf52540"
}
step 20/200: loss=2.0887
step 40/200: loss=1.9245
step 60/200: loss=2.0011
step 80/200: loss=1.6459
step 100/200: loss=2.0142
step 120/200: loss=1.8569
step 140/200: loss=1.7741
step 160/200: loss=2.0544
step 180/200: loss=1.7725
step 200/200: loss=1.7849
/root/miniconda3/lib/python3.12/site-packages/torch/nn/modules/conv.py:456: UserWarning: Plan failed with a cudnnException: CUDNN_BACKEND_EXECUTION_PLAN_DESCRIPTOR: cudnnFinalize Descriptor Failed cudnn_status: CUDNN_STATUS_NOT_SUPPORTED (Triggered internally at ../aten/src/ATen/native/cudnn/Conv_v8.cpp:919.)
  return F.conv2d(input, weight, bias, self.stride,
evaluation 25/110
evaluation 50/110
evaluation 75/110
evaluation 100/110
evaluation 110/110
{
  "signature": "ac7fb7ba063dcb836244b6a2fff7067c18604fd4e7c2b5ccb6eafca98e3f8094",
  "mode": "semantic-head",
  "steps": 200,
  "shots_per_class": 2,
  "seed": 3407,
  "support_images": 16,
  "evaluation_images": 110,
  "metrics": {
    "mIoU": 0.010715970213589155,
    "foreground_mIoU": 0.011451358871738893,
    "pixel_accuracy": 0.0195577204349614,
    "per_class_iou": {
      "BW_background_waterbody": 0.00556824960654099,
      "HD_human_divers": 0.01711775604963576,
      "PF_plants_seagrass": 0.0022833512073907295,
      "WR_wrecks_ruins": 0.017931417513004613,
      "RO_robots_instruments": 0.011035757011165808,
      "RI_reefs_invertebrates": 0.000592314622123883,
      "FV_fish_vertebrates": 0.0028308214345686387,
      "SR_sand_seafloor_rocks": 0.028368094264282828
    },
    "confusion": [
      [
        91868,
        404217,
        10277617,
        789723,
        2771188,
        264570,
        248864,
        1630231
      ],
      [
        1619,
        33139,
        547672,
        269935,
        556481,
        4747,
        6251,
        34205
      ],
      [
        152,
        112,
        33987,
        35810,
        793497,
        7361,
        1631,
        343067
      ],
      [
        704,
        10281,
        275308,
        118102,
        2312057,
        964,
        7230,
        146370
      ],
      [
        0,
        22355,
        49859,
        50526,
        181000,
        81,
        30238,
        20240
      ],
      [
        4245,
        3868,
        273283,
        600270,
        5245612,
        4799,
        1095,
        1541218
      ],
      [
        3747,
        35753,
        305507,
        646141,
        1511433,
        24395,
        8783,
        130945
      ],
      [
        9797,
        5308,
        1939838,
        1322896,
        2856664,
        125605,
        140620,
        299175
      ]
    ]
  }
}
DONE semantic_head_200 K=2 seed=3407

START semantic_head_200 K=2 seed=3408
{
  "shots_per_class": 2,
  "support_images": 16,
  "evaluation_images": 110,
  "protocol_sha256": "16da76ae8e9677aec5f30b09dad79b23402cfee6964f31ede28bf1d72bf52540"
}
step 20/200: loss=1.5737
step 40/200: loss=1.6567
step 60/200: loss=1.7095
step 80/200: loss=1.5703
step 100/200: loss=1.5639
step 120/200: loss=1.5503
step 140/200: loss=1.5170
step 160/200: loss=0.9546
step 180/200: loss=1.7594
step 200/200: loss=1.6110
/root/miniconda3/lib/python3.12/site-packages/torch/nn/modules/conv.py:456: UserWarning: Plan failed with a cudnnException: CUDNN_BACKEND_EXECUTION_PLAN_DESCRIPTOR: cudnnFinalize Descriptor Failed cudnn_status: CUDNN_STATUS_NOT_SUPPORTED (Triggered internally at ../aten/src/ATen/native/cudnn/Conv_v8.cpp:919.)
  return F.conv2d(input, weight, bias, self.stride,
evaluation 25/110
evaluation 50/110
evaluation 75/110
evaluation 100/110
evaluation 110/110
{
  "signature": "9f84da97eb81c74720c12dd19122e625fd0f25c3df374c8d8fbe6e8bb68c3757",
  "mode": "semantic-head",
  "steps": 200,
  "shots_per_class": 2,
  "seed": 3408,
  "support_images": 16,
  "evaluation_images": 110,
  "metrics": {
    "mIoU": 0.11266592267248392,
    "foreground_mIoU": 0.030056494676089594,
    "pixel_accuracy": 0.4105915636210411,
    "per_class_iou": {
      "BW_background_waterbody": 0.6909319186472442,
      "HD_human_divers": 8.32301978104368e-05,
      "PF_plants_seagrass": 0.07376342202029192,
      "WR_wrecks_ruins": 0.012379268886226135,
      "RO_robots_instruments": 0.005707614559024653,
      "RI_reefs_invertebrates": 0.041254667758283514,
      "FV_fish_vertebrates": 0.06649852733421453,
      "SR_sand_seafloor_rocks": 0.010708731976775944
    },
    "confusion": [
      [
        14696656,
        3194,
        314075,
        377470,
        616182,
        412185,
        34720,
        23796
      ],
      [
        410912,
        123,
        503074,
        33156,
        298489,
        87055,
        42687,
        78553
      ],
      [
        108479,
        402,
        697171,
        21959,
        118965,
        171260,
        21361,
        76020
      ],
      [
        560849,
        601,
        619826,
        48784,
        1151240,
        421241,
        55191,
        13284
      ],
      [
        43219,
        0,
        124858,
        110341,
        35924,
        6204,
        2374,
        31379
      ],
      [
        345378,
        6339,
        4262819,
        8696,
        2386233,
        385733,
        182456,
        96736
      ],
      [
        364180,
        1439,
        1146245,
        140165,
        382631,
        179088,
        241332,
        211624
      ],
      [
        2959478,
        11805,
        1264932,
        377979,
        986009,
        398622,
        623640,
        77438
      ]
    ]
  }
}
DONE semantic_head_200 K=2 seed=3408

START semantic_head_200 K=2 seed=3409
{
  "shots_per_class": 2,
  "support_images": 16,
  "evaluation_images": 110,
  "protocol_sha256": "16da76ae8e9677aec5f30b09dad79b23402cfee6964f31ede28bf1d72bf52540"
}
step 20/200: loss=1.2765
step 40/200: loss=2.0024
step 60/200: loss=2.1744
step 80/200: loss=2.0056
step 100/200: loss=1.7482
step 120/200: loss=1.7897
step 140/200: loss=1.9432
step 160/200: loss=1.6898
step 180/200: loss=1.6939
step 200/200: loss=1.7975
/root/miniconda3/lib/python3.12/site-packages/torch/nn/modules/conv.py:456: UserWarning: Plan failed with a cudnnException: CUDNN_BACKEND_EXECUTION_PLAN_DESCRIPTOR: cudnnFinalize Descriptor Failed cudnn_status: CUDNN_STATUS_NOT_SUPPORTED (Triggered internally at ../aten/src/ATen/native/cudnn/Conv_v8.cpp:919.)
  return F.conv2d(input, weight, bias, self.stride,
evaluation 25/110
evaluation 50/110
evaluation 75/110
evaluation 100/110
evaluation 110/110
{
  "signature": "22fde95976cdfb00eb130c153df89d0eb7221ddd3d587d53913e052319619184",
  "mode": "semantic-head",
  "steps": 200,
  "shots_per_class": 2,
  "seed": 3409,
  "support_images": 16,
  "evaluation_images": 110,
  "metrics": {
    "mIoU": 0.01993995316677441,
    "foreground_mIoU": 0.02278851790488504,
    "pixel_accuracy": 0.06853088892506305,
    "per_class_iou": {
      "BW_background_waterbody": 0.0,
      "HD_human_divers": 0.0001978697398768673,
      "PF_plants_seagrass": 0.004985634403068714,
      "WR_wrecks_ruins": 0.0477311051883179,
      "RO_robots_instruments": 0.003891950213864591,
      "RI_reefs_invertebrates": 0.009123138714243556,
      "FV_fish_vertebrates": 0.09358992707482364,
      "SR_sand_seafloor_rocks": 0.0
    },
    "confusion": [
      [
        0,
        223,
        1413669,
        7991079,
        58646,
        615003,
        6399274,
        384
      ],
      [
        4,
        288,
        2439,
        426794,
        2591,
        15935,
        1005352,
        646
      ],
      [
        0,
        0,
        14106,
        965657,
        25064,
        13830,
        196960,
        0
      ],
      [
        0,
        679,
        33406,
        1014130,
        0,
        96393,
        1726280,
        128
      ],
      [
        0,
        0,
        0,
        20984,
        2121,
        257,
        330937,
        0
      ],
      [
        0,
        129,
        21440,
        6409760,
        12610,
        91199,
        1139252,
        0
      ],
      [
        795,
        423,
        8718,
        897892,
        25730,
        153746,
        1579250,
        150
      ],
      [
        0,
        0,
        134040,
        1663550,
        66031,
        1426896,
        3409386,
        0
      ]
    ]
  }
}
DONE semantic_head_200 K=2 seed=3409

START semantic_head_200 K=5 seed=3407
{
  "shots_per_class": 5,
  "support_images": 40,
  "evaluation_images": 110,
  "protocol_sha256": "16da76ae8e9677aec5f30b09dad79b23402cfee6964f31ede28bf1d72bf52540"
}
step 20/200: loss=1.4505
step 40/200: loss=1.9819
step 60/200: loss=1.7921
step 80/200: loss=1.8931
step 100/200: loss=1.9331
step 120/200: loss=1.6952
step 140/200: loss=1.2630
step 160/200: loss=1.7442
step 180/200: loss=1.5418
step 200/200: loss=2.0406
/root/miniconda3/lib/python3.12/site-packages/torch/nn/modules/conv.py:456: UserWarning: Plan failed with a cudnnException: CUDNN_BACKEND_EXECUTION_PLAN_DESCRIPTOR: cudnnFinalize Descriptor Failed cudnn_status: CUDNN_STATUS_NOT_SUPPORTED (Triggered internally at ../aten/src/ATen/native/cudnn/Conv_v8.cpp:919.)
  return F.conv2d(input, weight, bias, self.stride,
evaluation 25/110
evaluation 50/110
evaluation 75/110
evaluation 100/110
evaluation 110/110
{
  "signature": "7cd32c71ab9d9ea0d4c7cd944cbadb16c7ed4d7e177acf588209fbc3e4915200",
  "mode": "semantic-head",
  "steps": 200,
  "shots_per_class": 5,
  "seed": 3407,
  "support_images": 40,
  "evaluation_images": 110,
  "metrics": {
    "mIoU": 0.011935691060819629,
    "foreground_mIoU": 0.01283759125321589,
    "pixel_accuracy": 0.02214191230705966,
    "per_class_iou": {
      "BW_background_waterbody": 0.005622389714045796,
      "HD_human_divers": 0.01991551572389963,
      "PF_plants_seagrass": 0.0025739704253688704,
      "WR_wrecks_ruins": 0.018137692679776676,
      "RO_robots_instruments": 0.011352543464545894,
      "RI_reefs_invertebrates": 0.00094789093667115,
      "FV_fish_vertebrates": 0.0022700310313012386,
      "SR_sand_seafloor_rocks": 0.034665494510947775
    },
    "confusion": [
      [
        92801,
        241946,
        9957959,
        523774,
        2607887,
        451000,
        219636,
        2383275
      ],
      [
        1856,
        35435,
        568963,
        235700,
        547172,
        7176,
        3584,
        54163
      ],
      [
        196,
        113,
        38023,
        26357,
        753792,
        10575,
        1661,
        384900
      ],
      [
        720,
        11848,
        298056,
        108554,
        2279245,
        1355,
        6356,
        164882
      ],
      [
        0,
        23417,
        49496,
        39269,
        180701,
        1249,
        27025,
        33142
      ],
      [
        5562,
        4465,
        283666,
        534139,
        5127081,
        7906,
        415,
        1711156
      ],
      [
        4278,
        39226,
        330878,
        576716,
        1496835,
        36167,
        6921,
        175683
      ],
      [
        14725,
        4202,
        2067485,
        1178024,
        2750915,
        158710,
        123476,
        402366
      ]
    ]
  }
}
DONE semantic_head_200 K=5 seed=3407

START semantic_head_200 K=5 seed=3408
{
  "shots_per_class": 5,
  "support_images": 40,
  "evaluation_images": 110,
  "protocol_sha256": "16da76ae8e9677aec5f30b09dad79b23402cfee6964f31ede28bf1d72bf52540"
}
step 20/200: loss=1.6928
step 40/200: loss=1.4691
step 60/200: loss=1.6835
step 80/200: loss=1.6355
step 100/200: loss=1.7487
step 120/200: loss=1.0910
step 140/200: loss=1.7310
step 160/200: loss=1.6820
step 180/200: loss=1.6878
step 200/200: loss=1.5332
/root/miniconda3/lib/python3.12/site-packages/torch/nn/modules/conv.py:456: UserWarning: Plan failed with a cudnnException: CUDNN_BACKEND_EXECUTION_PLAN_DESCRIPTOR: cudnnFinalize Descriptor Failed cudnn_status: CUDNN_STATUS_NOT_SUPPORTED (Triggered internally at ../aten/src/ATen/native/cudnn/Conv_v8.cpp:919.)
  return F.conv2d(input, weight, bias, self.stride,
evaluation 25/110
evaluation 50/110
evaluation 75/110
evaluation 100/110
evaluation 110/110
{
  "signature": "93962ce410dff4824a7f1666f8c0c52f5549c02ece2e92e7933b08bccdec950f",
  "mode": "semantic-head",
  "steps": 200,
  "shots_per_class": 5,
  "seed": 3408,
  "support_images": 40,
  "evaluation_images": 110,
  "metrics": {
    "mIoU": 0.11297816097096117,
    "foreground_mIoU": 0.030166871988191506,
    "pixel_accuracy": 0.41221483414529,
    "per_class_iou": {
      "BW_background_waterbody": 0.6926571838503487,
      "HD_human_divers": 0.00014321518080916577,
      "PF_plants_seagrass": 0.07054030236723438,
      "WR_wrecks_ruins": 0.012155003919026679,
      "RO_robots_instruments": 0.006222274269473073,
      "RI_reefs_invertebrates": 0.04704310161416949,
      "FV_fish_vertebrates": 0.06698238836447161,
      "SR_sand_seafloor_rocks": 0.008081818202156196
    },
    "confusion": [
      [
        14678559,
        2513,
        394040,
        336757,
        530840,
        485279,
        30577,
        19713
      ],
      [
        401518,
        212,
        541337,
        29886,
        277041,
        98353,
        38075,
        67627
      ],
      [
        109285,
        389,
        727703,
        18426,
        89132,
        182727,
        23142,
        64813
      ],
      [
        519717,
        835,
        714923,
        46430,
        957457,
        562479,
        61373,
        7802
      ],
      [
        43054,
        5,
        129697,
        107839,
        32624,
        7540,
        1479,
        32061
      ],
      [
        351524,
        6281,
        4662277,
        6946,
        1907582,
        453723,
        206929,
        79128
      ],
      [
        367945,
        1862,
        1213114,
        125703,
        342462,
        184719,
        250090,
        180809
      ],
      [
        2920344,
        14356,
        1445126,
        323253,
        784286,
        449349,
        705389,
        57800
      ]
    ]
  }
}
DONE semantic_head_200 K=5 seed=3408

START semantic_head_200 K=5 seed=3409
{
  "shots_per_class": 5,
  "support_images": 40,
  "evaluation_images": 110,
  "protocol_sha256": "16da76ae8e9677aec5f30b09dad79b23402cfee6964f31ede28bf1d72bf52540"
}
step 20/200: loss=1.4068
step 40/200: loss=1.5318
step 60/200: loss=1.2013
step 80/200: loss=1.8074
step 100/200: loss=1.3996
step 120/200: loss=1.4094
step 140/200: loss=1.1565
step 160/200: loss=1.5499
step 180/200: loss=1.4476
step 200/200: loss=1.4556
/root/miniconda3/lib/python3.12/site-packages/torch/nn/modules/conv.py:456: UserWarning: Plan failed with a cudnnException: CUDNN_BACKEND_EXECUTION_PLAN_DESCRIPTOR: cudnnFinalize Descriptor Failed cudnn_status: CUDNN_STATUS_NOT_SUPPORTED (Triggered internally at ../aten/src/ATen/native/cudnn/Conv_v8.cpp:919.)
  return F.conv2d(input, weight, bias, self.stride,
evaluation 25/110
evaluation 50/110
evaluation 75/110
evaluation 100/110
evaluation 110/110
{
  "signature": "0d605d580f9569944a33e36ac5b92f1a7c324ae4ad92ba2065f3cc799ffb60ac",
  "mode": "semantic-head",
  "steps": 200,
  "shots_per_class": 5,
  "seed": 3409,
  "support_images": 40,
  "evaluation_images": 110,
  "metrics": {
    "mIoU": 0.020256683309320105,
    "foreground_mIoU": 0.02315014847325369,
    "pixel_accuracy": 0.0700958810436508,
    "per_class_iou": {
      "BW_background_waterbody": 2.4271617850173002e-06,
      "HD_human_divers": 0.0001875751073403705,
      "PF_plants_seagrass": 0.004574631574700841,
      "WR_wrecks_ruins": 0.052598781231187455,
      "RO_robots_instruments": 0.003530233492904939,
      "RI_reefs_invertebrates": 0.008316758177484401,
      "FV_fish_vertebrates": 0.09284305972915782,
      "SR_sand_seafloor_rocks": 0.0
    },
    "confusion": [
      [
        40,
        150,
        1245513,
        7646964,
        104495,
        831237,
        6648868,
        1011
      ],
      [
        845,
        273,
        2134,
        435398,
        2431,
        42490,
        969809,
        669
      ],
      [
        0,
        0,
        12020,
        997870,
        18706,
        15817,
        171204,
        0
      ],
      [
        147,
        605,
        32326,
        1111387,
        0,
        96013,
        1630028,
        510
      ],
      [
        0,
        0,
        0,
        24413,
        2143,
        216,
        327527,
        0
      ],
      [
        0,
        231,
        17345,
        6569113,
        12270,
        86169,
        989252,
        10
      ],
      [
        884,
        382,
        7283,
        930701,
        26924,
        149572,
        1550745,
        213
      ],
      [
        0,
        0,
        107316,
        1654045,
        87917,
        1551153,
        3299472,
        0
      ]
    ]
  }
}
DONE semantic_head_200 K=5 seed=3409

START semantic_head_200 K=10 seed=3407
{
  "shots_per_class": 10,
  "support_images": 78,
  "evaluation_images": 110,
  "protocol_sha256": "16da76ae8e9677aec5f30b09dad79b23402cfee6964f31ede28bf1d72bf52540"
}
step 20/200: loss=1.8533
step 40/200: loss=1.9579
step 60/200: loss=1.8905
step 80/200: loss=1.6850
step 100/200: loss=1.5703
step 120/200: loss=1.7049
step 140/200: loss=1.9476
step 160/200: loss=1.6976
step 180/200: loss=1.9729
step 200/200: loss=1.8190
/root/miniconda3/lib/python3.12/site-packages/torch/nn/modules/conv.py:456: UserWarning: Plan failed with a cudnnException: CUDNN_BACKEND_EXECUTION_PLAN_DESCRIPTOR: cudnnFinalize Descriptor Failed cudnn_status: CUDNN_STATUS_NOT_SUPPORTED (Triggered internally at ../aten/src/ATen/native/cudnn/Conv_v8.cpp:919.)
  return F.conv2d(input, weight, bias, self.stride,
evaluation 25/110
evaluation 50/110
evaluation 75/110
evaluation 100/110
evaluation 110/110
{
  "signature": "32be86350e35af8d742180faccc0916645155eadf326b80443f84cd2ae9f5138",
  "mode": "semantic-head",
  "steps": 200,
  "shots_per_class": 10,
  "seed": 3407,
  "support_images": 78,
  "evaluation_images": 110,
  "metrics": {
    "mIoU": 0.012450357796843892,
    "foreground_mIoU": 0.012897383307057633,
    "pixel_accuracy": 0.02162372416721503,
    "per_class_iou": {
      "BW_background_waterbody": 0.009321179225347705,
      "HD_human_divers": 0.024035187531786874,
      "PF_plants_seagrass": 0.002735606469841608,
      "WR_wrecks_ruins": 0.0185909524320828,
      "RO_robots_instruments": 0.011141561362273745,
      "RI_reefs_invertebrates": 0.0006921626821650197,
      "FV_fish_vertebrates": 0.004512696957750079,
      "SR_sand_seafloor_rocks": 0.028573515713503306
    },
    "confusion": [
      [
        154100,
        295119,
        10786067,
        585368,
        2410816,
        357171,
        314167,
        1575470
      ],
      [
        2515,
        44612,
        588161,
        254512,
        518546,
        6065,
        6675,
        32963
      ],
      [
        742,
        131,
        43420,
        31737,
        757095,
        11255,
        2621,
        368616
      ],
      [
        1346,
        18224,
        336759,
        115659,
        2238857,
        1173,
        11265,
        147733
      ],
      [
        0,
        27511,
        52601,
        44723,
        172210,
        1031,
        33233,
        22990
      ],
      [
        9298,
        6186,
        318910,
        600322,
        5147557,
        5697,
        875,
        1585545
      ],
      [
        7822,
        50129,
        364603,
        616817,
        1446984,
        30844,
        14617,
        134888
      ],
      [
        32242,
        4763,
        2209448,
        1216757,
        2582387,
        148795,
        203543,
        301968
      ]
    ]
  }
}
DONE semantic_head_200 K=10 seed=3407

START semantic_head_200 K=10 seed=3408
{
  "shots_per_class": 10,
  "support_images": 78,
  "evaluation_images": 110,
  "protocol_sha256": "16da76ae8e9677aec5f30b09dad79b23402cfee6964f31ede28bf1d72bf52540"
}
step 20/200: loss=1.6869
step 40/200: loss=1.6953
step 60/200: loss=1.6033
step 80/200: loss=1.8594
step 100/200: loss=1.8229
step 120/200: loss=1.5526
step 140/200: loss=1.2801
step 160/200: loss=1.5697
step 180/200: loss=1.6138
step 200/200: loss=1.7396
/root/miniconda3/lib/python3.12/site-packages/torch/nn/modules/conv.py:456: UserWarning: Plan failed with a cudnnException: CUDNN_BACKEND_EXECUTION_PLAN_DESCRIPTOR: cudnnFinalize Descriptor Failed cudnn_status: CUDNN_STATUS_NOT_SUPPORTED (Triggered internally at ../aten/src/ATen/native/cudnn/Conv_v8.cpp:919.)
  return F.conv2d(input, weight, bias, self.stride,
evaluation 25/110
evaluation 50/110
evaluation 75/110
evaluation 100/110
evaluation 110/110
{
  "signature": "b099be595cbb4440db3db42696e31e9342d545f94b8fea7d0c938bbc0fd5e445",
  "mode": "semantic-head",
  "steps": 200,
  "shots_per_class": 10,
  "seed": 3408,
  "support_images": 78,
  "evaluation_images": 110,
  "metrics": {
    "mIoU": 0.11364846633617486,
    "foreground_mIoU": 0.030879037904711755,
    "pixel_accuracy": 0.4160359896175638,
    "per_class_iou": {
      "BW_background_waterbody": 0.6930344653564166,
      "HD_human_divers": 0.0005374145007722511,
      "PF_plants_seagrass": 0.07213996180900728,
      "WR_wrecks_ruins": 0.009188114343736339,
      "RO_robots_instruments": 0.007291383888592459,
      "RI_reefs_invertebrates": 0.05204446647141538,
      "FV_fish_vertebrates": 0.06860055658234096,
      "SR_sand_seafloor_rocks": 0.006351367737117611
    },
    "confusion": [
      [
        14776271,
        21015,
        363903,
        244003,
        506821,
        515679,
        29560,
        21026
      ],
      [
        412511,
        833,
        528160,
        19883,
        284981,
        109111,
        36546,
        62024
      ],
      [
        117497,
        1143,
        733810,
        12225,
        83683,
        190354,
        22592,
        54313
      ],
      [
        506754,
        2736,
        653324,
        32576,
        930574,
        681892,
        61816,
        1344
      ],
      [
        46884,
        2191,
        132355,
        92699,
        37388,
        8842,
        1927,
        32013
      ],
      [
        360958,
        15554,
        4653515,
        4861,
        1864175,
        516132,
        211353,
        47842
      ],
      [
        383563,
        7320,
        1211987,
        89732,
        353555,
        215394,
        255849,
        149304
      ],
      [
        3014675,
        46006,
        1413171,
        211031,
        749608,
        521473,
        699049,
        44890
      ]
    ]
  }
}
DONE semantic_head_200 K=10 seed=3408

START semantic_head_200 K=10 seed=3409
{
  "shots_per_class": 10,
  "support_images": 78,
  "evaluation_images": 110,
  "protocol_sha256": "16da76ae8e9677aec5f30b09dad79b23402cfee6964f31ede28bf1d72bf52540"
}
step 20/200: loss=1.5780
step 40/200: loss=1.8217
step 60/200: loss=1.2362
step 80/200: loss=1.7597
step 100/200: loss=1.3331
step 120/200: loss=1.3208
step 140/200: loss=1.5989
step 160/200: loss=1.9202
step 180/200: loss=1.5885
step 200/200: loss=1.9568
/root/miniconda3/lib/python3.12/site-packages/torch/nn/modules/conv.py:456: UserWarning: Plan failed with a cudnnException: CUDNN_BACKEND_EXECUTION_PLAN_DESCRIPTOR: cudnnFinalize Descriptor Failed cudnn_status: CUDNN_STATUS_NOT_SUPPORTED (Triggered internally at ../aten/src/ATen/native/cudnn/Conv_v8.cpp:919.)
  return F.conv2d(input, weight, bias, self.stride,
evaluation 25/110
evaluation 50/110
evaluation 75/110
evaluation 100/110
evaluation 110/110
{
  "signature": "36d88cebde2be88d2b8d2b1785290cc4f83e4b38a11dd5aabe9b5d138c74e8dd",
  "mode": "semantic-head",
  "steps": 200,
  "shots_per_class": 10,
  "seed": 3409,
  "support_images": 78,
  "evaluation_images": 110,
  "metrics": {
    "mIoU": 0.020744029658865397,
    "foreground_mIoU": 0.0237062488957343,
    "pixel_accuracy": 0.06921515910385319,
    "per_class_iou": {
      "BW_background_waterbody": 8.495000783057036e-06,
      "HD_human_divers": 0.00031428716514349475,
      "PF_plants_seagrass": 0.004204136360331866,
      "WR_wrecks_ruins": 0.05307600151655438,
      "RO_robots_instruments": 0.0035573366929328607,
      "RI_reefs_invertebrates": 0.007063567047257874,
      "FV_fish_vertebrates": 0.09772841348791964,
      "SR_sand_seafloor_rocks": 0.0
    },
    "confusion": [
      [
        140,
        235,
        3602829,
        6239963,
        56140,
        622291,
        5956001,
        679
      ],
      [
        959,
        458,
        7444,
        421010,
        1249,
        26296,
        996305,
        328
      ],
      [
        0,
        0,
        22033,
        967971,
        16937,
        12926,
        195750,
        0
      ],
      [
        170,
        2046,
        61151,
        1029774,
        0,
        92490,
        1685177,
        208
      ],
      [
        0,
        0,
        0,
        23790,
        1841,
        163,
        328505,
        0
      ],
      [
        6,
        316,
        45017,
        6418254,
        7441,
        69851,
        1133502,
        3
      ],
      [
        868,
        620,
        19910,
        893833,
        20313,
        127009,
        1603967,
        184
      ],
      [
        0,
        0,
        288823,
        1566039,
        61143,
        1333348,
        3450550,
        0
      ]
    ]
  }
}
DONE semantic_head_200 K=10 seed=3409

START semantic_head_2000 K=1 seed=3407
{
  "shots_per_class": 1,
  "support_images": 8,
  "evaluation_images": 110,
  "protocol_sha256": "16da76ae8e9677aec5f30b09dad79b23402cfee6964f31ede28bf1d72bf52540"
}
step 20/2000: loss=1.7773
step 40/2000: loss=1.9696
step 60/2000: loss=1.8140
step 80/2000: loss=1.9109
step 100/2000: loss=1.9341
step 120/2000: loss=1.7396
step 140/2000: loss=1.4057
step 160/2000: loss=1.7460
step 180/2000: loss=1.7203
step 200/2000: loss=1.8860
step 220/2000: loss=1.8267
step 240/2000: loss=1.7752
step 260/2000: loss=1.5066
step 280/2000: loss=1.6068
step 300/2000: loss=1.5320
step 320/2000: loss=1.5587
step 340/2000: loss=1.5197
step 360/2000: loss=1.4513
step 380/2000: loss=1.4999
step 400/2000: loss=1.0268
step 420/2000: loss=1.4885
step 440/2000: loss=1.2155
step 460/2000: loss=1.5544
step 480/2000: loss=1.4589
step 500/2000: loss=1.4866
step 520/2000: loss=1.5111
step 540/2000: loss=1.5217
step 560/2000: loss=1.2584
step 580/2000: loss=1.3195
step 600/2000: loss=1.1828
step 620/2000: loss=1.4597
step 640/2000: loss=1.4586
step 660/2000: loss=1.5311
step 680/2000: loss=1.2717
step 700/2000: loss=1.3880
step 720/2000: loss=1.3364
step 740/2000: loss=1.2708
step 760/2000: loss=1.5231
step 780/2000: loss=1.2061
step 800/2000: loss=1.5161
step 820/2000: loss=1.3075
step 840/2000: loss=1.5584
step 860/2000: loss=1.4531
step 880/2000: loss=1.3431
step 900/2000: loss=1.3761
step 920/2000: loss=1.1885
step 940/2000: loss=1.2003
step 960/2000: loss=1.4081
step 980/2000: loss=1.4097
step 1000/2000: loss=1.4695
step 1020/2000: loss=1.4063
step 1040/2000: loss=1.3069
step 1060/2000: loss=1.0548
step 1080/2000: loss=1.1005
step 1100/2000: loss=1.2473
step 1120/2000: loss=1.2410
step 1140/2000: loss=1.4353
step 1160/2000: loss=0.9835
step 1180/2000: loss=1.1867
step 1200/2000: loss=1.2259
step 1220/2000: loss=1.2646
step 1240/2000: loss=1.1166
step 1260/2000: loss=1.0868
step 1280/2000: loss=0.9970
step 1300/2000: loss=0.9004
step 1320/2000: loss=0.9979
step 1340/2000: loss=1.3342
step 1360/2000: loss=1.3815
step 1380/2000: loss=0.9452
step 1400/2000: loss=0.9451
step 1420/2000: loss=0.9364
step 1440/2000: loss=1.4490
step 1460/2000: loss=1.3391
step 1480/2000: loss=1.3133
step 1500/2000: loss=1.2562
step 1520/2000: loss=1.2743
step 1540/2000: loss=1.0716
step 1560/2000: loss=1.0162
step 1580/2000: loss=1.3834
step 1600/2000: loss=1.2280
step 1620/2000: loss=0.9519
step 1640/2000: loss=1.3036
step 1660/2000: loss=1.2139
step 1680/2000: loss=1.2330
step 1700/2000: loss=1.0381
step 1720/2000: loss=1.1788
step 1740/2000: loss=1.1191
step 1760/2000: loss=1.1861
step 1780/2000: loss=1.2973
step 1800/2000: loss=1.0574
step 1820/2000: loss=1.2740
step 1840/2000: loss=1.0048
step 1860/2000: loss=1.2367
step 1880/2000: loss=1.2934
step 1900/2000: loss=0.9089
step 1920/2000: loss=1.1819
step 1940/2000: loss=1.1701
step 1960/2000: loss=0.8677
step 1980/2000: loss=1.1723
step 2000/2000: loss=1.0345
/root/miniconda3/lib/python3.12/site-packages/torch/nn/modules/conv.py:456: UserWarning: Plan failed with a cudnnException: CUDNN_BACKEND_EXECUTION_PLAN_DESCRIPTOR: cudnnFinalize Descriptor Failed cudnn_status: CUDNN_STATUS_NOT_SUPPORTED (Triggered internally at ../aten/src/ATen/native/cudnn/Conv_v8.cpp:919.)
  return F.conv2d(input, weight, bias, self.stride,
evaluation 25/110
evaluation 50/110
evaluation 75/110
evaluation 100/110
evaluation 110/110
{
  "signature": "6e17cf5968a5ecde86579e8ad19edbb8c7793380082d60b4b4842f50068baeea",
  "mode": "semantic-head",
  "steps": 2000,
  "shots_per_class": 1,
  "seed": 3407,
  "support_images": 8,
  "evaluation_images": 110,
  "metrics": {
    "mIoU": 0.07700515575503203,
    "foreground_mIoU": 0.07715299407092371,
    "pixel_accuracy": 0.15024408934675818,
    "per_class_iou": {
      "BW_background_waterbody": 0.07597028754379043,
      "HD_human_divers": 0.01537330854419149,
      "PF_plants_seagrass": 0.06646005332333735,
      "WR_wrecks_ruins": 0.05363060882416416,
      "RO_robots_instruments": 0.018397184980033697,
      "RI_reefs_invertebrates": 0.22313200010841477,
      "FV_fish_vertebrates": 0.1308076621199244,
      "SR_sand_seafloor_rocks": 0.03227014059640006
    },
    "confusion": [
      [
        1272043,
        9854426,
        40488,
        2904425,
        611663,
        1250039,
        452045,
        93149
      ],
      [
        27283,
        191250,
        25382,
        362873,
        161426,
        185911,
        494189,
        5735
      ],
      [
        5670,
        4264,
        129073,
        113812,
        174854,
        533717,
        25985,
        228242
      ],
      [
        51385,
        77658,
        26696,
        495268,
        961087,
        269585,
        613277,
        376060
      ],
      [
        9657,
        61898,
        4179,
        13045,
        93210,
        602,
        170772,
        936
      ],
      [
        20391,
        75573,
        490164,
        273626,
        1252982,
        2741433,
        224711,
        2595510
      ],
      [
        39987,
        90817,
        81572,
        465750,
        532405,
        754589,
        675969,
        25615
      ],
      [
        111303,
        821708,
        58016,
        2230254,
        1017820,
        1617316,
        519973,
        323513
      ]
    ]
  }
}
DONE semantic_head_2000 K=1 seed=3407

START semantic_head_2000 K=1 seed=3408
{
  "shots_per_class": 1,
  "support_images": 8,
  "evaluation_images": 110,
  "protocol_sha256": "16da76ae8e9677aec5f30b09dad79b23402cfee6964f31ede28bf1d72bf52540"
}
step 20/2000: loss=1.9818
step 40/2000: loss=1.3701
step 60/2000: loss=1.1227
step 80/2000: loss=1.7927
step 100/2000: loss=1.5897
step 120/2000: loss=1.3445
step 140/2000: loss=1.2795
step 160/2000: loss=1.5012
step 180/2000: loss=1.7531
step 200/2000: loss=1.4912
step 220/2000: loss=1.2744
step 240/2000: loss=1.5070
step 260/2000: loss=1.5410
step 280/2000: loss=1.5707
step 300/2000: loss=1.6080
step 320/2000: loss=1.1105
step 340/2000: loss=1.3992
step 360/2000: loss=1.4828
step 380/2000: loss=1.5022
step 400/2000: loss=1.2616
step 420/2000: loss=1.5384
step 440/2000: loss=1.1907
step 460/2000: loss=1.3949
step 480/2000: loss=1.3568
step 500/2000: loss=1.5535
step 520/2000: loss=0.9896
step 540/2000: loss=1.1875
step 560/2000: loss=1.4302
step 580/2000: loss=1.1262
step 600/2000: loss=0.8928
step 620/2000: loss=1.0104
step 640/2000: loss=1.1153
step 660/2000: loss=1.3295
step 680/2000: loss=0.9895
step 700/2000: loss=1.1099
step 720/2000: loss=1.2974
step 740/2000: loss=1.0880
step 760/2000: loss=1.0926
step 780/2000: loss=1.1187
step 800/2000: loss=1.1481
step 820/2000: loss=1.2637
step 840/2000: loss=0.7833
step 860/2000: loss=1.3999
step 880/2000: loss=1.3020
step 900/2000: loss=1.4494
step 920/2000: loss=0.9208
step 940/2000: loss=0.7387
step 960/2000: loss=1.1277
step 980/2000: loss=1.1243
step 1000/2000: loss=1.0555
step 1020/2000: loss=1.0539
step 1040/2000: loss=0.9860
step 1060/2000: loss=1.2373
step 1080/2000: loss=1.2070
step 1100/2000: loss=1.1142
step 1120/2000: loss=1.3265
step 1140/2000: loss=1.1070
step 1160/2000: loss=1.1370
step 1180/2000: loss=1.1775
step 1200/2000: loss=0.7735
step 1220/2000: loss=1.0422
step 1240/2000: loss=1.1977
step 1260/2000: loss=1.1467
step 1280/2000: loss=1.0030
step 1300/2000: loss=1.0027
step 1320/2000: loss=1.0668
step 1340/2000: loss=0.8384
step 1360/2000: loss=0.8578
step 1380/2000: loss=0.9644
step 1400/2000: loss=1.0646
step 1420/2000: loss=1.1718
step 1440/2000: loss=1.0603
step 1460/2000: loss=0.9427
step 1480/2000: loss=1.2053
step 1500/2000: loss=1.3108
step 1520/2000: loss=1.1754
step 1540/2000: loss=0.9968
step 1560/2000: loss=1.2069
step 1580/2000: loss=1.1475
step 1600/2000: loss=0.9944
step 1620/2000: loss=0.9566
step 1640/2000: loss=0.6861
step 1660/2000: loss=0.9850
step 1680/2000: loss=1.0278
step 1700/2000: loss=0.8451
step 1720/2000: loss=1.1602
step 1740/2000: loss=1.0937
step 1760/2000: loss=0.9045
step 1780/2000: loss=0.7017
step 1800/2000: loss=1.2341
step 1820/2000: loss=0.9285
step 1840/2000: loss=0.7918
step 1860/2000: loss=0.9773
step 1880/2000: loss=1.1716
step 1900/2000: loss=0.7215
step 1920/2000: loss=0.8441
step 1940/2000: loss=1.0138
step 1960/2000: loss=1.2503
step 1980/2000: loss=1.1063
step 2000/2000: loss=1.1098
/root/miniconda3/lib/python3.12/site-packages/torch/nn/modules/conv.py:456: UserWarning: Plan failed with a cudnnException: CUDNN_BACKEND_EXECUTION_PLAN_DESCRIPTOR: cudnnFinalize Descriptor Failed cudnn_status: CUDNN_STATUS_NOT_SUPPORTED (Triggered internally at ../aten/src/ATen/native/cudnn/Conv_v8.cpp:919.)
  return F.conv2d(input, weight, bias, self.stride,
evaluation 25/110
evaluation 50/110
evaluation 75/110
evaluation 100/110
evaluation 110/110
{
  "signature": "49279e436e446927070a54065cc77f77f6ac4b780841220f5401a89033b3edcd",
  "mode": "semantic-head",
  "steps": 2000,
  "shots_per_class": 1,
  "seed": 3408,
  "support_images": 8,
  "evaluation_images": 110,
  "metrics": {
    "mIoU": 0.1615016169514772,
    "foreground_mIoU": 0.10324238269012716,
    "pixel_accuracy": 0.3955621032146338,
    "per_class_iou": {
      "BW_background_waterbody": 0.5693162567809272,
      "HD_human_divers": 0.003946698135492604,
      "PF_plants_seagrass": 0.1057311809198424,
      "WR_wrecks_ruins": 0.12370783553807188,
      "RO_robots_instruments": 0.06436786141265699,
      "RI_reefs_invertebrates": 0.16190804111688017,
      "FV_fish_vertebrates": 0.1781845104566859,
      "SR_sand_seafloor_rocks": 0.08485055125126016
    },
    "confusion": [
      [
        10208510,
        1875117,
        90210,
        2903752,
        30095,
        1095282,
        223783,
        51529
      ],
      [
        194319,
        15371,
        127904,
        364978,
        157571,
        169590,
        392815,
        31501
      ],
      [
        2003,
        17908,
        734553,
        135424,
        64,
        294293,
        21329,
        10043
      ],
      [
        110039,
        11225,
        251754,
        1223422,
        50887,
        719943,
        404778,
        98968
      ],
      [
        22639,
        14035,
        38076,
        77220,
        45710,
        4287,
        151319,
        1013
      ],
      [
        62565,
        33813,
        4373456,
        586972,
        23298,
        1979665,
        225265,
        389356
      ],
      [
        150470,
        60507,
        475217,
        498210,
        52007,
        562522,
        756178,
        111593
      ],
      [
        910863,
        427994,
        375130,
        2452036,
        41916,
        1706788,
        157799,
        627377
      ]
    ]
  }
}
DONE semantic_head_2000 K=1 seed=3408

START semantic_head_2000 K=1 seed=3409
{
  "shots_per_class": 1,
  "support_images": 8,
  "evaluation_images": 110,
  "protocol_sha256": "16da76ae8e9677aec5f30b09dad79b23402cfee6964f31ede28bf1d72bf52540"
}
step 20/2000: loss=2.1245
step 40/2000: loss=2.2011
step 60/2000: loss=1.4931
step 80/2000: loss=1.3765
step 100/2000: loss=1.6259
step 120/2000: loss=1.5119
step 140/2000: loss=1.7866
step 160/2000: loss=1.7067
step 180/2000: loss=1.7361
step 200/2000: loss=1.7766
step 220/2000: loss=1.8977
step 240/2000: loss=2.0035
step 260/2000: loss=1.2983
step 280/2000: loss=1.6152
step 300/2000: loss=1.4418
step 320/2000: loss=1.6659
step 340/2000: loss=1.9178
step 360/2000: loss=1.1062
step 380/2000: loss=1.4627
step 400/2000: loss=1.6501
step 420/2000: loss=1.5922
step 440/2000: loss=1.5762
step 460/2000: loss=1.0225
step 480/2000: loss=1.0057
step 500/2000: loss=1.3002
step 520/2000: loss=1.4068
step 540/2000: loss=1.1383
step 560/2000: loss=1.6991
step 580/2000: loss=1.2393
step 600/2000: loss=1.4809
step 620/2000: loss=1.3700
step 640/2000: loss=1.2908
step 660/2000: loss=1.3036
step 680/2000: loss=1.5220
step 700/2000: loss=1.2329
step 720/2000: loss=1.2622
step 740/2000: loss=0.9321
step 760/2000: loss=1.3865
step 780/2000: loss=1.3596
step 800/2000: loss=1.4380
step 820/2000: loss=1.4448
step 840/2000: loss=0.9978
step 860/2000: loss=0.7857
step 880/2000: loss=1.0811
step 900/2000: loss=1.4117
step 920/2000: loss=0.7739
step 940/2000: loss=1.3893
step 960/2000: loss=1.2486
step 980/2000: loss=1.4600
step 1000/2000: loss=1.5180
step 1020/2000: loss=1.2102
step 1040/2000: loss=1.1819
step 1060/2000: loss=1.3446
step 1080/2000: loss=0.6256
step 1100/2000: loss=1.0226
step 1120/2000: loss=1.1235
step 1140/2000: loss=0.8493
step 1160/2000: loss=1.3694
step 1180/2000: loss=0.8629
step 1200/2000: loss=1.4010
step 1220/2000: loss=1.0340
step 1240/2000: loss=1.4952
step 1260/2000: loss=1.2482
step 1280/2000: loss=0.8602
step 1300/2000: loss=0.9686
step 1320/2000: loss=1.3094
step 1340/2000: loss=1.4268
step 1360/2000: loss=1.4329
step 1380/2000: loss=1.0888
step 1400/2000: loss=1.1252
step 1420/2000: loss=1.0173
step 1440/2000: loss=1.0259
step 1460/2000: loss=1.2857
step 1480/2000: loss=0.7673
step 1500/2000: loss=0.9866
step 1520/2000: loss=1.3953
step 1540/2000: loss=1.0219
step 1560/2000: loss=1.3276
step 1580/2000: loss=1.0351
step 1600/2000: loss=0.9888
step 1620/2000: loss=0.7726
step 1640/2000: loss=1.2122
step 1660/2000: loss=1.3626
step 1680/2000: loss=1.3713
step 1700/2000: loss=1.2151
step 1720/2000: loss=1.2782
step 1740/2000: loss=0.9130
step 1760/2000: loss=1.2013
step 1780/2000: loss=1.2799
step 1800/2000: loss=0.5319
step 1820/2000: loss=1.1116
step 1840/2000: loss=1.0560
step 1860/2000: loss=1.2603
step 1880/2000: loss=0.9557
step 1900/2000: loss=0.9219
step 1920/2000: loss=1.1011
step 1940/2000: loss=1.2865
step 1960/2000: loss=1.1857
step 1980/2000: loss=0.9396
step 2000/2000: loss=1.2327
/root/miniconda3/lib/python3.12/site-packages/torch/nn/modules/conv.py:456: UserWarning: Plan failed with a cudnnException: CUDNN_BACKEND_EXECUTION_PLAN_DESCRIPTOR: cudnnFinalize Descriptor Failed cudnn_status: CUDNN_STATUS_NOT_SUPPORTED (Triggered internally at ../aten/src/ATen/native/cudnn/Conv_v8.cpp:919.)
  return F.conv2d(input, weight, bias, self.stride,
evaluation 25/110
evaluation 50/110
evaluation 75/110
evaluation 100/110
evaluation 110/110
{
  "signature": "8f91b96aef2f19e0014b27e62f1e40c1f079edaa85044e03a73e7acf7a40bdae",
  "mode": "semantic-head",
  "steps": 2000,
  "shots_per_class": 1,
  "seed": 3409,
  "support_images": 8,
  "evaluation_images": 110,
  "metrics": {
    "mIoU": 0.10321490527176665,
    "foreground_mIoU": 0.09653056142118359,
    "pixel_accuracy": 0.21081986172718825,
    "per_class_iou": {
      "BW_background_waterbody": 0.15000531222584798,
      "HD_human_divers": 0.0025997076633952807,
      "PF_plants_seagrass": 0.16297244899978122,
      "WR_wrecks_ruins": 0.09373843016127145,
      "RO_robots_instruments": 0.010148990959938495,
      "RI_reefs_invertebrates": 0.19146240981619736,
      "FV_fish_vertebrates": 0.20928612930221233,
      "SR_sand_seafloor_rocks": 0.005505813045489004
    },
    "confusion": [
      [
        2486334,
        4132454,
        44881,
        8750482,
        15815,
        494739,
        547359,
        6214
      ],
      [
        10622,
        15687,
        4946,
        608610,
        23771,
        60362,
        725136,
        4915
      ],
      [
        5,
        12024,
        568348,
        482423,
        8790,
        107480,
        33320,
        3227
      ],
      [
        118,
        6663,
        94355,
        1874339,
        28899,
        236941,
        562890,
        66811
      ],
      [
        13322,
        4982,
        69,
        28651,
        7102,
        1438,
        298735,
        0
      ],
      [
        4615,
        11919,
        1930512,
        3137241,
        2559,
        2097150,
        383999,
        106395
      ],
      [
        21478,
        78984,
        105002,
        708910,
        44370,
        438768,
        1222168,
        47024
      ],
      [
        46535,
        333065,
        92005,
        3408084,
        221271,
        1939207,
        621556,
        38180
      ]
    ]
  }
}
DONE semantic_head_2000 K=1 seed=3409

START semantic_head_2000 K=2 seed=3407
{
  "shots_per_class": 2,
  "support_images": 16,
  "evaluation_images": 110,
  "protocol_sha256": "16da76ae8e9677aec5f30b09dad79b23402cfee6964f31ede28bf1d72bf52540"
}
step 20/2000: loss=2.0878
step 40/2000: loss=1.9217
step 60/2000: loss=1.9950
step 80/2000: loss=1.6362
step 100/2000: loss=1.9941
step 120/2000: loss=1.8369
step 140/2000: loss=1.7410
step 160/2000: loss=2.0101
step 180/2000: loss=1.7191
step 200/2000: loss=1.7046
step 220/2000: loss=1.8201
step 240/2000: loss=1.7066
step 260/2000: loss=1.6359
step 280/2000: loss=1.6861
step 300/2000: loss=1.8282
step 320/2000: loss=1.7862
step 340/2000: loss=1.8240
step 360/2000: loss=1.8714
step 380/2000: loss=1.2799
step 400/2000: loss=1.5869
step 420/2000: loss=1.5050
step 440/2000: loss=1.4339
step 460/2000: loss=1.6163
step 480/2000: loss=1.5862
step 500/2000: loss=1.6303
step 520/2000: loss=1.6206
step 540/2000: loss=1.4037
step 560/2000: loss=1.6392
step 580/2000: loss=1.4839
step 600/2000: loss=1.4831
step 620/2000: loss=1.7043
step 640/2000: loss=1.6138
step 660/2000: loss=1.5369
step 680/2000: loss=1.6480
step 700/2000: loss=1.5024
step 720/2000: loss=1.4423
step 740/2000: loss=1.2769
step 760/2000: loss=1.3431
step 780/2000: loss=1.5738
step 800/2000: loss=1.5087
step 820/2000: loss=1.4554
step 840/2000: loss=1.2671
step 860/2000: loss=1.0478
step 880/2000: loss=1.5465
step 900/2000: loss=1.3175
step 920/2000: loss=1.2011
step 940/2000: loss=1.4502
step 960/2000: loss=1.2975
step 980/2000: loss=1.1534
step 1000/2000: loss=1.4271
step 1020/2000: loss=1.3148
step 1040/2000: loss=1.3875
step 1060/2000: loss=1.0762
step 1080/2000: loss=1.4094
step 1100/2000: loss=1.3787
step 1120/2000: loss=1.1692
step 1140/2000: loss=1.5116
step 1160/2000: loss=1.2614
step 1180/2000: loss=1.1956
step 1200/2000: loss=1.0361
step 1220/2000: loss=1.4653
step 1240/2000: loss=1.4707
step 1260/2000: loss=1.4414
step 1280/2000: loss=1.3835
step 1300/2000: loss=1.4322
step 1320/2000: loss=1.3924
step 1340/2000: loss=1.3667
step 1360/2000: loss=1.4043
step 1380/2000: loss=1.0826
step 1400/2000: loss=1.1965
step 1420/2000: loss=1.4149
step 1440/2000: loss=1.4649
step 1460/2000: loss=1.4009
step 1480/2000: loss=1.3443
step 1500/2000: loss=1.3580
step 1520/2000: loss=1.2958
step 1540/2000: loss=1.1477
step 1560/2000: loss=1.3601
step 1580/2000: loss=1.3420
step 1600/2000: loss=1.3076
step 1620/2000: loss=1.1497
step 1640/2000: loss=1.1532
step 1660/2000: loss=1.1390
step 1680/2000: loss=1.2127
step 1700/2000: loss=1.3340
step 1720/2000: loss=1.3386
step 1740/2000: loss=1.1797
step 1760/2000: loss=1.2530
step 1780/2000: loss=1.2486
step 1800/2000: loss=0.9745
step 1820/2000: loss=1.2357
step 1840/2000: loss=1.3317
step 1860/2000: loss=1.3352
step 1880/2000: loss=1.2679
step 1900/2000: loss=1.4103
step 1920/2000: loss=1.3676
step 1940/2000: loss=1.2041
step 1960/2000: loss=1.3011
step 1980/2000: loss=1.2173
step 2000/2000: loss=1.3411
/root/miniconda3/lib/python3.12/site-packages/torch/nn/modules/conv.py:456: UserWarning: Plan failed with a cudnnException: CUDNN_BACKEND_EXECUTION_PLAN_DESCRIPTOR: cudnnFinalize Descriptor Failed cudnn_status: CUDNN_STATUS_NOT_SUPPORTED (Triggered internally at ../aten/src/ATen/native/cudnn/Conv_v8.cpp:919.)
  return F.conv2d(input, weight, bias, self.stride,
evaluation 25/110
evaluation 50/110
evaluation 75/110
evaluation 100/110
evaluation 110/110
{
  "signature": "39429ea07988a44fd2c27c114f18ad975ed9eb507afdec3e5d7bb23f71ab79c5",
  "mode": "semantic-head",
  "steps": 2000,
  "shots_per_class": 2,
  "seed": 3407,
  "support_images": 16,
  "evaluation_images": 110,
  "metrics": {
    "mIoU": 0.1669727141621346,
    "foreground_mIoU": 0.11236468514722235,
    "pixel_accuracy": 0.40106526430436745,
    "per_class_iou": {
      "BW_background_waterbody": 0.5492289172665203,
      "HD_human_divers": 0.12036610959416191,
      "PF_plants_seagrass": 0.11367892448252923,
      "WR_wrecks_ruins": 0.03877630104286049,
      "RO_robots_instruments": 0.011986374006936333,
      "RI_reefs_invertebrates": 0.3245692256777275,
      "FV_fish_vertebrates": 0.1472707150717286,
      "SR_sand_seafloor_rocks": 0.02990514615461241
    },
    "confusion": [
      [
        9852366,
        1694546,
        76827,
        2617987,
        1039809,
        761339,
        273945,
        161459
      ],
      [
        74126,
        473969,
        12963,
        193670,
        131933,
        136281,
        412973,
        18134
      ],
      [
        10813,
        1172,
        306555,
        99786,
        86742,
        588517,
        30487,
        91545
      ],
      [
        142870,
        109385,
        83831,
        306199,
        985146,
        327693,
        539076,
        376816
      ],
      [
        24974,
        132581,
        508,
        3900,
        64142,
        281,
        127584,
        329
      ],
      [
        69747,
        49375,
        1064912,
        239231,
        914440,
        3845429,
        275633,
        1215623
      ],
      [
        118878,
        257536,
        77433,
        359251,
        423432,
        708431,
        702347,
        19396
      ],
      [
        1018856,
        239084,
        164583,
        1511709,
        1415442,
        1650861,
        442686,
        256682
      ]
    ]
  }
}
DONE semantic_head_2000 K=2 seed=3407

START semantic_head_2000 K=2 seed=3408
{
  "shots_per_class": 2,
  "support_images": 16,
  "evaluation_images": 110,
  "protocol_sha256": "16da76ae8e9677aec5f30b09dad79b23402cfee6964f31ede28bf1d72bf52540"
}
step 20/2000: loss=1.5727
step 40/2000: loss=1.6543
step 60/2000: loss=1.7065
step 80/2000: loss=1.5589
step 100/2000: loss=1.5520
step 120/2000: loss=1.5318
step 140/2000: loss=1.4970
step 160/2000: loss=0.9438
step 180/2000: loss=1.6830
step 200/2000: loss=1.5722
step 220/2000: loss=1.5600
step 240/2000: loss=1.7198
step 260/2000: loss=1.3504
step 280/2000: loss=1.1919
step 300/2000: loss=1.5757
step 320/2000: loss=1.2708
step 340/2000: loss=1.4464
step 360/2000: loss=1.5272
step 380/2000: loss=1.4972
step 400/2000: loss=1.5644
step 420/2000: loss=1.0234
step 440/2000: loss=1.2501
step 460/2000: loss=1.5336
step 480/2000: loss=1.4227
step 500/2000: loss=1.5448
step 520/2000: loss=1.2533
step 540/2000: loss=1.3245
step 560/2000: loss=1.4564
step 580/2000: loss=1.3768
step 600/2000: loss=1.3439
step 620/2000: loss=1.5468
step 640/2000: loss=1.5135
step 660/2000: loss=1.2358
step 680/2000: loss=1.4994
step 700/2000: loss=1.4056
step 720/2000: loss=1.1538
step 740/2000: loss=1.1961
step 760/2000: loss=1.2872
step 780/2000: loss=1.2602
step 800/2000: loss=1.3769
step 820/2000: loss=1.3078
step 840/2000: loss=1.3994
step 860/2000: loss=1.2956
step 880/2000: loss=1.2500
step 900/2000: loss=1.0898
step 920/2000: loss=1.3355
step 940/2000: loss=1.3503
step 960/2000: loss=1.3538
step 980/2000: loss=1.1987
step 1000/2000: loss=1.2708
step 1020/2000: loss=1.1083
step 1040/2000: loss=1.1830
step 1060/2000: loss=1.2526
step 1080/2000: loss=1.3638
step 1100/2000: loss=1.3708
step 1120/2000: loss=1.2565
step 1140/2000: loss=1.2018
step 1160/2000: loss=1.2717
step 1180/2000: loss=1.2983
step 1200/2000: loss=1.3128
step 1220/2000: loss=1.2937
step 1240/2000: loss=1.2531
step 1260/2000: loss=1.4406
step 1280/2000: loss=1.2866
step 1300/2000: loss=1.4746
step 1320/2000: loss=1.2154
step 1340/2000: loss=1.1941
step 1360/2000: loss=1.2513
step 1380/2000: loss=1.2998
step 1400/2000: loss=1.1626
step 1420/2000: loss=0.9945
step 1440/2000: loss=1.1702
step 1460/2000: loss=1.0619
step 1480/2000: loss=1.2692
step 1500/2000: loss=1.2076
step 1520/2000: loss=1.3084
step 1540/2000: loss=1.2233
step 1560/2000: loss=1.3013
step 1580/2000: loss=1.2557
step 1600/2000: loss=1.2845
step 1620/2000: loss=1.0118
step 1640/2000: loss=1.1640
step 1660/2000: loss=0.8552
step 1680/2000: loss=1.2272
step 1700/2000: loss=1.0860
step 1720/2000: loss=0.9088
step 1740/2000: loss=1.1154
step 1760/2000: loss=1.0629
step 1780/2000: loss=0.9966
step 1800/2000: loss=0.7700
step 1820/2000: loss=1.2361
step 1840/2000: loss=1.3165
step 1860/2000: loss=1.1002
step 1880/2000: loss=0.9479
step 1900/2000: loss=1.2216
step 1920/2000: loss=1.1747
step 1940/2000: loss=0.9173
step 1960/2000: loss=1.1469
step 1980/2000: loss=0.8948
step 2000/2000: loss=1.1536
/root/miniconda3/lib/python3.12/site-packages/torch/nn/modules/conv.py:456: UserWarning: Plan failed with a cudnnException: CUDNN_BACKEND_EXECUTION_PLAN_DESCRIPTOR: cudnnFinalize Descriptor Failed cudnn_status: CUDNN_STATUS_NOT_SUPPORTED (Triggered internally at ../aten/src/ATen/native/cudnn/Conv_v8.cpp:919.)
  return F.conv2d(input, weight, bias, self.stride,
evaluation 25/110
evaluation 50/110
evaluation 75/110
evaluation 100/110
evaluation 110/110
{
  "signature": "f5967a24299fa5b6b5310fed6535da52910e73786afdd91e965a2c289405f839",
  "mode": "semantic-head",
  "steps": 2000,
  "shots_per_class": 2,
  "seed": 3408,
  "support_images": 16,
  "evaluation_images": 110,
  "metrics": {
    "mIoU": 0.19005670131036145,
    "foreground_mIoU": 0.12116525397980732,
    "pixel_accuracy": 0.4815147087896319,
    "per_class_iou": {
      "BW_background_waterbody": 0.6722968326242403,
      "HD_human_divers": 0.03324718930910233,
      "PF_plants_seagrass": 0.1150191017445081,
      "WR_wrecks_ruins": 0.13689189359594423,
      "RO_robots_instruments": 0.0195053955833058,
      "RI_reefs_invertebrates": 0.20458458784141445,
      "FV_fish_vertebrates": 0.19665810213645862,
      "SR_sand_seafloor_rocks": 0.14225050764791783
    },
    "confusion": [
      [
        12747630,
        646949,
        66728,
        1451778,
        25463,
        767627,
        242841,
        529262
      ],
      [
        284444,
        96127,
        66516,
        132277,
        53620,
        115963,
        523198,
        181904
      ],
      [
        15971,
        18602,
        686228,
        110631,
        834,
        316601,
        30671,
        36079
      ],
      [
        181168,
        23138,
        207612,
        835899,
        52691,
        707917,
        398921,
        463670
      ],
      [
        40014,
        77880,
        23072,
        38827,
        10509,
        3283,
        158339,
        2375
      ],
      [
        96444,
        26717,
        3792978,
        305222,
        6813,
        2427167,
        326884,
        692165
      ],
      [
        194126,
        157201,
        346757,
        256442,
        15401,
        492448,
        908833,
        295496
      ],
      [
        1670867,
        486746,
        246929,
        940078,
        29653,
        1785651,
        273828,
        1266151
      ]
    ]
  }
}
DONE semantic_head_2000 K=2 seed=3408

START semantic_head_2000 K=2 seed=3409
{
  "shots_per_class": 2,
  "support_images": 16,
  "evaluation_images": 110,
  "protocol_sha256": "16da76ae8e9677aec5f30b09dad79b23402cfee6964f31ede28bf1d72bf52540"
}
step 20/2000: loss=1.2762
step 40/2000: loss=1.9984
step 60/2000: loss=2.1681
step 80/2000: loss=1.9943
step 100/2000: loss=1.7325
step 120/2000: loss=1.7617
step 140/2000: loss=1.9060
step 160/2000: loss=1.6530
step 180/2000: loss=1.6248
step 200/2000: loss=1.7172
step 220/2000: loss=1.4383
step 240/2000: loss=1.3980
step 260/2000: loss=1.6150
step 280/2000: loss=1.1509
step 300/2000: loss=1.6572
step 320/2000: loss=1.8078
step 340/2000: loss=1.4253
step 360/2000: loss=1.1320
step 380/2000: loss=1.5490
step 400/2000: loss=1.4907
step 420/2000: loss=1.7316
step 440/2000: loss=1.5769
step 460/2000: loss=1.7102
step 480/2000: loss=1.4024
step 500/2000: loss=1.4596
step 520/2000: loss=1.5661
step 540/2000: loss=1.5270
step 560/2000: loss=1.1721
step 580/2000: loss=1.7239
step 600/2000: loss=0.8749
step 620/2000: loss=1.3185
step 640/2000: loss=1.4488
step 660/2000: loss=1.4604
step 680/2000: loss=1.3779
step 700/2000: loss=1.3489
step 720/2000: loss=1.3303
step 740/2000: loss=1.3505
step 760/2000: loss=1.6149
step 780/2000: loss=1.3535
step 800/2000: loss=1.1830
step 820/2000: loss=1.2915
step 840/2000: loss=1.3168
step 860/2000: loss=1.4369
step 880/2000: loss=1.4338
step 900/2000: loss=1.5071
step 920/2000: loss=1.6276
step 940/2000: loss=0.8807
step 960/2000: loss=1.4348
step 980/2000: loss=1.5034
step 1000/2000: loss=1.1740
step 1020/2000: loss=1.1323
step 1040/2000: loss=1.2296
step 1060/2000: loss=1.3445
step 1080/2000: loss=1.3786
step 1100/2000: loss=1.1594
step 1120/2000: loss=1.2554
step 1140/2000: loss=1.2349
step 1160/2000: loss=1.3106
step 1180/2000: loss=1.3777
step 1200/2000: loss=1.1000
step 1220/2000: loss=1.1925
step 1240/2000: loss=1.1114
step 1260/2000: loss=1.1604
step 1280/2000: loss=1.3558
step 1300/2000: loss=1.2877
step 1320/2000: loss=1.1935
step 1340/2000: loss=1.1515
step 1360/2000: loss=1.0803
step 1380/2000: loss=1.0660
step 1400/2000: loss=1.2649
step 1420/2000: loss=1.2366
step 1440/2000: loss=1.1323
step 1460/2000: loss=1.2812
step 1480/2000: loss=1.1194
step 1500/2000: loss=0.9461
step 1520/2000: loss=1.1202
step 1540/2000: loss=1.0874
step 1560/2000: loss=1.3532
step 1580/2000: loss=1.1580
step 1600/2000: loss=0.9964
step 1620/2000: loss=1.4329
step 1640/2000: loss=1.2064
step 1660/2000: loss=1.2855
step 1680/2000: loss=1.2416
step 1700/2000: loss=1.0957
step 1720/2000: loss=1.1332
step 1740/2000: loss=1.1016
step 1760/2000: loss=1.1423
step 1780/2000: loss=1.1268
step 1800/2000: loss=1.5183
step 1820/2000: loss=1.2012
step 1840/2000: loss=1.0572
step 1860/2000: loss=0.8059
step 1880/2000: loss=1.1112
step 1900/2000: loss=1.2761
step 1920/2000: loss=0.8581
step 1940/2000: loss=0.9298
step 1960/2000: loss=1.0467
step 1980/2000: loss=1.0294
step 2000/2000: loss=0.9864
/root/miniconda3/lib/python3.12/site-packages/torch/nn/modules/conv.py:456: UserWarning: Plan failed with a cudnnException: CUDNN_BACKEND_EXECUTION_PLAN_DESCRIPTOR: cudnnFinalize Descriptor Failed cudnn_status: CUDNN_STATUS_NOT_SUPPORTED (Triggered internally at ../aten/src/ATen/native/cudnn/Conv_v8.cpp:919.)
  return F.conv2d(input, weight, bias, self.stride,
evaluation 25/110
evaluation 50/110
evaluation 75/110
evaluation 100/110
evaluation 110/110
{
  "signature": "1a299eedaf0eede5772823bb00c9b4b84174265841b289ba6b17b3c88b06e38d",
  "mode": "semantic-head",
  "steps": 2000,
  "shots_per_class": 2,
  "seed": 3409,
  "support_images": 16,
  "evaluation_images": 110,
  "metrics": {
    "mIoU": 0.15094633232948704,
    "foreground_mIoU": 0.12364080750547995,
    "pixel_accuracy": 0.3189258729125827,
    "per_class_iou": {
      "BW_background_waterbody": 0.3420850060975365,
      "HD_human_divers": 0.03427411646425227,
      "PF_plants_seagrass": 0.24753513312968312,
      "WR_wrecks_ruins": 0.08813095071115766,
      "RO_robots_instruments": 0.007001247465450896,
      "RI_reefs_invertebrates": 0.262596686781646,
      "FV_fish_vertebrates": 0.2022615341262484,
      "SR_sand_seafloor_rocks": 0.02368598385992151
    },
    "confusion": [
      [
        5802086,
        199221,
        47915,
        8868198,
        207073,
        536703,
        693597,
        123485
      ],
      [
        23814,
        63647,
        724,
        445933,
        28703,
        78057,
        788049,
        25122
      ],
      [
        33,
        3609,
        571119,
        413513,
        3380,
        187314,
        32222,
        4427
      ],
      [
        3609,
        3502,
        67391,
        1659413,
        25696,
        287160,
        608783,
        215462
      ],
      [
        27585,
        22193,
        0,
        16719,
        8615,
        1775,
        276482,
        930
      ],
      [
        12535,
        4675,
        828601,
        3259083,
        7525,
        3014741,
        422408,
        124822
      ],
      [
        43723,
        129293,
        74000,
        454123,
        100116,
        508311,
        1278338,
        78800
      ],
      [
        371371,
        40457,
        72976,
        2500362,
        503703,
        2206789,
        831978,
        172267
      ]
    ]
  }
}
DONE semantic_head_2000 K=2 seed=3409

START semantic_head_2000 K=5 seed=3407
{
  "shots_per_class": 5,
  "support_images": 40,
  "evaluation_images": 110,
  "protocol_sha256": "16da76ae8e9677aec5f30b09dad79b23402cfee6964f31ede28bf1d72bf52540"
}
step 20/2000: loss=1.4504
step 40/2000: loss=1.9791
step 60/2000: loss=1.7867
step 80/2000: loss=1.8850
step 100/2000: loss=1.9202
step 120/2000: loss=1.6807
step 140/2000: loss=1.2505
step 160/2000: loss=1.7145
step 180/2000: loss=1.4993
step 200/2000: loss=1.9364
step 220/2000: loss=1.8613
step 240/2000: loss=1.8001
step 260/2000: loss=1.8477
step 280/2000: loss=1.6656
step 300/2000: loss=1.7581
step 320/2000: loss=1.3262
step 340/2000: loss=1.6445
step 360/2000: loss=1.7097
step 380/2000: loss=1.8016
step 400/2000: loss=1.7436
step 420/2000: loss=1.4848
step 440/2000: loss=1.3594
step 460/2000: loss=1.4815
step 480/2000: loss=1.4622
step 500/2000: loss=1.6241
step 520/2000: loss=1.7540
step 540/2000: loss=1.7246
step 560/2000: loss=1.3986
step 580/2000: loss=1.8085
step 600/2000: loss=1.6574
step 620/2000: loss=1.4379
step 640/2000: loss=1.5055
step 660/2000: loss=1.4410
step 680/2000: loss=1.5859
step 700/2000: loss=1.2788
step 720/2000: loss=1.5240
step 740/2000: loss=1.7379
step 760/2000: loss=1.5894
step 780/2000: loss=1.4114
step 800/2000: loss=1.4344
step 820/2000: loss=1.7614
step 840/2000: loss=1.5168
step 860/2000: loss=1.6373
step 880/2000: loss=1.4806
step 900/2000: loss=1.5938
step 920/2000: loss=1.6893
step 940/2000: loss=1.4982
step 960/2000: loss=1.6702
step 980/2000: loss=1.5077
step 1000/2000: loss=1.5754
step 1020/2000: loss=1.3536
step 1040/2000: loss=1.6534
step 1060/2000: loss=1.6226
step 1080/2000: loss=1.4728
step 1100/2000: loss=1.5927
step 1120/2000: loss=1.5036
step 1140/2000: loss=1.5924
step 1160/2000: loss=1.2878
step 1180/2000: loss=1.4920
step 1200/2000: loss=1.5673
step 1220/2000: loss=1.4371
step 1240/2000: loss=1.4277
step 1260/2000: loss=1.2873
step 1280/2000: loss=1.4717
step 1300/2000: loss=1.1621
step 1320/2000: loss=1.4899
step 1340/2000: loss=1.5050
step 1360/2000: loss=1.2429
step 1380/2000: loss=1.4999
step 1400/2000: loss=1.1648
step 1420/2000: loss=1.5170
step 1440/2000: loss=1.5613
step 1460/2000: loss=1.3597
step 1480/2000: loss=1.6213
step 1500/2000: loss=1.2899
step 1520/2000: loss=1.3054
step 1540/2000: loss=1.3255
step 1560/2000: loss=1.2546
step 1580/2000: loss=1.3040
step 1600/2000: loss=1.1439
step 1620/2000: loss=1.3410
step 1640/2000: loss=1.5448
step 1660/2000: loss=1.6523
step 1680/2000: loss=1.6001
step 1700/2000: loss=1.2882
step 1720/2000: loss=1.3437
step 1740/2000: loss=1.3677
step 1760/2000: loss=1.3369
step 1780/2000: loss=1.4710
step 1800/2000: loss=1.1525
step 1820/2000: loss=1.5182
step 1840/2000: loss=1.4110
step 1860/2000: loss=1.3204
step 1880/2000: loss=1.3491
step 1900/2000: loss=1.4409
step 1920/2000: loss=1.3099
step 1940/2000: loss=1.0315
step 1960/2000: loss=1.3060
step 1980/2000: loss=1.4889
step 2000/2000: loss=1.4935
/root/miniconda3/lib/python3.12/site-packages/torch/nn/modules/conv.py:456: UserWarning: Plan failed with a cudnnException: CUDNN_BACKEND_EXECUTION_PLAN_DESCRIPTOR: cudnnFinalize Descriptor Failed cudnn_status: CUDNN_STATUS_NOT_SUPPORTED (Triggered internally at ../aten/src/ATen/native/cudnn/Conv_v8.cpp:919.)
  return F.conv2d(input, weight, bias, self.stride,
evaluation 25/110
evaluation 50/110
evaluation 75/110
evaluation 100/110
evaluation 110/110
{
  "signature": "53d9d4e649e1a1ccd7d117bda8b67038cf3b53fd2c0fb62115f663599b970c12",
  "mode": "semantic-head",
  "steps": 2000,
  "shots_per_class": 5,
  "seed": 3407,
  "support_images": 40,
  "evaluation_images": 110,
  "metrics": {
    "mIoU": 0.19717412408946056,
    "foreground_mIoU": 0.12984235628013416,
    "pixel_accuracy": 0.5331910616300863,
    "per_class_iou": {
      "BW_background_waterbody": 0.6684964987547454,
      "HD_human_divers": 0.1846350822598921,
      "PF_plants_seagrass": 0.006265147740060046,
      "WR_wrecks_ruins": 0.06713469609361804,
      "RO_robots_instruments": 0.022728915169685074,
      "RI_reefs_invertebrates": 0.45616149442603193,
      "FV_fish_vertebrates": 0.15804434290427066,
      "SR_sand_seafloor_rocks": 0.013926815367381204
    },
    "confusion": [
      [
        13220640,
        926964,
        57478,
        284343,
        769502,
        902671,
        248480,
        68200
      ],
      [
        160695,
        635809,
        14890,
        92369,
        101014,
        248009,
        187920,
        13343
      ],
      [
        69382,
        2113,
        9593,
        25025,
        16376,
        1059464,
        25011,
        8653
      ],
      [
        385694,
        141772,
        66310,
        265108,
        781787,
        853819,
        271804,
        104722
      ],
      [
        38138,
        144057,
        1006,
        499,
        85547,
        2415,
        80741,
        1896
      ],
      [
        231506,
        60135,
        81928,
        138076,
        474806,
        5933366,
        165875,
        588698
      ],
      [
        321186,
        344817,
        16488,
        75389,
        340298,
        762901,
        760388,
        45237
      ],
      [
        2091799,
        369691,
        77452,
        462180,
        925714,
        1503492,
        1164697,
        104878
      ]
    ]
  }
}
DONE semantic_head_2000 K=5 seed=3407

START semantic_head_2000 K=5 seed=3408
{
  "shots_per_class": 5,
  "support_images": 40,
  "evaluation_images": 110,
  "protocol_sha256": "16da76ae8e9677aec5f30b09dad79b23402cfee6964f31ede28bf1d72bf52540"
}
step 20/2000: loss=1.6923
step 40/2000: loss=1.4679
step 60/2000: loss=1.6798
step 80/2000: loss=1.6337
step 100/2000: loss=1.7390
step 120/2000: loss=1.0735
step 140/2000: loss=1.7171
step 160/2000: loss=1.6511
step 180/2000: loss=1.6581
step 200/2000: loss=1.4887
step 220/2000: loss=1.4813
step 240/2000: loss=1.3827
step 260/2000: loss=1.2515
step 280/2000: loss=1.5548
step 300/2000: loss=1.6674
step 320/2000: loss=1.5993
step 340/2000: loss=1.5352
step 360/2000: loss=1.5161
step 380/2000: loss=1.4912
step 400/2000: loss=1.4258
step 420/2000: loss=1.6915
step 440/2000: loss=1.7749
step 460/2000: loss=1.4703
step 480/2000: loss=1.7518
step 500/2000: loss=1.5297
step 520/2000: loss=1.2223
step 540/2000: loss=1.3779
step 560/2000: loss=1.4718
step 580/2000: loss=1.5701
step 600/2000: loss=1.4894
step 620/2000: loss=1.3731
step 640/2000: loss=1.3562
step 660/2000: loss=1.5157
step 680/2000: loss=1.5604
step 700/2000: loss=1.2237
step 720/2000: loss=1.3134
step 740/2000: loss=1.6559
step 760/2000: loss=1.2209
step 780/2000: loss=1.4700
step 800/2000: loss=1.1976
step 820/2000: loss=1.5405
step 840/2000: loss=1.1486
step 860/2000: loss=1.3643
step 880/2000: loss=1.4228
step 900/2000: loss=1.2369
step 920/2000: loss=1.2574
step 940/2000: loss=1.1766
step 960/2000: loss=1.3793
step 980/2000: loss=1.7009
step 1000/2000: loss=1.0920
step 1020/2000: loss=1.1007
step 1040/2000: loss=1.5272
step 1060/2000: loss=1.2544
step 1080/2000: loss=1.4416
step 1100/2000: loss=1.5751
step 1120/2000: loss=1.4661
step 1140/2000: loss=1.2387
step 1160/2000: loss=1.5805
step 1180/2000: loss=1.2599
step 1200/2000: loss=1.3126
step 1220/2000: loss=1.2036
step 1240/2000: loss=1.3807
step 1260/2000: loss=1.3611
step 1280/2000: loss=1.3739
step 1300/2000: loss=1.0875
step 1320/2000: loss=1.3325
step 1340/2000: loss=1.3139
step 1360/2000: loss=1.3989
step 1380/2000: loss=1.3310
step 1400/2000: loss=1.1927
step 1420/2000: loss=1.5433
step 1440/2000: loss=1.3177
step 1460/2000: loss=1.5274
step 1480/2000: loss=1.3962
step 1500/2000: loss=1.3532
step 1520/2000: loss=1.3448
step 1540/2000: loss=1.5105
step 1560/2000: loss=1.2546
step 1580/2000: loss=1.1819
step 1600/2000: loss=1.0775
step 1620/2000: loss=1.2603
step 1640/2000: loss=1.1986
step 1660/2000: loss=1.0791
step 1680/2000: loss=1.6667
step 1700/2000: loss=1.5257
step 1720/2000: loss=1.4610
step 1740/2000: loss=1.4440
step 1760/2000: loss=1.4898
step 1780/2000: loss=1.1332
step 1800/2000: loss=1.2715
step 1820/2000: loss=1.5415
step 1840/2000: loss=1.1511
step 1860/2000: loss=1.2864
step 1880/2000: loss=1.3223
step 1900/2000: loss=1.2457
step 1920/2000: loss=1.3020
step 1940/2000: loss=1.1022
step 1960/2000: loss=1.0930
step 1980/2000: loss=1.2320
step 2000/2000: loss=1.3586
/root/miniconda3/lib/python3.12/site-packages/torch/nn/modules/conv.py:456: UserWarning: Plan failed with a cudnnException: CUDNN_BACKEND_EXECUTION_PLAN_DESCRIPTOR: cudnnFinalize Descriptor Failed cudnn_status: CUDNN_STATUS_NOT_SUPPORTED (Triggered internally at ../aten/src/ATen/native/cudnn/Conv_v8.cpp:919.)
  return F.conv2d(input, weight, bias, self.stride,
evaluation 25/110
evaluation 50/110
evaluation 75/110
evaluation 100/110
evaluation 110/110
{
  "signature": "b72ad7a20e6ee000b25810651f3955332048d87366d96c034aa48a97072216dc",
  "mode": "semantic-head",
  "steps": 2000,
  "shots_per_class": 5,
  "seed": 3408,
  "support_images": 40,
  "evaluation_images": 110,
  "metrics": {
    "mIoU": 0.20274437562773692,
    "foreground_mIoU": 0.12972432560821825,
    "pixel_accuracy": 0.5389068868888455,
    "per_class_iou": {
      "BW_background_waterbody": 0.7138847257643673,
      "HD_human_divers": 0.03813845874352648,
      "PF_plants_seagrass": 0.09855254450190282,
      "WR_wrecks_ruins": 0.1502051995583522,
      "RO_robots_instruments": 0.055363852262620146,
      "RI_reefs_invertebrates": 0.3259067139594809,
      "FV_fish_vertebrates": 0.19449672209932387,
      "SR_sand_seafloor_rocks": 0.04540678813232159
    },
    "confusion": [
      [
        14548965,
        230232,
        63277,
        525638,
        36591,
        856127,
        161561,
        55887
      ],
      [
        385498,
        95309,
        72202,
        138590,
        126314,
        146408,
        402620,
        87108
      ],
      [
        67903,
        4064,
        473414,
        59815,
        219,
        569999,
        39489,
        714
      ],
      [
        317081,
        36702,
        125622,
        684965,
        101940,
        1414941,
        158648,
        31117
      ],
      [
        52932,
        104289,
        25155,
        34332,
        41892,
        5284,
        83407,
        7008
      ],
      [
        227414,
        10354,
        2749344,
        147008,
        36880,
        4122439,
        354499,
        26452
      ],
      [
        346968,
        158842,
        356876,
        194810,
        68232,
        462153,
        954297,
        124526
      ],
      [
        2503918,
        500494,
        195578,
        588986,
        32192,
        1519836,
        1039566,
        319333
      ]
    ]
  }
}
DONE semantic_head_2000 K=5 seed=3408

START semantic_head_2000 K=5 seed=3409
{
  "shots_per_class": 5,
  "support_images": 40,
  "evaluation_images": 110,
  "protocol_sha256": "16da76ae8e9677aec5f30b09dad79b23402cfee6964f31ede28bf1d72bf52540"
}
step 20/2000: loss=1.4069
step 40/2000: loss=1.5304
step 60/2000: loss=1.1986
step 80/2000: loss=1.7977
step 100/2000: loss=1.3948
step 120/2000: loss=1.3959
step 140/2000: loss=1.1508
step 160/2000: loss=1.5286
step 180/2000: loss=1.4215
step 200/2000: loss=1.4082
step 220/2000: loss=1.8487
step 240/2000: loss=1.6555
step 260/2000: loss=1.6194
step 280/2000: loss=1.6883
step 300/2000: loss=1.6397
step 320/2000: loss=1.3439
step 340/2000: loss=1.5479
step 360/2000: loss=1.5008
step 380/2000: loss=1.8246
step 400/2000: loss=1.4719
step 420/2000: loss=1.6608
step 440/2000: loss=1.6931
step 460/2000: loss=1.3516
step 480/2000: loss=1.4525
step 500/2000: loss=1.3595
step 520/2000: loss=1.6909
step 540/2000: loss=1.5293
step 560/2000: loss=1.4204
step 580/2000: loss=1.6378
step 600/2000: loss=1.5038
step 620/2000: loss=1.4994
step 640/2000: loss=1.4466
step 660/2000: loss=1.4435
step 680/2000: loss=1.5568
step 700/2000: loss=1.5634
step 720/2000: loss=1.4053
step 740/2000: loss=1.3242
step 760/2000: loss=1.2878
step 780/2000: loss=1.2841
step 800/2000: loss=1.6313
step 820/2000: loss=1.4548
step 840/2000: loss=1.1849
step 860/2000: loss=1.5114
step 880/2000: loss=1.0008
step 900/2000: loss=1.4323
step 920/2000: loss=1.3812
step 940/2000: loss=1.4408
step 960/2000: loss=1.3162
step 980/2000: loss=1.4202
step 1000/2000: loss=1.5304
step 1020/2000: loss=1.4226
step 1040/2000: loss=1.3629
step 1060/2000: loss=1.3804
step 1080/2000: loss=1.4730
step 1100/2000: loss=1.4103
step 1120/2000: loss=1.2163
step 1140/2000: loss=1.4680
step 1160/2000: loss=1.5162
step 1180/2000: loss=1.4168
step 1200/2000: loss=1.0789
step 1220/2000: loss=1.4886
step 1240/2000: loss=1.4823
step 1260/2000: loss=1.5526
step 1280/2000: loss=1.5086
step 1300/2000: loss=1.6221
step 1320/2000: loss=1.5227
step 1340/2000: loss=1.4189
step 1360/2000: loss=1.4950
step 1380/2000: loss=1.5625
step 1400/2000: loss=1.2240
step 1420/2000: loss=1.3185
step 1440/2000: loss=1.2246
step 1460/2000: loss=1.3184
step 1480/2000: loss=1.3581
step 1500/2000: loss=1.4511
step 1520/2000: loss=1.3293
step 1540/2000: loss=1.3788
step 1560/2000: loss=1.2949
step 1580/2000: loss=1.4058
step 1600/2000: loss=1.5682
step 1620/2000: loss=0.9639
step 1640/2000: loss=1.5155
step 1660/2000: loss=1.3592
step 1680/2000: loss=1.2425
step 1700/2000: loss=1.3037
step 1720/2000: loss=1.1304
step 1740/2000: loss=1.5218
step 1760/2000: loss=1.4704
step 1780/2000: loss=1.3155
step 1800/2000: loss=1.5277
step 1820/2000: loss=1.2768
step 1840/2000: loss=1.1495
step 1860/2000: loss=1.1384
step 1880/2000: loss=1.2918
step 1900/2000: loss=1.3866
step 1920/2000: loss=1.3450
step 1940/2000: loss=1.2372
step 1960/2000: loss=1.2945
step 1980/2000: loss=1.4964
step 2000/2000: loss=1.2749
/root/miniconda3/lib/python3.12/site-packages/torch/nn/modules/conv.py:456: UserWarning: Plan failed with a cudnnException: CUDNN_BACKEND_EXECUTION_PLAN_DESCRIPTOR: cudnnFinalize Descriptor Failed cudnn_status: CUDNN_STATUS_NOT_SUPPORTED (Triggered internally at ../aten/src/ATen/native/cudnn/Conv_v8.cpp:919.)
  return F.conv2d(input, weight, bias, self.stride,
evaluation 25/110
evaluation 50/110
evaluation 75/110
evaluation 100/110
evaluation 110/110
{
  "signature": "a9232b57e48429732ab0024ecd6fdaa5011ef7237aa3084515f4245aeaa30394",
  "mode": "semantic-head",
  "steps": 2000,
  "shots_per_class": 5,
  "seed": 3409,
  "support_images": 40,
  "evaluation_images": 110,
  "metrics": {
    "mIoU": 0.18507283577069372,
    "foreground_mIoU": 0.1201951186556606,
    "pixel_accuracy": 0.47405385503153985,
    "per_class_iou": {
      "BW_background_waterbody": 0.6392168555759256,
      "HD_human_divers": 0.07039256198347107,
      "PF_plants_seagrass": 0.13111825723779663,
      "WR_wrecks_ruins": 0.16236320847944544,
      "RO_robots_instruments": 0.006016157680627973,
      "RI_reefs_invertebrates": 0.2609160968963773,
      "FV_fish_vertebrates": 0.2103874869936828,
      "SR_sand_seafloor_rocks": 0.00017206131822305115
    },
    "confusion": [
      [
        11434958,
        213591,
        99924,
        2115354,
        4671,
        1888468,
        685903,
        35409
      ],
      [
        116789,
        139687,
        539,
        198416,
        14112,
        231131,
        735500,
        17875
      ],
      [
        10838,
        1200,
        195836,
        374351,
        391,
        579543,
        52809,
        649
      ],
      [
        92109,
        56602,
        7226,
        1637249,
        22,
        551574,
        521804,
        4430
      ],
      [
        62666,
        14850,
        0,
        11276,
        2625,
        2774,
        259179,
        929
      ],
      [
        55349,
        16948,
        73421,
        3255723,
        4364,
        3886088,
        380957,
        1540
      ],
      [
        183868,
        213722,
        38638,
        252379,
        11243,
        569875,
        1386872,
        10107
      ],
      [
        889115,
        13438,
        58218,
        1005352,
        47223,
        3396259,
        1289133,
        1165
      ]
    ]
  }
}
DONE semantic_head_2000 K=5 seed=3409

START semantic_head_2000 K=10 seed=3407
{
  "shots_per_class": 10,
  "support_images": 78,
  "evaluation_images": 110,
  "protocol_sha256": "16da76ae8e9677aec5f30b09dad79b23402cfee6964f31ede28bf1d72bf52540"
}
step 20/2000: loss=1.8529
step 40/2000: loss=1.9551
step 60/2000: loss=1.8856
step 80/2000: loss=1.6801
step 100/2000: loss=1.5595
step 120/2000: loss=1.6932
step 140/2000: loss=1.9161
step 160/2000: loss=1.6751
step 180/2000: loss=1.9175
step 200/2000: loss=1.7614
step 220/2000: loss=1.5600
step 240/2000: loss=1.7467
step 260/2000: loss=1.7737
step 280/2000: loss=1.3336
step 300/2000: loss=1.7635
step 320/2000: loss=1.5171
step 340/2000: loss=1.9227
step 360/2000: loss=1.7461
step 380/2000: loss=1.5404
step 400/2000: loss=1.5576
step 420/2000: loss=1.5530
step 440/2000: loss=1.5632
step 460/2000: loss=1.6105
step 480/2000: loss=1.4737
step 500/2000: loss=1.6779
step 520/2000: loss=1.6594
step 540/2000: loss=1.4400
step 560/2000: loss=1.5565
step 580/2000: loss=1.6814
step 600/2000: loss=1.5667
step 620/2000: loss=1.4282
step 640/2000: loss=1.4761
step 660/2000: loss=1.6755
step 680/2000: loss=1.4123
step 700/2000: loss=1.5394
step 720/2000: loss=1.2000
step 740/2000: loss=1.7151
step 760/2000: loss=1.5394
step 780/2000: loss=1.3720
step 800/2000: loss=1.5645
step 820/2000: loss=1.4408
step 840/2000: loss=1.4153
step 860/2000: loss=1.4555
step 880/2000: loss=1.5448
step 900/2000: loss=1.3515
step 920/2000: loss=1.5129
step 940/2000: loss=1.4140
step 960/2000: loss=1.2341
step 980/2000: loss=1.3456
step 1000/2000: loss=1.4905
step 1020/2000: loss=1.3535
step 1040/2000: loss=1.5849
step 1060/2000: loss=1.6823
step 1080/2000: loss=1.3854
step 1100/2000: loss=1.1692
step 1120/2000: loss=1.3837
step 1140/2000: loss=1.4101
step 1160/2000: loss=1.2532
step 1180/2000: loss=1.2488
step 1200/2000: loss=1.4904
step 1220/2000: loss=1.3789
step 1240/2000: loss=1.5680
step 1260/2000: loss=1.4701
step 1280/2000: loss=1.4732
step 1300/2000: loss=1.2772
step 1320/2000: loss=1.4655
step 1340/2000: loss=1.5829
step 1360/2000: loss=1.5472
step 1380/2000: loss=1.4778
step 1400/2000: loss=1.4226
step 1420/2000: loss=1.4285
step 1440/2000: loss=1.3858
step 1460/2000: loss=1.5361
step 1480/2000: loss=1.1597
step 1500/2000: loss=1.2860
step 1520/2000: loss=1.4007
step 1540/2000: loss=1.4413
step 1560/2000: loss=1.4349
step 1580/2000: loss=1.5479
step 1600/2000: loss=1.5458
step 1620/2000: loss=1.2079
step 1640/2000: loss=1.4150
step 1660/2000: loss=1.4132
step 1680/2000: loss=1.4818
step 1700/2000: loss=1.4878
step 1720/2000: loss=1.4371
step 1740/2000: loss=1.2788
step 1760/2000: loss=1.3273
step 1780/2000: loss=1.3210
step 1800/2000: loss=1.4701
step 1820/2000: loss=1.0919
step 1840/2000: loss=1.3613
step 1860/2000: loss=1.3252
step 1880/2000: loss=1.5605
step 1900/2000: loss=1.3728
step 1920/2000: loss=1.3240
step 1940/2000: loss=1.2150
step 1960/2000: loss=1.3488
step 1980/2000: loss=1.4009
step 2000/2000: loss=1.3454
/root/miniconda3/lib/python3.12/site-packages/torch/nn/modules/conv.py:456: UserWarning: Plan failed with a cudnnException: CUDNN_BACKEND_EXECUTION_PLAN_DESCRIPTOR: cudnnFinalize Descriptor Failed cudnn_status: CUDNN_STATUS_NOT_SUPPORTED (Triggered internally at ../aten/src/ATen/native/cudnn/Conv_v8.cpp:919.)
  return F.conv2d(input, weight, bias, self.stride,
evaluation 25/110
evaluation 50/110
evaluation 75/110
evaluation 100/110
evaluation 110/110
{
  "signature": "be8fbe5ff8e238289da8caa5e687fb7f34cc654ec75d1990b22a3ad14f981444",
  "mode": "semantic-head",
  "steps": 2000,
  "shots_per_class": 10,
  "seed": 3407,
  "support_images": 78,
  "evaluation_images": 110,
  "metrics": {
    "mIoU": 0.18791303115033275,
    "foreground_mIoU": 0.11842489592505513,
    "pixel_accuracy": 0.4956996016872677,
    "per_class_iou": {
      "BW_background_waterbody": 0.674329977727276,
      "HD_human_divers": 0.20337747710218612,
      "PF_plants_seagrass": 0.06524548630625394,
      "WR_wrecks_ruins": 0.013935094367993131,
      "RO_robots_instruments": 0.01971980699960271,
      "RI_reefs_invertebrates": 0.37737955474094337,
      "FV_fish_vertebrates": 0.13549264624353188,
      "SR_sand_seafloor_rocks": 0.0138242057148748
    },
    "confusion": [
      [
        13335992,
        798033,
        143028,
        175474,
        106930,
        400976,
        1380845,
        137000
      ],
      [
        167835,
        666902,
        19923,
        22237,
        35581,
        129406,
        403865,
        8300
      ],
      [
        78588,
        1547,
        203859,
        28129,
        8525,
        719307,
        94410,
        81252
      ],
      [
        383439,
        126352,
        248512,
        56347,
        420407,
        442270,
        1010802,
        182887
      ],
      [
        38832,
        157019,
        547,
        518,
        29831,
        1252,
        125783,
        517
      ],
      [
        264341,
        94281,
        1084334,
        502080,
        337959,
        3897173,
        510914,
        983308
      ],
      [
        311401,
        457558,
        59439,
        93914,
        114267,
        378472,
        1235421,
        16232
      ],
      [
        2053942,
        190295,
        353092,
        350164,
        134775,
        580859,
        2924670,
        112106
      ]
    ]
  }
}
DONE semantic_head_2000 K=10 seed=3407

START semantic_head_2000 K=10 seed=3408
{
  "shots_per_class": 10,
  "support_images": 78,
  "evaluation_images": 110,
  "protocol_sha256": "16da76ae8e9677aec5f30b09dad79b23402cfee6964f31ede28bf1d72bf52540"
}
step 20/2000: loss=1.6863
step 40/2000: loss=1.6937
step 60/2000: loss=1.6012
step 80/2000: loss=1.8542
step 100/2000: loss=1.8124
step 120/2000: loss=1.5351
step 140/2000: loss=1.2534
step 160/2000: loss=1.5425
step 180/2000: loss=1.5762
step 200/2000: loss=1.6870
step 220/2000: loss=1.1506
step 240/2000: loss=1.5466
step 260/2000: loss=1.6932
step 280/2000: loss=1.4738
step 300/2000: loss=1.6040
step 320/2000: loss=1.3104
step 340/2000: loss=1.6986
step 360/2000: loss=1.2866
step 380/2000: loss=1.4068
step 400/2000: loss=1.5627
step 420/2000: loss=1.5654
step 440/2000: loss=1.3744
step 460/2000: loss=1.6770
step 480/2000: loss=1.4975
step 500/2000: loss=1.7692
step 520/2000: loss=1.5345
step 540/2000: loss=1.1426
step 560/2000: loss=1.2343
step 580/2000: loss=1.4780
step 600/2000: loss=1.5118
step 620/2000: loss=1.5478
step 640/2000: loss=1.2063
step 660/2000: loss=1.5545
step 680/2000: loss=1.4093
step 700/2000: loss=1.4404
step 720/2000: loss=1.4619
step 740/2000: loss=1.1464
step 760/2000: loss=1.2683
step 780/2000: loss=1.4532
step 800/2000: loss=1.5176
step 820/2000: loss=1.4288
step 840/2000: loss=1.1691
step 860/2000: loss=1.2876
step 880/2000: loss=1.3037
step 900/2000: loss=1.3873
step 920/2000: loss=1.4244
step 940/2000: loss=1.6003
step 960/2000: loss=1.3248
step 980/2000: loss=1.8420
step 1000/2000: loss=1.5342
step 1020/2000: loss=1.3911
step 1040/2000: loss=1.3470
step 1060/2000: loss=1.3222
step 1080/2000: loss=1.5387
step 1100/2000: loss=1.5819
step 1120/2000: loss=1.4464
step 1140/2000: loss=1.3508
step 1160/2000: loss=1.4768
step 1180/2000: loss=1.2723
step 1200/2000: loss=1.3767
step 1220/2000: loss=1.4453
step 1240/2000: loss=1.4242
step 1260/2000: loss=1.3517
step 1280/2000: loss=1.1457
step 1300/2000: loss=1.3778
step 1320/2000: loss=1.3398
step 1340/2000: loss=1.4086
step 1360/2000: loss=1.4717
step 1380/2000: loss=1.0887
step 1400/2000: loss=1.1251
step 1420/2000: loss=1.4247
step 1440/2000: loss=1.2998
step 1460/2000: loss=1.0208
step 1480/2000: loss=1.4489
step 1500/2000: loss=1.7514
step 1520/2000: loss=1.4531
step 1540/2000: loss=1.4227
step 1560/2000: loss=1.1596
step 1580/2000: loss=1.3031
step 1600/2000: loss=1.4887
step 1620/2000: loss=1.2162
step 1640/2000: loss=1.3153
step 1660/2000: loss=1.3848
step 1680/2000: loss=1.3297
step 1700/2000: loss=1.4101
step 1720/2000: loss=1.2999
step 1740/2000: loss=1.0631
step 1760/2000: loss=1.3522
step 1780/2000: loss=1.2539
step 1800/2000: loss=1.3312
step 1820/2000: loss=1.4546
step 1840/2000: loss=1.4248
step 1860/2000: loss=1.3527
step 1880/2000: loss=1.1289
step 1900/2000: loss=1.1898
step 1920/2000: loss=1.5633
step 1940/2000: loss=1.4523
step 1960/2000: loss=1.4384
step 1980/2000: loss=1.2534
step 2000/2000: loss=1.4694
/root/miniconda3/lib/python3.12/site-packages/torch/nn/modules/conv.py:456: UserWarning: Plan failed with a cudnnException: CUDNN_BACKEND_EXECUTION_PLAN_DESCRIPTOR: cudnnFinalize Descriptor Failed cudnn_status: CUDNN_STATUS_NOT_SUPPORTED (Triggered internally at ../aten/src/ATen/native/cudnn/Conv_v8.cpp:919.)
  return F.conv2d(input, weight, bias, self.stride,
evaluation 25/110
evaluation 50/110
evaluation 75/110
evaluation 100/110
evaluation 110/110
{
  "signature": "981377e354f3f3ee0175f30d4a3063ca520a16f8e747e68238fb5a2e6988a947",
  "mode": "semantic-head",
  "steps": 2000,
  "shots_per_class": 10,
  "seed": 3408,
  "support_images": 78,
  "evaluation_images": 110,
  "metrics": {
    "mIoU": 0.17964644716847888,
    "foreground_mIoU": 0.10409577969078213,
    "pixel_accuracy": 0.5059371918627615,
    "per_class_iou": {
      "BW_background_waterbody": 0.7085011195123561,
      "HD_human_divers": 0.06528307095027781,
      "PF_plants_seagrass": 0.10654620555382857,
      "WR_wrecks_ruins": 0.026638412242430413,
      "RO_robots_instruments": 0.05050314195330728,
      "RI_reefs_invertebrates": 0.20110930259677498,
      "FV_fish_vertebrates": 0.19692156434452404,
      "SR_sand_seafloor_rocks": 0.08166876019433184
    },
    "confusion": [
      [
        14773620,
        203008,
        95760,
        28204,
        31426,
        727003,
        332333,
        286924
      ],
      [
        408800,
        146631,
        82701,
        4670,
        122180,
        114373,
        448087,
        126607
      ],
      [
        103645,
        5042,
        729371,
        11455,
        235,
        312177,
        53310,
        382
      ],
      [
        433527,
        65069,
        214205,
        80063,
        108999,
        1622445,
        272691,
        74017
      ],
      [
        58798,
        118084,
        23011,
        907,
        35282,
        4445,
        104240,
        9532
      ],
      [
        277460,
        17738,
        4337233,
        34379,
        9009,
        2369578,
        592080,
        36913
      ],
      [
        373488,
        151486,
        425491,
        13358,
        71354,
        339055,
        1208958,
        83514
      ],
      [
        2717940,
        231604,
        451566,
        41558,
        1108,
        988650,
        1669842,
        597635
      ]
    ]
  }
}
DONE semantic_head_2000 K=10 seed=3408

START semantic_head_2000 K=10 seed=3409
{
  "shots_per_class": 10,
  "support_images": 78,
  "evaluation_images": 110,
  "protocol_sha256": "16da76ae8e9677aec5f30b09dad79b23402cfee6964f31ede28bf1d72bf52540"
}
step 20/2000: loss=1.5777
step 40/2000: loss=1.8170
step 60/2000: loss=1.2352
step 80/2000: loss=1.7453
step 100/2000: loss=1.3225
step 120/2000: loss=1.3139
step 140/2000: loss=1.5748
step 160/2000: loss=1.8898
step 180/2000: loss=1.5591
step 200/2000: loss=1.9059
step 220/2000: loss=1.6499
step 240/2000: loss=1.7654
step 260/2000: loss=1.4856
step 280/2000: loss=1.3352
step 300/2000: loss=1.5368
step 320/2000: loss=1.7137
step 340/2000: loss=1.4801
step 360/2000: loss=1.3847
step 380/2000: loss=1.5910
step 400/2000: loss=1.5663
step 420/2000: loss=1.5139
step 440/2000: loss=1.1581
step 460/2000: loss=1.5732
step 480/2000: loss=1.5386
step 500/2000: loss=1.4724
step 520/2000: loss=1.3763
step 540/2000: loss=1.4917
step 560/2000: loss=1.4556
step 580/2000: loss=1.7881
step 600/2000: loss=1.5240
step 620/2000: loss=1.6190
step 640/2000: loss=1.5426
step 660/2000: loss=1.4971
step 680/2000: loss=1.3228
step 700/2000: loss=1.4905
step 720/2000: loss=1.4004
step 740/2000: loss=1.5304
step 760/2000: loss=1.6328
step 780/2000: loss=1.3456
step 800/2000: loss=1.5688
step 820/2000: loss=1.4805
step 840/2000: loss=1.5930
step 860/2000: loss=1.5786
step 880/2000: loss=1.3523
step 900/2000: loss=1.5575
step 920/2000: loss=1.3935
step 940/2000: loss=1.2583
step 960/2000: loss=1.4075
step 980/2000: loss=1.4889
step 1000/2000: loss=1.7213
step 1020/2000: loss=1.7943
step 1040/2000: loss=1.2453
step 1060/2000: loss=1.5346
step 1080/2000: loss=1.5980
step 1100/2000: loss=1.1812
step 1120/2000: loss=1.4073
step 1140/2000: loss=1.6622
step 1160/2000: loss=1.3050
step 1180/2000: loss=1.3330
step 1200/2000: loss=1.3599
step 1220/2000: loss=1.5475
step 1240/2000: loss=1.3608
step 1260/2000: loss=1.3213
step 1280/2000: loss=1.5908
step 1300/2000: loss=1.2021
step 1320/2000: loss=1.4674
step 1340/2000: loss=1.4654
step 1360/2000: loss=1.2199
step 1380/2000: loss=1.2241
step 1400/2000: loss=1.3060
step 1420/2000: loss=1.6992
step 1440/2000: loss=1.3734
step 1460/2000: loss=1.3628
step 1480/2000: loss=1.4123
step 1500/2000: loss=1.4078
step 1520/2000: loss=1.3449
step 1540/2000: loss=1.1786
step 1560/2000: loss=1.3093
step 1580/2000: loss=1.3534
step 1600/2000: loss=1.2882
step 1620/2000: loss=1.4659
step 1640/2000: loss=1.3813
step 1660/2000: loss=1.5750
step 1680/2000: loss=1.6052
step 1700/2000: loss=1.4560
step 1720/2000: loss=1.5400
step 1740/2000: loss=1.1434
step 1760/2000: loss=1.2724
step 1780/2000: loss=1.3347
step 1800/2000: loss=1.3104
step 1820/2000: loss=1.3836
step 1840/2000: loss=1.2990
step 1860/2000: loss=1.4221
step 1880/2000: loss=1.1622
step 1900/2000: loss=1.3882
step 1920/2000: loss=1.3553
step 1940/2000: loss=1.3513
step 1960/2000: loss=1.3262
step 1980/2000: loss=1.4205
step 2000/2000: loss=1.4392
/root/miniconda3/lib/python3.12/site-packages/torch/nn/modules/conv.py:456: UserWarning: Plan failed with a cudnnException: CUDNN_BACKEND_EXECUTION_PLAN_DESCRIPTOR: cudnnFinalize Descriptor Failed cudnn_status: CUDNN_STATUS_NOT_SUPPORTED (Triggered internally at ../aten/src/ATen/native/cudnn/Conv_v8.cpp:919.)
  return F.conv2d(input, weight, bias, self.stride,
evaluation 25/110
evaluation 50/110
evaluation 75/110
evaluation 100/110
evaluation 110/110
{
  "signature": "bfbc2da64a7181f269c2d68308a01cd3b1e1df36ee973e13adb74d7b88c51a4a",
  "mode": "semantic-head",
  "steps": 2000,
  "shots_per_class": 10,
  "seed": 3409,
  "support_images": 78,
  "evaluation_images": 110,
  "metrics": {
    "mIoU": 0.18948070036247072,
    "foreground_mIoU": 0.11987618337648259,
    "pixel_accuracy": 0.464937407419285,
    "per_class_iou": {
      "BW_background_waterbody": 0.6767123192643876,
      "HD_human_divers": 0.12149482495840445,
      "PF_plants_seagrass": 0.20040566219394673,
      "WR_wrecks_ruins": 0.1230180802396183,
      "RO_robots_instruments": 0.007789111070666466,
      "RI_reefs_invertebrates": 0.20382941104738467,
      "FV_fish_vertebrates": 0.1817278343931804,
      "SR_sand_seafloor_rocks": 0.0008683597321770934
    },
    "confusion": [
      [
        12291450,
        217961,
        274533,
        1144362,
        3117,
        1125375,
        1365804,
        55676
      ],
      [
        145004,
        271348,
        1019,
        116677,
        9774,
        135262,
        774505,
        460
      ],
      [
        16193,
        7313,
        450646,
        491711,
        7,
        165174,
        84542,
        31
      ],
      [
        126754,
        149642,
        47628,
        1159362,
        2472,
        551249,
        824602,
        9307
      ],
      [
        69180,
        38973,
        11,
        4784,
        2953,
        913,
        235628,
        1857
      ],
      [
        78325,
        32877,
        557739,
        3850914,
        58,
        2559054,
        594066,
        1357
      ],
      [
        204747,
        314379,
        59032,
        210864,
        4688,
        276524,
        1584461,
        12009
      ],
      [
        1044998,
        18218,
        93090,
        733994,
        4704,
        2625994,
        2173017,
        5888
      ]
    ]
  }
}
DONE semantic_head_2000 K=10 seed=3409
ALL_DONE
Unified stdout/stderr log: /root/autodl-tmp/work_dirs/mathseg_fewshot_20260922/suim/m0/grid_20260922_122135_758422.log

START adapter_200 K=1 seed=3407
{
  "shots_per_class": 1,
  "support_images": 8,
  "evaluation_images": 110,
  "protocol_sha256": "16da76ae8e9677aec5f30b09dad79b23402cfee6964f31ede28bf1d72bf52540"
}
{
  "signature": "7bae4df4eaaf991d95866d8c472c845c42be96b5751ade50cb66e11dbbbed067",
  "mode": "adapter",
  "steps": 200,
  "shots_per_class": 1,
  "seed": 3407,
  "support_images": 8,
  "evaluation_images": 110,
  "metrics": {
    "mIoU": 0.08744662727989014,
    "foreground_mIoU": 0.09979303256431746,
    "pixel_accuracy": 0.17080535530088403,
    "per_class_iou": {
      "BW_background_waterbody": 0.0010217902888987873,
      "HD_human_divers": 0.04903865602685759,
      "PF_plants_seagrass": 0.0006621981127353787,
      "WR_wrecks_ruins": 0.08004174053164169,
      "RO_robots_instruments": 0.023402093832480875,
      "RI_reefs_invertebrates": 0.25630720918684297,
      "FV_fish_vertebrates": 0.20812310382309582,
      "SR_sand_seafloor_rocks": 0.08097622643656796
    },
    "confusion": [
      [
        16849,
        10229058,
        11524,
        1014011,
        704715,
        3812273,
        190932,
        498916
      ],
      [
        1197,
        678116,
        27081,
        98188,
        266659,
        182419,
        189463,
        10926
      ],
      [
        0,
        21978,
        1548,
        48195,
        219611,
        377431,
        9015,
        537839
      ],
      [
        3158,
        178675,
        42895,
        481625,
        1026329,
        377935,
        253759,
        506640
      ],
      [
        2540,
        115694,
        270,
        40174,
        100874,
        2677,
        88744,
        3326
      ],
      [
        349,
        311854,
        577169,
        70947,
        666819,
        3824670,
        164658,
        2057924
      ],
      [
        1424,
        152209,
        45427,
        387369,
        518969,
        671277,
        784642,
        105387
      ],
      [
        2739,
        1364676,
        417686,
        1487273,
        553068,
        1823808,
        206811,
        843842
      ]
    ]
  }
}
DONE adapter_200 K=1 seed=3407

START adapter_200 K=2 seed=3407
{
  "shots_per_class": 2,
  "support_images": 16,
  "evaluation_images": 110,
  "protocol_sha256": "16da76ae8e9677aec5f30b09dad79b23402cfee6964f31ede28bf1d72bf52540"
}
{
  "signature": "c2917a742924f39e9b2aa4b6add45dbd38f3a9dc7006035f4904cbfb5ef2ba53",
  "mode": "adapter",
  "steps": 200,
  "shots_per_class": 2,
  "seed": 3407,
  "support_images": 16,
  "evaluation_images": 110,
  "metrics": {
    "mIoU": 0.13816287727430032,
    "foreground_mIoU": 0.11062181405754161,
    "pixel_accuracy": 0.26355342087390915,
    "per_class_iou": {
      "BW_background_waterbody": 0.33095031979161116,
      "HD_human_divers": 0.16888479477766238,
      "PF_plants_seagrass": 0.04668027135890402,
      "WR_wrecks_ruins": 0.08104109430601626,
      "RO_robots_instruments": 0.05871213261379029,
      "RI_reefs_invertebrates": 0.10692381038382645,
      "FV_fish_vertebrates": 0.2910610779243516,
      "SR_sand_seafloor_rocks": 0.0210495170382403
    },
    "confusion": [
      [
        5602190,
        1334473,
        452941,
        3582957,
        1178446,
        3981980,
        192480,
        152811
      ],
      [
        18834,
        561559,
        176370,
        137500,
        238624,
        119915,
        196092,
        5155
      ],
      [
        7741,
        7190,
        450538,
        133573,
        49423,
        280834,
        44267,
        242051
      ],
      [
        54254,
        161935,
        458458,
        838012,
        587776,
        95015,
        236502,
        439064
      ],
      [
        8013,
        113719,
        926,
        5302,
        204807,
        1166,
        20287,
        79
      ],
      [
        10360,
        55723,
        5226081,
        286305,
        251486,
        1364051,
        245968,
        234416
      ],
      [
        23226,
        31562,
        509629,
        486285,
        216624,
        150172,
        1201983,
        47223
      ],
      [
        326880,
        166450,
        1611550,
        2837643,
        611647,
        453752,
        527359,
        164622
      ]
    ]
  }
}
DONE adapter_200 K=2 seed=3407

START adapter_200 K=5 seed=3407
{
  "shots_per_class": 5,
  "support_images": 40,
  "evaluation_images": 110,
  "protocol_sha256": "16da76ae8e9677aec5f30b09dad79b23402cfee6964f31ede28bf1d72bf52540"
}
{
  "signature": "40ae1cf4616d1cb054e6978de53953566e02a7314f3d28c3c77bb237f586fa11",
  "mode": "adapter",
  "steps": 200,
  "shots_per_class": 5,
  "seed": 3407,
  "support_images": 40,
  "evaluation_images": 110,
  "metrics": {
    "mIoU": 0.2268086576426686,
    "foreground_mIoU": 0.17326409891401653,
    "pixel_accuracy": 0.4913940022107737,
    "per_class_iou": {
      "BW_background_waterbody": 0.601620568743233,
      "HD_human_divers": 0.26730118510684425,
      "PF_plants_seagrass": 0.025858218303313363,
      "WR_wrecks_ruins": 0.09934475409664188,
      "RO_robots_instruments": 0.06832052190033726,
      "RI_reefs_invertebrates": 0.40856375532359884,
      "FV_fish_vertebrates": 0.24385656120653526,
      "SR_sand_seafloor_rocks": 0.09960369646084483
    },
    "confusion": [
      [
        10659648,
        843124,
        262342,
        284312,
        1141705,
        2147315,
        89874,
        1049958
      ],
      [
        36023,
        822424,
        37280,
        56673,
        300938,
        127944,
        44736,
        28031
      ],
      [
        22718,
        7751,
        82262,
        74152,
        15876,
        535446,
        33770,
        443642
      ],
      [
        110565,
        197460,
        331068,
        559048,
        673596,
        343155,
        134832,
        521292
      ],
      [
        8548,
        88135,
        209,
        2759,
        250525,
        891,
        1218,
        2014
      ],
      [
        64048,
        49244,
        592465,
        476776,
        164597,
        5126906,
        95680,
        1104674
      ],
      [
        89377,
        158408,
        208264,
        303370,
        350513,
        429640,
        859401,
        267731
      ],
      [
        908667,
        278598,
        534026,
        1558295,
        665383,
        1289826,
        457393,
        1007715
      ]
    ]
  }
}
DONE adapter_200 K=5 seed=3407

START adapter_200 K=10 seed=3407
{
  "shots_per_class": 10,
  "support_images": 78,
  "evaluation_images": 110,
  "protocol_sha256": "16da76ae8e9677aec5f30b09dad79b23402cfee6964f31ede28bf1d72bf52540"
}
{
  "signature": "9b73f21015dc2512d6d8150b52090c8decd434890b0117b026bd5555787db7dc",
  "mode": "adapter",
  "steps": 200,
  "shots_per_class": 10,
  "seed": 3407,
  "support_images": 78,
  "evaluation_images": 110,
  "metrics": {
    "mIoU": 0.19029377880901024,
    "foreground_mIoU": 0.11916235327620617,
    "pixel_accuracy": 0.434225220438006,
    "per_class_iou": {
      "BW_background_waterbody": 0.6882137575386388,
      "HD_human_divers": 0.2472913280531727,
      "PF_plants_seagrass": 0.06341735063487464,
      "WR_wrecks_ruins": 0.07594975258730602,
      "RO_robots_instruments": 0.10446742715239268,
      "RI_reefs_invertebrates": 0.07563130384959849,
      "FV_fish_vertebrates": 0.2565616005001382,
      "SR_sand_seafloor_rocks": 0.010817710155960489
    },
    "confusion": [
      [
        12708920,
        1139539,
        443510,
        778771,
        575662,
        472517,
        284539,
        74820
      ],
      [
        56042,
        960504,
        27980,
        77295,
        188991,
        39174,
        103216,
        847
      ],
      [
        35371,
        26330,
        426024,
        188308,
        10682,
        70067,
        56471,
        402364
      ],
      [
        195959,
        329485,
        586175,
        648410,
        563540,
        43634,
        289147,
        214666
      ],
      [
        19269,
        105795,
        63,
        1845,
        226577,
        33,
        670,
        47
      ],
      [
        117677,
        98456,
        3373724,
        2384821,
        67252,
        639939,
        459187,
        533334
      ],
      [
        120416,
        202220,
        273566,
        345061,
        199284,
        84013,
        1418291,
        23853
      ],
      [
        1443518,
        528225,
        797148,
        1890238,
        209167,
        77470,
        1668138,
        85999
      ]
    ]
  }
}
DONE adapter_200 K=10 seed=3407

START adapter_2000 K=1 seed=3407
{
  "shots_per_class": 1,
  "support_images": 8,
  "evaluation_images": 110,
  "protocol_sha256": "16da76ae8e9677aec5f30b09dad79b23402cfee6964f31ede28bf1d72bf52540"
}
{
  "signature": "6fe296bc9d34af9ff94c980ea726d171f6229b822c80462ff5803c812952a2d8",
  "mode": "adapter",
  "steps": 2000,
  "shots_per_class": 1,
  "seed": 3407,
  "support_images": 8,
  "evaluation_images": 110,
  "metrics": {
    "mIoU": 0.24039296812292898,
    "foreground_mIoU": 0.2001679403086315,
    "pixel_accuracy": 0.5105852816300782,
    "per_class_iou": {
      "BW_background_waterbody": 0.5219681628230113,
      "HD_human_divers": 0.12923484427735293,
      "PF_plants_seagrass": 0.022417615985421836,
      "WR_wrecks_ruins": 0.19030507455106832,
      "RO_robots_instruments": 0.10100775993919661,
      "RI_reefs_invertebrates": 0.3366108061324898,
      "FV_fish_vertebrates": 0.4215845502042566,
      "SR_sand_seafloor_rocks": 0.20001493107063453
    },
    "confusion": [
      [
        9362093,
        264563,
        11353,
        1286605,
        99808,
        4821857,
        281334,
        350665
      ],
      [
        54781,
        248050,
        237,
        142998,
        275073,
        401237,
        304488,
        27185
      ],
      [
        20338,
        2285,
        42565,
        133518,
        30707,
        673592,
        49798,
        262814
      ],
      [
        144600,
        25468,
        7191,
        1056746,
        175454,
        716570,
        209104,
        535883
      ],
      [
        151385,
        41087,
        0,
        2556,
        107647,
        6027,
        45251,
        346
      ],
      [
        29153,
        36743,
        504948,
        60727,
        15396,
        5896498,
        133017,
        997908
      ],
      [
        63430,
        8379,
        8411,
        15411,
        102810,
        741986,
        1613012,
        113265
      ],
      [
        994173,
        86800,
        150973,
        1040074,
        12183,
        2481598,
        136374,
        1797728
      ]
    ]
  }
}
DONE adapter_2000 K=1 seed=3407

START adapter_2000 K=2 seed=3407
{
  "shots_per_class": 2,
  "support_images": 16,
  "evaluation_images": 110,
  "protocol_sha256": "16da76ae8e9677aec5f30b09dad79b23402cfee6964f31ede28bf1d72bf52540"
}
{
  "signature": "6beb5df7a91959ddac5b4dfc604f2c8ed1546c664bd0b7022a5e8cd830d2294d",
  "mode": "adapter",
  "steps": 2000,
  "shots_per_class": 2,
  "seed": 3407,
  "support_images": 16,
  "evaluation_images": 110,
  "metrics": {
    "mIoU": 0.3528329054677748,
    "foreground_mIoU": 0.3063247663889043,
    "pixel_accuracy": 0.6147807788126205,
    "per_class_iou": {
      "BW_background_waterbody": 0.6783898790198678,
      "HD_human_divers": 0.2639303083083634,
      "PF_plants_seagrass": 0.14275164932117676,
      "WR_wrecks_ruins": 0.29785357071237567,
      "RO_robots_instruments": 0.3046242873801075,
      "RI_reefs_invertebrates": 0.44091312676419914,
      "FV_fish_vertebrates": 0.5191439535935803,
      "SR_sand_seafloor_rocks": 0.17505646864252752
    },
    "confusion": [
      [
        11999099,
        338215,
        289725,
        1372718,
        153230,
        1364699,
        340415,
        620177
      ],
      [
        46040,
        594910,
        1551,
        97204,
        144698,
        211107,
        326334,
        32205
      ],
      [
        18383,
        867,
        383143,
        94270,
        392,
        507868,
        62183,
        148511
      ],
      [
        32458,
        168990,
        35013,
        1685811,
        48029,
        520217,
        134924,
        245574
      ],
      [
        13606,
        85538,
        0,
        638,
        230674,
        13446,
        8283,
        2114
      ],
      [
        21936,
        109099,
        703277,
        117289,
        1426,
        5793673,
        324545,
        603145
      ],
      [
        106530,
        6870,
        65100,
        935,
        37186,
        302608,
        2067876,
        79599
      ],
      [
        970384,
        90414,
        373700,
        1105795,
        17981,
        2545834,
        119854,
        1475941
      ]
    ]
  }
}
DONE adapter_2000 K=2 seed=3407

START adapter_2000 K=5 seed=3407
{
  "shots_per_class": 5,
  "support_images": 40,
  "evaluation_images": 110,
  "protocol_sha256": "16da76ae8e9677aec5f30b09dad79b23402cfee6964f31ede28bf1d72bf52540"
}
{
  "signature": "4386a7de637df3ba9155ce2d22e68b12cedb7188e40a09f35b59c69b319da26a",
  "mode": "adapter",
  "steps": 2000,
  "shots_per_class": 5,
  "seed": 3407,
  "support_images": 40,
  "evaluation_images": 110,
  "metrics": {
    "mIoU": 0.4270400089138968,
    "foreground_mIoU": 0.3809212484269714,
    "pixel_accuracy": 0.6965553529667032,
    "per_class_iou": {
      "BW_background_waterbody": 0.7498713323223749,
      "HD_human_divers": 0.4203619325747799,
      "PF_plants_seagrass": 0.21556837676824897,
      "WR_wrecks_ruins": 0.4245558478357896,
      "RO_robots_instruments": 0.272586884898649,
      "RI_reefs_invertebrates": 0.5256889304897213,
      "FV_fish_vertebrates": 0.5348200806265322,
      "SR_sand_seafloor_rocks": 0.2728666857950788
    },
    "confusion": [
      [
        13869111,
        247662,
        110383,
        381772,
        94816,
        611992,
        153402,
        1009140
      ],
      [
        101907,
        941670,
        1786,
        57053,
        155573,
        110951,
        59324,
        25785
      ],
      [
        37508,
        530,
        401467,
        131707,
        915,
        554572,
        50113,
        38805
      ],
      [
        87280,
        176490,
        28722,
        1898663,
        190623,
        283021,
        54918,
        151299
      ],
      [
        10803,
        98152,
        0,
        79,
        239355,
        4885,
        611,
        414
      ],
      [
        134748,
        84672,
        371522,
        328114,
        5454,
        5890294,
        184313,
        675273
      ],
      [
        162064,
        63616,
        43808,
        2396,
        24590,
        310149,
        1794308,
        265773
      ],
      [
        1482733,
        114970,
        90527,
        699979,
        51817,
        1654944,
        185590,
        2419343
      ]
    ]
  }
}
DONE adapter_2000 K=5 seed=3407

START adapter_2000 K=10 seed=3407
{
  "shots_per_class": 10,
  "support_images": 78,
  "evaluation_images": 110,
  "protocol_sha256": "16da76ae8e9677aec5f30b09dad79b23402cfee6964f31ede28bf1d72bf52540"
}
{
  "signature": "8415720895ae730f66345825525c7783aeca8642de2cdc1f9b50ac5931b03fc7",
  "mode": "adapter",
  "steps": 2000,
  "shots_per_class": 10,
  "seed": 3407,
  "support_images": 78,
  "evaluation_images": 110,
  "metrics": {
    "mIoU": 0.4966066260775067,
    "foreground_mIoU": 0.45177733796338426,
    "pixel_accuracy": 0.7503190469965993,
    "per_class_iou": {
      "BW_background_waterbody": 0.8104116428763642,
      "HD_human_divers": 0.5268255581539154,
      "PF_plants_seagrass": 0.24159933900421887,
      "WR_wrecks_ruins": 0.4714986481431702,
      "RO_robots_instruments": 0.33867031066105324,
      "RI_reefs_invertebrates": 0.5559927156228944,
      "FV_fish_vertebrates": 0.6382655362383411,
      "SR_sand_seafloor_rocks": 0.3895892579200964
    },
    "confusion": [
      [
        14850034,
        259527,
        110577,
        195295,
        129196,
        142747,
        162722,
        628180
      ],
      [
        83763,
        1085405,
        3096,
        22531,
        170071,
        29910,
        41093,
        18180
      ],
      [
        31348,
        50,
        556742,
        136313,
        1228,
        313074,
        47969,
        128893
      ],
      [
        89593,
        130762,
        57524,
        1989084,
        74312,
        132990,
        47584,
        349167
      ],
      [
        10136,
        84241,
        0,
        578,
        257256,
        1236,
        484,
        368
      ],
      [
        121718,
        45195,
        805425,
        461761,
        9413,
        5224107,
        180045,
        826726
      ],
      [
        173224,
        23312,
        27372,
        12822,
        774,
        140317,
        2209030,
        79853
      ],
      [
        1336003,
        63138,
        84791,
        518326,
        20313,
        961335,
        314388,
        3401609
      ]
    ]
  }
}
DONE adapter_2000 K=10 seed=3407

START semantic_head_200 K=1 seed=3407
{
  "shots_per_class": 1,
  "support_images": 8,
  "evaluation_images": 110,
  "protocol_sha256": "16da76ae8e9677aec5f30b09dad79b23402cfee6964f31ede28bf1d72bf52540"
}
{
  "signature": "4715756364f17729af21b690ef2000e99e7c366985ce064c063ddb1e74ba3a04",
  "mode": "semantic-head",
  "steps": 200,
  "shots_per_class": 1,
  "seed": 3407,
  "support_images": 8,
  "evaluation_images": 110,
  "metrics": {
    "mIoU": 0.01085315605644938,
    "foreground_mIoU": 0.011916800055582504,
    "pixel_accuracy": 0.02107323806898702,
    "per_class_iou": {
      "BW_background_waterbody": 0.0034076480625175086,
      "HD_human_divers": 0.0125843570378661,
      "PF_plants_seagrass": 0.002087269964037441,
      "WR_wrecks_ruins": 0.01755583968317291,
      "RO_robots_instruments": 0.01107883055342389,
      "RI_reefs_invertebrates": 0.0011361526192416767,
      "FV_fish_vertebrates": 0.003543147782144898,
      "SR_sand_seafloor_rocks": 0.035432002749190616
    },
    "confusion": [
      [
        56199,
        479633,
        9500317,
        652394,
        2872415,
        347237,
        280186,
        2289897
      ],
      [
        1212,
        25051,
        518266,
        245952,
        601370,
        7903,
        7481,
        46814
      ],
      [
        25,
        132,
        28814,
        26524,
        781888,
        8609,
        1554,
        368071
      ],
      [
        248,
        4310,
        245398,
        107773,
        2340547,
        1322,
        8086,
        163332
      ],
      [
        0,
        16998,
        47403,
        51919,
        184705,
        67,
        32366,
        20841
      ],
      [
        2437,
        4022,
        234725,
        470336,
        5208722,
        9355,
        1562,
        1743231
      ],
      [
        2221,
        22633,
        277784,
        577161,
        1569925,
        37740,
        11217,
        168023
      ],
      [
        7599,
        8869,
        1765125,
        1243567,
        2942720,
        156661,
        167890,
        407472
      ]
    ]
  }
}
DONE semantic_head_200 K=1 seed=3407

START semantic_head_200 K=2 seed=3407
{
  "shots_per_class": 2,
  "support_images": 16,
  "evaluation_images": 110,
  "protocol_sha256": "16da76ae8e9677aec5f30b09dad79b23402cfee6964f31ede28bf1d72bf52540"
}
{
  "signature": "ac7fb7ba063dcb836244b6a2fff7067c18604fd4e7c2b5ccb6eafca98e3f8094",
  "mode": "semantic-head",
  "steps": 200,
  "shots_per_class": 2,
  "seed": 3407,
  "support_images": 16,
  "evaluation_images": 110,
  "metrics": {
    "mIoU": 0.010715970213589155,
    "foreground_mIoU": 0.011451358871738893,
    "pixel_accuracy": 0.0195577204349614,
    "per_class_iou": {
      "BW_background_waterbody": 0.00556824960654099,
      "HD_human_divers": 0.01711775604963576,
      "PF_plants_seagrass": 0.0022833512073907295,
      "WR_wrecks_ruins": 0.017931417513004613,
      "RO_robots_instruments": 0.011035757011165808,
      "RI_reefs_invertebrates": 0.000592314622123883,
      "FV_fish_vertebrates": 0.0028308214345686387,
      "SR_sand_seafloor_rocks": 0.028368094264282828
    },
    "confusion": [
      [
        91868,
        404217,
        10277617,
        789723,
        2771188,
        264570,
        248864,
        1630231
      ],
      [
        1619,
        33139,
        547672,
        269935,
        556481,
        4747,
        6251,
        34205
      ],
      [
        152,
        112,
        33987,
        35810,
        793497,
        7361,
        1631,
        343067
      ],
      [
        704,
        10281,
        275308,
        118102,
        2312057,
        964,
        7230,
        146370
      ],
      [
        0,
        22355,
        49859,
        50526,
        181000,
        81,
        30238,
        20240
      ],
      [
        4245,
        3868,
        273283,
        600270,
        5245612,
        4799,
        1095,
        1541218
      ],
      [
        3747,
        35753,
        305507,
        646141,
        1511433,
        24395,
        8783,
        130945
      ],
      [
        9797,
        5308,
        1939838,
        1322896,
        2856664,
        125605,
        140620,
        299175
      ]
    ]
  }
}
DONE semantic_head_200 K=2 seed=3407

START semantic_head_200 K=5 seed=3407
{
  "shots_per_class": 5,
  "support_images": 40,
  "evaluation_images": 110,
  "protocol_sha256": "16da76ae8e9677aec5f30b09dad79b23402cfee6964f31ede28bf1d72bf52540"
}
{
  "signature": "7cd32c71ab9d9ea0d4c7cd944cbadb16c7ed4d7e177acf588209fbc3e4915200",
  "mode": "semantic-head",
  "steps": 200,
  "shots_per_class": 5,
  "seed": 3407,
  "support_images": 40,
  "evaluation_images": 110,
  "metrics": {
    "mIoU": 0.011935691060819629,
    "foreground_mIoU": 0.01283759125321589,
    "pixel_accuracy": 0.02214191230705966,
    "per_class_iou": {
      "BW_background_waterbody": 0.005622389714045796,
      "HD_human_divers": 0.01991551572389963,
      "PF_plants_seagrass": 0.0025739704253688704,
      "WR_wrecks_ruins": 0.018137692679776676,
      "RO_robots_instruments": 0.011352543464545894,
      "RI_reefs_invertebrates": 0.00094789093667115,
      "FV_fish_vertebrates": 0.0022700310313012386,
      "SR_sand_seafloor_rocks": 0.034665494510947775
    },
    "confusion": [
      [
        92801,
        241946,
        9957959,
        523774,
        2607887,
        451000,
        219636,
        2383275
      ],
      [
        1856,
        35435,
        568963,
        235700,
        547172,
        7176,
        3584,
        54163
      ],
      [
        196,
        113,
        38023,
        26357,
        753792,
        10575,
        1661,
        384900
      ],
      [
        720,
        11848,
        298056,
        108554,
        2279245,
        1355,
        6356,
        164882
      ],
      [
        0,
        23417,
        49496,
        39269,
        180701,
        1249,
        27025,
        33142
      ],
      [
        5562,
        4465,
        283666,
        534139,
        5127081,
        7906,
        415,
        1711156
      ],
      [
        4278,
        39226,
        330878,
        576716,
        1496835,
        36167,
        6921,
        175683
      ],
      [
        14725,
        4202,
        2067485,
        1178024,
        2750915,
        158710,
        123476,
        402366
      ]
    ]
  }
}
DONE semantic_head_200 K=5 seed=3407

START semantic_head_200 K=10 seed=3407
{
  "shots_per_class": 10,
  "support_images": 78,
  "evaluation_images": 110,
  "protocol_sha256": "16da76ae8e9677aec5f30b09dad79b23402cfee6964f31ede28bf1d72bf52540"
}
{
  "signature": "32be86350e35af8d742180faccc0916645155eadf326b80443f84cd2ae9f5138",
  "mode": "semantic-head",
  "steps": 200,
  "shots_per_class": 10,
  "seed": 3407,
  "support_images": 78,
  "evaluation_images": 110,
  "metrics": {
    "mIoU": 0.012450357796843892,
    "foreground_mIoU": 0.012897383307057633,
    "pixel_accuracy": 0.02162372416721503,
    "per_class_iou": {
      "BW_background_waterbody": 0.009321179225347705,
      "HD_human_divers": 0.024035187531786874,
      "PF_plants_seagrass": 0.002735606469841608,
      "WR_wrecks_ruins": 0.0185909524320828,
      "RO_robots_instruments": 0.011141561362273745,
      "RI_reefs_invertebrates": 0.0006921626821650197,
      "FV_fish_vertebrates": 0.004512696957750079,
      "SR_sand_seafloor_rocks": 0.028573515713503306
    },
    "confusion": [
      [
        154100,
        295119,
        10786067,
        585368,
        2410816,
        357171,
        314167,
        1575470
      ],
      [
        2515,
        44612,
        588161,
        254512,
        518546,
        6065,
        6675,
        32963
      ],
      [
        742,
        131,
        43420,
        31737,
        757095,
        11255,
        2621,
        368616
      ],
      [
        1346,
        18224,
        336759,
        115659,
        2238857,
        1173,
        11265,
        147733
      ],
      [
        0,
        27511,
        52601,
        44723,
        172210,
        1031,
        33233,
        22990
      ],
      [
        9298,
        6186,
        318910,
        600322,
        5147557,
        5697,
        875,
        1585545
      ],
      [
        7822,
        50129,
        364603,
        616817,
        1446984,
        30844,
        14617,
        134888
      ],
      [
        32242,
        4763,
        2209448,
        1216757,
        2582387,
        148795,
        203543,
        301968
      ]
    ]
  }
}
DONE semantic_head_200 K=10 seed=3407

START semantic_head_2000 K=1 seed=3407
{
  "shots_per_class": 1,
  "support_images": 8,
  "evaluation_images": 110,
  "protocol_sha256": "16da76ae8e9677aec5f30b09dad79b23402cfee6964f31ede28bf1d72bf52540"
}
{
  "signature": "6e17cf5968a5ecde86579e8ad19edbb8c7793380082d60b4b4842f50068baeea",
  "mode": "semantic-head",
  "steps": 2000,
  "shots_per_class": 1,
  "seed": 3407,
  "support_images": 8,
  "evaluation_images": 110,
  "metrics": {
    "mIoU": 0.07700515575503203,
    "foreground_mIoU": 0.07715299407092371,
    "pixel_accuracy": 0.15024408934675818,
    "per_class_iou": {
      "BW_background_waterbody": 0.07597028754379043,
      "HD_human_divers": 0.01537330854419149,
      "PF_plants_seagrass": 0.06646005332333735,
      "WR_wrecks_ruins": 0.05363060882416416,
      "RO_robots_instruments": 0.018397184980033697,
      "RI_reefs_invertebrates": 0.22313200010841477,
      "FV_fish_vertebrates": 0.1308076621199244,
      "SR_sand_seafloor_rocks": 0.03227014059640006
    },
    "confusion": [
      [
        1272043,
        9854426,
        40488,
        2904425,
        611663,
        1250039,
        452045,
        93149
      ],
      [
        27283,
        191250,
        25382,
        362873,
        161426,
        185911,
        494189,
        5735
      ],
      [
        5670,
        4264,
        129073,
        113812,
        174854,
        533717,
        25985,
        228242
      ],
      [
        51385,
        77658,
        26696,
        495268,
        961087,
        269585,
        613277,
        376060
      ],
      [
        9657,
        61898,
        4179,
        13045,
        93210,
        602,
        170772,
        936
      ],
      [
        20391,
        75573,
        490164,
        273626,
        1252982,
        2741433,
        224711,
        2595510
      ],
      [
        39987,
        90817,
        81572,
        465750,
        532405,
        754589,
        675969,
        25615
      ],
      [
        111303,
        821708,
        58016,
        2230254,
        1017820,
        1617316,
        519973,
        323513
      ]
    ]
  }
}
DONE semantic_head_2000 K=1 seed=3407

START semantic_head_2000 K=2 seed=3407
{
  "shots_per_class": 2,
  "support_images": 16,
  "evaluation_images": 110,
  "protocol_sha256": "16da76ae8e9677aec5f30b09dad79b23402cfee6964f31ede28bf1d72bf52540"
}
{
  "signature": "39429ea07988a44fd2c27c114f18ad975ed9eb507afdec3e5d7bb23f71ab79c5",
  "mode": "semantic-head",
  "steps": 2000,
  "shots_per_class": 2,
  "seed": 3407,
  "support_images": 16,
  "evaluation_images": 110,
  "metrics": {
    "mIoU": 0.1669727141621346,
    "foreground_mIoU": 0.11236468514722235,
    "pixel_accuracy": 0.40106526430436745,
    "per_class_iou": {
      "BW_background_waterbody": 0.5492289172665203,
      "HD_human_divers": 0.12036610959416191,
      "PF_plants_seagrass": 0.11367892448252923,
      "WR_wrecks_ruins": 0.03877630104286049,
      "RO_robots_instruments": 0.011986374006936333,
      "RI_reefs_invertebrates": 0.3245692256777275,
      "FV_fish_vertebrates": 0.1472707150717286,
      "SR_sand_seafloor_rocks": 0.02990514615461241
    },
    "confusion": [
      [
        9852366,
        1694546,
        76827,
        2617987,
        1039809,
        761339,
        273945,
        161459
      ],
      [
        74126,
        473969,
        12963,
        193670,
        131933,
        136281,
        412973,
        18134
      ],
      [
        10813,
        1172,
        306555,
        99786,
        86742,
        588517,
        30487,
        91545
      ],
      [
        142870,
        109385,
        83831,
        306199,
        985146,
        327693,
        539076,
        376816
      ],
      [
        24974,
        132581,
        508,
        3900,
        64142,
        281,
        127584,
        329
      ],
      [
        69747,
        49375,
        1064912,
        239231,
        914440,
        3845429,
        275633,
        1215623
      ],
      [
        118878,
        257536,
        77433,
        359251,
        423432,
        708431,
        702347,
        19396
      ],
      [
        1018856,
        239084,
        164583,
        1511709,
        1415442,
        1650861,
        442686,
        256682
      ]
    ]
  }
}
DONE semantic_head_2000 K=2 seed=3407

START semantic_head_2000 K=5 seed=3407
{
  "shots_per_class": 5,
  "support_images": 40,
  "evaluation_images": 110,
  "protocol_sha256": "16da76ae8e9677aec5f30b09dad79b23402cfee6964f31ede28bf1d72bf52540"
}
{
  "signature": "53d9d4e649e1a1ccd7d117bda8b67038cf3b53fd2c0fb62115f663599b970c12",
  "mode": "semantic-head",
  "steps": 2000,
  "shots_per_class": 5,
  "seed": 3407,
  "support_images": 40,
  "evaluation_images": 110,
  "metrics": {
    "mIoU": 0.19717412408946056,
    "foreground_mIoU": 0.12984235628013416,
    "pixel_accuracy": 0.5331910616300863,
    "per_class_iou": {
      "BW_background_waterbody": 0.6684964987547454,
      "HD_human_divers": 0.1846350822598921,
      "PF_plants_seagrass": 0.006265147740060046,
      "WR_wrecks_ruins": 0.06713469609361804,
      "RO_robots_instruments": 0.022728915169685074,
      "RI_reefs_invertebrates": 0.45616149442603193,
      "FV_fish_vertebrates": 0.15804434290427066,
      "SR_sand_seafloor_rocks": 0.013926815367381204
    },
    "confusion": [
      [
        13220640,
        926964,
        57478,
        284343,
        769502,
        902671,
        248480,
        68200
      ],
      [
        160695,
        635809,
        14890,
        92369,
        101014,
        248009,
        187920,
        13343
      ],
      [
        69382,
        2113,
        9593,
        25025,
        16376,
        1059464,
        25011,
        8653
      ],
      [
        385694,
        141772,
        66310,
        265108,
        781787,
        853819,
        271804,
        104722
      ],
      [
        38138,
        144057,
        1006,
        499,
        85547,
        2415,
        80741,
        1896
      ],
      [
        231506,
        60135,
        81928,
        138076,
        474806,
        5933366,
        165875,
        588698
      ],
      [
        321186,
        344817,
        16488,
        75389,
        340298,
        762901,
        760388,
        45237
      ],
      [
        2091799,
        369691,
        77452,
        462180,
        925714,
        1503492,
        1164697,
        104878
      ]
    ]
  }
}
DONE semantic_head_2000 K=5 seed=3407

START semantic_head_2000 K=10 seed=3407
{
  "shots_per_class": 10,
  "support_images": 78,
  "evaluation_images": 110,
  "protocol_sha256": "16da76ae8e9677aec5f30b09dad79b23402cfee6964f31ede28bf1d72bf52540"
}
{
  "signature": "be8fbe5ff8e238289da8caa5e687fb7f34cc654ec75d1990b22a3ad14f981444",
  "mode": "semantic-head",
  "steps": 2000,
  "shots_per_class": 10,
  "seed": 3407,
  "support_images": 78,
  "evaluation_images": 110,
  "metrics": {
    "mIoU": 0.18791303115033275,
    "foreground_mIoU": 0.11842489592505513,
    "pixel_accuracy": 0.4956996016872677,
    "per_class_iou": {
      "BW_background_waterbody": 0.674329977727276,
      "HD_human_divers": 0.20337747710218612,
      "PF_plants_seagrass": 0.06524548630625394,
      "WR_wrecks_ruins": 0.013935094367993131,
      "RO_robots_instruments": 0.01971980699960271,
      "RI_reefs_invertebrates": 0.37737955474094337,
      "FV_fish_vertebrates": 0.13549264624353188,
      "SR_sand_seafloor_rocks": 0.0138242057148748
    },
    "confusion": [
      [
        13335992,
        798033,
        143028,
        175474,
        106930,
        400976,
        1380845,
        137000
      ],
      [
        167835,
        666902,
        19923,
        22237,
        35581,
        129406,
        403865,
        8300
      ],
      [
        78588,
        1547,
        203859,
        28129,
        8525,
        719307,
        94410,
        81252
      ],
      [
        383439,
        126352,
        248512,
        56347,
        420407,
        442270,
        1010802,
        182887
      ],
      [
        38832,
        157019,
        547,
        518,
        29831,
        1252,
        125783,
        517
      ],
      [
        264341,
        94281,
        1084334,
        502080,
        337959,
        3897173,
        510914,
        983308
      ],
      [
        311401,
        457558,
        59439,
        93914,
        114267,
        378472,
        1235421,
        16232
      ],
      [
        2053942,
        190295,
        353092,
        350164,
        134775,
        580859,
        2924670,
        112106
      ]
    ]
  }
}
DONE semantic_head_2000 K=10 seed=3407
ALL_DONE
