2026-09-18T16:43:23+08:00
dc532f0ad8f98b71e0c88e8d673512b1526af9cba2cf0ab71130478423ffb3ff  models/swin_l/swin_large_patch4_window12_384_22k_20220412-6580f57d.pth
Loads checkpoint by local backend from path: /root/autodl-tmp/hyperseg/models/swin_l/swin_large_patch4_window12_384_22k_20220412-6580f57d.pth
Swin pretrained missing=['norm0.weight', 'norm0.bias', 'norm1.weight', 'norm1.bias', 'norm2.weight', 'norm2.bias', 'norm3.weight', 'norm3.bias'], unexpected=['norm.weight', 'norm.bias', 'stages.0.blocks.1.attn_mask', 'stages.1.blocks.1.attn_mask', 'stages.2.blocks.1.attn_mask', 'stages.2.blocks.3.attn_mask', 'stages.2.blocks.5.attn_mask', 'stages.2.blocks.7.attn_mask', 'stages.2.blocks.9.attn_mask', 'stages.2.blocks.11.attn_mask', 'stages.2.blocks.13.attn_mask', 'stages.2.blocks.15.attn_mask', 'stages.2.blocks.17.attn_mask']
{"data_root": "/root/autodl-tmp/data/low_altitude_2026", "image_dir": "/root/autodl-tmp/data/low_altitude_2026/train/images", "mask_dir": "/root/autodl-tmp/data/low_altitude_2026/train/masks", "split_dir": "/root/autodl-tmp/hyperseg/runs/splits", "work_dir": "/root/autodl-tmp/work_dirs/mask2former_uav/h3_swin_l_hyperseg_160k_seed3407_fp32", "backbone_checkpoint": "/root/autodl-tmp/hyperseg/models/swin_l/swin_large_patch4_window12_384_22k_20220412-6580f57d.pth", "no_pretrained": false, "size": 512, "batch_size": 2, "accumulative_counts": 1, "max_iters": 160000, "val_interval": 2800, "val_size": 0, "num_workers": 4, "lr": 0.0001, "backbone_lr_multiplier": 0.1, "seed": 3407, "with_checkpointing": true, "resume": null, "eval_checkpoint": null, "eval_split": "test", "model_config": {"classes": 9, "target_widths": [64, 128, 320, 512], "context_dim": 128, "adapter_rank": 8, "adapter_scale": 0.1, "pretrained_checkpoint": "/root/autodl-tmp/hyperseg/models/swin_l/swin_large_patch4_window12_384_22k_20220412-6580f57d.pth", "with_cp": true}, "train_samples": 5598, "val_samples": 699}
/root/miniconda3/lib/python3.12/site-packages/torch/utils/checkpoint.py:464: UserWarning: torch.utils.checkpoint: the use_reentrant parameter should be passed explicitly. In version 2.4 we will raise an exception if use_reentrant is not passed. use_reentrant=False is recommended, but if you need to preserve the current default behavior, you can pass use_reentrant=True. Refer to docs for more details on the differences between the two variants.
  warnings.warn(
iter 1/160000: loss=1.37403 grad_norm=3.0934 seconds_per_update=2.003 peak_gpu_gb=3.97
iter 50/160000: loss=1.15871 grad_norm=5.6098 seconds_per_update=0.238 peak_gpu_gb=4.01
iter 100/160000: loss=0.87910 grad_norm=4.4893 seconds_per_update=0.220 peak_gpu_gb=4.01
iter 150/160000: loss=1.08657 grad_norm=10.5707 seconds_per_update=0.214 peak_gpu_gb=4.01
iter 200/160000: loss=1.33099 grad_norm=4.7591 seconds_per_update=0.211 peak_gpu_gb=4.01
iter 250/160000: loss=0.99880 grad_norm=4.1208 seconds_per_update=0.210 peak_gpu_gb=4.01
iter 300/160000: loss=0.57719 grad_norm=2.9757 seconds_per_update=0.209 peak_gpu_gb=4.01
iter 350/160000: loss=0.86331 grad_norm=2.7338 seconds_per_update=0.208 peak_gpu_gb=4.01
iter 400/160000: loss=1.24394 grad_norm=5.6419 seconds_per_update=0.207 peak_gpu_gb=4.01
iter 450/160000: loss=0.38527 grad_norm=2.3652 seconds_per_update=0.207 peak_gpu_gb=4.01
iter 500/160000: loss=0.46844 grad_norm=4.3089 seconds_per_update=0.207 peak_gpu_gb=4.01
iter 550/160000: loss=0.44241 grad_norm=6.6217 seconds_per_update=0.207 peak_gpu_gb=4.01
iter 600/160000: loss=0.47254 grad_norm=2.0166 seconds_per_update=0.207 peak_gpu_gb=4.01
iter 650/160000: loss=0.42559 grad_norm=4.6833 seconds_per_update=0.207 peak_gpu_gb=4.01
iter 700/160000: loss=0.62100 grad_norm=6.5292 seconds_per_update=0.207 peak_gpu_gb=4.01
iter 750/160000: loss=0.47755 grad_norm=8.3473 seconds_per_update=0.207 peak_gpu_gb=4.01
iter 800/160000: loss=0.54376 grad_norm=4.0595 seconds_per_update=0.206 peak_gpu_gb=4.01
iter 850/160000: loss=0.62617 grad_norm=5.1771 seconds_per_update=0.206 peak_gpu_gb=4.01
iter 900/160000: loss=0.55102 grad_norm=5.2863 seconds_per_update=0.206 peak_gpu_gb=4.01
iter 950/160000: loss=0.79271 grad_norm=5.7285 seconds_per_update=0.206 peak_gpu_gb=4.01
iter 1000/160000: loss=0.37873 grad_norm=2.1490 seconds_per_update=0.206 peak_gpu_gb=4.01
iter 1050/160000: loss=0.45333 grad_norm=8.9816 seconds_per_update=0.206 peak_gpu_gb=4.01
iter 1100/160000: loss=0.58354 grad_norm=3.8915 seconds_per_update=0.206 peak_gpu_gb=4.01
iter 1150/160000: loss=0.17641 grad_norm=1.9050 seconds_per_update=0.206 peak_gpu_gb=4.01
iter 1200/160000: loss=0.35963 grad_norm=11.6736 seconds_per_update=0.206 peak_gpu_gb=4.01
iter 1250/160000: loss=0.43650 grad_norm=2.8055 seconds_per_update=0.206 peak_gpu_gb=4.01
iter 1300/160000: loss=0.71661 grad_norm=4.8389 seconds_per_update=0.206 peak_gpu_gb=4.01
iter 1350/160000: loss=0.52609 grad_norm=3.9849 seconds_per_update=0.206 peak_gpu_gb=4.01
iter 1400/160000: loss=1.19397 grad_norm=6.5320 seconds_per_update=0.206 peak_gpu_gb=4.01
iter 1450/160000: loss=0.56433 grad_norm=2.2608 seconds_per_update=0.206 peak_gpu_gb=4.01
iter 1500/160000: loss=0.41911 grad_norm=3.4987 seconds_per_update=0.206 peak_gpu_gb=4.01
iter 1550/160000: loss=0.70350 grad_norm=7.1535 seconds_per_update=0.206 peak_gpu_gb=4.01
iter 1600/160000: loss=0.61433 grad_norm=3.2677 seconds_per_update=0.206 peak_gpu_gb=4.01
iter 1650/160000: loss=0.25608 grad_norm=2.1805 seconds_per_update=0.206 peak_gpu_gb=4.01
iter 1700/160000: loss=0.33265 grad_norm=1.3880 seconds_per_update=0.206 peak_gpu_gb=4.01
iter 1750/160000: loss=0.21590 grad_norm=2.2106 seconds_per_update=0.206 peak_gpu_gb=4.01
iter 1800/160000: loss=0.46235 grad_norm=2.2712 seconds_per_update=0.206 peak_gpu_gb=4.01
iter 1850/160000: loss=0.31041 grad_norm=5.0557 seconds_per_update=0.206 peak_gpu_gb=4.01
iter 1900/160000: loss=0.50143 grad_norm=2.1134 seconds_per_update=0.206 peak_gpu_gb=4.01
iter 1950/160000: loss=0.25822 grad_norm=2.8850 seconds_per_update=0.205 peak_gpu_gb=4.01
iter 2000/160000: loss=0.66682 grad_norm=3.6224 seconds_per_update=0.205 peak_gpu_gb=4.01
iter 2050/160000: loss=0.32914 grad_norm=4.0912 seconds_per_update=0.205 peak_gpu_gb=4.01
iter 2100/160000: loss=0.43350 grad_norm=1.3746 seconds_per_update=0.205 peak_gpu_gb=4.01
iter 2150/160000: loss=0.46491 grad_norm=6.0825 seconds_per_update=0.205 peak_gpu_gb=4.01
iter 2200/160000: loss=0.25441 grad_norm=4.0443 seconds_per_update=0.205 peak_gpu_gb=4.01
iter 2250/160000: loss=0.24320 grad_norm=13.4830 seconds_per_update=0.205 peak_gpu_gb=4.01
iter 2300/160000: loss=0.28291 grad_norm=5.5445 seconds_per_update=0.205 peak_gpu_gb=4.01
iter 2350/160000: loss=0.30906 grad_norm=4.2907 seconds_per_update=0.205 peak_gpu_gb=4.01
iter 2400/160000: loss=0.45986 grad_norm=9.1660 seconds_per_update=0.205 peak_gpu_gb=4.01
iter 2450/160000: loss=0.32039 grad_norm=3.4209 seconds_per_update=0.205 peak_gpu_gb=4.01
iter 2500/160000: loss=0.24018 grad_norm=1.0831 seconds_per_update=0.205 peak_gpu_gb=4.01
iter 2550/160000: loss=0.30858 grad_norm=16.5273 seconds_per_update=0.205 peak_gpu_gb=4.01
iter 2600/160000: loss=0.70438 grad_norm=5.3810 seconds_per_update=0.205 peak_gpu_gb=4.01
iter 2650/160000: loss=0.53072 grad_norm=3.8442 seconds_per_update=0.205 peak_gpu_gb=4.01
iter 2700/160000: loss=0.15774 grad_norm=2.0449 seconds_per_update=0.205 peak_gpu_gb=4.01
iter 2750/160000: loss=0.32939 grad_norm=7.2447 seconds_per_update=0.205 peak_gpu_gb=4.01
iter 2800/160000: loss=0.24537 grad_norm=6.7259 seconds_per_update=0.205 peak_gpu_gb=4.01
{"iter": 2800, "mIoU": 0.6550735235214233, "per_class_iou": {"1": 0.5191099643707275, "2": 0.7749945521354675, "3": 0.6577346920967102, "4": 0.7907917499542236, "5": 0.32687103748321533, "6": 0.8210707306861877, "7": 0.6747168302536011, "8": 0.6752986311912537}, "confusion": [[0, 0, 0, 0, 0, 0, 0, 0, 0], [0, 118891556, 20454673, 11904409, 3698800, 7804752, 23072208, 10011225, 953566], [0, 9693070, 121562421, 217835, 475507, 375511, 672543, 77984, 63345], [0, 9401884, 825880, 49535155, 79299, 87874, 983746, 546295, 430482], [0, 997061, 13389, 229398, 36297357, 437832, 733131, 1288851, 456], [0, 1033250, 40389, 31135, 50930, 6610288, 256136, 767840, 0], [0, 8075662, 2138415, 933596, 1116936, 971254, 203626334, 969507, 159581], [0, 2850118, 67080, 12025, 480418, 1755734, 4247145, 47861571, 0], [0, 187377, 177794, 92740, 652, 0, 44780, 0, 4389886]]}
iter 2850/160000: loss=0.23438 grad_norm=4.6815 seconds_per_update=0.229 peak_gpu_gb=4.34
iter 2900/160000: loss=0.50888 grad_norm=12.8030 seconds_per_update=0.229 peak_gpu_gb=4.34
iter 2950/160000: loss=0.29542 grad_norm=3.3927 seconds_per_update=0.229 peak_gpu_gb=4.34
iter 3000/160000: loss=0.76224 grad_norm=6.2058 seconds_per_update=0.228 peak_gpu_gb=4.34
iter 3050/160000: loss=0.59649 grad_norm=4.2783 seconds_per_update=0.228 peak_gpu_gb=4.34
iter 3100/160000: loss=0.45140 grad_norm=5.7024 seconds_per_update=0.227 peak_gpu_gb=4.34
iter 3150/160000: loss=0.25177 grad_norm=3.6795 seconds_per_update=0.227 peak_gpu_gb=4.34
iter 3200/160000: loss=0.33293 grad_norm=2.2101 seconds_per_update=0.227 peak_gpu_gb=4.34
iter 3250/160000: loss=0.17769 grad_norm=2.1492 seconds_per_update=0.226 peak_gpu_gb=4.34
iter 3300/160000: loss=0.25853 grad_norm=2.2443 seconds_per_update=0.226 peak_gpu_gb=4.34
iter 3350/160000: loss=0.23880 grad_norm=1.8321 seconds_per_update=0.226 peak_gpu_gb=4.34
iter 3400/160000: loss=0.70049 grad_norm=22.8706 seconds_per_update=0.226 peak_gpu_gb=4.34
iter 3450/160000: loss=0.46326 grad_norm=4.9207 seconds_per_update=0.225 peak_gpu_gb=4.34
iter 3500/160000: loss=0.36072 grad_norm=3.8113 seconds_per_update=0.225 peak_gpu_gb=4.34
iter 3550/160000: loss=0.90642 grad_norm=14.8524 seconds_per_update=0.225 peak_gpu_gb=4.34
iter 3600/160000: loss=0.15697 grad_norm=8.1209 seconds_per_update=0.224 peak_gpu_gb=4.34
iter 3650/160000: loss=0.34563 grad_norm=2.8010 seconds_per_update=0.224 peak_gpu_gb=4.34
iter 3700/160000: loss=0.43686 grad_norm=6.9927 seconds_per_update=0.224 peak_gpu_gb=4.34
iter 3750/160000: loss=0.24325 grad_norm=1.0143 seconds_per_update=0.224 peak_gpu_gb=4.34
iter 3800/160000: loss=0.38418 grad_norm=2.3459 seconds_per_update=0.223 peak_gpu_gb=4.34
iter 3850/160000: loss=0.40067 grad_norm=1.3408 seconds_per_update=0.223 peak_gpu_gb=4.34
iter 3900/160000: loss=0.11816 grad_norm=0.9113 seconds_per_update=0.223 peak_gpu_gb=4.34
iter 3950/160000: loss=0.12247 grad_norm=0.5634 seconds_per_update=0.223 peak_gpu_gb=4.34
iter 4000/160000: loss=0.30797 grad_norm=2.5713 seconds_per_update=0.222 peak_gpu_gb=4.34
iter 4050/160000: loss=0.39637 grad_norm=6.0547 seconds_per_update=0.222 peak_gpu_gb=4.34
iter 4100/160000: loss=0.36646 grad_norm=3.1101 seconds_per_update=0.222 peak_gpu_gb=4.34
iter 4150/160000: loss=0.32528 grad_norm=5.3348 seconds_per_update=0.222 peak_gpu_gb=4.34
iter 4200/160000: loss=0.40877 grad_norm=2.9777 seconds_per_update=0.222 peak_gpu_gb=4.34
iter 4250/160000: loss=0.22147 grad_norm=1.9106 seconds_per_update=0.221 peak_gpu_gb=4.34
iter 4300/160000: loss=0.45351 grad_norm=19.7154 seconds_per_update=0.221 peak_gpu_gb=4.34
iter 4350/160000: loss=0.29687 grad_norm=1.0993 seconds_per_update=0.221 peak_gpu_gb=4.34
iter 4400/160000: loss=0.49549 grad_norm=3.4146 seconds_per_update=0.221 peak_gpu_gb=4.34
iter 4450/160000: loss=0.08199 grad_norm=5.6243 seconds_per_update=0.221 peak_gpu_gb=4.34
iter 4500/160000: loss=0.41710 grad_norm=6.2423 seconds_per_update=0.221 peak_gpu_gb=4.34
iter 4550/160000: loss=0.15304 grad_norm=1.6048 seconds_per_update=0.220 peak_gpu_gb=4.34
iter 4600/160000: loss=0.17454 grad_norm=2.9674 seconds_per_update=0.220 peak_gpu_gb=4.34
iter 4650/160000: loss=0.63132 grad_norm=15.2172 seconds_per_update=0.220 peak_gpu_gb=4.34
iter 4700/160000: loss=0.70475 grad_norm=11.8673 seconds_per_update=0.220 peak_gpu_gb=4.34
iter 4750/160000: loss=0.16169 grad_norm=0.8235 seconds_per_update=0.220 peak_gpu_gb=4.34
iter 4800/160000: loss=0.25686 grad_norm=4.3383 seconds_per_update=0.220 peak_gpu_gb=4.34
iter 4850/160000: loss=0.19522 grad_norm=4.1360 seconds_per_update=0.219 peak_gpu_gb=4.34
iter 4900/160000: loss=0.39239 grad_norm=4.2804 seconds_per_update=0.219 peak_gpu_gb=4.34
iter 4950/160000: loss=0.18773 grad_norm=0.6644 seconds_per_update=0.219 peak_gpu_gb=4.34
iter 5000/160000: loss=0.21511 grad_norm=1.1425 seconds_per_update=0.219 peak_gpu_gb=4.34
iter 5050/160000: loss=0.23578 grad_norm=7.9269 seconds_per_update=0.219 peak_gpu_gb=4.34
iter 5100/160000: loss=0.10575 grad_norm=2.7529 seconds_per_update=0.219 peak_gpu_gb=4.34
iter 5150/160000: loss=0.23354 grad_norm=7.2579 seconds_per_update=0.219 peak_gpu_gb=4.34
iter 5200/160000: loss=1.01057 grad_norm=7.6157 seconds_per_update=0.219 peak_gpu_gb=4.34
iter 5250/160000: loss=0.49769 grad_norm=12.7708 seconds_per_update=0.218 peak_gpu_gb=4.34
iter 5300/160000: loss=0.33687 grad_norm=3.2023 seconds_per_update=0.218 peak_gpu_gb=4.34
iter 5350/160000: loss=0.18815 grad_norm=4.0612 seconds_per_update=0.218 peak_gpu_gb=4.34
iter 5400/160000: loss=0.20375 grad_norm=2.3189 seconds_per_update=0.218 peak_gpu_gb=4.34
iter 5450/160000: loss=0.37405 grad_norm=5.5953 seconds_per_update=0.218 peak_gpu_gb=4.34
iter 5500/160000: loss=0.31683 grad_norm=2.3510 seconds_per_update=0.218 peak_gpu_gb=4.34
iter 5550/160000: loss=0.35727 grad_norm=2.6731 seconds_per_update=0.218 peak_gpu_gb=4.34
iter 5600/160000: loss=0.31567 grad_norm=5.4441 seconds_per_update=0.218 peak_gpu_gb=4.34
{"iter": 5600, "mIoU": 0.6758884787559509, "per_class_iou": {"1": 0.5329272150993347, "2": 0.7847668528556824, "3": 0.6816616654396057, "4": 0.8054953813552856, "5": 0.36671045422554016, "6": 0.8364230394363403, "7": 0.7075650691986084, "8": 0.6915583610534668}, "confusion": [[0, 0, 0, 0, 0, 0, 0, 0, 0], [0, 118055805, 23176109, 14100114, 3078828, 5132516, 20182438, 12179248, 886131], [0, 5348123, 125653172, 369183, 433674, 438266, 603442, 187156, 105200], [0, 6308331, 666208, 53179469, 19450, 33803, 873645, 442974, 366735], [0, 1056660, 9139, 85964, 36992366, 102147, 321038, 1430092, 69], [0, 1535872, 60840, 23602, 83329, 5550911, 193461, 1341953, 0], [0, 7822894, 2854227, 1393812, 1750711, 391890, 201727321, 1930025, 120405], [0, 2508294, 77910, 10428, 561530, 248450, 951839, 52915640, 0], [0, 151961, 132612, 140747, 0, 0, 61459, 0, 4406450]]}
iter 5650/160000: loss=0.21634 grad_norm=2.5315 seconds_per_update=0.230 peak_gpu_gb=4.34
iter 5700/160000: loss=0.32425 grad_norm=1.3395 seconds_per_update=0.229 peak_gpu_gb=4.34
iter 5750/160000: loss=0.40866 grad_norm=2.3519 seconds_per_update=0.229 peak_gpu_gb=4.34
iter 5800/160000: loss=0.27638 grad_norm=6.5676 seconds_per_update=0.229 peak_gpu_gb=4.34
iter 5850/160000: loss=0.41954 grad_norm=10.7940 seconds_per_update=0.229 peak_gpu_gb=4.34
iter 5900/160000: loss=0.22907 grad_norm=3.2854 seconds_per_update=0.229 peak_gpu_gb=4.34
iter 5950/160000: loss=0.26860 grad_norm=2.7479 seconds_per_update=0.228 peak_gpu_gb=4.34
iter 6000/160000: loss=0.28737 grad_norm=1.4113 seconds_per_update=0.228 peak_gpu_gb=4.34
iter 6050/160000: loss=0.31129 grad_norm=2.5758 seconds_per_update=0.228 peak_gpu_gb=4.34
iter 6100/160000: loss=0.20193 grad_norm=1.2281 seconds_per_update=0.228 peak_gpu_gb=4.34
iter 6150/160000: loss=0.45417 grad_norm=2.1534 seconds_per_update=0.228 peak_gpu_gb=4.34
iter 6200/160000: loss=0.36827 grad_norm=2.2350 seconds_per_update=0.227 peak_gpu_gb=4.34
iter 6250/160000: loss=0.13456 grad_norm=5.2857 seconds_per_update=0.227 peak_gpu_gb=4.34
iter 6300/160000: loss=0.32833 grad_norm=1.2500 seconds_per_update=0.227 peak_gpu_gb=4.34
iter 6350/160000: loss=0.31112 grad_norm=4.3208 seconds_per_update=0.227 peak_gpu_gb=4.34
iter 6400/160000: loss=0.41285 grad_norm=2.4868 seconds_per_update=0.227 peak_gpu_gb=4.34
iter 6450/160000: loss=0.51702 grad_norm=12.5496 seconds_per_update=0.227 peak_gpu_gb=4.34
iter 6500/160000: loss=0.30834 grad_norm=1.7862 seconds_per_update=0.226 peak_gpu_gb=4.34
iter 6550/160000: loss=0.13919 grad_norm=1.8821 seconds_per_update=0.226 peak_gpu_gb=4.34
iter 6600/160000: loss=0.46067 grad_norm=6.5055 seconds_per_update=0.226 peak_gpu_gb=4.34
iter 6650/160000: loss=0.11480 grad_norm=1.9067 seconds_per_update=0.226 peak_gpu_gb=4.34
iter 6700/160000: loss=0.23296 grad_norm=15.5062 seconds_per_update=0.226 peak_gpu_gb=4.34
iter 6750/160000: loss=0.28036 grad_norm=2.4577 seconds_per_update=0.226 peak_gpu_gb=4.34
iter 6800/160000: loss=0.25632 grad_norm=2.6567 seconds_per_update=0.225 peak_gpu_gb=4.34
iter 6850/160000: loss=0.39594 grad_norm=2.3208 seconds_per_update=0.225 peak_gpu_gb=4.34
iter 6900/160000: loss=0.22957 grad_norm=1.8519 seconds_per_update=0.225 peak_gpu_gb=4.34
iter 6950/160000: loss=0.30858 grad_norm=4.3680 seconds_per_update=0.225 peak_gpu_gb=4.34
iter 7000/160000: loss=0.19760 grad_norm=0.7636 seconds_per_update=0.225 peak_gpu_gb=4.34
iter 7050/160000: loss=0.28594 grad_norm=9.3907 seconds_per_update=0.225 peak_gpu_gb=4.34
iter 7100/160000: loss=0.20578 grad_norm=3.0351 seconds_per_update=0.225 peak_gpu_gb=4.34
iter 7150/160000: loss=0.19371 grad_norm=0.9651 seconds_per_update=0.224 peak_gpu_gb=4.34
iter 7200/160000: loss=0.58479 grad_norm=7.2074 seconds_per_update=0.224 peak_gpu_gb=4.34
iter 7250/160000: loss=0.24942 grad_norm=8.8732 seconds_per_update=0.224 peak_gpu_gb=4.34
iter 7300/160000: loss=0.31801 grad_norm=1.3664 seconds_per_update=0.224 peak_gpu_gb=4.34
iter 7350/160000: loss=0.44647 grad_norm=5.2414 seconds_per_update=0.224 peak_gpu_gb=4.34
iter 7400/160000: loss=0.27960 grad_norm=1.5527 seconds_per_update=0.224 peak_gpu_gb=4.34
iter 7450/160000: loss=0.16500 grad_norm=2.6388 seconds_per_update=0.224 peak_gpu_gb=4.34
iter 7500/160000: loss=0.05971 grad_norm=0.5568 seconds_per_update=0.224 peak_gpu_gb=4.34
iter 7550/160000: loss=0.26124 grad_norm=1.2609 seconds_per_update=0.223 peak_gpu_gb=4.34
iter 7600/160000: loss=0.20998 grad_norm=1.5758 seconds_per_update=0.223 peak_gpu_gb=4.34
iter 7650/160000: loss=0.17277 grad_norm=2.0149 seconds_per_update=0.223 peak_gpu_gb=4.34
iter 7700/160000: loss=0.28527 grad_norm=3.7111 seconds_per_update=0.223 peak_gpu_gb=4.34
iter 7750/160000: loss=0.19073 grad_norm=1.9015 seconds_per_update=0.223 peak_gpu_gb=4.34
iter 7800/160000: loss=0.20921 grad_norm=2.9563 seconds_per_update=0.223 peak_gpu_gb=4.34
iter 7850/160000: loss=0.12399 grad_norm=5.7981 seconds_per_update=0.223 peak_gpu_gb=4.34
iter 7900/160000: loss=0.24271 grad_norm=2.0076 seconds_per_update=0.223 peak_gpu_gb=4.34
iter 7950/160000: loss=0.34692 grad_norm=19.1350 seconds_per_update=0.222 peak_gpu_gb=4.34
iter 8000/160000: loss=0.26370 grad_norm=9.6484 seconds_per_update=0.222 peak_gpu_gb=4.34
iter 8050/160000: loss=0.37319 grad_norm=2.6625 seconds_per_update=0.222 peak_gpu_gb=4.34
iter 8100/160000: loss=0.56728 grad_norm=12.9969 seconds_per_update=0.222 peak_gpu_gb=4.34
iter 8150/160000: loss=0.14083 grad_norm=1.4121 seconds_per_update=0.222 peak_gpu_gb=4.34
iter 8200/160000: loss=0.60430 grad_norm=34.2593 seconds_per_update=0.222 peak_gpu_gb=4.34
iter 8250/160000: loss=0.17325 grad_norm=2.6751 seconds_per_update=0.222 peak_gpu_gb=4.34
iter 8300/160000: loss=0.40032 grad_norm=5.8009 seconds_per_update=0.222 peak_gpu_gb=4.34
iter 8350/160000: loss=1.37490 grad_norm=20.1808 seconds_per_update=0.222 peak_gpu_gb=4.34
iter 8400/160000: loss=0.52279 grad_norm=4.9058 seconds_per_update=0.222 peak_gpu_gb=4.34
{"iter": 8400, "mIoU": 0.6909992694854736, "per_class_iou": {"1": 0.5695545673370361, "2": 0.8167059421539307, "3": 0.6942443251609802, "4": 0.8263095021247864, "5": 0.38391372561454773, "6": 0.8257745504379272, "7": 0.7147909998893738, "8": 0.6967005133628845}, "confusion": [[0, 0, 0, 0, 0, 0, 0, 0, 0], [0, 129713726, 15282477, 8282354, 2717489, 4208502, 25725663, 9937526, 923452], [0, 7998193, 123401924, 174500, 406696, 388628, 523318, 125476, 119481], [0, 10033030, 382948, 49559068, 26470, 35576, 1112235, 304896, 436392], [0, 910358, 10380, 18694, 36630168, 71116, 1029053, 1327681, 25], [0, 1807576, 32545, 24766, 125987, 5400537, 419141, 979416, 0], [0, 7104504, 2127947, 866819, 408654, 357444, 206099297, 915103, 111517], [0, 2959419, 42505, 36878, 647068, 215826, 2719305, 50653090, 0], [0, 141659, 80099, 91009, 0, 0, 62989, 0, 4517473]]}
iter 8450/160000: loss=0.18863 grad_norm=1.7936 seconds_per_update=0.230 peak_gpu_gb=4.34
iter 8500/160000: loss=0.22880 grad_norm=2.0751 seconds_per_update=0.229 peak_gpu_gb=4.34
iter 8550/160000: loss=0.23095 grad_norm=1.3847 seconds_per_update=0.229 peak_gpu_gb=4.34
iter 8600/160000: loss=0.31830 grad_norm=3.9596 seconds_per_update=0.229 peak_gpu_gb=4.34
iter 8650/160000: loss=0.10013 grad_norm=0.6712 seconds_per_update=0.229 peak_gpu_gb=4.34
iter 8700/160000: loss=0.33921 grad_norm=2.5964 seconds_per_update=0.229 peak_gpu_gb=4.34
iter 8750/160000: loss=0.83871 grad_norm=13.4113 seconds_per_update=0.229 peak_gpu_gb=4.34
iter 8800/160000: loss=0.05212 grad_norm=0.3941 seconds_per_update=0.229 peak_gpu_gb=4.34
iter 8850/160000: loss=0.21354 grad_norm=4.1914 seconds_per_update=0.228 peak_gpu_gb=4.34
iter 8900/160000: loss=0.52148 grad_norm=12.1436 seconds_per_update=0.228 peak_gpu_gb=4.34
iter 8950/160000: loss=0.30621 grad_norm=3.0789 seconds_per_update=0.228 peak_gpu_gb=4.34
iter 9000/160000: loss=0.16614 grad_norm=2.0597 seconds_per_update=0.228 peak_gpu_gb=4.34
iter 9050/160000: loss=0.19700 grad_norm=1.5085 seconds_per_update=0.228 peak_gpu_gb=4.34
iter 9100/160000: loss=0.81905 grad_norm=5.9903 seconds_per_update=0.228 peak_gpu_gb=4.34
iter 9150/160000: loss=0.14778 grad_norm=0.6294 seconds_per_update=0.228 peak_gpu_gb=4.34
iter 9200/160000: loss=0.07978 grad_norm=0.9475 seconds_per_update=0.228 peak_gpu_gb=4.34
iter 9250/160000: loss=0.31523 grad_norm=4.0995 seconds_per_update=0.227 peak_gpu_gb=4.34
iter 9300/160000: loss=0.13075 grad_norm=0.7065 seconds_per_update=0.227 peak_gpu_gb=4.34
iter 9350/160000: loss=0.17340 grad_norm=1.4067 seconds_per_update=0.227 peak_gpu_gb=4.34
iter 9400/160000: loss=0.18949 grad_norm=3.7947 seconds_per_update=0.227 peak_gpu_gb=4.34
iter 9450/160000: loss=0.44674 grad_norm=3.8512 seconds_per_update=0.227 peak_gpu_gb=4.34
iter 9500/160000: loss=0.17237 grad_norm=2.4650 seconds_per_update=0.227 peak_gpu_gb=4.34
iter 9550/160000: loss=0.25611 grad_norm=2.9958 seconds_per_update=0.227 peak_gpu_gb=4.34
iter 9600/160000: loss=0.27458 grad_norm=2.4543 seconds_per_update=0.227 peak_gpu_gb=4.34
iter 9650/160000: loss=0.32413 grad_norm=1.7120 seconds_per_update=0.226 peak_gpu_gb=4.34
iter 9700/160000: loss=0.67113 grad_norm=6.4083 seconds_per_update=0.226 peak_gpu_gb=4.34
iter 9750/160000: loss=0.54528 grad_norm=17.2238 seconds_per_update=0.226 peak_gpu_gb=4.34
iter 9800/160000: loss=0.28344 grad_norm=2.4055 seconds_per_update=0.226 peak_gpu_gb=4.34
iter 9850/160000: loss=0.15393 grad_norm=2.8348 seconds_per_update=0.226 peak_gpu_gb=4.34
iter 9900/160000: loss=0.03485 grad_norm=2.3544 seconds_per_update=0.226 peak_gpu_gb=4.34
iter 9950/160000: loss=0.42492 grad_norm=3.6707 seconds_per_update=0.226 peak_gpu_gb=4.34
iter 10000/160000: loss=0.43218 grad_norm=7.1443 seconds_per_update=0.226 peak_gpu_gb=4.34
iter 10050/160000: loss=0.27166 grad_norm=1.8077 seconds_per_update=0.226 peak_gpu_gb=4.34
iter 10100/160000: loss=0.06744 grad_norm=0.4613 seconds_per_update=0.226 peak_gpu_gb=4.34
iter 10150/160000: loss=0.38515 grad_norm=8.5643 seconds_per_update=0.225 peak_gpu_gb=4.34
iter 10200/160000: loss=0.06843 grad_norm=0.4089 seconds_per_update=0.225 peak_gpu_gb=4.34
iter 10250/160000: loss=0.63371 grad_norm=5.7759 seconds_per_update=0.225 peak_gpu_gb=4.34
iter 10300/160000: loss=0.44268 grad_norm=4.7384 seconds_per_update=0.225 peak_gpu_gb=4.34
iter 10350/160000: loss=0.52933 grad_norm=7.3248 seconds_per_update=0.225 peak_gpu_gb=4.34
iter 10400/160000: loss=0.15630 grad_norm=19.5097 seconds_per_update=0.225 peak_gpu_gb=4.34
iter 10450/160000: loss=0.13457 grad_norm=1.4205 seconds_per_update=0.225 peak_gpu_gb=4.34
iter 10500/160000: loss=0.70980 grad_norm=6.7108 seconds_per_update=0.225 peak_gpu_gb=4.34
iter 10550/160000: loss=1.43658 grad_norm=6.5575 seconds_per_update=0.225 peak_gpu_gb=4.34
iter 10600/160000: loss=0.97989 grad_norm=18.4593 seconds_per_update=0.225 peak_gpu_gb=4.34
iter 10650/160000: loss=0.09599 grad_norm=0.9066 seconds_per_update=0.224 peak_gpu_gb=4.34
iter 10700/160000: loss=0.11983 grad_norm=1.7272 seconds_per_update=0.224 peak_gpu_gb=4.34
iter 10750/160000: loss=0.23586 grad_norm=4.5269 seconds_per_update=0.224 peak_gpu_gb=4.34
iter 10800/160000: loss=0.17359 grad_norm=1.1438 seconds_per_update=0.224 peak_gpu_gb=4.34
iter 10850/160000: loss=0.44512 grad_norm=10.7744 seconds_per_update=0.224 peak_gpu_gb=4.34
iter 10900/160000: loss=0.22935 grad_norm=1.6957 seconds_per_update=0.224 peak_gpu_gb=4.34
iter 10950/160000: loss=0.32726 grad_norm=7.6061 seconds_per_update=0.224 peak_gpu_gb=4.34
iter 11000/160000: loss=0.34766 grad_norm=22.5647 seconds_per_update=0.224 peak_gpu_gb=4.34
iter 11050/160000: loss=0.24217 grad_norm=1.8965 seconds_per_update=0.224 peak_gpu_gb=4.34
iter 11100/160000: loss=0.23612 grad_norm=3.2526 seconds_per_update=0.224 peak_gpu_gb=4.34
iter 11150/160000: loss=0.14976 grad_norm=2.1935 seconds_per_update=0.224 peak_gpu_gb=4.34
iter 11200/160000: loss=0.27463 grad_norm=3.8326 seconds_per_update=0.224 peak_gpu_gb=4.34
{"iter": 11200, "mIoU": 0.6953470706939697, "per_class_iou": {"1": 0.5883564352989197, "2": 0.8128736019134521, "3": 0.7122865915298462, "4": 0.8145460486412048, "5": 0.39301547408103943, "6": 0.8442763090133667, "7": 0.7019179463386536, "8": 0.6955040693283081}, "confusion": [[0, 0, 0, 0, 0, 0, 0, 0, 0], [0, 135227839, 8153264, 10926472, 3017086, 5048737, 20662405, 12862884, 892502], [0, 14267838, 116511575, 367693, 406865, 357377, 822741, 339469, 64658], [0, 6643899, 502145, 53078714, 19150, 24494, 728306, 484347, 409560], [0, 751794, 2270, 36614, 36589760, 110892, 568999, 1936633, 513], [0, 1550430, 5038, 36707, 106451, 5917841, 94675, 1078826, 0], [0, 7620612, 1416175, 1151438, 902844, 458669, 204496263, 1745456, 199828], [0, 2044658, 5584, 28056, 470564, 267389, 1307415, 53150425, 0], [0, 169608, 110259, 81167, 0, 0, 39037, 0, 4493158]]}
iter 11250/160000: loss=0.39242 grad_norm=2.8869 seconds_per_update=0.230 peak_gpu_gb=4.34
iter 11300/160000: loss=0.22802 grad_norm=1.0286 seconds_per_update=0.229 peak_gpu_gb=4.34
iter 11350/160000: loss=0.46663 grad_norm=5.7663 seconds_per_update=0.229 peak_gpu_gb=4.34
iter 11400/160000: loss=0.46218 grad_norm=8.9699 seconds_per_update=0.229 peak_gpu_gb=4.34
iter 11450/160000: loss=0.10985 grad_norm=7.0066 seconds_per_update=0.229 peak_gpu_gb=4.34
iter 11500/160000: loss=0.35603 grad_norm=33.2166 seconds_per_update=0.229 peak_gpu_gb=4.34
iter 11550/160000: loss=0.35088 grad_norm=2.8330 seconds_per_update=0.229 peak_gpu_gb=4.34
iter 11600/160000: loss=0.18129 grad_norm=0.8947 seconds_per_update=0.229 peak_gpu_gb=4.34
iter 11650/160000: loss=0.33822 grad_norm=3.9405 seconds_per_update=0.229 peak_gpu_gb=4.34
iter 11700/160000: loss=0.46652 grad_norm=7.4371 seconds_per_update=0.229 peak_gpu_gb=4.34
iter 11750/160000: loss=0.13868 grad_norm=7.7717 seconds_per_update=0.228 peak_gpu_gb=4.34
iter 11800/160000: loss=0.18519 grad_norm=3.9572 seconds_per_update=0.228 peak_gpu_gb=4.34
iter 11850/160000: loss=0.25370 grad_norm=3.8168 seconds_per_update=0.228 peak_gpu_gb=4.34
iter 11900/160000: loss=0.12688 grad_norm=1.3358 seconds_per_update=0.228 peak_gpu_gb=4.34
iter 11950/160000: loss=0.27544 grad_norm=3.4681 seconds_per_update=0.228 peak_gpu_gb=4.34
iter 12000/160000: loss=0.17326 grad_norm=2.8269 seconds_per_update=0.228 peak_gpu_gb=4.34
iter 12050/160000: loss=0.28572 grad_norm=6.5006 seconds_per_update=0.228 peak_gpu_gb=4.34
iter 12100/160000: loss=0.35618 grad_norm=4.4611 seconds_per_update=0.228 peak_gpu_gb=4.34
iter 12150/160000: loss=0.15765 grad_norm=3.3899 seconds_per_update=0.228 peak_gpu_gb=4.34
iter 12200/160000: loss=0.66913 grad_norm=11.8650 seconds_per_update=0.228 peak_gpu_gb=4.34
iter 12250/160000: loss=0.60078 grad_norm=8.8417 seconds_per_update=0.228 peak_gpu_gb=4.34
iter 12300/160000: loss=0.37387 grad_norm=4.8499 seconds_per_update=0.227 peak_gpu_gb=4.34
iter 12350/160000: loss=0.31179 grad_norm=5.3960 seconds_per_update=0.227 peak_gpu_gb=4.34
iter 12400/160000: loss=0.24199 grad_norm=1.4979 seconds_per_update=0.227 peak_gpu_gb=4.34
iter 12450/160000: loss=0.46572 grad_norm=34.8748 seconds_per_update=0.227 peak_gpu_gb=4.34
iter 12500/160000: loss=0.67789 grad_norm=12.1507 seconds_per_update=0.227 peak_gpu_gb=4.34
iter 12550/160000: loss=0.34622 grad_norm=4.6929 seconds_per_update=0.227 peak_gpu_gb=4.34
iter 12600/160000: loss=0.27236 grad_norm=5.6416 seconds_per_update=0.227 peak_gpu_gb=4.34
iter 12650/160000: loss=0.19910 grad_norm=0.7611 seconds_per_update=0.227 peak_gpu_gb=4.34
iter 12700/160000: loss=0.34814 grad_norm=3.9446 seconds_per_update=0.227 peak_gpu_gb=4.34
iter 12750/160000: loss=0.27852 grad_norm=4.5632 seconds_per_update=0.227 peak_gpu_gb=4.34
iter 12800/160000: loss=0.32472 grad_norm=4.5483 seconds_per_update=0.227 peak_gpu_gb=4.34
iter 12850/160000: loss=0.27654 grad_norm=1.4242 seconds_per_update=0.226 peak_gpu_gb=4.34
iter 12900/160000: loss=0.40384 grad_norm=5.7080 seconds_per_update=0.226 peak_gpu_gb=4.34
iter 12950/160000: loss=0.09472 grad_norm=1.5061 seconds_per_update=0.226 peak_gpu_gb=4.34
iter 13000/160000: loss=0.09579 grad_norm=0.8557 seconds_per_update=0.226 peak_gpu_gb=4.34
iter 13050/160000: loss=0.54082 grad_norm=48.3439 seconds_per_update=0.226 peak_gpu_gb=4.34
iter 13100/160000: loss=0.13486 grad_norm=1.5645 seconds_per_update=0.226 peak_gpu_gb=4.34
iter 13150/160000: loss=0.23839 grad_norm=3.0911 seconds_per_update=0.226 peak_gpu_gb=4.34
iter 13200/160000: loss=0.35899 grad_norm=7.7790 seconds_per_update=0.226 peak_gpu_gb=4.34
iter 13250/160000: loss=0.21437 grad_norm=4.4023 seconds_per_update=0.226 peak_gpu_gb=4.34
iter 13300/160000: loss=1.58306 grad_norm=10.0564 seconds_per_update=0.226 peak_gpu_gb=4.34
iter 13350/160000: loss=0.37424 grad_norm=2.6955 seconds_per_update=0.226 peak_gpu_gb=4.34
iter 13400/160000: loss=0.14878 grad_norm=1.9600 seconds_per_update=0.226 peak_gpu_gb=4.34
iter 13450/160000: loss=0.25388 grad_norm=6.3526 seconds_per_update=0.225 peak_gpu_gb=4.34
iter 13500/160000: loss=0.34309 grad_norm=13.9401 seconds_per_update=0.225 peak_gpu_gb=4.34
iter 13550/160000: loss=0.34900 grad_norm=1.4375 seconds_per_update=0.225 peak_gpu_gb=4.34
iter 13600/160000: loss=0.55481 grad_norm=12.5988 seconds_per_update=0.225 peak_gpu_gb=4.34
iter 13650/160000: loss=0.15228 grad_norm=2.7955 seconds_per_update=0.225 peak_gpu_gb=4.34
iter 13700/160000: loss=0.13052 grad_norm=1.4690 seconds_per_update=0.225 peak_gpu_gb=4.34
iter 13750/160000: loss=0.05207 grad_norm=0.9174 seconds_per_update=0.225 peak_gpu_gb=4.34
iter 13800/160000: loss=0.35372 grad_norm=3.8475 seconds_per_update=0.225 peak_gpu_gb=4.34
iter 13850/160000: loss=0.79849 grad_norm=18.6345 seconds_per_update=0.225 peak_gpu_gb=4.34
iter 13900/160000: loss=0.30636 grad_norm=2.0297 seconds_per_update=0.225 peak_gpu_gb=4.34
iter 13950/160000: loss=0.19604 grad_norm=1.3150 seconds_per_update=0.225 peak_gpu_gb=4.34
iter 14000/160000: loss=0.59526 grad_norm=14.2437 seconds_per_update=0.225 peak_gpu_gb=4.34
{"iter": 14000, "mIoU": 0.7023617029190063, "per_class_iou": {"1": 0.5899884700775146, "2": 0.8238136172294617, "3": 0.7202749848365784, "4": 0.8366020917892456, "5": 0.3443624973297119, "6": 0.8511223196983337, "7": 0.7341476678848267, "8": 0.7185819149017334}, "confusion": [[0, 0, 0, 0, 0, 0, 0, 0, 0], [0, 130485962, 15834312, 8385416, 2813999, 8804744, 18753248, 10972856, 740652], [0, 6276488, 125018264, 181300, 110377, 493913, 880458, 118517, 58899], [0, 8081547, 441019, 51876981, 12223, 156308, 603203, 231397, 487937], [0, 997566, 4509, 46725, 37162524, 344031, 543381, 898571, 168], [0, 525631, 28933, 13206, 79136, 7036930, 65367, 1040765, 0], [0, 6583078, 2203167, 1400928, 549893, 1367828, 204579101, 1118140, 189150], [0, 1752731, 32821, 60454, 857683, 477865, 1487671, 52604866, 0], [0, 158756, 72546, 45210, 0, 0, 39325, 0, 4577392]]}
iter 14050/160000: loss=0.12567 grad_norm=0.7913 seconds_per_update=0.229 peak_gpu_gb=4.34
iter 14100/160000: loss=0.28744 grad_norm=4.5339 seconds_per_update=0.229 peak_gpu_gb=4.34
iter 14150/160000: loss=0.56186 grad_norm=36.4778 seconds_per_update=0.229 peak_gpu_gb=4.34
iter 14200/160000: loss=0.35208 grad_norm=12.2731 seconds_per_update=0.229 peak_gpu_gb=4.34
iter 14250/160000: loss=0.22783 grad_norm=5.3389 seconds_per_update=0.229 peak_gpu_gb=4.34
iter 14300/160000: loss=0.45066 grad_norm=5.2989 seconds_per_update=0.229 peak_gpu_gb=4.34
iter 14350/160000: loss=0.09832 grad_norm=0.4000 seconds_per_update=0.229 peak_gpu_gb=4.34
iter 14400/160000: loss=0.25540 grad_norm=2.8198 seconds_per_update=0.229 peak_gpu_gb=4.34
iter 14450/160000: loss=0.57234 grad_norm=6.3868 seconds_per_update=0.229 peak_gpu_gb=4.34
iter 14500/160000: loss=0.13324 grad_norm=2.3326 seconds_per_update=0.229 peak_gpu_gb=4.34
iter 14550/160000: loss=0.17621 grad_norm=3.2888 seconds_per_update=0.229 peak_gpu_gb=4.34
iter 14600/160000: loss=0.09958 grad_norm=0.8207 seconds_per_update=0.229 peak_gpu_gb=4.34
iter 14650/160000: loss=0.02518 grad_norm=3.3027 seconds_per_update=0.228 peak_gpu_gb=4.34
iter 14700/160000: loss=0.12731 grad_norm=1.3800 seconds_per_update=0.228 peak_gpu_gb=4.34
iter 14750/160000: loss=0.31560 grad_norm=7.3116 seconds_per_update=0.228 peak_gpu_gb=4.34
iter 14800/160000: loss=0.33446 grad_norm=3.6510 seconds_per_update=0.228 peak_gpu_gb=4.34
iter 14850/160000: loss=0.30100 grad_norm=1.5122 seconds_per_update=0.228 peak_gpu_gb=4.34
iter 14900/160000: loss=0.25322 grad_norm=2.4016 seconds_per_update=0.228 peak_gpu_gb=4.34
iter 14950/160000: loss=0.10070 grad_norm=0.4885 seconds_per_update=0.228 peak_gpu_gb=4.34
iter 15000/160000: loss=0.36330 grad_norm=16.2084 seconds_per_update=0.228 peak_gpu_gb=4.34
iter 15050/160000: loss=0.37037 grad_norm=2.7641 seconds_per_update=0.228 peak_gpu_gb=4.34
iter 15100/160000: loss=0.43733 grad_norm=3.1510 seconds_per_update=0.228 peak_gpu_gb=4.34
iter 15150/160000: loss=0.16911 grad_norm=0.9729 seconds_per_update=0.228 peak_gpu_gb=4.34
iter 15200/160000: loss=0.21237 grad_norm=20.2986 seconds_per_update=0.228 peak_gpu_gb=4.34
iter 15250/160000: loss=0.12493 grad_norm=0.8880 seconds_per_update=0.228 peak_gpu_gb=4.34
iter 15300/160000: loss=0.05981 grad_norm=0.7713 seconds_per_update=0.227 peak_gpu_gb=4.34
iter 15350/160000: loss=0.13076 grad_norm=2.1719 seconds_per_update=0.227 peak_gpu_gb=4.34
iter 15400/160000: loss=0.04410 grad_norm=0.5358 seconds_per_update=0.227 peak_gpu_gb=4.34
iter 15450/160000: loss=0.57927 grad_norm=13.2962 seconds_per_update=0.227 peak_gpu_gb=4.34
iter 15500/160000: loss=0.19784 grad_norm=1.3979 seconds_per_update=0.227 peak_gpu_gb=4.34
iter 15550/160000: loss=0.46456 grad_norm=7.7116 seconds_per_update=0.227 peak_gpu_gb=4.34
iter 15600/160000: loss=0.18681 grad_norm=3.8259 seconds_per_update=0.227 peak_gpu_gb=4.34
iter 15650/160000: loss=0.29888 grad_norm=3.6938 seconds_per_update=0.227 peak_gpu_gb=4.34
iter 15700/160000: loss=0.25314 grad_norm=1.0205 seconds_per_update=0.227 peak_gpu_gb=4.34
iter 15750/160000: loss=0.22895 grad_norm=5.2051 seconds_per_update=0.227 peak_gpu_gb=4.34
iter 15800/160000: loss=0.23920 grad_norm=50.7436 seconds_per_update=0.227 peak_gpu_gb=4.34
iter 15850/160000: loss=0.43848 grad_norm=2.5893 seconds_per_update=0.227 peak_gpu_gb=4.34
iter 15900/160000: loss=0.38866 grad_norm=12.7084 seconds_per_update=0.227 peak_gpu_gb=4.34
iter 15950/160000: loss=0.26059 grad_norm=9.4551 seconds_per_update=0.227 peak_gpu_gb=4.34
iter 16000/160000: loss=0.24406 grad_norm=48.0318 seconds_per_update=0.226 peak_gpu_gb=4.34
iter 16050/160000: loss=0.29719 grad_norm=8.8435 seconds_per_update=0.226 peak_gpu_gb=4.34
iter 16100/160000: loss=0.28398 grad_norm=1.4883 seconds_per_update=0.226 peak_gpu_gb=4.34
iter 16150/160000: loss=0.29354 grad_norm=5.0208 seconds_per_update=0.226 peak_gpu_gb=4.34
iter 16200/160000: loss=0.24629 grad_norm=2.2848 seconds_per_update=0.226 peak_gpu_gb=4.34
iter 16250/160000: loss=0.33602 grad_norm=4.5157 seconds_per_update=0.226 peak_gpu_gb=4.34
iter 16300/160000: loss=0.10905 grad_norm=2.1206 seconds_per_update=0.226 peak_gpu_gb=4.34
iter 16350/160000: loss=0.06841 grad_norm=0.7852 seconds_per_update=0.226 peak_gpu_gb=4.34
iter 16400/160000: loss=1.23309 grad_norm=10.2751 seconds_per_update=0.226 peak_gpu_gb=4.34
iter 16450/160000: loss=0.11271 grad_norm=3.4115 seconds_per_update=0.226 peak_gpu_gb=4.34
iter 16500/160000: loss=0.35661 grad_norm=3.1630 seconds_per_update=0.226 peak_gpu_gb=4.34
iter 16550/160000: loss=0.21776 grad_norm=1.8853 seconds_per_update=0.226 peak_gpu_gb=4.34
iter 16600/160000: loss=0.76081 grad_norm=5.4042 seconds_per_update=0.226 peak_gpu_gb=4.34
iter 16650/160000: loss=0.35750 grad_norm=7.3199 seconds_per_update=0.226 peak_gpu_gb=4.34
iter 16700/160000: loss=0.04899 grad_norm=0.7192 seconds_per_update=0.226 peak_gpu_gb=4.34
iter 16750/160000: loss=0.10821 grad_norm=0.4184 seconds_per_update=0.226 peak_gpu_gb=4.34
iter 16800/160000: loss=0.17661 grad_norm=2.3693 seconds_per_update=0.225 peak_gpu_gb=4.34
{"iter": 16800, "mIoU": 0.7046979665756226, "per_class_iou": {"1": 0.6371971368789673, "2": 0.8185321688652039, "3": 0.7302244901657104, "4": 0.817617654800415, "5": 0.4002687931060791, "6": 0.8460873961448669, "7": 0.6987075209617615, "8": 0.6889481544494629}, "confusion": [[0, 0, 0, 0, 0, 0, 0, 0, 0], [0, 152628455, 9088782, 8145523, 2482913, 3608600, 8789998, 11084286, 962632], [0, 12579023, 118906691, 163479, 443482, 220507, 447482, 280593, 96959], [0, 6874951, 1265773, 52132258, 2734, 15925, 710777, 257196, 631001], [0, 1672616, 3082, 22065, 36740263, 17342, 268633, 1273110, 364], [0, 2277643, 8874, 36252, 68283, 5339093, 39563, 1020260, 0], [0, 15557881, 1709488, 1039689, 1447473, 505404, 193258671, 4274413, 198266], [0, 3667774, 7878, 66786, 493392, 181023, 130005, 52727233, 0], [0, 109891, 46086, 27685, 0, 0, 36810, 0, 4672757]]}
iter 16850/160000: loss=0.21101 grad_norm=6.4475 seconds_per_update=0.229 peak_gpu_gb=4.34
iter 16900/160000: loss=0.18911 grad_norm=1.5304 seconds_per_update=0.229 peak_gpu_gb=4.34
iter 16950/160000: loss=0.09426 grad_norm=0.1842 seconds_per_update=0.229 peak_gpu_gb=4.34
iter 17000/160000: loss=0.29154 grad_norm=2.3094 seconds_per_update=0.229 peak_gpu_gb=4.34
iter 17050/160000: loss=0.20960 grad_norm=0.8491 seconds_per_update=0.229 peak_gpu_gb=4.34
iter 17100/160000: loss=0.24561 grad_norm=2.6373 seconds_per_update=0.229 peak_gpu_gb=4.34
iter 17150/160000: loss=0.25006 grad_norm=10.1571 seconds_per_update=0.229 peak_gpu_gb=4.34
iter 17200/160000: loss=0.22313 grad_norm=1.6874 seconds_per_update=0.229 peak_gpu_gb=4.34
iter 17250/160000: loss=0.34729 grad_norm=4.1926 seconds_per_update=0.229 peak_gpu_gb=4.34
iter 17300/160000: loss=0.05051 grad_norm=0.6313 seconds_per_update=0.229 peak_gpu_gb=4.34
iter 17350/160000: loss=0.14682 grad_norm=1.4289 seconds_per_update=0.229 peak_gpu_gb=4.34
iter 17400/160000: loss=0.18563 grad_norm=1.7009 seconds_per_update=0.229 peak_gpu_gb=4.34
iter 17450/160000: loss=0.30800 grad_norm=7.2457 seconds_per_update=0.229 peak_gpu_gb=4.34
iter 17500/160000: loss=0.26461 grad_norm=1.8076 seconds_per_update=0.229 peak_gpu_gb=4.34
iter 17550/160000: loss=0.11515 grad_norm=0.6020 seconds_per_update=0.228 peak_gpu_gb=4.34
iter 17600/160000: loss=0.39218 grad_norm=4.0132 seconds_per_update=0.228 peak_gpu_gb=4.34
iter 17650/160000: loss=0.31164 grad_norm=58.4322 seconds_per_update=0.228 peak_gpu_gb=4.34
iter 17700/160000: loss=0.22925 grad_norm=41.1080 seconds_per_update=0.228 peak_gpu_gb=4.34
iter 17750/160000: loss=1.05179 grad_norm=7.9436 seconds_per_update=0.228 peak_gpu_gb=4.34
iter 17800/160000: loss=0.09585 grad_norm=1.4293 seconds_per_update=0.228 peak_gpu_gb=4.34
iter 17850/160000: loss=0.63728 grad_norm=18.4768 seconds_per_update=0.228 peak_gpu_gb=4.34
iter 17900/160000: loss=0.23394 grad_norm=7.7787 seconds_per_update=0.228 peak_gpu_gb=4.34
iter 17950/160000: loss=0.77150 grad_norm=5.9193 seconds_per_update=0.228 peak_gpu_gb=4.34
iter 18000/160000: loss=0.16845 grad_norm=1.2333 seconds_per_update=0.228 peak_gpu_gb=4.34
iter 18050/160000: loss=0.04226 grad_norm=4.5035 seconds_per_update=0.228 peak_gpu_gb=4.34
iter 18100/160000: loss=0.61856 grad_norm=25.0830 seconds_per_update=0.228 peak_gpu_gb=4.34
iter 18150/160000: loss=0.07022 grad_norm=0.3846 seconds_per_update=0.228 peak_gpu_gb=4.34
iter 18200/160000: loss=0.10196 grad_norm=4.9456 seconds_per_update=0.228 peak_gpu_gb=4.34
iter 18250/160000: loss=0.28388 grad_norm=5.1795 seconds_per_update=0.228 peak_gpu_gb=4.34
iter 18300/160000: loss=0.19097 grad_norm=5.4029 seconds_per_update=0.227 peak_gpu_gb=4.34
iter 18350/160000: loss=0.10821 grad_norm=1.6215 seconds_per_update=0.227 peak_gpu_gb=4.34
iter 18400/160000: loss=0.21327 grad_norm=1.9311 seconds_per_update=0.227 peak_gpu_gb=4.34
iter 18450/160000: loss=0.35527 grad_norm=2.1415 seconds_per_update=0.227 peak_gpu_gb=4.34
iter 18500/160000: loss=0.35301 grad_norm=7.6679 seconds_per_update=0.227 peak_gpu_gb=4.34
iter 18550/160000: loss=0.34201 grad_norm=4.6968 seconds_per_update=0.227 peak_gpu_gb=4.34
iter 18600/160000: loss=0.14329 grad_norm=3.4385 seconds_per_update=0.227 peak_gpu_gb=4.34
iter 18650/160000: loss=0.32596 grad_norm=3.3241 seconds_per_update=0.227 peak_gpu_gb=4.34
iter 18700/160000: loss=0.44206 grad_norm=6.7760 seconds_per_update=0.227 peak_gpu_gb=4.34
iter 18750/160000: loss=0.14666 grad_norm=1.6432 seconds_per_update=0.227 peak_gpu_gb=4.34
iter 18800/160000: loss=0.09528 grad_norm=3.1112 seconds_per_update=0.227 peak_gpu_gb=4.34
iter 18850/160000: loss=0.09727 grad_norm=0.6333 seconds_per_update=0.227 peak_gpu_gb=4.34
iter 18900/160000: loss=0.68434 grad_norm=27.5071 seconds_per_update=0.227 peak_gpu_gb=4.34
iter 18950/160000: loss=0.22635 grad_norm=2.0234 seconds_per_update=0.227 peak_gpu_gb=4.34
iter 19000/160000: loss=0.21120 grad_norm=0.9988 seconds_per_update=0.227 peak_gpu_gb=4.34
iter 19050/160000: loss=0.23090 grad_norm=1.8739 seconds_per_update=0.227 peak_gpu_gb=4.34
iter 19100/160000: loss=0.36469 grad_norm=4.1209 seconds_per_update=0.227 peak_gpu_gb=4.34
iter 19150/160000: loss=0.23985 grad_norm=5.8405 seconds_per_update=0.226 peak_gpu_gb=4.34
iter 19200/160000: loss=0.34438 grad_norm=12.5414 seconds_per_update=0.226 peak_gpu_gb=4.34
iter 19250/160000: loss=0.66416 grad_norm=15.5930 seconds_per_update=0.226 peak_gpu_gb=4.34
iter 19300/160000: loss=0.16319 grad_norm=3.5390 seconds_per_update=0.226 peak_gpu_gb=4.34
iter 19350/160000: loss=0.33487 grad_norm=8.1180 seconds_per_update=0.226 peak_gpu_gb=4.34
iter 19400/160000: loss=0.56294 grad_norm=3.5842 seconds_per_update=0.226 peak_gpu_gb=4.34
iter 19450/160000: loss=0.19717 grad_norm=1.0549 seconds_per_update=0.226 peak_gpu_gb=4.34
iter 19500/160000: loss=0.15345 grad_norm=1.7808 seconds_per_update=0.226 peak_gpu_gb=4.34
iter 19550/160000: loss=0.22080 grad_norm=3.8306 seconds_per_update=0.226 peak_gpu_gb=4.34
iter 19600/160000: loss=0.45297 grad_norm=15.6206 seconds_per_update=0.226 peak_gpu_gb=4.34
{"iter": 19600, "mIoU": 0.7048100233078003, "per_class_iou": {"1": 0.6317432522773743, "2": 0.8301321268081665, "3": 0.733367919921875, "4": 0.8126543164253235, "5": 0.389450341463089, "6": 0.8569978475570679, "7": 0.7184574007987976, "8": 0.6656767725944519}, "confusion": [[0, 0, 0, 0, 0, 0, 0, 0, 0], [0, 143510266, 10354034, 6120258, 2891379, 6393171, 15881540, 10518638, 1121903], [0, 9665207, 121382182, 112677, 307859, 355130, 879405, 263192, 172564], [0, 8465415, 1006968, 50828806, 10746, 68248, 581938, 294210, 634284], [0, 918624, 2732, 28520, 37848671, 198699, 197498, 802726, 5], [0, 1161349, 8435, 18682, 73147, 6725632, 67114, 735609, 0], [0, 7417778, 1668239, 1076901, 2011173, 786398, 202744787, 2020063, 265946], [0, 2650799, 17660, 33351, 1282357, 677936, 948772, 51663216, 0], [0, 95158, 24030, 27743, 0, 0, 28027, 0, 4718271]]}
iter 19650/160000: loss=0.19699 grad_norm=4.0618 seconds_per_update=0.229 peak_gpu_gb=4.34
iter 19700/160000: loss=0.26616 grad_norm=4.0012 seconds_per_update=0.229 peak_gpu_gb=4.34
iter 19750/160000: loss=0.60591 grad_norm=20.4053 seconds_per_update=0.229 peak_gpu_gb=4.34
iter 19800/160000: loss=0.45373 grad_norm=9.9154 seconds_per_update=0.229 peak_gpu_gb=4.34
iter 19850/160000: loss=0.10731 grad_norm=0.2237 seconds_per_update=0.229 peak_gpu_gb=4.34
iter 19900/160000: loss=0.44845 grad_norm=2.5161 seconds_per_update=0.229 peak_gpu_gb=4.34
iter 19950/160000: loss=0.35000 grad_norm=3.8048 seconds_per_update=0.229 peak_gpu_gb=4.34
iter 20000/160000: loss=0.91477 grad_norm=3.8851 seconds_per_update=0.229 peak_gpu_gb=4.34
iter 20050/160000: loss=0.14374 grad_norm=0.6558 seconds_per_update=0.229 peak_gpu_gb=4.34
iter 20100/160000: loss=0.30967 grad_norm=2.7290 seconds_per_update=0.229 peak_gpu_gb=4.34
iter 20150/160000: loss=0.25500 grad_norm=3.0057 seconds_per_update=0.229 peak_gpu_gb=4.34
iter 20200/160000: loss=0.34731 grad_norm=5.5778 seconds_per_update=0.229 peak_gpu_gb=4.34
iter 20250/160000: loss=0.21437 grad_norm=1.3011 seconds_per_update=0.229 peak_gpu_gb=4.34
iter 20300/160000: loss=0.22491 grad_norm=1.2356 seconds_per_update=0.229 peak_gpu_gb=4.34
iter 20350/160000: loss=0.40140 grad_norm=2.2952 seconds_per_update=0.229 peak_gpu_gb=4.34
iter 20400/160000: loss=0.10451 grad_norm=2.4092 seconds_per_update=0.229 peak_gpu_gb=4.34
iter 20450/160000: loss=0.11550 grad_norm=1.0178 seconds_per_update=0.228 peak_gpu_gb=4.34
iter 20500/160000: loss=0.22538 grad_norm=2.9775 seconds_per_update=0.228 peak_gpu_gb=4.34
iter 20550/160000: loss=0.04848 grad_norm=1.0766 seconds_per_update=0.228 peak_gpu_gb=4.34
iter 20600/160000: loss=0.13882 grad_norm=2.6908 seconds_per_update=0.228 peak_gpu_gb=4.34
iter 20650/160000: loss=0.06775 grad_norm=1.1357 seconds_per_update=0.228 peak_gpu_gb=4.34
iter 20700/160000: loss=0.47736 grad_norm=15.4992 seconds_per_update=0.228 peak_gpu_gb=4.34
iter 20750/160000: loss=0.55259 grad_norm=11.6724 seconds_per_update=0.228 peak_gpu_gb=4.34
iter 20800/160000: loss=0.83697 grad_norm=5.4273 seconds_per_update=0.228 peak_gpu_gb=4.34
iter 20850/160000: loss=0.21040 grad_norm=1.5029 seconds_per_update=0.228 peak_gpu_gb=4.34
iter 20900/160000: loss=0.15948 grad_norm=0.7775 seconds_per_update=0.228 peak_gpu_gb=4.34
iter 20950/160000: loss=0.18357 grad_norm=3.2425 seconds_per_update=0.228 peak_gpu_gb=4.34
iter 21000/160000: loss=0.02563 grad_norm=0.3960 seconds_per_update=0.228 peak_gpu_gb=4.34
iter 21050/160000: loss=0.20357 grad_norm=1.7378 seconds_per_update=0.228 peak_gpu_gb=4.34
iter 21100/160000: loss=0.17911 grad_norm=1.8780 seconds_per_update=0.228 peak_gpu_gb=4.34
iter 21150/160000: loss=0.56103 grad_norm=64.2558 seconds_per_update=0.228 peak_gpu_gb=4.34
iter 21200/160000: loss=0.43939 grad_norm=8.3447 seconds_per_update=0.228 peak_gpu_gb=4.34
iter 21250/160000: loss=0.11015 grad_norm=0.8336 seconds_per_update=0.228 peak_gpu_gb=4.34
iter 21300/160000: loss=0.17087 grad_norm=1.0547 seconds_per_update=0.228 peak_gpu_gb=4.34
iter 21350/160000: loss=0.23619 grad_norm=9.1219 seconds_per_update=0.228 peak_gpu_gb=4.34
iter 21400/160000: loss=0.82989 grad_norm=22.0265 seconds_per_update=0.227 peak_gpu_gb=4.34
iter 21450/160000: loss=0.79045 grad_norm=10.1340 seconds_per_update=0.227 peak_gpu_gb=4.34
iter 21500/160000: loss=1.63791 grad_norm=23.7817 seconds_per_update=0.227 peak_gpu_gb=4.34
iter 21550/160000: loss=0.18127 grad_norm=4.6339 seconds_per_update=0.227 peak_gpu_gb=4.34
iter 21600/160000: loss=0.25154 grad_norm=1.1454 seconds_per_update=0.227 peak_gpu_gb=4.34
iter 21650/160000: loss=0.55494 grad_norm=40.6593 seconds_per_update=0.227 peak_gpu_gb=4.34
iter 21700/160000: loss=0.58010 grad_norm=2.5261 seconds_per_update=0.227 peak_gpu_gb=4.34
iter 21750/160000: loss=0.35851 grad_norm=7.9415 seconds_per_update=0.227 peak_gpu_gb=4.34
iter 21800/160000: loss=0.01362 grad_norm=1.5196 seconds_per_update=0.227 peak_gpu_gb=4.34
iter 21850/160000: loss=0.02472 grad_norm=0.2287 seconds_per_update=0.227 peak_gpu_gb=4.34
iter 21900/160000: loss=0.44943 grad_norm=6.8752 seconds_per_update=0.227 peak_gpu_gb=4.34
iter 21950/160000: loss=0.40145 grad_norm=7.1690 seconds_per_update=0.227 peak_gpu_gb=4.34
iter 22000/160000: loss=0.12968 grad_norm=4.1791 seconds_per_update=0.227 peak_gpu_gb=4.34
iter 22050/160000: loss=0.14405 grad_norm=1.5110 seconds_per_update=0.227 peak_gpu_gb=4.34
iter 22100/160000: loss=0.19319 grad_norm=1.4264 seconds_per_update=0.227 peak_gpu_gb=4.34
iter 22150/160000: loss=0.21561 grad_norm=4.7077 seconds_per_update=0.227 peak_gpu_gb=4.34
iter 22200/160000: loss=0.29089 grad_norm=3.4616 seconds_per_update=0.227 peak_gpu_gb=4.34
iter 22250/160000: loss=0.27646 grad_norm=5.4313 seconds_per_update=0.227 peak_gpu_gb=4.34
iter 22300/160000: loss=0.13626 grad_norm=3.2299 seconds_per_update=0.227 peak_gpu_gb=4.34
iter 22350/160000: loss=0.07490 grad_norm=1.5730 seconds_per_update=0.227 peak_gpu_gb=4.34
iter 22400/160000: loss=0.50443 grad_norm=6.5708 seconds_per_update=0.226 peak_gpu_gb=4.34
{"iter": 22400, "mIoU": 0.7143391370773315, "per_class_iou": {"1": 0.6219529509544373, "2": 0.8345217108726501, "3": 0.7250931859016418, "4": 0.8387754559516907, "5": 0.43526017665863037, "6": 0.8590660095214844, "7": 0.7300136685371399, "8": 0.6700299978256226}, "confusion": [[0, 0, 0, 0, 0, 0, 0, 0, 0], [0, 138241522, 10119277, 13355101, 2551156, 3627283, 15823007, 11833898, 1239945], [0, 9791184, 121839264, 247235, 309430, 197581, 438578, 130704, 184240], [0, 3411980, 922949, 55926759, 4915, 37938, 613814, 422947, 549313], [0, 644873, 4454, 61036, 37249741, 56890, 492950, 1487531, 0], [0, 1780430, 35102, 26613, 33257, 5805534, 144651, 964381, 0], [0, 8358403, 1723112, 1452456, 1083524, 363440, 203751929, 1084808, 173613], [0, 1437798, 37592, 34708, 429910, 264977, 1633296, 53435810, 0], [0, 54205, 18226, 62681, 0, 0, 40878, 0, 4717239]]}
iter 22450/160000: loss=0.25769 grad_norm=3.2797 seconds_per_update=0.229 peak_gpu_gb=4.34
iter 22500/160000: loss=0.41421 grad_norm=3.0737 seconds_per_update=0.229 peak_gpu_gb=4.34
iter 22550/160000: loss=0.13468 grad_norm=1.4308 seconds_per_update=0.229 peak_gpu_gb=4.34
iter 22600/160000: loss=0.43746 grad_norm=5.6129 seconds_per_update=0.229 peak_gpu_gb=4.34
iter 22650/160000: loss=0.10436 grad_norm=1.2389 seconds_per_update=0.229 peak_gpu_gb=4.34
iter 22700/160000: loss=0.21321 grad_norm=5.3464 seconds_per_update=0.229 peak_gpu_gb=4.34
iter 22750/160000: loss=0.21517 grad_norm=8.9657 seconds_per_update=0.229 peak_gpu_gb=4.34
iter 22800/160000: loss=0.82840 grad_norm=5.5446 seconds_per_update=0.229 peak_gpu_gb=4.34
iter 22850/160000: loss=0.24532 grad_norm=8.8728 seconds_per_update=0.229 peak_gpu_gb=4.34
iter 22900/160000: loss=0.20987 grad_norm=2.3796 seconds_per_update=0.229 peak_gpu_gb=4.34
iter 22950/160000: loss=0.66993 grad_norm=69.0752 seconds_per_update=0.229 peak_gpu_gb=4.34
iter 23000/160000: loss=0.15802 grad_norm=2.8944 seconds_per_update=0.229 peak_gpu_gb=4.34
iter 23050/160000: loss=0.17908 grad_norm=2.0924 seconds_per_update=0.229 peak_gpu_gb=4.34
iter 23100/160000: loss=0.11977 grad_norm=2.1479 seconds_per_update=0.229 peak_gpu_gb=4.34
iter 23150/160000: loss=0.34492 grad_norm=19.9670 seconds_per_update=0.229 peak_gpu_gb=4.34
iter 23200/160000: loss=0.38042 grad_norm=4.7204 seconds_per_update=0.229 peak_gpu_gb=4.34
iter 23250/160000: loss=0.41764 grad_norm=10.3045 seconds_per_update=0.229 peak_gpu_gb=4.34
iter 23300/160000: loss=0.25406 grad_norm=2.6245 seconds_per_update=0.229 peak_gpu_gb=4.34
iter 23350/160000: loss=0.25727 grad_norm=3.1085 seconds_per_update=0.228 peak_gpu_gb=4.34
iter 23400/160000: loss=0.26061 grad_norm=1.4307 seconds_per_update=0.228 peak_gpu_gb=4.34
iter 23450/160000: loss=0.01735 grad_norm=0.2365 seconds_per_update=0.228 peak_gpu_gb=4.34
iter 23500/160000: loss=0.96073 grad_norm=14.0603 seconds_per_update=0.228 peak_gpu_gb=4.34
iter 23550/160000: loss=0.17582 grad_norm=3.1579 seconds_per_update=0.228 peak_gpu_gb=4.34
iter 23600/160000: loss=0.09207 grad_norm=4.0099 seconds_per_update=0.228 peak_gpu_gb=4.34
iter 23650/160000: loss=0.31227 grad_norm=2.0547 seconds_per_update=0.228 peak_gpu_gb=4.34
iter 23700/160000: loss=0.19665 grad_norm=2.4993 seconds_per_update=0.228 peak_gpu_gb=4.34
iter 23750/160000: loss=0.20350 grad_norm=8.6407 seconds_per_update=0.228 peak_gpu_gb=4.34
iter 23800/160000: loss=0.16023 grad_norm=5.5013 seconds_per_update=0.228 peak_gpu_gb=4.34
iter 23850/160000: loss=0.20039 grad_norm=4.9022 seconds_per_update=0.228 peak_gpu_gb=4.34
iter 23900/160000: loss=0.24135 grad_norm=30.6646 seconds_per_update=0.228 peak_gpu_gb=4.34
iter 23950/160000: loss=0.09406 grad_norm=3.5422 seconds_per_update=0.228 peak_gpu_gb=4.34
iter 24000/160000: loss=0.03852 grad_norm=0.6279 seconds_per_update=0.228 peak_gpu_gb=4.34
iter 24050/160000: loss=0.06360 grad_norm=0.5771 seconds_per_update=0.228 peak_gpu_gb=4.34
iter 24100/160000: loss=0.14370 grad_norm=1.3570 seconds_per_update=0.228 peak_gpu_gb=4.34
iter 24150/160000: loss=0.05136 grad_norm=0.5887 seconds_per_update=0.228 peak_gpu_gb=4.34
iter 24200/160000: loss=0.22755 grad_norm=1.5481 seconds_per_update=0.228 peak_gpu_gb=4.34
iter 24250/160000: loss=0.45190 grad_norm=17.4779 seconds_per_update=0.228 peak_gpu_gb=4.34
iter 24300/160000: loss=0.28692 grad_norm=7.7576 seconds_per_update=0.228 peak_gpu_gb=4.34
iter 24350/160000: loss=0.32461 grad_norm=5.1948 seconds_per_update=0.228 peak_gpu_gb=4.34
iter 24400/160000: loss=0.88329 grad_norm=10.5478 seconds_per_update=0.227 peak_gpu_gb=4.34
iter 24450/160000: loss=1.27274 grad_norm=4.4128 seconds_per_update=0.227 peak_gpu_gb=4.34
iter 24500/160000: loss=0.21221 grad_norm=1.5204 seconds_per_update=0.227 peak_gpu_gb=4.34
iter 24550/160000: loss=0.12689 grad_norm=4.9915 seconds_per_update=0.227 peak_gpu_gb=4.34
iter 24600/160000: loss=0.12493 grad_norm=1.4089 seconds_per_update=0.227 peak_gpu_gb=4.34
iter 24650/160000: loss=0.43013 grad_norm=3.0021 seconds_per_update=0.227 peak_gpu_gb=4.34
iter 24700/160000: loss=0.11623 grad_norm=2.2005 seconds_per_update=0.227 peak_gpu_gb=4.34
iter 24750/160000: loss=0.24676 grad_norm=3.8301 seconds_per_update=0.227 peak_gpu_gb=4.34
iter 24800/160000: loss=0.30627 grad_norm=3.9155 seconds_per_update=0.227 peak_gpu_gb=4.34
iter 24850/160000: loss=0.07339 grad_norm=0.9071 seconds_per_update=0.227 peak_gpu_gb=4.34
iter 24900/160000: loss=0.13579 grad_norm=1.6476 seconds_per_update=0.227 peak_gpu_gb=4.34
iter 24950/160000: loss=0.36203 grad_norm=2.9217 seconds_per_update=0.227 peak_gpu_gb=4.34
iter 25000/160000: loss=0.20077 grad_norm=3.2949 seconds_per_update=0.227 peak_gpu_gb=4.34
iter 25050/160000: loss=0.10631 grad_norm=0.9012 seconds_per_update=0.227 peak_gpu_gb=4.34
iter 25100/160000: loss=0.32944 grad_norm=10.2029 seconds_per_update=0.227 peak_gpu_gb=4.34
iter 25150/160000: loss=0.22247 grad_norm=2.2893 seconds_per_update=0.227 peak_gpu_gb=4.34
iter 25200/160000: loss=0.26105 grad_norm=2.6941 seconds_per_update=0.227 peak_gpu_gb=4.34
{"iter": 25200, "mIoU": 0.7199007272720337, "per_class_iou": {"1": 0.6271753311157227, "2": 0.8389021754264832, "3": 0.7589364051818848, "4": 0.8279500007629395, "5": 0.4296741187572479, "6": 0.8553498983383179, "7": 0.7314576506614685, "8": 0.6897602677345276}, "confusion": [[0, 0, 0, 0, 0, 0, 0, 0, 0], [0, 138963271, 10328569, 8220109, 3275944, 4750337, 20907169, 9329534, 1016256], [0, 9007090, 121795013, 245204, 355461, 371084, 1031694, 156793, 175877], [0, 5556321, 184453, 53898179, 7688, 46550, 1492951, 212840, 491633], [0, 562488, 1744, 17567, 38227978, 101991, 319470, 766237, 0], [0, 1223692, 28389, 24942, 47892, 6298476, 419517, 747060, 0], [0, 4824064, 1442513, 533327, 1191092, 325777, 207966248, 1509879, 198385], [0, 3503574, 22567, 39931, 1296284, 273022, 939280, 51199433, 0], [0, 101634, 37352, 46350, 0, 0, 34505, 0, 4673388]]}
iter 25250/160000: loss=0.14937 grad_norm=0.9439 seconds_per_update=0.229 peak_gpu_gb=4.34
iter 25300/160000: loss=0.24458 grad_norm=4.9950 seconds_per_update=0.229 peak_gpu_gb=4.34
iter 25350/160000: loss=0.10530 grad_norm=1.1635 seconds_per_update=0.229 peak_gpu_gb=4.34
iter 25400/160000: loss=0.11757 grad_norm=2.2772 seconds_per_update=0.229 peak_gpu_gb=4.34
iter 25450/160000: loss=0.21071 grad_norm=0.8530 seconds_per_update=0.229 peak_gpu_gb=4.34
iter 25500/160000: loss=0.40809 grad_norm=5.2689 seconds_per_update=0.229 peak_gpu_gb=4.34
iter 25550/160000: loss=0.10271 grad_norm=8.8566 seconds_per_update=0.229 peak_gpu_gb=4.34
iter 25600/160000: loss=0.40386 grad_norm=14.4668 seconds_per_update=0.229 peak_gpu_gb=4.34
iter 25650/160000: loss=0.22806 grad_norm=2.0270 seconds_per_update=0.229 peak_gpu_gb=4.34
iter 25700/160000: loss=0.22481 grad_norm=2.7696 seconds_per_update=0.229 peak_gpu_gb=4.34
iter 25750/160000: loss=0.21853 grad_norm=5.1210 seconds_per_update=0.229 peak_gpu_gb=4.34
iter 25800/160000: loss=0.35572 grad_norm=27.1123 seconds_per_update=0.229 peak_gpu_gb=4.34
iter 25850/160000: loss=0.23078 grad_norm=1.9124 seconds_per_update=0.229 peak_gpu_gb=4.34
iter 25900/160000: loss=0.08536 grad_norm=1.5884 seconds_per_update=0.229 peak_gpu_gb=4.34
iter 25950/160000: loss=0.24197 grad_norm=2.4550 seconds_per_update=0.229 peak_gpu_gb=4.34
iter 26000/160000: loss=0.27370 grad_norm=5.1915 seconds_per_update=0.229 peak_gpu_gb=4.34
iter 26050/160000: loss=0.29152 grad_norm=33.5761 seconds_per_update=0.229 peak_gpu_gb=4.34
iter 26100/160000: loss=0.35647 grad_norm=1.5769 seconds_per_update=0.229 peak_gpu_gb=4.34
iter 26150/160000: loss=0.86602 grad_norm=6.7661 seconds_per_update=0.229 peak_gpu_gb=4.34
iter 26200/160000: loss=0.10323 grad_norm=3.0927 seconds_per_update=0.229 peak_gpu_gb=4.34
iter 26250/160000: loss=0.59000 grad_norm=6.2212 seconds_per_update=0.229 peak_gpu_gb=4.34
iter 26300/160000: loss=0.35332 grad_norm=4.1935 seconds_per_update=0.228 peak_gpu_gb=4.34
iter 26350/160000: loss=0.08381 grad_norm=7.3137 seconds_per_update=0.228 peak_gpu_gb=4.34
iter 26400/160000: loss=0.26095 grad_norm=7.2201 seconds_per_update=0.228 peak_gpu_gb=4.34
iter 26450/160000: loss=0.05423 grad_norm=0.6486 seconds_per_update=0.228 peak_gpu_gb=4.34
iter 26500/160000: loss=0.17520 grad_norm=0.6959 seconds_per_update=0.228 peak_gpu_gb=4.34
iter 26550/160000: loss=0.24203 grad_norm=10.4377 seconds_per_update=0.228 peak_gpu_gb=4.34
iter 26600/160000: loss=0.03947 grad_norm=0.4274 seconds_per_update=0.228 peak_gpu_gb=4.34
iter 26650/160000: loss=0.38626 grad_norm=3.6199 seconds_per_update=0.228 peak_gpu_gb=4.34
iter 26700/160000: loss=0.28134 grad_norm=3.3738 seconds_per_update=0.228 peak_gpu_gb=4.34
iter 26750/160000: loss=0.25716 grad_norm=4.1135 seconds_per_update=0.228 peak_gpu_gb=4.34
iter 26800/160000: loss=0.49733 grad_norm=22.5034 seconds_per_update=0.228 peak_gpu_gb=4.34
iter 26850/160000: loss=0.24643 grad_norm=2.0161 seconds_per_update=0.228 peak_gpu_gb=4.34
iter 26900/160000: loss=0.19716 grad_norm=20.4974 seconds_per_update=0.228 peak_gpu_gb=4.34
iter 26950/160000: loss=0.22700 grad_norm=9.8131 seconds_per_update=0.228 peak_gpu_gb=4.34
iter 27000/160000: loss=0.12286 grad_norm=3.6589 seconds_per_update=0.228 peak_gpu_gb=4.34
iter 27050/160000: loss=0.47481 grad_norm=4.3475 seconds_per_update=0.228 peak_gpu_gb=4.34
iter 27100/160000: loss=0.21191 grad_norm=4.3330 seconds_per_update=0.228 peak_gpu_gb=4.34
iter 27150/160000: loss=0.06848 grad_norm=0.7853 seconds_per_update=0.228 peak_gpu_gb=4.34
iter 27200/160000: loss=0.12811 grad_norm=1.9816 seconds_per_update=0.228 peak_gpu_gb=4.34
iter 27250/160000: loss=0.01614 grad_norm=0.1501 seconds_per_update=0.228 peak_gpu_gb=4.34
iter 27300/160000: loss=0.12979 grad_norm=1.3507 seconds_per_update=0.228 peak_gpu_gb=4.34
iter 27350/160000: loss=0.16466 grad_norm=2.3416 seconds_per_update=0.228 peak_gpu_gb=4.34
iter 27400/160000: loss=0.16148 grad_norm=1.1055 seconds_per_update=0.228 peak_gpu_gb=4.34
iter 27450/160000: loss=0.27919 grad_norm=14.0444 seconds_per_update=0.228 peak_gpu_gb=4.34
iter 27500/160000: loss=0.23793 grad_norm=18.6977 seconds_per_update=0.227 peak_gpu_gb=4.34
iter 27550/160000: loss=0.36293 grad_norm=9.0588 seconds_per_update=0.227 peak_gpu_gb=4.34
iter 27600/160000: loss=0.09539 grad_norm=1.1306 seconds_per_update=0.227 peak_gpu_gb=4.34
iter 27650/160000: loss=0.16623 grad_norm=1.1698 seconds_per_update=0.227 peak_gpu_gb=4.34
iter 27700/160000: loss=0.33570 grad_norm=2.7739 seconds_per_update=0.227 peak_gpu_gb=4.34
iter 27750/160000: loss=0.40474 grad_norm=3.1779 seconds_per_update=0.227 peak_gpu_gb=4.34
iter 27800/160000: loss=0.18672 grad_norm=1.4212 seconds_per_update=0.227 peak_gpu_gb=4.34
iter 27850/160000: loss=0.22630 grad_norm=2.4177 seconds_per_update=0.227 peak_gpu_gb=4.34
iter 27900/160000: loss=0.27240 grad_norm=4.7989 seconds_per_update=0.227 peak_gpu_gb=4.34
iter 27950/160000: loss=0.18166 grad_norm=2.6205 seconds_per_update=0.227 peak_gpu_gb=4.34
iter 28000/160000: loss=0.25598 grad_norm=107.9666 seconds_per_update=0.227 peak_gpu_gb=4.34
{"iter": 28000, "mIoU": 0.7268307209014893, "per_class_iou": {"1": 0.6370924115180969, "2": 0.8382810950279236, "3": 0.743151068687439, "4": 0.8514257669448853, "5": 0.40666693449020386, "6": 0.867581844329834, "7": 0.7269349694252014, "8": 0.7435113191604614}, "confusion": [[0, 0, 0, 0, 0, 0, 0, 0, 0], [0, 142198838, 11145809, 11378034, 2396165, 5622604, 13148375, 10219800, 681564], [0, 8482457, 123369088, 178584, 128760, 293039, 352497, 264595, 69196], [0, 4080494, 900850, 55570363, 1831, 35380, 698966, 231448, 371283], [0, 871556, 3077, 25734, 37545706, 141835, 251624, 1157943, 0], [0, 1148494, 10255, 33123, 22940, 6542723, 118836, 913597, 0], [0, 8649401, 1909772, 1133022, 826094, 886410, 202455915, 1978049, 152622], [0, 3034219, 10354, 59809, 724176, 319416, 758071, 52368046, 0], [0, 141888, 50787, 77746, 0, 0, 36909, 0, 4585899]]}
iter 28050/160000: loss=0.14138 grad_norm=0.8969 seconds_per_update=0.229 peak_gpu_gb=4.34
iter 28100/160000: loss=2.31982 grad_norm=23.0496 seconds_per_update=0.229 peak_gpu_gb=4.34
iter 28150/160000: loss=0.12112 grad_norm=1.3336 seconds_per_update=0.229 peak_gpu_gb=4.34
iter 28200/160000: loss=0.05509 grad_norm=0.4638 seconds_per_update=0.229 peak_gpu_gb=4.34
iter 28250/160000: loss=0.19403 grad_norm=8.8360 seconds_per_update=0.229 peak_gpu_gb=4.34
iter 28300/160000: loss=0.29721 grad_norm=2.5138 seconds_per_update=0.229 peak_gpu_gb=4.34
iter 28350/160000: loss=0.45315 grad_norm=6.2296 seconds_per_update=0.229 peak_gpu_gb=4.34
iter 28400/160000: loss=0.12362 grad_norm=0.9851 seconds_per_update=0.229 peak_gpu_gb=4.34
iter 28450/160000: loss=0.12795 grad_norm=1.6941 seconds_per_update=0.229 peak_gpu_gb=4.34
iter 28500/160000: loss=0.31377 grad_norm=3.9062 seconds_per_update=0.229 peak_gpu_gb=4.34
iter 28550/160000: loss=0.16716 grad_norm=1.2550 seconds_per_update=0.229 peak_gpu_gb=4.34
iter 28600/160000: loss=0.30368 grad_norm=3.5945 seconds_per_update=0.229 peak_gpu_gb=4.34
iter 28650/160000: loss=0.08275 grad_norm=0.5388 seconds_per_update=0.229 peak_gpu_gb=4.34
iter 28700/160000: loss=0.86753 grad_norm=52.3084 seconds_per_update=0.229 peak_gpu_gb=4.34
iter 28750/160000: loss=0.05961 grad_norm=0.3629 seconds_per_update=0.229 peak_gpu_gb=4.34
iter 28800/160000: loss=0.19341 grad_norm=1.4845 seconds_per_update=0.229 peak_gpu_gb=4.34
iter 28850/160000: loss=0.09023 grad_norm=1.5674 seconds_per_update=0.229 peak_gpu_gb=4.34
iter 28900/160000: loss=0.20585 grad_norm=7.0664 seconds_per_update=0.229 peak_gpu_gb=4.34
iter 28950/160000: loss=0.25635 grad_norm=9.0389 seconds_per_update=0.229 peak_gpu_gb=4.34
iter 29000/160000: loss=0.20086 grad_norm=1.1543 seconds_per_update=0.229 peak_gpu_gb=4.34
iter 29050/160000: loss=0.07293 grad_norm=2.1979 seconds_per_update=0.229 peak_gpu_gb=4.34
iter 29100/160000: loss=0.06542 grad_norm=0.9195 seconds_per_update=0.229 peak_gpu_gb=4.34
iter 29150/160000: loss=0.26933 grad_norm=5.3177 seconds_per_update=0.229 peak_gpu_gb=4.34
iter 29200/160000: loss=0.15906 grad_norm=1.9443 seconds_per_update=0.229 peak_gpu_gb=4.34
iter 29250/160000: loss=0.19226 grad_norm=3.4154 seconds_per_update=0.228 peak_gpu_gb=4.34
iter 29300/160000: loss=0.71739 grad_norm=48.5893 seconds_per_update=0.228 peak_gpu_gb=4.34
iter 29350/160000: loss=0.04187 grad_norm=0.4881 seconds_per_update=0.228 peak_gpu_gb=4.34
iter 29400/160000: loss=0.22969 grad_norm=2.3960 seconds_per_update=0.228 peak_gpu_gb=4.34
iter 29450/160000: loss=1.04196 grad_norm=11.8144 seconds_per_update=0.228 peak_gpu_gb=4.34
iter 29500/160000: loss=0.02031 grad_norm=0.1419 seconds_per_update=0.228 peak_gpu_gb=4.34
iter 29550/160000: loss=0.14711 grad_norm=2.1617 seconds_per_update=0.228 peak_gpu_gb=4.34
iter 29600/160000: loss=0.07564 grad_norm=0.7427 seconds_per_update=0.228 peak_gpu_gb=4.34
iter 29650/160000: loss=0.22501 grad_norm=1.0342 seconds_per_update=0.228 peak_gpu_gb=4.34
iter 29700/160000: loss=0.10800 grad_norm=1.6490 seconds_per_update=0.228 peak_gpu_gb=4.34
iter 29750/160000: loss=0.06013 grad_norm=0.4841 seconds_per_update=0.228 peak_gpu_gb=4.34
iter 29800/160000: loss=0.28130 grad_norm=2.1640 seconds_per_update=0.228 peak_gpu_gb=4.34
iter 29850/160000: loss=0.21086 grad_norm=1.2246 seconds_per_update=0.228 peak_gpu_gb=4.34
iter 29900/160000: loss=0.52222 grad_norm=4.7224 seconds_per_update=0.228 peak_gpu_gb=4.34
iter 29950/160000: loss=0.25809 grad_norm=1.1509 seconds_per_update=0.228 peak_gpu_gb=4.34
iter 30000/160000: loss=0.05326 grad_norm=0.2670 seconds_per_update=0.228 peak_gpu_gb=4.34
iter 30050/160000: loss=0.18329 grad_norm=1.7389 seconds_per_update=0.228 peak_gpu_gb=4.34
iter 30100/160000: loss=0.00803 grad_norm=0.1131 seconds_per_update=0.228 peak_gpu_gb=4.34
iter 30150/160000: loss=0.16505 grad_norm=1.4232 seconds_per_update=0.228 peak_gpu_gb=4.34
iter 30200/160000: loss=0.06277 grad_norm=2.3938 seconds_per_update=0.228 peak_gpu_gb=4.34
iter 30250/160000: loss=0.21016 grad_norm=2.7317 seconds_per_update=0.228 peak_gpu_gb=4.34
iter 30300/160000: loss=0.21689 grad_norm=1.1356 seconds_per_update=0.228 peak_gpu_gb=4.34
iter 30350/160000: loss=0.47427 grad_norm=7.7794 seconds_per_update=0.228 peak_gpu_gb=4.34
iter 30400/160000: loss=0.44020 grad_norm=12.3404 seconds_per_update=0.228 peak_gpu_gb=4.34
iter 30450/160000: loss=0.17336 grad_norm=1.6898 seconds_per_update=0.228 peak_gpu_gb=4.34
iter 30500/160000: loss=0.29988 grad_norm=2.5795 seconds_per_update=0.228 peak_gpu_gb=4.34
iter 30550/160000: loss=0.21970 grad_norm=2.8956 seconds_per_update=0.228 peak_gpu_gb=4.34
iter 30600/160000: loss=0.04763 grad_norm=0.3434 seconds_per_update=0.227 peak_gpu_gb=4.34
iter 30650/160000: loss=0.24985 grad_norm=3.0999 seconds_per_update=0.227 peak_gpu_gb=4.34
iter 30700/160000: loss=0.26957 grad_norm=5.2457 seconds_per_update=0.227 peak_gpu_gb=4.34
iter 30750/160000: loss=0.15134 grad_norm=5.0106 seconds_per_update=0.227 peak_gpu_gb=4.34
iter 30800/160000: loss=0.13290 grad_norm=2.0635 seconds_per_update=0.227 peak_gpu_gb=4.34
{"iter": 30800, "mIoU": 0.7236924767494202, "per_class_iou": {"1": 0.6357442140579224, "2": 0.8357383608818054, "3": 0.7668641805648804, "4": 0.8401333689689636, "5": 0.37444138526916504, "6": 0.8630333542823792, "7": 0.729484498500824, "8": 0.7441006898880005}, "confusion": [[0, 0, 0, 0, 0, 0, 0, 0, 0], [0, 142521297, 7102870, 8452906, 2701134, 8411628, 16238854, 10678284, 684216], [0, 12350922, 118893262, 88913, 199596, 463432, 970067, 115356, 56668], [0, 4768425, 466456, 54596281, 4121, 91276, 1154899, 371722, 437435], [0, 658643, 1470, 21093, 37727350, 155892, 301094, 1131933, 0], [0, 506268, 13831, 17497, 12697, 7391515, 81363, 766797, 0], [0, 6361761, 1465390, 632130, 1405779, 1167051, 204901191, 1938952, 119031], [0, 2620357, 22015, 26206, 585583, 660865, 634012, 52725053, 0], [0, 122674, 51098, 64841, 0, 0, 48202, 0, 4606414]]}
iter 30850/160000: loss=0.13056 grad_norm=0.6965 seconds_per_update=0.229 peak_gpu_gb=4.34
iter 30900/160000: loss=0.38080 grad_norm=2.3587 seconds_per_update=0.229 peak_gpu_gb=4.34
iter 30950/160000: loss=0.17890 grad_norm=1.4672 seconds_per_update=0.229 peak_gpu_gb=4.34
iter 31000/160000: loss=0.40100 grad_norm=6.5838 seconds_per_update=0.229 peak_gpu_gb=4.34
iter 31050/160000: loss=0.24239 grad_norm=4.3916 seconds_per_update=0.229 peak_gpu_gb=4.34
iter 31100/160000: loss=0.09781 grad_norm=3.8524 seconds_per_update=0.229 peak_gpu_gb=4.34
iter 31150/160000: loss=0.12206 grad_norm=1.1055 seconds_per_update=0.229 peak_gpu_gb=4.34
iter 31200/160000: loss=1.04190 grad_norm=14.5903 seconds_per_update=0.229 peak_gpu_gb=4.34
iter 31250/160000: loss=0.36972 grad_norm=4.1851 seconds_per_update=0.229 peak_gpu_gb=4.34
iter 31300/160000: loss=0.34760 grad_norm=2.8080 seconds_per_update=0.229 peak_gpu_gb=4.34
iter 31350/160000: loss=0.32506 grad_norm=8.4800 seconds_per_update=0.229 peak_gpu_gb=4.34
iter 31400/160000: loss=0.28913 grad_norm=4.5264 seconds_per_update=0.229 peak_gpu_gb=4.34
iter 31450/160000: loss=0.18039 grad_norm=1.6864 seconds_per_update=0.229 peak_gpu_gb=4.34
iter 31500/160000: loss=0.23467 grad_norm=1.3193 seconds_per_update=0.229 peak_gpu_gb=4.34
iter 31550/160000: loss=0.18648 grad_norm=1.8198 seconds_per_update=0.229 peak_gpu_gb=4.34
iter 31600/160000: loss=0.37714 grad_norm=8.8488 seconds_per_update=0.229 peak_gpu_gb=4.34
iter 31650/160000: loss=0.71198 grad_norm=14.2569 seconds_per_update=0.229 peak_gpu_gb=4.34
iter 31700/160000: loss=0.15766 grad_norm=1.7148 seconds_per_update=0.229 peak_gpu_gb=4.34
iter 31750/160000: loss=0.47374 grad_norm=3.9894 seconds_per_update=0.229 peak_gpu_gb=4.34
iter 31800/160000: loss=0.12855 grad_norm=0.8559 seconds_per_update=0.229 peak_gpu_gb=4.34
iter 31850/160000: loss=0.17722 grad_norm=1.0771 seconds_per_update=0.229 peak_gpu_gb=4.34
iter 31900/160000: loss=0.05140 grad_norm=0.6382 seconds_per_update=0.229 peak_gpu_gb=4.34
iter 31950/160000: loss=0.35922 grad_norm=3.5203 seconds_per_update=0.229 peak_gpu_gb=4.34
iter 32000/160000: loss=0.09885 grad_norm=3.3151 seconds_per_update=0.229 peak_gpu_gb=4.34
iter 32050/160000: loss=0.29740 grad_norm=6.8797 seconds_per_update=0.229 peak_gpu_gb=4.34
iter 32100/160000: loss=0.13793 grad_norm=2.2256 seconds_per_update=0.228 peak_gpu_gb=4.34
iter 32150/160000: loss=0.03516 grad_norm=1.0546 seconds_per_update=0.228 peak_gpu_gb=4.34
iter 32200/160000: loss=0.63084 grad_norm=13.5585 seconds_per_update=0.228 peak_gpu_gb=4.34
iter 32250/160000: loss=0.18215 grad_norm=4.9172 seconds_per_update=0.228 peak_gpu_gb=4.34
iter 32300/160000: loss=0.20073 grad_norm=1.3193 seconds_per_update=0.228 peak_gpu_gb=4.34
iter 32350/160000: loss=0.07063 grad_norm=1.0909 seconds_per_update=0.228 peak_gpu_gb=4.34
iter 32400/160000: loss=0.34512 grad_norm=4.0233 seconds_per_update=0.228 peak_gpu_gb=4.34
iter 32450/160000: loss=0.32234 grad_norm=1.8804 seconds_per_update=0.228 peak_gpu_gb=4.34
iter 32500/160000: loss=0.15266 grad_norm=1.4260 seconds_per_update=0.228 peak_gpu_gb=4.34
iter 32550/160000: loss=0.06919 grad_norm=0.4831 seconds_per_update=0.228 peak_gpu_gb=4.34
iter 32600/160000: loss=0.36480 grad_norm=8.2416 seconds_per_update=0.228 peak_gpu_gb=4.34
iter 32650/160000: loss=0.34429 grad_norm=33.8884 seconds_per_update=0.228 peak_gpu_gb=4.34
iter 32700/160000: loss=0.10618 grad_norm=1.3631 seconds_per_update=0.228 peak_gpu_gb=4.34
iter 32750/160000: loss=0.22655 grad_norm=7.1072 seconds_per_update=0.228 peak_gpu_gb=4.34
iter 32800/160000: loss=0.20377 grad_norm=2.2878 seconds_per_update=0.228 peak_gpu_gb=4.34
iter 32850/160000: loss=0.50847 grad_norm=9.4416 seconds_per_update=0.228 peak_gpu_gb=4.34
iter 32900/160000: loss=0.12901 grad_norm=1.9569 seconds_per_update=0.228 peak_gpu_gb=4.34
iter 32950/160000: loss=0.17491 grad_norm=1.3864 seconds_per_update=0.228 peak_gpu_gb=4.34
iter 33000/160000: loss=0.28663 grad_norm=86.9850 seconds_per_update=0.228 peak_gpu_gb=4.34
iter 33050/160000: loss=0.22531 grad_norm=3.7715 seconds_per_update=0.228 peak_gpu_gb=4.34
iter 33100/160000: loss=0.82669 grad_norm=23.8313 seconds_per_update=0.228 peak_gpu_gb=4.34
iter 33150/160000: loss=0.13514 grad_norm=6.7033 seconds_per_update=0.228 peak_gpu_gb=4.34
iter 33200/160000: loss=0.07640 grad_norm=1.6551 seconds_per_update=0.228 peak_gpu_gb=4.34
iter 33250/160000: loss=0.26838 grad_norm=0.9905 seconds_per_update=0.228 peak_gpu_gb=4.34
iter 33300/160000: loss=0.11382 grad_norm=2.1221 seconds_per_update=0.228 peak_gpu_gb=4.34
iter 33350/160000: loss=0.33633 grad_norm=9.1046 seconds_per_update=0.228 peak_gpu_gb=4.34
iter 33400/160000: loss=0.43147 grad_norm=4.5616 seconds_per_update=0.228 peak_gpu_gb=4.34
iter 33450/160000: loss=0.15532 grad_norm=0.9739 seconds_per_update=0.228 peak_gpu_gb=4.34
iter 33500/160000: loss=0.32378 grad_norm=1.5676 seconds_per_update=0.228 peak_gpu_gb=4.34
iter 33550/160000: loss=0.12147 grad_norm=4.1522 seconds_per_update=0.227 peak_gpu_gb=4.34
iter 33600/160000: loss=1.12557 grad_norm=10.4731 seconds_per_update=0.227 peak_gpu_gb=4.34
{"iter": 33600, "mIoU": 0.7355986833572388, "per_class_iou": {"1": 0.646705687046051, "2": 0.8475354909896851, "3": 0.7700994610786438, "4": 0.8571414351463318, "5": 0.41561639308929443, "6": 0.8683773279190063, "7": 0.7381325960159302, "8": 0.7411807775497437}, "confusion": [[0, 0, 0, 0, 0, 0, 0, 0, 0], [0, 143973359, 8017476, 7468485, 2506720, 5974206, 17238239, 10832554, 780150], [0, 10337938, 121101937, 151242, 42702, 325104, 884971, 219877, 74445], [0, 5944464, 132682, 54466707, 2270, 36013, 717802, 241505, 349172], [0, 811516, 1794, 10817, 37479783, 97043, 556159, 1040351, 12], [0, 935224, 4662, 23682, 27848, 6650456, 356875, 791221, 0], [0, 5569257, 1528344, 1057109, 467148, 339070, 207017417, 1856970, 155970], [0, 2137367, 16020, 47236, 682319, 440024, 616192, 53334933, 0], [0, 98824, 47962, 77668, 0, 0, 34188, 0, 4634587]]}
iter 33650/160000: loss=0.21029 grad_norm=3.6902 seconds_per_update=0.229 peak_gpu_gb=4.34
iter 33700/160000: loss=0.09270 grad_norm=1.4770 seconds_per_update=0.229 peak_gpu_gb=4.34
iter 33750/160000: loss=0.31915 grad_norm=1.5719 seconds_per_update=0.229 peak_gpu_gb=4.34
iter 33800/160000: loss=0.25221 grad_norm=6.2288 seconds_per_update=0.229 peak_gpu_gb=4.34
iter 33850/160000: loss=0.42831 grad_norm=7.2187 seconds_per_update=0.229 peak_gpu_gb=4.34
iter 33900/160000: loss=0.41612 grad_norm=11.8433 seconds_per_update=0.229 peak_gpu_gb=4.34
iter 33950/160000: loss=0.10816 grad_norm=0.9279 seconds_per_update=0.229 peak_gpu_gb=4.34
iter 34000/160000: loss=0.03368 grad_norm=0.3633 seconds_per_update=0.229 peak_gpu_gb=4.34
iter 34050/160000: loss=0.36986 grad_norm=4.2699 seconds_per_update=0.229 peak_gpu_gb=4.34
iter 34100/160000: loss=0.26694 grad_norm=4.6572 seconds_per_update=0.229 peak_gpu_gb=4.34
iter 34150/160000: loss=0.29161 grad_norm=45.9974 seconds_per_update=0.229 peak_gpu_gb=4.34
iter 34200/160000: loss=0.12411 grad_norm=2.7441 seconds_per_update=0.229 peak_gpu_gb=4.34
iter 34250/160000: loss=0.76372 grad_norm=6.4684 seconds_per_update=0.229 peak_gpu_gb=4.34
iter 34300/160000: loss=0.17087 grad_norm=1.4728 seconds_per_update=0.229 peak_gpu_gb=4.34
iter 34350/160000: loss=0.44233 grad_norm=14.7633 seconds_per_update=0.229 peak_gpu_gb=4.34
iter 34400/160000: loss=0.19195 grad_norm=1.8682 seconds_per_update=0.229 peak_gpu_gb=4.34
iter 34450/160000: loss=0.20179 grad_norm=1.5799 seconds_per_update=0.229 peak_gpu_gb=4.34
iter 34500/160000: loss=0.04617 grad_norm=0.3806 seconds_per_update=0.229 peak_gpu_gb=4.34
iter 34550/160000: loss=1.16140 grad_norm=16.2803 seconds_per_update=0.229 peak_gpu_gb=4.34
iter 34600/160000: loss=0.13295 grad_norm=3.8405 seconds_per_update=0.229 peak_gpu_gb=4.34
iter 34650/160000: loss=0.28886 grad_norm=5.1306 seconds_per_update=0.229 peak_gpu_gb=4.34
iter 34700/160000: loss=0.27215 grad_norm=2.8313 seconds_per_update=0.229 peak_gpu_gb=4.34
iter 34750/160000: loss=0.08560 grad_norm=0.7057 seconds_per_update=0.229 peak_gpu_gb=4.34
iter 34800/160000: loss=0.19605 grad_norm=3.2170 seconds_per_update=0.229 peak_gpu_gb=4.34
iter 34850/160000: loss=0.27061 grad_norm=1.8497 seconds_per_update=0.229 peak_gpu_gb=4.34
iter 34900/160000: loss=1.06577 grad_norm=24.2278 seconds_per_update=0.229 peak_gpu_gb=4.34
iter 34950/160000: loss=0.08233 grad_norm=0.5941 seconds_per_update=0.229 peak_gpu_gb=4.34
iter 35000/160000: loss=0.23039 grad_norm=4.1217 seconds_per_update=0.229 peak_gpu_gb=4.34
iter 35050/160000: loss=0.93019 grad_norm=5.2546 seconds_per_update=0.228 peak_gpu_gb=4.34
iter 35100/160000: loss=0.56567 grad_norm=19.5303 seconds_per_update=0.228 peak_gpu_gb=4.34
iter 35150/160000: loss=0.37649 grad_norm=3.8096 seconds_per_update=0.228 peak_gpu_gb=4.34
iter 35200/160000: loss=0.38967 grad_norm=9.7197 seconds_per_update=0.228 peak_gpu_gb=4.34
iter 35250/160000: loss=0.42123 grad_norm=2.2114 seconds_per_update=0.228 peak_gpu_gb=4.34
iter 35300/160000: loss=0.02380 grad_norm=1.0220 seconds_per_update=0.228 peak_gpu_gb=4.34
iter 35350/160000: loss=0.39567 grad_norm=5.7165 seconds_per_update=0.228 peak_gpu_gb=4.34
iter 35400/160000: loss=0.19117 grad_norm=4.3993 seconds_per_update=0.228 peak_gpu_gb=4.34
iter 35450/160000: loss=0.56580 grad_norm=7.0796 seconds_per_update=0.228 peak_gpu_gb=4.34
iter 35500/160000: loss=0.07997 grad_norm=5.5113 seconds_per_update=0.228 peak_gpu_gb=4.34
iter 35550/160000: loss=0.20146 grad_norm=3.5845 seconds_per_update=0.228 peak_gpu_gb=4.34
iter 35600/160000: loss=0.09834 grad_norm=7.5707 seconds_per_update=0.228 peak_gpu_gb=4.34
iter 35650/160000: loss=0.25434 grad_norm=1.3131 seconds_per_update=0.228 peak_gpu_gb=4.34
iter 35700/160000: loss=0.14993 grad_norm=1.8861 seconds_per_update=0.228 peak_gpu_gb=4.34
iter 35750/160000: loss=0.08694 grad_norm=1.6346 seconds_per_update=0.228 peak_gpu_gb=4.34
iter 35800/160000: loss=0.56231 grad_norm=53.3398 seconds_per_update=0.228 peak_gpu_gb=4.34
iter 35850/160000: loss=0.32878 grad_norm=8.4158 seconds_per_update=0.228 peak_gpu_gb=4.34
iter 35900/160000: loss=0.29125 grad_norm=3.0161 seconds_per_update=0.228 peak_gpu_gb=4.34
iter 35950/160000: loss=0.17280 grad_norm=1.8836 seconds_per_update=0.228 peak_gpu_gb=4.34
iter 36000/160000: loss=0.14468 grad_norm=0.9169 seconds_per_update=0.228 peak_gpu_gb=4.34
iter 36050/160000: loss=0.31925 grad_norm=4.4515 seconds_per_update=0.228 peak_gpu_gb=4.34
iter 36100/160000: loss=0.22206 grad_norm=2.2810 seconds_per_update=0.228 peak_gpu_gb=4.34
iter 36150/160000: loss=0.14105 grad_norm=0.3502 seconds_per_update=0.228 peak_gpu_gb=4.34
iter 36200/160000: loss=0.14664 grad_norm=0.9818 seconds_per_update=0.228 peak_gpu_gb=4.34
iter 36250/160000: loss=0.25206 grad_norm=2.9289 seconds_per_update=0.228 peak_gpu_gb=4.34
iter 36300/160000: loss=0.11489 grad_norm=3.1761 seconds_per_update=0.228 peak_gpu_gb=4.34
iter 36350/160000: loss=0.04029 grad_norm=0.2607 seconds_per_update=0.228 peak_gpu_gb=4.34
iter 36400/160000: loss=0.00525 grad_norm=0.1060 seconds_per_update=0.228 peak_gpu_gb=4.34
{"iter": 36400, "mIoU": 0.7319744825363159, "per_class_iou": {"1": 0.6562088131904602, "2": 0.8505339622497559, "3": 0.764924943447113, "4": 0.8459782600402832, "5": 0.42909881472587585, "6": 0.8711336255073547, "7": 0.7191920876502991, "8": 0.7187256813049316}, "confusion": [[0, 0, 0, 0, 0, 0, 0, 0, 0], [0, 146623797, 8687095, 6263016, 2723856, 3782537, 14399396, 13436829, 874663], [0, 9343124, 122147237, 99524, 11981, 296684, 939905, 206277, 93484], [0, 7130851, 164475, 52997085, 3504, 48940, 734372, 309453, 501935], [0, 588244, 2336, 12963, 37769997, 18894, 315689, 1289352, 0], [0, 1544790, 4609, 18094, 54193, 5826651, 136408, 1205223, 0], [0, 6567359, 1564736, 928250, 1232323, 497753, 204575295, 2433035, 192534], [0, 1394864, 18676, 30369, 623202, 144033, 293403, 54769544, 0], [0, 80331, 32287, 41203, 0, 0, 27554, 0, 4711854]]}
iter 36450/160000: loss=0.17037 grad_norm=1.2296 seconds_per_update=0.229 peak_gpu_gb=4.34
iter 36500/160000: loss=0.21794 grad_norm=5.6205 seconds_per_update=0.229 peak_gpu_gb=4.34
iter 36550/160000: loss=0.22319 grad_norm=1.2282 seconds_per_update=0.229 peak_gpu_gb=4.34
iter 36600/160000: loss=0.08477 grad_norm=0.6159 seconds_per_update=0.229 peak_gpu_gb=4.34
iter 36650/160000: loss=0.03283 grad_norm=0.2606 seconds_per_update=0.229 peak_gpu_gb=4.34
iter 36700/160000: loss=0.33459 grad_norm=2.1273 seconds_per_update=0.229 peak_gpu_gb=4.34
iter 36750/160000: loss=0.24200 grad_norm=1.3936 seconds_per_update=0.229 peak_gpu_gb=4.34
iter 36800/160000: loss=0.17798 grad_norm=0.9657 seconds_per_update=0.229 peak_gpu_gb=4.34
iter 36850/160000: loss=0.83012 grad_norm=26.8750 seconds_per_update=0.229 peak_gpu_gb=4.34
iter 36900/160000: loss=0.25689 grad_norm=1.4461 seconds_per_update=0.229 peak_gpu_gb=4.34
iter 36950/160000: loss=0.16751 grad_norm=1.5619 seconds_per_update=0.229 peak_gpu_gb=4.34
iter 37000/160000: loss=0.21314 grad_norm=3.4451 seconds_per_update=0.229 peak_gpu_gb=4.34
iter 37050/160000: loss=0.06187 grad_norm=0.8781 seconds_per_update=0.229 peak_gpu_gb=4.34
iter 37100/160000: loss=0.15105 grad_norm=0.9497 seconds_per_update=0.229 peak_gpu_gb=4.34
iter 37150/160000: loss=0.36708 grad_norm=11.4101 seconds_per_update=0.229 peak_gpu_gb=4.34
iter 37200/160000: loss=0.07953 grad_norm=1.3362 seconds_per_update=0.229 peak_gpu_gb=4.34
iter 37250/160000: loss=0.24315 grad_norm=8.2440 seconds_per_update=0.229 peak_gpu_gb=4.34
iter 37300/160000: loss=0.28447 grad_norm=3.4019 seconds_per_update=0.229 peak_gpu_gb=4.34
iter 37350/160000: loss=0.21789 grad_norm=1.0037 seconds_per_update=0.229 peak_gpu_gb=4.34
iter 37400/160000: loss=0.21975 grad_norm=2.9570 seconds_per_update=0.229 peak_gpu_gb=4.34
iter 37450/160000: loss=0.13267 grad_norm=5.3346 seconds_per_update=0.229 peak_gpu_gb=4.34
iter 37500/160000: loss=0.18742 grad_norm=2.7192 seconds_per_update=0.229 peak_gpu_gb=4.34
iter 37550/160000: loss=0.39586 grad_norm=2.3977 seconds_per_update=0.229 peak_gpu_gb=4.34
iter 37600/160000: loss=0.08280 grad_norm=2.1794 seconds_per_update=0.229 peak_gpu_gb=4.34
iter 37650/160000: loss=0.08643 grad_norm=3.1462 seconds_per_update=0.229 peak_gpu_gb=4.34
iter 37700/160000: loss=0.16135 grad_norm=5.6087 seconds_per_update=0.229 peak_gpu_gb=4.34
iter 37750/160000: loss=0.25698 grad_norm=1.5240 seconds_per_update=0.229 peak_gpu_gb=4.34
iter 37800/160000: loss=0.04066 grad_norm=0.9623 seconds_per_update=0.229 peak_gpu_gb=4.34
iter 37850/160000: loss=0.24036 grad_norm=1.3244 seconds_per_update=0.229 peak_gpu_gb=4.34
iter 37900/160000: loss=0.74573 grad_norm=10.8471 seconds_per_update=0.228 peak_gpu_gb=4.34
iter 37950/160000: loss=0.10159 grad_norm=1.4572 seconds_per_update=0.228 peak_gpu_gb=4.34
iter 38000/160000: loss=0.41454 grad_norm=4.0673 seconds_per_update=0.228 peak_gpu_gb=4.34
iter 38050/160000: loss=0.22457 grad_norm=2.0057 seconds_per_update=0.228 peak_gpu_gb=4.34
iter 38100/160000: loss=0.17500 grad_norm=1.4885 seconds_per_update=0.228 peak_gpu_gb=4.34
iter 38150/160000: loss=0.18066 grad_norm=2.7284 seconds_per_update=0.228 peak_gpu_gb=4.34
iter 38200/160000: loss=0.32946 grad_norm=5.4717 seconds_per_update=0.228 peak_gpu_gb=4.34
iter 38250/160000: loss=0.25146 grad_norm=4.2466 seconds_per_update=0.228 peak_gpu_gb=4.34
iter 38300/160000: loss=0.14110 grad_norm=1.8966 seconds_per_update=0.228 peak_gpu_gb=4.34
iter 38350/160000: loss=0.29064 grad_norm=3.6614 seconds_per_update=0.228 peak_gpu_gb=4.34
iter 38400/160000: loss=0.27692 grad_norm=12.1815 seconds_per_update=0.228 peak_gpu_gb=4.34
iter 38450/160000: loss=0.30632 grad_norm=16.7719 seconds_per_update=0.228 peak_gpu_gb=4.34
iter 38500/160000: loss=0.34043 grad_norm=9.6877 seconds_per_update=0.228 peak_gpu_gb=4.34
iter 38550/160000: loss=0.37144 grad_norm=44.8280 seconds_per_update=0.228 peak_gpu_gb=4.34
iter 38600/160000: loss=0.20082 grad_norm=1.8598 seconds_per_update=0.228 peak_gpu_gb=4.34
iter 38650/160000: loss=0.11007 grad_norm=0.7922 seconds_per_update=0.228 peak_gpu_gb=4.34
iter 38700/160000: loss=0.15351 grad_norm=1.4854 seconds_per_update=0.228 peak_gpu_gb=4.34
iter 38750/160000: loss=0.36162 grad_norm=2.1898 seconds_per_update=0.228 peak_gpu_gb=4.34
iter 38800/160000: loss=0.05199 grad_norm=0.3197 seconds_per_update=0.228 peak_gpu_gb=4.34
iter 38850/160000: loss=0.42281 grad_norm=8.7490 seconds_per_update=0.228 peak_gpu_gb=4.34
iter 38900/160000: loss=0.02491 grad_norm=0.3724 seconds_per_update=0.228 peak_gpu_gb=4.34
iter 38950/160000: loss=0.08471 grad_norm=0.3814 seconds_per_update=0.228 peak_gpu_gb=4.34
iter 39000/160000: loss=0.08557 grad_norm=0.3634 seconds_per_update=0.228 peak_gpu_gb=4.34
iter 39050/160000: loss=0.24865 grad_norm=4.1729 seconds_per_update=0.228 peak_gpu_gb=4.34
iter 39100/160000: loss=0.23557 grad_norm=1.3486 seconds_per_update=0.228 peak_gpu_gb=4.34
iter 39150/160000: loss=0.08503 grad_norm=1.0279 seconds_per_update=0.228 peak_gpu_gb=4.34
iter 39200/160000: loss=0.44789 grad_norm=7.9314 seconds_per_update=0.228 peak_gpu_gb=4.34
{"iter": 39200, "mIoU": 0.7320845723152161, "per_class_iou": {"1": 0.6400240063667297, "2": 0.8517701029777527, "3": 0.7651870250701904, "4": 0.8493965864181519, "5": 0.45961108803749084, "6": 0.8717522621154785, "7": 0.7184957265853882, "8": 0.7004401087760925}, "confusion": [[0, 0, 0, 0, 0, 0, 0, 0, 0], [0, 138241865, 11507653, 10001712, 2963707, 3405749, 15836942, 13783140, 1050421], [0, 6332299, 124874429, 241096, 10811, 348627, 881153, 306854, 142947], [0, 4035894, 242907, 55907476, 4244, 19968, 959932, 273031, 447163], [0, 521603, 3106, 20680, 37796642, 42294, 363530, 1249620, 0], [0, 1176136, 29849, 38617, 39561, 6088710, 188370, 1228725, 0], [0, 5770381, 1654834, 753989, 809375, 509066, 206346750, 1915335, 231555], [0, 1321009, 12122, 50714, 673046, 131853, 457545, 54627802, 0], [0, 46333, 17118, 66385, 0, 0, 24695, 0, 4738698]]}
iter 39250/160000: loss=0.29767 grad_norm=3.0771 seconds_per_update=0.229 peak_gpu_gb=4.34
iter 39300/160000: loss=0.18273 grad_norm=38.8259 seconds_per_update=0.229 peak_gpu_gb=4.34
iter 39350/160000: loss=0.17813 grad_norm=1.9592 seconds_per_update=0.229 peak_gpu_gb=4.34
iter 39400/160000: loss=0.16019 grad_norm=5.1178 seconds_per_update=0.229 peak_gpu_gb=4.34
iter 39450/160000: loss=0.23283 grad_norm=4.4961 seconds_per_update=0.229 peak_gpu_gb=4.34
iter 39500/160000: loss=0.26142 grad_norm=7.1057 seconds_per_update=0.229 peak_gpu_gb=4.34
iter 39550/160000: loss=0.12896 grad_norm=1.8952 seconds_per_update=0.229 peak_gpu_gb=4.34
iter 39600/160000: loss=0.11688 grad_norm=0.7231 seconds_per_update=0.229 peak_gpu_gb=4.34
iter 39650/160000: loss=0.36853 grad_norm=3.3436 seconds_per_update=0.229 peak_gpu_gb=4.34
iter 39700/160000: loss=0.25722 grad_norm=8.1516 seconds_per_update=0.229 peak_gpu_gb=4.34
iter 39750/160000: loss=0.37445 grad_norm=3.6459 seconds_per_update=0.229 peak_gpu_gb=4.34
iter 39800/160000: loss=0.28713 grad_norm=12.3617 seconds_per_update=0.229 peak_gpu_gb=4.34
iter 39850/160000: loss=0.02157 grad_norm=0.2385 seconds_per_update=0.229 peak_gpu_gb=4.34
iter 39900/160000: loss=0.22310 grad_norm=4.2692 seconds_per_update=0.229 peak_gpu_gb=4.34
iter 39950/160000: loss=0.33419 grad_norm=6.9122 seconds_per_update=0.229 peak_gpu_gb=4.34
iter 40000/160000: loss=0.09104 grad_norm=0.5724 seconds_per_update=0.229 peak_gpu_gb=4.34
iter 40050/160000: loss=0.13286 grad_norm=0.7681 seconds_per_update=0.229 peak_gpu_gb=4.34
iter 40100/160000: loss=0.13142 grad_norm=1.5684 seconds_per_update=0.229 peak_gpu_gb=4.34
iter 40150/160000: loss=0.44569 grad_norm=9.1306 seconds_per_update=0.229 peak_gpu_gb=4.34
iter 40200/160000: loss=0.10159 grad_norm=3.6649 seconds_per_update=0.229 peak_gpu_gb=4.34
iter 40250/160000: loss=0.46403 grad_norm=5.1396 seconds_per_update=0.229 peak_gpu_gb=4.34
iter 40300/160000: loss=0.24330 grad_norm=3.6763 seconds_per_update=0.229 peak_gpu_gb=4.34
iter 40350/160000: loss=0.13956 grad_norm=3.6120 seconds_per_update=0.229 peak_gpu_gb=4.34
iter 40400/160000: loss=0.36619 grad_norm=10.0126 seconds_per_update=0.229 peak_gpu_gb=4.34
iter 40450/160000: loss=0.23508 grad_norm=3.5821 seconds_per_update=0.229 peak_gpu_gb=4.34
iter 40500/160000: loss=0.12075 grad_norm=0.3983 seconds_per_update=0.229 peak_gpu_gb=4.34
iter 40550/160000: loss=0.20081 grad_norm=1.7646 seconds_per_update=0.229 peak_gpu_gb=4.34
iter 40600/160000: loss=0.04093 grad_norm=0.3394 seconds_per_update=0.229 peak_gpu_gb=4.34
iter 40650/160000: loss=0.17333 grad_norm=3.1595 seconds_per_update=0.228 peak_gpu_gb=4.34
iter 40700/160000: loss=0.26175 grad_norm=3.3279 seconds_per_update=0.228 peak_gpu_gb=4.34
iter 40750/160000: loss=1.00946 grad_norm=13.4341 seconds_per_update=0.228 peak_gpu_gb=4.34
iter 40800/160000: loss=0.29370 grad_norm=8.3464 seconds_per_update=0.228 peak_gpu_gb=4.34
iter 40850/160000: loss=0.10710 grad_norm=1.5350 seconds_per_update=0.228 peak_gpu_gb=4.34
iter 40900/160000: loss=0.45311 grad_norm=3.1591 seconds_per_update=0.228 peak_gpu_gb=4.34
iter 40950/160000: loss=0.26129 grad_norm=1.3847 seconds_per_update=0.228 peak_gpu_gb=4.34
iter 41000/160000: loss=0.18321 grad_norm=5.1660 seconds_per_update=0.228 peak_gpu_gb=4.34
iter 41050/160000: loss=0.21637 grad_norm=1.6779 seconds_per_update=0.228 peak_gpu_gb=4.34
iter 41100/160000: loss=0.21983 grad_norm=11.0478 seconds_per_update=0.228 peak_gpu_gb=4.34
iter 41150/160000: loss=0.16864 grad_norm=1.1778 seconds_per_update=0.228 peak_gpu_gb=4.34
iter 41200/160000: loss=0.11247 grad_norm=4.8957 seconds_per_update=0.228 peak_gpu_gb=4.34
iter 41250/160000: loss=0.10188 grad_norm=2.0276 seconds_per_update=0.228 peak_gpu_gb=4.34
iter 41300/160000: loss=0.11004 grad_norm=3.1491 seconds_per_update=0.228 peak_gpu_gb=4.34
iter 41350/160000: loss=0.35718 grad_norm=9.1344 seconds_per_update=0.228 peak_gpu_gb=4.34
iter 41400/160000: loss=0.23487 grad_norm=1.7993 seconds_per_update=0.228 peak_gpu_gb=4.34
iter 41450/160000: loss=0.18078 grad_norm=0.6527 seconds_per_update=0.228 peak_gpu_gb=4.34
iter 41500/160000: loss=1.52378 grad_norm=7.4897 seconds_per_update=0.228 peak_gpu_gb=4.34
iter 41550/160000: loss=0.32220 grad_norm=3.5948 seconds_per_update=0.228 peak_gpu_gb=4.34
iter 41600/160000: loss=0.09943 grad_norm=1.2444 seconds_per_update=0.228 peak_gpu_gb=4.34
iter 41650/160000: loss=0.09651 grad_norm=1.4551 seconds_per_update=0.228 peak_gpu_gb=4.34
iter 41700/160000: loss=0.14940 grad_norm=1.6132 seconds_per_update=0.228 peak_gpu_gb=4.34
iter 41750/160000: loss=0.25654 grad_norm=4.5607 seconds_per_update=0.228 peak_gpu_gb=4.34
iter 41800/160000: loss=0.54341 grad_norm=14.3281 seconds_per_update=0.228 peak_gpu_gb=4.34
iter 41850/160000: loss=0.13602 grad_norm=4.6538 seconds_per_update=0.228 peak_gpu_gb=4.34
iter 41900/160000: loss=0.32262 grad_norm=2.9676 seconds_per_update=0.228 peak_gpu_gb=4.34
iter 41950/160000: loss=0.26086 grad_norm=2.7492 seconds_per_update=0.228 peak_gpu_gb=4.34
iter 42000/160000: loss=0.24907 grad_norm=1.1147 seconds_per_update=0.228 peak_gpu_gb=4.34
{"iter": 42000, "mIoU": 0.7463403940200806, "per_class_iou": {"1": 0.6492536664009094, "2": 0.8499695062637329, "3": 0.7764703035354614, "4": 0.8680071234703064, "5": 0.4262197017669678, "6": 0.8703734874725342, "7": 0.7467410564422607, "8": 0.7836882472038269}, "confusion": [[0, 0, 0, 0, 0, 0, 0, 0, 0], [0, 140729135, 12932286, 8598519, 2153850, 5378923, 16509884, 9945096, 543496], [0, 5846930, 125891173, 200584, 3399, 379145, 646744, 121205, 49036], [0, 4576372, 181231, 55924102, 1660, 52771, 714046, 150707, 289726], [0, 972854, 3145, 35820, 37546699, 109264, 524140, 805553, 0], [0, 872614, 42070, 27173, 18599, 6804535, 122377, 902600, 0], [0, 5539912, 1772448, 1097171, 421382, 814906, 207415297, 845716, 84453], [0, 2039864, 19387, 65018, 659845, 439876, 1744641, 52305460, 0], [0, 115514, 23778, 108597, 0, 0, 52974, 0, 4592366]]}
iter 42050/160000: loss=0.24711 grad_norm=0.9368 seconds_per_update=0.229 peak_gpu_gb=4.34
iter 42100/160000: loss=0.05033 grad_norm=0.6798 seconds_per_update=0.229 peak_gpu_gb=4.34
iter 42150/160000: loss=0.16892 grad_norm=3.6948 seconds_per_update=0.229 peak_gpu_gb=4.34
iter 42200/160000: loss=0.26713 grad_norm=3.5249 seconds_per_update=0.229 peak_gpu_gb=4.34
iter 42250/160000: loss=0.08352 grad_norm=0.8979 seconds_per_update=0.229 peak_gpu_gb=4.34
iter 42300/160000: loss=0.24965 grad_norm=4.8329 seconds_per_update=0.229 peak_gpu_gb=4.34
iter 42350/160000: loss=0.15943 grad_norm=2.6854 seconds_per_update=0.229 peak_gpu_gb=4.34
iter 42400/160000: loss=0.21242 grad_norm=6.2647 seconds_per_update=0.229 peak_gpu_gb=4.34
iter 42450/160000: loss=0.24367 grad_norm=4.9732 seconds_per_update=0.229 peak_gpu_gb=4.34
iter 42500/160000: loss=0.10230 grad_norm=0.6861 seconds_per_update=0.229 peak_gpu_gb=4.34
iter 42550/160000: loss=0.46059 grad_norm=19.5747 seconds_per_update=0.229 peak_gpu_gb=4.34
iter 42600/160000: loss=0.72671 grad_norm=22.6388 seconds_per_update=0.229 peak_gpu_gb=4.34
iter 42650/160000: loss=0.30065 grad_norm=4.5853 seconds_per_update=0.229 peak_gpu_gb=4.34
iter 42700/160000: loss=0.08819 grad_norm=0.9615 seconds_per_update=0.229 peak_gpu_gb=4.34
iter 42750/160000: loss=0.22477 grad_norm=1.7886 seconds_per_update=0.229 peak_gpu_gb=4.34
iter 42800/160000: loss=0.30148 grad_norm=3.2484 seconds_per_update=0.229 peak_gpu_gb=4.34
iter 42850/160000: loss=1.09824 grad_norm=200.1243 seconds_per_update=0.229 peak_gpu_gb=4.34
iter 42900/160000: loss=0.02209 grad_norm=0.7435 seconds_per_update=0.229 peak_gpu_gb=4.34
iter 42950/160000: loss=0.15059 grad_norm=2.5563 seconds_per_update=0.229 peak_gpu_gb=4.34
iter 43000/160000: loss=0.25136 grad_norm=7.4939 seconds_per_update=0.229 peak_gpu_gb=4.34
iter 43050/160000: loss=0.12137 grad_norm=26.9738 seconds_per_update=0.229 peak_gpu_gb=4.34
iter 43100/160000: loss=0.20212 grad_norm=0.6717 seconds_per_update=0.229 peak_gpu_gb=4.34
iter 43150/160000: loss=0.45977 grad_norm=16.7137 seconds_per_update=0.229 peak_gpu_gb=4.34
iter 43200/160000: loss=0.02331 grad_norm=0.2459 seconds_per_update=0.229 peak_gpu_gb=4.34
iter 43250/160000: loss=0.04856 grad_norm=0.3378 seconds_per_update=0.229 peak_gpu_gb=4.34
iter 43300/160000: loss=0.21470 grad_norm=0.9802 seconds_per_update=0.229 peak_gpu_gb=4.34
iter 43350/160000: loss=0.36785 grad_norm=7.1604 seconds_per_update=0.229 peak_gpu_gb=4.34
iter 43400/160000: loss=0.13471 grad_norm=4.4923 seconds_per_update=0.229 peak_gpu_gb=4.34
iter 43450/160000: loss=0.25538 grad_norm=3.0424 seconds_per_update=0.229 peak_gpu_gb=4.34
iter 43500/160000: loss=0.11395 grad_norm=4.4544 seconds_per_update=0.229 peak_gpu_gb=4.34
iter 43550/160000: loss=0.13564 grad_norm=0.6613 seconds_per_update=0.229 peak_gpu_gb=4.34
iter 43600/160000: loss=0.10169 grad_norm=0.9200 seconds_per_update=0.229 peak_gpu_gb=4.34
iter 43650/160000: loss=0.11103 grad_norm=1.3240 seconds_per_update=0.228 peak_gpu_gb=4.34
iter 43700/160000: loss=0.04055 grad_norm=0.5034 seconds_per_update=0.228 peak_gpu_gb=4.34
iter 43750/160000: loss=0.14712 grad_norm=1.3657 seconds_per_update=0.228 peak_gpu_gb=4.34
iter 43800/160000: loss=0.19884 grad_norm=1.8572 seconds_per_update=0.228 peak_gpu_gb=4.34
iter 43850/160000: loss=0.37639 grad_norm=17.2052 seconds_per_update=0.228 peak_gpu_gb=4.34
iter 43900/160000: loss=0.30446 grad_norm=3.9947 seconds_per_update=0.228 peak_gpu_gb=4.34
iter 43950/160000: loss=0.12797 grad_norm=1.7543 seconds_per_update=0.228 peak_gpu_gb=4.34
iter 44000/160000: loss=0.15459 grad_norm=0.4891 seconds_per_update=0.228 peak_gpu_gb=4.34
iter 44050/160000: loss=0.24038 grad_norm=3.7337 seconds_per_update=0.228 peak_gpu_gb=4.34
iter 44100/160000: loss=0.13882 grad_norm=1.1141 seconds_per_update=0.228 peak_gpu_gb=4.34
iter 44150/160000: loss=0.16258 grad_norm=0.8779 seconds_per_update=0.228 peak_gpu_gb=4.34
iter 44200/160000: loss=0.10675 grad_norm=2.4347 seconds_per_update=0.228 peak_gpu_gb=4.34
iter 44250/160000: loss=0.17218 grad_norm=2.9716 seconds_per_update=0.228 peak_gpu_gb=4.34
iter 44300/160000: loss=0.29448 grad_norm=3.2570 seconds_per_update=0.228 peak_gpu_gb=4.34
iter 44350/160000: loss=0.17172 grad_norm=3.7485 seconds_per_update=0.228 peak_gpu_gb=4.34
iter 44400/160000: loss=0.25043 grad_norm=3.0618 seconds_per_update=0.228 peak_gpu_gb=4.34
iter 44450/160000: loss=0.10146 grad_norm=1.1717 seconds_per_update=0.228 peak_gpu_gb=4.34
iter 44500/160000: loss=0.23743 grad_norm=8.0212 seconds_per_update=0.228 peak_gpu_gb=4.34
iter 44550/160000: loss=0.09551 grad_norm=1.2425 seconds_per_update=0.228 peak_gpu_gb=4.34
iter 44600/160000: loss=0.09424 grad_norm=1.0237 seconds_per_update=0.228 peak_gpu_gb=4.34
iter 44650/160000: loss=0.21485 grad_norm=1.6505 seconds_per_update=0.228 peak_gpu_gb=4.34
iter 44700/160000: loss=0.40468 grad_norm=8.2730 seconds_per_update=0.228 peak_gpu_gb=4.34
iter 44750/160000: loss=0.35363 grad_norm=5.3910 seconds_per_update=0.228 peak_gpu_gb=4.34
iter 44800/160000: loss=0.18074 grad_norm=2.0953 seconds_per_update=0.228 peak_gpu_gb=4.34
{"iter": 44800, "mIoU": 0.7305290102958679, "per_class_iou": {"1": 0.653536856174469, "2": 0.8492394685745239, "3": 0.755366861820221, "4": 0.8618462681770325, "5": 0.42954501509666443, "6": 0.8738559484481812, "7": 0.730771541595459, "8": 0.6900700330734253}, "confusion": [[0, 0, 0, 0, 0, 0, 0, 0, 0], [0, 145368821, 7224733, 11947752, 2576877, 3714797, 12976389, 12021832, 959988], [0, 10770128, 120711185, 198228, 21295, 301624, 685401, 179198, 271157], [0, 3248547, 197005, 56677743, 5490, 32997, 941885, 236991, 549957], [0, 738592, 3008, 38681, 37841306, 48877, 320027, 1006984, 0], [0, 1487487, 23108, 22355, 24524, 5964412, 201337, 1066745, 0], [0, 7585657, 1523829, 842720, 636736, 734473, 203966111, 2498623, 203136], [0, 1750005, 11812, 47550, 644850, 262682, 272226, 54284966, 0], [0, 62406, 18627, 45499, 0, 0, 20763, 0, 4745934]]}
iter 44850/160000: loss=0.17722 grad_norm=6.8734 seconds_per_update=0.229 peak_gpu_gb=4.34
iter 44900/160000: loss=0.08582 grad_norm=3.0660 seconds_per_update=0.229 peak_gpu_gb=4.34
iter 44950/160000: loss=0.06913 grad_norm=0.7371 seconds_per_update=0.229 peak_gpu_gb=4.34
iter 45000/160000: loss=0.36705 grad_norm=2.6156 seconds_per_update=0.229 peak_gpu_gb=4.34
iter 45050/160000: loss=0.35908 grad_norm=4.0419 seconds_per_update=0.229 peak_gpu_gb=4.34
iter 45100/160000: loss=0.04832 grad_norm=10.4055 seconds_per_update=0.229 peak_gpu_gb=4.34
iter 45150/160000: loss=0.16989 grad_norm=2.9861 seconds_per_update=0.229 peak_gpu_gb=4.34
iter 45200/160000: loss=0.20100 grad_norm=1.3114 seconds_per_update=0.229 peak_gpu_gb=4.34
iter 45250/160000: loss=0.13270 grad_norm=1.8278 seconds_per_update=0.229 peak_gpu_gb=4.34
iter 45300/160000: loss=0.33504 grad_norm=4.8346 seconds_per_update=0.229 peak_gpu_gb=4.34
iter 45350/160000: loss=0.18962 grad_norm=1.6514 seconds_per_update=0.229 peak_gpu_gb=4.34
iter 45400/160000: loss=0.22408 grad_norm=5.1657 seconds_per_update=0.229 peak_gpu_gb=4.34
iter 45450/160000: loss=0.07515 grad_norm=1.1595 seconds_per_update=0.229 peak_gpu_gb=4.34
iter 45500/160000: loss=0.05607 grad_norm=1.1266 seconds_per_update=0.229 peak_gpu_gb=4.34
iter 45550/160000: loss=0.57593 grad_norm=8.9031 seconds_per_update=0.229 peak_gpu_gb=4.34
iter 45600/160000: loss=0.21527 grad_norm=15.2854 seconds_per_update=0.229 peak_gpu_gb=4.34
iter 45650/160000: loss=0.22470 grad_norm=10.6790 seconds_per_update=0.229 peak_gpu_gb=4.34
iter 45700/160000: loss=0.09914 grad_norm=0.8573 seconds_per_update=0.229 peak_gpu_gb=4.34
iter 45750/160000: loss=0.41471 grad_norm=37.1355 seconds_per_update=0.229 peak_gpu_gb=4.34
iter 45800/160000: loss=0.09603 grad_norm=0.7158 seconds_per_update=0.229 peak_gpu_gb=4.34
iter 45850/160000: loss=0.18374 grad_norm=1.2441 seconds_per_update=0.229 peak_gpu_gb=4.34
iter 45900/160000: loss=0.39678 grad_norm=7.7029 seconds_per_update=0.229 peak_gpu_gb=4.34
iter 45950/160000: loss=0.16075 grad_norm=5.4628 seconds_per_update=0.229 peak_gpu_gb=4.34
iter 46000/160000: loss=0.11060 grad_norm=1.0192 seconds_per_update=0.229 peak_gpu_gb=4.34
iter 46050/160000: loss=0.07005 grad_norm=0.8150 seconds_per_update=0.229 peak_gpu_gb=4.34
iter 46100/160000: loss=0.33073 grad_norm=3.8133 seconds_per_update=0.229 peak_gpu_gb=4.34
iter 46150/160000: loss=0.25469 grad_norm=1.9236 seconds_per_update=0.229 peak_gpu_gb=4.34
iter 46200/160000: loss=0.09488 grad_norm=0.8721 seconds_per_update=0.229 peak_gpu_gb=4.34
iter 46250/160000: loss=0.21845 grad_norm=3.5451 seconds_per_update=0.229 peak_gpu_gb=4.34
iter 46300/160000: loss=0.01605 grad_norm=0.2297 seconds_per_update=0.229 peak_gpu_gb=4.34
iter 46350/160000: loss=0.25840 grad_norm=2.0496 seconds_per_update=0.229 peak_gpu_gb=4.34
iter 46400/160000: loss=0.21888 grad_norm=4.2634 seconds_per_update=0.229 peak_gpu_gb=4.34
iter 46450/160000: loss=0.27487 grad_norm=3.0821 seconds_per_update=0.228 peak_gpu_gb=4.34
iter 46500/160000: loss=0.15141 grad_norm=1.9951 seconds_per_update=0.228 peak_gpu_gb=4.34
iter 46550/160000: loss=0.31342 grad_norm=2.1254 seconds_per_update=0.228 peak_gpu_gb=4.34
iter 46600/160000: loss=0.31422 grad_norm=3.8961 seconds_per_update=0.228 peak_gpu_gb=4.34
iter 46650/160000: loss=0.47138 grad_norm=5.6112 seconds_per_update=0.228 peak_gpu_gb=4.34
iter 46700/160000: loss=0.12949 grad_norm=0.6915 seconds_per_update=0.228 peak_gpu_gb=4.34
iter 46750/160000: loss=0.36404 grad_norm=9.9174 seconds_per_update=0.228 peak_gpu_gb=4.34
iter 46800/160000: loss=0.51666 grad_norm=3.3016 seconds_per_update=0.228 peak_gpu_gb=4.34
iter 46850/160000: loss=0.23734 grad_norm=4.5173 seconds_per_update=0.228 peak_gpu_gb=4.34
iter 46900/160000: loss=0.20576 grad_norm=2.4530 seconds_per_update=0.228 peak_gpu_gb=4.34
iter 46950/160000: loss=0.17684 grad_norm=2.1863 seconds_per_update=0.228 peak_gpu_gb=4.34
iter 47000/160000: loss=0.09907 grad_norm=3.9206 seconds_per_update=0.228 peak_gpu_gb=4.34
iter 47050/160000: loss=0.07054 grad_norm=2.4147 seconds_per_update=0.228 peak_gpu_gb=4.34
iter 47100/160000: loss=0.44132 grad_norm=76.9403 seconds_per_update=0.228 peak_gpu_gb=4.34
iter 47150/160000: loss=0.18532 grad_norm=1.6987 seconds_per_update=0.228 peak_gpu_gb=4.34
iter 47200/160000: loss=0.20564 grad_norm=2.3625 seconds_per_update=0.228 peak_gpu_gb=4.34
iter 47250/160000: loss=0.20150 grad_norm=2.1893 seconds_per_update=0.228 peak_gpu_gb=4.34
iter 47300/160000: loss=0.30739 grad_norm=9.8474 seconds_per_update=0.228 peak_gpu_gb=4.34
iter 47350/160000: loss=0.10566 grad_norm=0.8707 seconds_per_update=0.228 peak_gpu_gb=4.34
iter 47400/160000: loss=0.57852 grad_norm=13.0262 seconds_per_update=0.228 peak_gpu_gb=4.34
iter 47450/160000: loss=0.24620 grad_norm=1.9555 seconds_per_update=0.228 peak_gpu_gb=4.34
iter 47500/160000: loss=0.15581 grad_norm=1.9810 seconds_per_update=0.228 peak_gpu_gb=4.34
iter 47550/160000: loss=0.25903 grad_norm=5.7695 seconds_per_update=0.228 peak_gpu_gb=4.34
iter 47600/160000: loss=0.22979 grad_norm=1.4102 seconds_per_update=0.228 peak_gpu_gb=4.34
{"iter": 47600, "mIoU": 0.7307244539260864, "per_class_iou": {"1": 0.6472034454345703, "2": 0.8546327352523804, "3": 0.7592031955718994, "4": 0.8547727465629578, "5": 0.38472506403923035, "6": 0.8724716901779175, "7": 0.751840353012085, "8": 0.7209462523460388}, "confusion": [[0, 0, 0, 0, 0, 0, 0, 0, 0], [0, 143039044, 11103964, 11299335, 2581166, 7638800, 9583133, 10688959, 856788], [0, 6561442, 124923634, 229076, 36867, 399560, 662609, 171688, 153340], [0, 3468504, 246533, 56677234, 1941, 112616, 762242, 156766, 464779], [0, 686921, 3146, 27419, 37760821, 223081, 371670, 924417, 0], [0, 645500, 53716, 18225, 11182, 7188514, 68657, 804174, 0], [0, 11267950, 1591084, 1030045, 807931, 960338, 200774047, 1360277, 199613], [0, 1531271, 17776, 95573, 739882, 560445, 662498, 53666646, 0], [0, 58168, 17860, 63282, 0, 0, 18925, 0, 4734994]]}
iter 47650/160000: loss=0.16470 grad_norm=2.5120 seconds_per_update=0.229 peak_gpu_gb=4.34
iter 47700/160000: loss=0.80266 grad_norm=19.4574 seconds_per_update=0.229 peak_gpu_gb=4.34
iter 47750/160000: loss=0.29421 grad_norm=5.4445 seconds_per_update=0.229 peak_gpu_gb=4.34
iter 47800/160000: loss=0.34103 grad_norm=1.5513 seconds_per_update=0.229 peak_gpu_gb=4.34
iter 47850/160000: loss=0.37448 grad_norm=8.7534 seconds_per_update=0.229 peak_gpu_gb=4.34
iter 47900/160000: loss=0.03187 grad_norm=0.2811 seconds_per_update=0.229 peak_gpu_gb=4.34
iter 47950/160000: loss=0.23328 grad_norm=2.8980 seconds_per_update=0.229 peak_gpu_gb=4.34
iter 48000/160000: loss=0.23080 grad_norm=1.5552 seconds_per_update=0.229 peak_gpu_gb=4.34
iter 48050/160000: loss=0.18556 grad_norm=4.1105 seconds_per_update=0.229 peak_gpu_gb=4.34
iter 48100/160000: loss=0.24678 grad_norm=12.5438 seconds_per_update=0.229 peak_gpu_gb=4.34
iter 48150/160000: loss=0.25566 grad_norm=1.6601 seconds_per_update=0.229 peak_gpu_gb=4.34
iter 48200/160000: loss=0.13222 grad_norm=1.8220 seconds_per_update=0.229 peak_gpu_gb=4.34
iter 48250/160000: loss=0.25813 grad_norm=7.6836 seconds_per_update=0.229 peak_gpu_gb=4.34
iter 48300/160000: loss=0.27604 grad_norm=2.5345 seconds_per_update=0.229 peak_gpu_gb=4.34
iter 48350/160000: loss=0.25140 grad_norm=1.7472 seconds_per_update=0.229 peak_gpu_gb=4.34
iter 48400/160000: loss=0.15136 grad_norm=2.0404 seconds_per_update=0.229 peak_gpu_gb=4.34
iter 48450/160000: loss=0.04985 grad_norm=2.3120 seconds_per_update=0.229 peak_gpu_gb=4.34
iter 48500/160000: loss=0.13770 grad_norm=3.9046 seconds_per_update=0.229 peak_gpu_gb=4.34
iter 48550/160000: loss=0.29605 grad_norm=3.9417 seconds_per_update=0.229 peak_gpu_gb=4.34
iter 48600/160000: loss=0.21714 grad_norm=2.4701 seconds_per_update=0.229 peak_gpu_gb=4.34
iter 48650/160000: loss=0.91087 grad_norm=6.4122 seconds_per_update=0.229 peak_gpu_gb=4.34
iter 48700/160000: loss=0.36706 grad_norm=2.4459 seconds_per_update=0.229 peak_gpu_gb=4.34
iter 48750/160000: loss=0.14890 grad_norm=1.5188 seconds_per_update=0.229 peak_gpu_gb=4.34
iter 48800/160000: loss=0.47372 grad_norm=4.4019 seconds_per_update=0.229 peak_gpu_gb=4.34
iter 48850/160000: loss=0.35065 grad_norm=3.1858 seconds_per_update=0.229 peak_gpu_gb=4.34
iter 48900/160000: loss=0.02798 grad_norm=0.4086 seconds_per_update=0.229 peak_gpu_gb=4.34
iter 48950/160000: loss=0.14944 grad_norm=1.2733 seconds_per_update=0.229 peak_gpu_gb=4.34
iter 49000/160000: loss=0.13316 grad_norm=1.5511 seconds_per_update=0.229 peak_gpu_gb=4.34
iter 49050/160000: loss=0.39009 grad_norm=4.0302 seconds_per_update=0.229 peak_gpu_gb=4.34
iter 49100/160000: loss=0.07154 grad_norm=3.6923 seconds_per_update=0.229 peak_gpu_gb=4.34
iter 49150/160000: loss=0.20671 grad_norm=10.3137 seconds_per_update=0.229 peak_gpu_gb=4.34
iter 49200/160000: loss=0.25194 grad_norm=1.5599 seconds_per_update=0.229 peak_gpu_gb=4.34
iter 49250/160000: loss=0.15679 grad_norm=1.3449 seconds_per_update=0.228 peak_gpu_gb=4.34
iter 49300/160000: loss=0.12409 grad_norm=4.4371 seconds_per_update=0.228 peak_gpu_gb=4.34
iter 49350/160000: loss=0.19582 grad_norm=1.6533 seconds_per_update=0.228 peak_gpu_gb=4.34
iter 49400/160000: loss=0.31837 grad_norm=5.4664 seconds_per_update=0.228 peak_gpu_gb=4.34
iter 49450/160000: loss=0.07551 grad_norm=0.5403 seconds_per_update=0.228 peak_gpu_gb=4.34
iter 49500/160000: loss=0.26448 grad_norm=1.6944 seconds_per_update=0.228 peak_gpu_gb=4.34
iter 49550/160000: loss=0.14770 grad_norm=4.0297 seconds_per_update=0.228 peak_gpu_gb=4.34
iter 49600/160000: loss=0.08351 grad_norm=0.5870 seconds_per_update=0.228 peak_gpu_gb=4.34
iter 49650/160000: loss=0.13523 grad_norm=1.0598 seconds_per_update=0.228 peak_gpu_gb=4.34
iter 49700/160000: loss=0.06367 grad_norm=0.7876 seconds_per_update=0.228 peak_gpu_gb=4.34
iter 49750/160000: loss=0.51783 grad_norm=7.9322 seconds_per_update=0.228 peak_gpu_gb=4.34
iter 49800/160000: loss=0.91055 grad_norm=13.8817 seconds_per_update=0.228 peak_gpu_gb=4.34
iter 49850/160000: loss=0.19451 grad_norm=3.9885 seconds_per_update=0.228 peak_gpu_gb=4.34
iter 49900/160000: loss=0.17779 grad_norm=2.0008 seconds_per_update=0.228 peak_gpu_gb=4.34
iter 49950/160000: loss=0.43032 grad_norm=25.4699 seconds_per_update=0.228 peak_gpu_gb=4.34
iter 50000/160000: loss=0.31170 grad_norm=11.4817 seconds_per_update=0.228 peak_gpu_gb=4.34
iter 50050/160000: loss=0.26113 grad_norm=2.6406 seconds_per_update=0.228 peak_gpu_gb=4.34
iter 50100/160000: loss=0.24933 grad_norm=4.6319 seconds_per_update=0.228 peak_gpu_gb=4.34
iter 50150/160000: loss=0.17299 grad_norm=1.6594 seconds_per_update=0.228 peak_gpu_gb=4.34
iter 50200/160000: loss=0.31386 grad_norm=5.8823 seconds_per_update=0.228 peak_gpu_gb=4.34
iter 50250/160000: loss=0.28007 grad_norm=14.1836 seconds_per_update=0.228 peak_gpu_gb=4.34
iter 50300/160000: loss=0.23450 grad_norm=1.0172 seconds_per_update=0.228 peak_gpu_gb=4.34
iter 50350/160000: loss=0.21314 grad_norm=20.4210 seconds_per_update=0.228 peak_gpu_gb=4.34
iter 50400/160000: loss=0.06652 grad_norm=0.3265 seconds_per_update=0.228 peak_gpu_gb=4.34
{"iter": 50400, "mIoU": 0.7446424961090088, "per_class_iou": {"1": 0.6729238629341125, "2": 0.8486737012863159, "3": 0.7839962244033813, "4": 0.8586036562919617, "5": 0.41985583305358887, "6": 0.873618483543396, "7": 0.7550595998764038, "8": 0.7444087266921997}, "confusion": [[0, 0, 0, 0, 0, 0, 0, 0, 0], [0, 148224749, 7900001, 6261652, 2160819, 5723662, 15334769, 10482788, 702749], [0, 9374664, 121359258, 121755, 39911, 392731, 1611703, 116697, 121497], [0, 5424023, 562749, 54235570, 2088, 95035, 923795, 214333, 433022], [0, 735835, 2688, 29992, 37156706, 175006, 796163, 1101085, 0], [0, 943000, 27579, 13088, 16877, 6922446, 143035, 723943, 0], [0, 5531808, 1330978, 769126, 506255, 752316, 207929265, 1003505, 168032], [0, 1366879, 18106, 51512, 552307, 558955, 1180187, 53546145, 0], [0, 102332, 18402, 40613, 0, 0, 28314, 0, 4703568]]}
iter 50450/160000: loss=0.07735 grad_norm=3.0995 seconds_per_update=0.229 peak_gpu_gb=4.34
iter 50500/160000: loss=0.37370 grad_norm=10.3531 seconds_per_update=0.229 peak_gpu_gb=4.34
iter 50550/160000: loss=0.13496 grad_norm=1.3390 seconds_per_update=0.229 peak_gpu_gb=4.34
iter 50600/160000: loss=0.28061 grad_norm=3.5781 seconds_per_update=0.229 peak_gpu_gb=4.34
iter 50650/160000: loss=0.24691 grad_norm=3.5231 seconds_per_update=0.229 peak_gpu_gb=4.34
iter 50700/160000: loss=0.28452 grad_norm=1.4133 seconds_per_update=0.229 peak_gpu_gb=4.34
iter 50750/160000: loss=0.15967 grad_norm=1.0916 seconds_per_update=0.229 peak_gpu_gb=4.34
iter 50800/160000: loss=0.19317 grad_norm=1.8883 seconds_per_update=0.229 peak_gpu_gb=4.34
iter 50850/160000: loss=0.27640 grad_norm=2.3918 seconds_per_update=0.229 peak_gpu_gb=4.34
iter 50900/160000: loss=0.12176 grad_norm=1.7649 seconds_per_update=0.229 peak_gpu_gb=4.34
iter 50950/160000: loss=0.60771 grad_norm=46.0951 seconds_per_update=0.229 peak_gpu_gb=4.34
iter 51000/160000: loss=0.34303 grad_norm=3.2320 seconds_per_update=0.229 peak_gpu_gb=4.34
iter 51050/160000: loss=0.21259 grad_norm=0.8157 seconds_per_update=0.229 peak_gpu_gb=4.34
iter 51100/160000: loss=0.11894 grad_norm=1.3756 seconds_per_update=0.229 peak_gpu_gb=4.34
iter 51150/160000: loss=0.10342 grad_norm=1.9159 seconds_per_update=0.229 peak_gpu_gb=4.34
iter 51200/160000: loss=0.07142 grad_norm=0.4320 seconds_per_update=0.229 peak_gpu_gb=4.34
iter 51250/160000: loss=0.06259 grad_norm=1.3727 seconds_per_update=0.229 peak_gpu_gb=4.34
iter 51300/160000: loss=0.12244 grad_norm=1.0585 seconds_per_update=0.229 peak_gpu_gb=4.34
iter 51350/160000: loss=0.10219 grad_norm=1.3270 seconds_per_update=0.229 peak_gpu_gb=4.34
iter 51400/160000: loss=0.36330 grad_norm=4.3386 seconds_per_update=0.229 peak_gpu_gb=4.34
iter 51450/160000: loss=0.41546 grad_norm=4.2036 seconds_per_update=0.229 peak_gpu_gb=4.34
iter 51500/160000: loss=0.26698 grad_norm=3.6519 seconds_per_update=0.229 peak_gpu_gb=4.34
iter 51550/160000: loss=0.31239 grad_norm=3.0575 seconds_per_update=0.229 peak_gpu_gb=4.34
iter 51600/160000: loss=0.19912 grad_norm=2.5922 seconds_per_update=0.229 peak_gpu_gb=4.34
iter 51650/160000: loss=0.34184 grad_norm=2.6290 seconds_per_update=0.229 peak_gpu_gb=4.34
iter 51700/160000: loss=0.19895 grad_norm=2.2654 seconds_per_update=0.229 peak_gpu_gb=4.34
iter 51750/160000: loss=0.27880 grad_norm=1.4482 seconds_per_update=0.229 peak_gpu_gb=4.34
iter 51800/160000: loss=0.05924 grad_norm=0.5542 seconds_per_update=0.229 peak_gpu_gb=4.34
iter 51850/160000: loss=0.10626 grad_norm=1.7870 seconds_per_update=0.229 peak_gpu_gb=4.34
iter 51900/160000: loss=0.02703 grad_norm=0.6476 seconds_per_update=0.229 peak_gpu_gb=4.34
iter 51950/160000: loss=0.16146 grad_norm=7.4234 seconds_per_update=0.229 peak_gpu_gb=4.34
iter 52000/160000: loss=0.23329 grad_norm=1.1318 seconds_per_update=0.229 peak_gpu_gb=4.34
iter 52050/160000: loss=0.50335 grad_norm=5.2415 seconds_per_update=0.228 peak_gpu_gb=4.34
iter 52100/160000: loss=0.13239 grad_norm=2.2426 seconds_per_update=0.228 peak_gpu_gb=4.34
iter 52150/160000: loss=0.49774 grad_norm=4.5163 seconds_per_update=0.228 peak_gpu_gb=4.34
iter 52200/160000: loss=0.12403 grad_norm=0.4642 seconds_per_update=0.228 peak_gpu_gb=4.34
iter 52250/160000: loss=0.20480 grad_norm=2.1424 seconds_per_update=0.228 peak_gpu_gb=4.34
iter 52300/160000: loss=0.04398 grad_norm=0.8685 seconds_per_update=0.228 peak_gpu_gb=4.34
iter 52350/160000: loss=0.13488 grad_norm=0.8686 seconds_per_update=0.228 peak_gpu_gb=4.34
iter 52400/160000: loss=0.29652 grad_norm=2.9826 seconds_per_update=0.228 peak_gpu_gb=4.34
iter 52450/160000: loss=0.16607 grad_norm=2.1838 seconds_per_update=0.228 peak_gpu_gb=4.34
iter 52500/160000: loss=0.24676 grad_norm=8.7364 seconds_per_update=0.228 peak_gpu_gb=4.34
iter 52550/160000: loss=0.00304 grad_norm=0.0652 seconds_per_update=0.228 peak_gpu_gb=4.34
iter 52600/160000: loss=0.41246 grad_norm=5.9630 seconds_per_update=0.228 peak_gpu_gb=4.34
iter 52650/160000: loss=0.35327 grad_norm=4.5941 seconds_per_update=0.228 peak_gpu_gb=4.34
iter 52700/160000: loss=0.05322 grad_norm=0.4350 seconds_per_update=0.228 peak_gpu_gb=4.34
iter 52750/160000: loss=0.20054 grad_norm=4.4389 seconds_per_update=0.228 peak_gpu_gb=4.34
iter 52800/160000: loss=0.07727 grad_norm=0.3805 seconds_per_update=0.228 peak_gpu_gb=4.34
iter 52850/160000: loss=0.26732 grad_norm=15.2385 seconds_per_update=0.228 peak_gpu_gb=4.34
iter 52900/160000: loss=0.01938 grad_norm=0.1707 seconds_per_update=0.228 peak_gpu_gb=4.34
iter 52950/160000: loss=0.20395 grad_norm=2.6262 seconds_per_update=0.228 peak_gpu_gb=4.34
iter 53000/160000: loss=0.15618 grad_norm=0.6699 seconds_per_update=0.228 peak_gpu_gb=4.34
iter 53050/160000: loss=0.12641 grad_norm=1.8873 seconds_per_update=0.228 peak_gpu_gb=4.34
iter 53100/160000: loss=0.08632 grad_norm=4.2798 seconds_per_update=0.228 peak_gpu_gb=4.34
iter 53150/160000: loss=0.32530 grad_norm=5.8521 seconds_per_update=0.228 peak_gpu_gb=4.34
iter 53200/160000: loss=0.02564 grad_norm=0.4823 seconds_per_update=0.228 peak_gpu_gb=4.34
{"iter": 53200, "mIoU": 0.7444645166397095, "per_class_iou": {"1": 0.6695737242698669, "2": 0.8515032529830933, "3": 0.7757599949836731, "4": 0.861526370048523, "5": 0.3995753526687622, "6": 0.8809277415275574, "7": 0.7428820133209229, "8": 0.7739678025245667}, "confusion": [[0, 0, 0, 0, 0, 0, 0, 0, 0], [0, 149812545, 8623652, 8626885, 2470596, 4953325, 10099553, 11614083, 590550], [0, 9546821, 122273111, 245498, 5351, 346123, 474941, 185936, 60435], [0, 4732780, 124223, 55892394, 2234, 62579, 569167, 196234, 311004], [0, 724269, 3482, 17908, 37574326, 101355, 471837, 1104298, 0], [0, 1392073, 25886, 18070, 37918, 6244196, 38809, 1033016, 0], [0, 9155057, 1646546, 1093507, 455860, 948058, 202675735, 1915766, 100756], [0, 1277759, 9903, 60212, 644245, 425672, 385654, 54470646, 0], [0, 123247, 24865, 95860, 0, 0, 39525, 0, 4609732]]}
iter 53250/160000: loss=0.19785 grad_norm=7.8996 seconds_per_update=0.229 peak_gpu_gb=4.34
iter 53300/160000: loss=0.83382 grad_norm=70.9919 seconds_per_update=0.229 peak_gpu_gb=4.34
iter 53350/160000: loss=0.29670 grad_norm=7.6115 seconds_per_update=0.229 peak_gpu_gb=4.34
iter 53400/160000: loss=0.74465 grad_norm=7.7131 seconds_per_update=0.229 peak_gpu_gb=4.34
iter 53450/160000: loss=0.06235 grad_norm=0.3536 seconds_per_update=0.229 peak_gpu_gb=4.34
iter 53500/160000: loss=0.16458 grad_norm=16.0482 seconds_per_update=0.229 peak_gpu_gb=4.34
iter 53550/160000: loss=0.36812 grad_norm=4.9970 seconds_per_update=0.229 peak_gpu_gb=4.34
iter 53600/160000: loss=0.14021 grad_norm=1.9909 seconds_per_update=0.229 peak_gpu_gb=4.34
iter 53650/160000: loss=0.54153 grad_norm=26.7670 seconds_per_update=0.229 peak_gpu_gb=4.34
iter 53700/160000: loss=1.96689 grad_norm=16.9845 seconds_per_update=0.229 peak_gpu_gb=4.34
iter 53750/160000: loss=0.31900 grad_norm=3.1471 seconds_per_update=0.229 peak_gpu_gb=4.34
iter 53800/160000: loss=0.20559 grad_norm=1.2839 seconds_per_update=0.229 peak_gpu_gb=4.34
iter 53850/160000: loss=0.10322 grad_norm=1.4663 seconds_per_update=0.229 peak_gpu_gb=4.34
iter 53900/160000: loss=0.19933 grad_norm=0.7938 seconds_per_update=0.229 peak_gpu_gb=4.34
iter 53950/160000: loss=0.12721 grad_norm=1.3558 seconds_per_update=0.229 peak_gpu_gb=4.34
iter 54000/160000: loss=0.10460 grad_norm=1.2032 seconds_per_update=0.229 peak_gpu_gb=4.34
iter 54050/160000: loss=0.07751 grad_norm=0.8204 seconds_per_update=0.229 peak_gpu_gb=4.34
iter 54100/160000: loss=0.16540 grad_norm=1.9713 seconds_per_update=0.229 peak_gpu_gb=4.34
iter 54150/160000: loss=0.22315 grad_norm=2.0434 seconds_per_update=0.229 peak_gpu_gb=4.34
iter 54200/160000: loss=0.18990 grad_norm=8.2716 seconds_per_update=0.229 peak_gpu_gb=4.34
iter 54250/160000: loss=0.28851 grad_norm=5.6575 seconds_per_update=0.229 peak_gpu_gb=4.34
iter 54300/160000: loss=0.07366 grad_norm=7.3745 seconds_per_update=0.229 peak_gpu_gb=4.34
iter 54350/160000: loss=0.13665 grad_norm=10.4712 seconds_per_update=0.229 peak_gpu_gb=4.34
iter 54400/160000: loss=0.16785 grad_norm=1.1220 seconds_per_update=0.229 peak_gpu_gb=4.34
iter 54450/160000: loss=0.37385 grad_norm=2.6884 seconds_per_update=0.229 peak_gpu_gb=4.34
iter 54500/160000: loss=0.10074 grad_norm=0.5388 seconds_per_update=0.229 peak_gpu_gb=4.34
iter 54550/160000: loss=0.03982 grad_norm=0.4805 seconds_per_update=0.229 peak_gpu_gb=4.34
iter 54600/160000: loss=0.07692 grad_norm=3.2397 seconds_per_update=0.229 peak_gpu_gb=4.34
iter 54650/160000: loss=0.30395 grad_norm=1.4317 seconds_per_update=0.229 peak_gpu_gb=4.34
iter 54700/160000: loss=0.21278 grad_norm=1.5455 seconds_per_update=0.229 peak_gpu_gb=4.34
iter 54750/160000: loss=0.08053 grad_norm=8.6349 seconds_per_update=0.229 peak_gpu_gb=4.34
iter 54800/160000: loss=0.06745 grad_norm=1.0160 seconds_per_update=0.228 peak_gpu_gb=4.34
iter 54850/160000: loss=0.18410 grad_norm=2.3452 seconds_per_update=0.228 peak_gpu_gb=4.34
iter 54900/160000: loss=0.13779 grad_norm=0.8545 seconds_per_update=0.228 peak_gpu_gb=4.34
iter 54950/160000: loss=0.13792 grad_norm=0.8529 seconds_per_update=0.228 peak_gpu_gb=4.34
iter 55000/160000: loss=0.40274 grad_norm=9.5436 seconds_per_update=0.228 peak_gpu_gb=4.34
iter 55050/160000: loss=0.51687 grad_norm=35.7159 seconds_per_update=0.228 peak_gpu_gb=4.34
iter 55100/160000: loss=0.19612 grad_norm=1.0095 seconds_per_update=0.228 peak_gpu_gb=4.34
iter 55150/160000: loss=0.11281 grad_norm=1.0707 seconds_per_update=0.228 peak_gpu_gb=4.34
iter 55200/160000: loss=0.03431 grad_norm=0.2880 seconds_per_update=0.228 peak_gpu_gb=4.34
iter 55250/160000: loss=0.36029 grad_norm=11.0757 seconds_per_update=0.228 peak_gpu_gb=4.34
iter 55300/160000: loss=0.21705 grad_norm=1.6133 seconds_per_update=0.228 peak_gpu_gb=4.34
iter 55350/160000: loss=0.63956 grad_norm=18.3326 seconds_per_update=0.228 peak_gpu_gb=4.34
iter 55400/160000: loss=0.89198 grad_norm=21.7390 seconds_per_update=0.228 peak_gpu_gb=4.34
iter 55450/160000: loss=0.47646 grad_norm=4.4858 seconds_per_update=0.228 peak_gpu_gb=4.34
iter 55500/160000: loss=0.17106 grad_norm=3.0866 seconds_per_update=0.228 peak_gpu_gb=4.34
iter 55550/160000: loss=0.18886 grad_norm=1.7411 seconds_per_update=0.228 peak_gpu_gb=4.34
iter 55600/160000: loss=0.22504 grad_norm=2.5348 seconds_per_update=0.228 peak_gpu_gb=4.34
iter 55650/160000: loss=0.10493 grad_norm=2.5264 seconds_per_update=0.228 peak_gpu_gb=4.34
iter 55700/160000: loss=0.34167 grad_norm=2.9281 seconds_per_update=0.228 peak_gpu_gb=4.34
iter 55750/160000: loss=0.28591 grad_norm=2.0727 seconds_per_update=0.228 peak_gpu_gb=4.34
iter 55800/160000: loss=0.14053 grad_norm=6.7560 seconds_per_update=0.228 peak_gpu_gb=4.34
iter 55850/160000: loss=0.32783 grad_norm=4.4474 seconds_per_update=0.228 peak_gpu_gb=4.34
iter 55900/160000: loss=0.54386 grad_norm=40.4040 seconds_per_update=0.228 peak_gpu_gb=4.34
iter 55950/160000: loss=0.23711 grad_norm=8.5264 seconds_per_update=0.228 peak_gpu_gb=4.34
iter 56000/160000: loss=0.32885 grad_norm=20.6789 seconds_per_update=0.228 peak_gpu_gb=4.34
{"iter": 56000, "mIoU": 0.7465279698371887, "per_class_iou": {"1": 0.6709994077682495, "2": 0.8559489250183105, "3": 0.7804499268531799, "4": 0.8667514324188232, "5": 0.4311152398586273, "6": 0.8777323365211487, "7": 0.744527280330658, "8": 0.7446994781494141}, "confusion": [[0, 0, 0, 0, 0, 0, 0, 0, 0], [0, 147512050, 9797749, 8788195, 2652513, 3843807, 11887077, 11547830, 761968], [0, 7436980, 123875950, 198728, 25965, 299237, 1035728, 190347, 75281], [0, 4043117, 157172, 56388221, 4687, 41244, 679450, 158444, 418280], [0, 627104, 3623, 21619, 38024494, 49904, 358584, 912147, 0], [0, 1502663, 29542, 38693, 28591, 6043585, 90405, 1056489, 0], [0, 7880612, 1553710, 1154437, 485262, 754727, 203907429, 2061866, 193242], [0, 1500237, 16809, 92102, 675637, 239604, 249399, 54500303, 0], [0, 57415, 26724, 66518, 0, 0, 19688, 0, 4722884]]}
iter 56050/160000: loss=0.24457 grad_norm=8.9131 seconds_per_update=0.229 peak_gpu_gb=4.34
iter 56100/160000: loss=0.41939 grad_norm=8.8049 seconds_per_update=0.229 peak_gpu_gb=4.34
iter 56150/160000: loss=0.36286 grad_norm=14.9578 seconds_per_update=0.229 peak_gpu_gb=4.34
iter 56200/160000: loss=0.30285 grad_norm=6.8077 seconds_per_update=0.229 peak_gpu_gb=4.34
iter 56250/160000: loss=0.16546 grad_norm=2.0227 seconds_per_update=0.229 peak_gpu_gb=4.34
iter 56300/160000: loss=0.07370 grad_norm=7.3428 seconds_per_update=0.229 peak_gpu_gb=4.34
iter 56350/160000: loss=0.44333 grad_norm=32.8192 seconds_per_update=0.229 peak_gpu_gb=4.34
iter 56400/160000: loss=0.25574 grad_norm=5.9880 seconds_per_update=0.229 peak_gpu_gb=4.34
iter 56450/160000: loss=0.40373 grad_norm=106.1072 seconds_per_update=0.229 peak_gpu_gb=4.34
iter 56500/160000: loss=0.70659 grad_norm=70.3799 seconds_per_update=0.229 peak_gpu_gb=4.34
iter 56550/160000: loss=0.28387 grad_norm=3.5927 seconds_per_update=0.229 peak_gpu_gb=4.34
iter 56600/160000: loss=0.17128 grad_norm=0.8740 seconds_per_update=0.229 peak_gpu_gb=4.34
iter 56650/160000: loss=0.11851 grad_norm=1.5925 seconds_per_update=0.229 peak_gpu_gb=4.34
iter 56700/160000: loss=0.75623 grad_norm=36.7376 seconds_per_update=0.229 peak_gpu_gb=4.34
iter 56750/160000: loss=0.20582 grad_norm=4.7687 seconds_per_update=0.229 peak_gpu_gb=4.34
iter 56800/160000: loss=0.15018 grad_norm=1.9993 seconds_per_update=0.229 peak_gpu_gb=4.34
iter 56850/160000: loss=0.19264 grad_norm=2.9598 seconds_per_update=0.229 peak_gpu_gb=4.34
iter 56900/160000: loss=0.73337 grad_norm=5.4206 seconds_per_update=0.229 peak_gpu_gb=4.34
iter 56950/160000: loss=0.25181 grad_norm=25.1364 seconds_per_update=0.229 peak_gpu_gb=4.34
iter 57000/160000: loss=0.19011 grad_norm=15.5991 seconds_per_update=0.229 peak_gpu_gb=4.34
iter 57050/160000: loss=0.06704 grad_norm=1.6038 seconds_per_update=0.229 peak_gpu_gb=4.34
iter 57100/160000: loss=0.28095 grad_norm=4.1912 seconds_per_update=0.229 peak_gpu_gb=4.34
iter 57150/160000: loss=0.16818 grad_norm=0.6020 seconds_per_update=0.229 peak_gpu_gb=4.34
iter 57200/160000: loss=0.19037 grad_norm=1.0113 seconds_per_update=0.229 peak_gpu_gb=4.34
iter 57250/160000: loss=1.79480 grad_norm=26.5620 seconds_per_update=0.229 peak_gpu_gb=4.34
iter 57300/160000: loss=0.15067 grad_norm=1.5531 seconds_per_update=0.229 peak_gpu_gb=4.34
iter 57350/160000: loss=0.46780 grad_norm=2.2138 seconds_per_update=0.229 peak_gpu_gb=4.34
iter 57400/160000: loss=2.81046 grad_norm=8.3983 seconds_per_update=0.229 peak_gpu_gb=4.34
iter 57450/160000: loss=0.22336 grad_norm=2.5548 seconds_per_update=0.229 peak_gpu_gb=4.34
iter 57500/160000: loss=0.15805 grad_norm=1.8279 seconds_per_update=0.229 peak_gpu_gb=4.34
iter 57550/160000: loss=0.07407 grad_norm=0.7906 seconds_per_update=0.229 peak_gpu_gb=4.34
iter 57600/160000: loss=0.01653 grad_norm=0.2868 seconds_per_update=0.229 peak_gpu_gb=4.34
iter 57650/160000: loss=0.19741 grad_norm=3.1384 seconds_per_update=0.229 peak_gpu_gb=4.34
iter 57700/160000: loss=0.16873 grad_norm=0.9113 seconds_per_update=0.228 peak_gpu_gb=4.34
iter 57750/160000: loss=0.09588 grad_norm=2.7926 seconds_per_update=0.228 peak_gpu_gb=4.34
iter 57800/160000: loss=0.27737 grad_norm=8.6102 seconds_per_update=0.228 peak_gpu_gb=4.34
iter 57850/160000: loss=0.16158 grad_norm=6.5468 seconds_per_update=0.228 peak_gpu_gb=4.34
iter 57900/160000: loss=0.21992 grad_norm=12.2036 seconds_per_update=0.228 peak_gpu_gb=4.34
iter 57950/160000: loss=0.07543 grad_norm=0.9974 seconds_per_update=0.228 peak_gpu_gb=4.34
iter 58000/160000: loss=0.13798 grad_norm=7.6014 seconds_per_update=0.228 peak_gpu_gb=4.34
iter 58050/160000: loss=0.12729 grad_norm=6.0056 seconds_per_update=0.228 peak_gpu_gb=4.34
iter 58100/160000: loss=0.24282 grad_norm=3.3769 seconds_per_update=0.228 peak_gpu_gb=4.34
iter 58150/160000: loss=0.18214 grad_norm=0.9787 seconds_per_update=0.228 peak_gpu_gb=4.34
iter 58200/160000: loss=0.09549 grad_norm=4.3615 seconds_per_update=0.228 peak_gpu_gb=4.34
iter 58250/160000: loss=0.31600 grad_norm=10.1276 seconds_per_update=0.228 peak_gpu_gb=4.34
iter 58300/160000: loss=0.18445 grad_norm=2.3928 seconds_per_update=0.228 peak_gpu_gb=4.34
iter 58350/160000: loss=0.24227 grad_norm=4.6162 seconds_per_update=0.228 peak_gpu_gb=4.34
iter 58400/160000: loss=0.09261 grad_norm=1.3805 seconds_per_update=0.228 peak_gpu_gb=4.34
iter 58450/160000: loss=0.09012 grad_norm=6.9542 seconds_per_update=0.228 peak_gpu_gb=4.34
iter 58500/160000: loss=0.23296 grad_norm=5.7613 seconds_per_update=0.228 peak_gpu_gb=4.34
iter 58550/160000: loss=0.10868 grad_norm=0.5044 seconds_per_update=0.228 peak_gpu_gb=4.34
iter 58600/160000: loss=0.15578 grad_norm=1.6810 seconds_per_update=0.228 peak_gpu_gb=4.34
iter 58650/160000: loss=0.12471 grad_norm=1.8245 seconds_per_update=0.228 peak_gpu_gb=4.34
iter 58700/160000: loss=0.21368 grad_norm=3.3814 seconds_per_update=0.228 peak_gpu_gb=4.34
iter 58750/160000: loss=0.30499 grad_norm=4.0132 seconds_per_update=0.228 peak_gpu_gb=4.34
iter 58800/160000: loss=0.17221 grad_norm=2.9222 seconds_per_update=0.228 peak_gpu_gb=4.34
{"iter": 58800, "mIoU": 0.7363096475601196, "per_class_iou": {"1": 0.6606999039649963, "2": 0.8550621271133423, "3": 0.781126856803894, "4": 0.8698645830154419, "5": 0.4155523180961609, "6": 0.8756898641586304, "7": 0.722999095916748, "8": 0.7094821929931641}, "confusion": [[0, 0, 0, 0, 0, 0, 0, 0, 0], [0, 144800505, 12362036, 7955775, 2406468, 3906205, 10944467, 13451246, 964487], [0, 5625860, 126057455, 154439, 10027, 427315, 602412, 152227, 108481], [0, 4684671, 171851, 55269876, 2982, 62823, 905731, 249030, 543651], [0, 574719, 3902, 14267, 37852185, 52166, 372698, 1127538, 0], [0, 1478888, 24266, 16938, 16572, 5978505, 55929, 1218870, 0], [0, 8939036, 1678465, 633244, 476495, 906899, 202355239, 2781128, 220779], [0, 1018414, 27174, 53190, 605017, 241513, 197111, 55131672, 0], [0, 49525, 19016, 38117, 0, 0, 11311, 0, 4775260]]}
iter 58850/160000: loss=0.10564 grad_norm=1.1357 seconds_per_update=0.229 peak_gpu_gb=4.34
iter 58900/160000: loss=0.14558 grad_norm=0.9002 seconds_per_update=0.229 peak_gpu_gb=4.34
iter 58950/160000: loss=0.15179 grad_norm=6.2896 seconds_per_update=0.229 peak_gpu_gb=4.34
iter 59000/160000: loss=0.13091 grad_norm=3.7637 seconds_per_update=0.229 peak_gpu_gb=4.34
iter 59050/160000: loss=0.17701 grad_norm=1.4365 seconds_per_update=0.229 peak_gpu_gb=4.34
iter 59100/160000: loss=0.14018 grad_norm=5.0807 seconds_per_update=0.229 peak_gpu_gb=4.34
iter 59150/160000: loss=0.62795 grad_norm=27.9484 seconds_per_update=0.229 peak_gpu_gb=4.34
iter 59200/160000: loss=0.08614 grad_norm=4.9968 seconds_per_update=0.229 peak_gpu_gb=4.34
iter 59250/160000: loss=0.21839 grad_norm=5.5484 seconds_per_update=0.229 peak_gpu_gb=4.34
iter 59300/160000: loss=0.33947 grad_norm=4.5381 seconds_per_update=0.229 peak_gpu_gb=4.34
iter 59350/160000: loss=0.44775 grad_norm=49.7742 seconds_per_update=0.229 peak_gpu_gb=4.34
iter 59400/160000: loss=0.10847 grad_norm=0.9634 seconds_per_update=0.229 peak_gpu_gb=4.34
iter 59450/160000: loss=0.04326 grad_norm=0.4943 seconds_per_update=0.229 peak_gpu_gb=4.34
iter 59500/160000: loss=0.09903 grad_norm=2.5315 seconds_per_update=0.229 peak_gpu_gb=4.34
iter 59550/160000: loss=0.24237 grad_norm=16.2022 seconds_per_update=0.229 peak_gpu_gb=4.34
iter 59600/160000: loss=0.19280 grad_norm=5.4079 seconds_per_update=0.229 peak_gpu_gb=4.34
iter 59650/160000: loss=0.06587 grad_norm=0.5500 seconds_per_update=0.229 peak_gpu_gb=4.34
iter 59700/160000: loss=0.15337 grad_norm=2.2101 seconds_per_update=0.229 peak_gpu_gb=4.34
iter 59750/160000: loss=0.04228 grad_norm=0.4142 seconds_per_update=0.229 peak_gpu_gb=4.34
iter 59800/160000: loss=0.11496 grad_norm=3.5349 seconds_per_update=0.229 peak_gpu_gb=4.34
iter 59850/160000: loss=0.10462 grad_norm=2.6363 seconds_per_update=0.229 peak_gpu_gb=4.34
iter 59900/160000: loss=0.08424 grad_norm=0.7438 seconds_per_update=0.229 peak_gpu_gb=4.34
iter 59950/160000: loss=0.25475 grad_norm=1.2594 seconds_per_update=0.229 peak_gpu_gb=4.34
iter 60000/160000: loss=0.25137 grad_norm=2.0613 seconds_per_update=0.229 peak_gpu_gb=4.34
iter 60050/160000: loss=0.16056 grad_norm=4.5648 seconds_per_update=0.229 peak_gpu_gb=4.34
iter 60100/160000: loss=0.19888 grad_norm=2.0510 seconds_per_update=0.229 peak_gpu_gb=4.34
iter 60150/160000: loss=0.69953 grad_norm=15.2715 seconds_per_update=0.229 peak_gpu_gb=4.34
iter 60200/160000: loss=0.12451 grad_norm=4.1332 seconds_per_update=0.229 peak_gpu_gb=4.34
iter 60250/160000: loss=0.12112 grad_norm=2.8090 seconds_per_update=0.229 peak_gpu_gb=4.34
iter 60300/160000: loss=0.12599 grad_norm=1.0694 seconds_per_update=0.229 peak_gpu_gb=4.34
iter 60350/160000: loss=0.12379 grad_norm=3.9740 seconds_per_update=0.229 peak_gpu_gb=4.34
iter 60400/160000: loss=0.14515 grad_norm=2.0780 seconds_per_update=0.229 peak_gpu_gb=4.34
iter 60450/160000: loss=0.10679 grad_norm=2.2338 seconds_per_update=0.229 peak_gpu_gb=4.34
iter 60500/160000: loss=0.30168 grad_norm=2.3022 seconds_per_update=0.228 peak_gpu_gb=4.34
iter 60550/160000: loss=0.12577 grad_norm=2.7018 seconds_per_update=0.228 peak_gpu_gb=4.34
iter 60600/160000: loss=0.18064 grad_norm=2.9985 seconds_per_update=0.228 peak_gpu_gb=4.34
iter 60650/160000: loss=0.31831 grad_norm=5.0725 seconds_per_update=0.228 peak_gpu_gb=4.34
iter 60700/160000: loss=0.04471 grad_norm=0.5815 seconds_per_update=0.228 peak_gpu_gb=4.34
iter 60750/160000: loss=0.06926 grad_norm=5.4490 seconds_per_update=0.228 peak_gpu_gb=4.34
iter 60800/160000: loss=0.12657 grad_norm=1.1328 seconds_per_update=0.228 peak_gpu_gb=4.34
iter 60850/160000: loss=0.14618 grad_norm=1.4318 seconds_per_update=0.228 peak_gpu_gb=4.34
iter 60900/160000: loss=0.13910 grad_norm=1.9679 seconds_per_update=0.228 peak_gpu_gb=4.34
iter 60950/160000: loss=0.45665 grad_norm=12.1961 seconds_per_update=0.228 peak_gpu_gb=4.34
iter 61000/160000: loss=0.21910 grad_norm=1.9233 seconds_per_update=0.228 peak_gpu_gb=4.34
iter 61050/160000: loss=0.07324 grad_norm=0.4296 seconds_per_update=0.228 peak_gpu_gb=4.34
iter 61100/160000: loss=0.14934 grad_norm=3.9401 seconds_per_update=0.228 peak_gpu_gb=4.34
iter 61150/160000: loss=0.07045 grad_norm=0.8618 seconds_per_update=0.228 peak_gpu_gb=4.34
iter 61200/160000: loss=0.19326 grad_norm=7.0127 seconds_per_update=0.228 peak_gpu_gb=4.34
iter 61250/160000: loss=0.46185 grad_norm=14.7354 seconds_per_update=0.228 peak_gpu_gb=4.34
iter 61300/160000: loss=0.32688 grad_norm=8.2790 seconds_per_update=0.228 peak_gpu_gb=4.34
iter 61350/160000: loss=0.21760 grad_norm=6.4551 seconds_per_update=0.228 peak_gpu_gb=4.34
iter 61400/160000: loss=0.22336 grad_norm=2.2215 seconds_per_update=0.228 peak_gpu_gb=4.34
iter 61450/160000: loss=0.09761 grad_norm=2.3919 seconds_per_update=0.228 peak_gpu_gb=4.34
iter 61500/160000: loss=0.16980 grad_norm=1.5513 seconds_per_update=0.228 peak_gpu_gb=4.34
iter 61550/160000: loss=0.11355 grad_norm=1.1904 seconds_per_update=0.228 peak_gpu_gb=4.34
iter 61600/160000: loss=0.17791 grad_norm=6.2945 seconds_per_update=0.228 peak_gpu_gb=4.34
{"iter": 61600, "mIoU": 0.7538366317749023, "per_class_iou": {"1": 0.6776536703109741, "2": 0.8578819632530212, "3": 0.7780473828315735, "4": 0.8646379113197327, "5": 0.4529816508293152, "6": 0.8794853091239929, "7": 0.7339339256286621, "8": 0.7860714793205261}, "confusion": [[0, 0, 0, 0, 0, 0, 0, 0, 0], [0, 151376513, 8951873, 8722273, 2432841, 3284656, 9649329, 11898705, 474999], [0, 8099823, 123222456, 153023, 67580, 378848, 943803, 212285, 60398], [0, 4618493, 119758, 55928479, 3057, 36260, 633142, 241641, 309785], [0, 790925, 2788, 12817, 37698605, 99990, 392277, 1000073, 0], [0, 1460533, 11015, 21362, 14856, 6117740, 68490, 1095972, 0], [0, 9793150, 1378041, 942278, 472030, 632232, 202178833, 2451232, 143489], [0, 1694237, 15393, 48273, 612617, 283539, 181218, 54438814, 0], [0, 134945, 18600, 92488, 0, 0, 23602, 0, 4623594]]}
iter 61650/160000: loss=0.13410 grad_norm=0.5878 seconds_per_update=0.229 peak_gpu_gb=4.34
iter 61700/160000: loss=0.11027 grad_norm=0.5975 seconds_per_update=0.229 peak_gpu_gb=4.34
iter 61750/160000: loss=0.19804 grad_norm=4.6274 seconds_per_update=0.229 peak_gpu_gb=4.34
iter 61800/160000: loss=0.23061 grad_norm=4.6961 seconds_per_update=0.229 peak_gpu_gb=4.34
iter 61850/160000: loss=0.29077 grad_norm=11.9316 seconds_per_update=0.229 peak_gpu_gb=4.34
iter 61900/160000: loss=0.13515 grad_norm=1.0301 seconds_per_update=0.229 peak_gpu_gb=4.34
iter 61950/160000: loss=0.08578 grad_norm=1.0500 seconds_per_update=0.229 peak_gpu_gb=4.34
iter 62000/160000: loss=0.57939 grad_norm=21.0559 seconds_per_update=0.229 peak_gpu_gb=4.34
iter 62050/160000: loss=0.17375 grad_norm=3.9779 seconds_per_update=0.229 peak_gpu_gb=4.34
iter 62100/160000: loss=0.24051 grad_norm=1.0686 seconds_per_update=0.229 peak_gpu_gb=4.34
iter 62150/160000: loss=0.30729 grad_norm=4.6590 seconds_per_update=0.229 peak_gpu_gb=4.34
iter 62200/160000: loss=0.27450 grad_norm=2.6132 seconds_per_update=0.229 peak_gpu_gb=4.34
iter 62250/160000: loss=0.14654 grad_norm=2.4199 seconds_per_update=0.229 peak_gpu_gb=4.34
iter 62300/160000: loss=0.05041 grad_norm=9.1735 seconds_per_update=0.229 peak_gpu_gb=4.34
iter 62350/160000: loss=0.07196 grad_norm=1.7199 seconds_per_update=0.229 peak_gpu_gb=4.34
iter 62400/160000: loss=0.11558 grad_norm=0.9533 seconds_per_update=0.229 peak_gpu_gb=4.34
iter 62450/160000: loss=0.14825 grad_norm=6.4841 seconds_per_update=0.229 peak_gpu_gb=4.34
iter 62500/160000: loss=0.15110 grad_norm=3.1432 seconds_per_update=0.229 peak_gpu_gb=4.34
iter 62550/160000: loss=0.22593 grad_norm=4.5348 seconds_per_update=0.229 peak_gpu_gb=4.34
iter 62600/160000: loss=0.31483 grad_norm=3.1744 seconds_per_update=0.229 peak_gpu_gb=4.34
iter 62650/160000: loss=0.05561 grad_norm=0.8330 seconds_per_update=0.229 peak_gpu_gb=4.34
iter 62700/160000: loss=0.13027 grad_norm=0.7673 seconds_per_update=0.229 peak_gpu_gb=4.34
iter 62750/160000: loss=0.26338 grad_norm=47.9335 seconds_per_update=0.229 peak_gpu_gb=4.34
iter 62800/160000: loss=0.09364 grad_norm=0.5719 seconds_per_update=0.229 peak_gpu_gb=4.34
iter 62850/160000: loss=0.07591 grad_norm=0.4975 seconds_per_update=0.229 peak_gpu_gb=4.34
iter 62900/160000: loss=0.30911 grad_norm=1.9124 seconds_per_update=0.229 peak_gpu_gb=4.34
iter 62950/160000: loss=0.11289 grad_norm=0.6846 seconds_per_update=0.229 peak_gpu_gb=4.34
iter 63000/160000: loss=0.15214 grad_norm=1.6392 seconds_per_update=0.229 peak_gpu_gb=4.34
iter 63050/160000: loss=0.33146 grad_norm=3.4114 seconds_per_update=0.229 peak_gpu_gb=4.34
iter 63100/160000: loss=0.09603 grad_norm=1.7467 seconds_per_update=0.229 peak_gpu_gb=4.34
iter 63150/160000: loss=0.14179 grad_norm=1.2412 seconds_per_update=0.229 peak_gpu_gb=4.34
iter 63200/160000: loss=0.08909 grad_norm=0.8647 seconds_per_update=0.229 peak_gpu_gb=4.34
iter 63250/160000: loss=0.09565 grad_norm=2.4392 seconds_per_update=0.229 peak_gpu_gb=4.34
iter 63300/160000: loss=0.06059 grad_norm=1.1645 seconds_per_update=0.229 peak_gpu_gb=4.34
iter 63350/160000: loss=0.02494 grad_norm=0.6769 seconds_per_update=0.229 peak_gpu_gb=4.34
iter 63400/160000: loss=0.12464 grad_norm=4.2430 seconds_per_update=0.229 peak_gpu_gb=4.34
iter 63450/160000: loss=0.11057 grad_norm=1.3578 seconds_per_update=0.228 peak_gpu_gb=4.34
iter 63500/160000: loss=0.19541 grad_norm=1.5231 seconds_per_update=0.228 peak_gpu_gb=4.34
iter 63550/160000: loss=0.20460 grad_norm=6.2069 seconds_per_update=0.228 peak_gpu_gb=4.34
iter 63600/160000: loss=0.02341 grad_norm=0.7614 seconds_per_update=0.228 peak_gpu_gb=4.34
iter 63650/160000: loss=0.32668 grad_norm=5.4988 seconds_per_update=0.228 peak_gpu_gb=4.34
iter 63700/160000: loss=0.56995 grad_norm=32.5999 seconds_per_update=0.228 peak_gpu_gb=4.34
iter 63750/160000: loss=0.02575 grad_norm=0.5183 seconds_per_update=0.228 peak_gpu_gb=4.34
iter 63800/160000: loss=0.07660 grad_norm=0.6023 seconds_per_update=0.228 peak_gpu_gb=4.34
iter 63850/160000: loss=0.22868 grad_norm=1.7380 seconds_per_update=0.228 peak_gpu_gb=4.34
iter 63900/160000: loss=0.06535 grad_norm=1.3622 seconds_per_update=0.228 peak_gpu_gb=4.34
iter 63950/160000: loss=0.22037 grad_norm=6.5945 seconds_per_update=0.228 peak_gpu_gb=4.34
iter 64000/160000: loss=0.55491 grad_norm=28.4319 seconds_per_update=0.228 peak_gpu_gb=4.34
iter 64050/160000: loss=0.04274 grad_norm=0.3731 seconds_per_update=0.228 peak_gpu_gb=4.34
iter 64100/160000: loss=0.17313 grad_norm=1.8073 seconds_per_update=0.228 peak_gpu_gb=4.34
iter 64150/160000: loss=0.15062 grad_norm=3.0634 seconds_per_update=0.228 peak_gpu_gb=4.34
iter 64200/160000: loss=0.12359 grad_norm=3.3278 seconds_per_update=0.228 peak_gpu_gb=4.34
iter 64250/160000: loss=0.06630 grad_norm=1.3146 seconds_per_update=0.228 peak_gpu_gb=4.34
iter 64300/160000: loss=0.03607 grad_norm=0.3437 seconds_per_update=0.228 peak_gpu_gb=4.34
iter 64350/160000: loss=0.31307 grad_norm=5.5410 seconds_per_update=0.228 peak_gpu_gb=4.34
iter 64400/160000: loss=0.01753 grad_norm=0.1316 seconds_per_update=0.228 peak_gpu_gb=4.34
{"iter": 64400, "mIoU": 0.7507163882255554, "per_class_iou": {"1": 0.6729835271835327, "2": 0.8532260060310364, "3": 0.7641250491142273, "4": 0.868220865726471, "5": 0.4464256763458252, "6": 0.8830702304840088, "7": 0.7513706088066101, "8": 0.7663089632987976}, "confusion": [[0, 0, 0, 0, 0, 0, 0, 0, 0], [0, 149274152, 6923382, 10930113, 1893458, 3197928, 12608130, 11385584, 578442], [0, 10430813, 120888076, 281445, 12973, 292361, 1029244, 135145, 68159], [0, 3631758, 96189, 56529254, 4260, 39635, 1037417, 158045, 394057], [0, 1075564, 3395, 19675, 37336455, 91642, 388626, 1082118, 0], [0, 1719472, 20931, 22986, 11712, 5922824, 99127, 992916, 0], [0, 6712336, 1461105, 666782, 613331, 513103, 206356919, 1500185, 167524], [0, 1349472, 24329, 85145, 470198, 342576, 506902, 54495469, 0], [0, 98897, 15993, 82305, 0, 0, 20468, 0, 4675566]]}
iter 64450/160000: loss=0.04647 grad_norm=1.1780 seconds_per_update=0.229 peak_gpu_gb=4.34
iter 64500/160000: loss=0.06157 grad_norm=0.9845 seconds_per_update=0.229 peak_gpu_gb=4.34
iter 64550/160000: loss=0.57617 grad_norm=6.8433 seconds_per_update=0.229 peak_gpu_gb=4.34
iter 64600/160000: loss=0.11887 grad_norm=2.4297 seconds_per_update=0.229 peak_gpu_gb=4.34
iter 64650/160000: loss=0.21158 grad_norm=6.9418 seconds_per_update=0.229 peak_gpu_gb=4.34
iter 64700/160000: loss=0.07831 grad_norm=0.4398 seconds_per_update=0.229 peak_gpu_gb=4.34
iter 64750/160000: loss=0.17272 grad_norm=10.8181 seconds_per_update=0.229 peak_gpu_gb=4.34
iter 64800/160000: loss=0.09405 grad_norm=0.7365 seconds_per_update=0.229 peak_gpu_gb=4.34
iter 64850/160000: loss=0.19467 grad_norm=2.5757 seconds_per_update=0.229 peak_gpu_gb=4.34
iter 64900/160000: loss=0.29997 grad_norm=4.8587 seconds_per_update=0.229 peak_gpu_gb=4.34
iter 64950/160000: loss=0.27932 grad_norm=5.1761 seconds_per_update=0.229 peak_gpu_gb=4.34
iter 65000/160000: loss=0.18215 grad_norm=0.9385 seconds_per_update=0.229 peak_gpu_gb=4.34
iter 65050/160000: loss=0.09435 grad_norm=0.4663 seconds_per_update=0.229 peak_gpu_gb=4.34
iter 65100/160000: loss=0.46151 grad_norm=36.5427 seconds_per_update=0.229 peak_gpu_gb=4.34
iter 65150/160000: loss=0.08017 grad_norm=1.1062 seconds_per_update=0.229 peak_gpu_gb=4.34
iter 65200/160000: loss=0.09050 grad_norm=1.6078 seconds_per_update=0.229 peak_gpu_gb=4.34
iter 65250/160000: loss=0.11958 grad_norm=11.9905 seconds_per_update=0.229 peak_gpu_gb=4.34
iter 65300/160000: loss=0.10923 grad_norm=1.6060 seconds_per_update=0.229 peak_gpu_gb=4.34
iter 65350/160000: loss=0.31735 grad_norm=5.4417 seconds_per_update=0.229 peak_gpu_gb=4.34
iter 65400/160000: loss=0.24936 grad_norm=2.0510 seconds_per_update=0.229 peak_gpu_gb=4.34
iter 65450/160000: loss=0.10619 grad_norm=1.2921 seconds_per_update=0.229 peak_gpu_gb=4.34
iter 65500/160000: loss=0.22589 grad_norm=4.9645 seconds_per_update=0.229 peak_gpu_gb=4.34
iter 65550/160000: loss=0.14353 grad_norm=1.0106 seconds_per_update=0.229 peak_gpu_gb=4.34
iter 65600/160000: loss=0.56357 grad_norm=18.9948 seconds_per_update=0.229 peak_gpu_gb=4.34
iter 65650/160000: loss=0.04081 grad_norm=0.6780 seconds_per_update=0.229 peak_gpu_gb=4.34
iter 65700/160000: loss=0.08371 grad_norm=1.4221 seconds_per_update=0.229 peak_gpu_gb=4.34
iter 65750/160000: loss=0.04359 grad_norm=0.3541 seconds_per_update=0.229 peak_gpu_gb=4.34
iter 65800/160000: loss=0.81270 grad_norm=13.0703 seconds_per_update=0.229 peak_gpu_gb=4.34
iter 65850/160000: loss=0.14531 grad_norm=4.8082 seconds_per_update=0.229 peak_gpu_gb=4.34
iter 65900/160000: loss=0.14073 grad_norm=2.4953 seconds_per_update=0.229 peak_gpu_gb=4.34
iter 65950/160000: loss=0.09920 grad_norm=6.5889 seconds_per_update=0.229 peak_gpu_gb=4.34
iter 66000/160000: loss=0.11140 grad_norm=0.4826 seconds_per_update=0.229 peak_gpu_gb=4.34
iter 66050/160000: loss=0.25306 grad_norm=3.8170 seconds_per_update=0.229 peak_gpu_gb=4.34
iter 66100/160000: loss=0.18689 grad_norm=2.7506 seconds_per_update=0.229 peak_gpu_gb=4.34
iter 66150/160000: loss=0.02514 grad_norm=0.3093 seconds_per_update=0.229 peak_gpu_gb=4.34
iter 66200/160000: loss=0.12486 grad_norm=1.4004 seconds_per_update=0.229 peak_gpu_gb=4.34
iter 66250/160000: loss=0.81510 grad_norm=10.1697 seconds_per_update=0.228 peak_gpu_gb=4.34
iter 66300/160000: loss=0.16364 grad_norm=1.5316 seconds_per_update=0.228 peak_gpu_gb=4.34
iter 66350/160000: loss=0.12427 grad_norm=1.7517 seconds_per_update=0.228 peak_gpu_gb=4.34
iter 66400/160000: loss=0.19753 grad_norm=1.7729 seconds_per_update=0.228 peak_gpu_gb=4.34
iter 66450/160000: loss=0.13821 grad_norm=3.7645 seconds_per_update=0.228 peak_gpu_gb=4.34
iter 66500/160000: loss=0.10610 grad_norm=3.2773 seconds_per_update=0.228 peak_gpu_gb=4.34
iter 66550/160000: loss=0.34147 grad_norm=3.4440 seconds_per_update=0.228 peak_gpu_gb=4.34
iter 66600/160000: loss=0.17450 grad_norm=1.6212 seconds_per_update=0.228 peak_gpu_gb=4.34
iter 66650/160000: loss=0.19854 grad_norm=3.5765 seconds_per_update=0.228 peak_gpu_gb=4.34
iter 66700/160000: loss=0.12656 grad_norm=3.3422 seconds_per_update=0.228 peak_gpu_gb=4.34
iter 66750/160000: loss=0.08618 grad_norm=1.4402 seconds_per_update=0.228 peak_gpu_gb=4.34
iter 66800/160000: loss=0.23812 grad_norm=5.4516 seconds_per_update=0.228 peak_gpu_gb=4.34
iter 66850/160000: loss=0.29574 grad_norm=5.3903 seconds_per_update=0.228 peak_gpu_gb=4.34
iter 66900/160000: loss=0.04911 grad_norm=0.9281 seconds_per_update=0.228 peak_gpu_gb=4.34
iter 66950/160000: loss=0.66680 grad_norm=27.2514 seconds_per_update=0.228 peak_gpu_gb=4.34
iter 67000/160000: loss=0.14346 grad_norm=3.7681 seconds_per_update=0.228 peak_gpu_gb=4.34
iter 67050/160000: loss=0.16046 grad_norm=4.8600 seconds_per_update=0.228 peak_gpu_gb=4.34
iter 67100/160000: loss=0.34909 grad_norm=4.2591 seconds_per_update=0.228 peak_gpu_gb=4.34
iter 67150/160000: loss=0.27756 grad_norm=3.8442 seconds_per_update=0.228 peak_gpu_gb=4.34
iter 67200/160000: loss=0.21569 grad_norm=2.6840 seconds_per_update=0.228 peak_gpu_gb=4.34
{"iter": 67200, "mIoU": 0.7490830421447754, "per_class_iou": {"1": 0.6844379305839539, "2": 0.8598607778549194, "3": 0.7899677157402039, "4": 0.8545020222663879, "5": 0.42467546463012695, "6": 0.8808884024620056, "7": 0.7584549784660339, "8": 0.7398771047592163}, "confusion": [[0, 0, 0, 0, 0, 0, 0, 0, 0], [0, 150981942, 8829423, 8002426, 2505997, 4797087, 12923236, 7983838, 767240], [0, 7642866, 123437744, 152351, 28174, 454245, 1194415, 121669, 106752], [0, 4155507, 134849, 56177347, 2195, 56211, 849153, 105542, 409811], [0, 885197, 4339, 14645, 38248205, 55610, 299720, 489759, 0], [0, 1211166, 13493, 24410, 26610, 6584914, 97089, 832286, 0], [0, 6674199, 1397553, 847721, 780258, 930588, 206277088, 906433, 177445], [0, 3164902, 20258, 94237, 1420101, 422047, 794810, 51357736, 0], [0, 67552, 17385, 87072, 0, 0, 19688, 0, 4701532]]}
iter 67250/160000: loss=0.05266 grad_norm=0.8607 seconds_per_update=0.229 peak_gpu_gb=4.34
iter 67300/160000: loss=0.24425 grad_norm=1.6526 seconds_per_update=0.229 peak_gpu_gb=4.34
iter 67350/160000: loss=0.11404 grad_norm=1.3255 seconds_per_update=0.229 peak_gpu_gb=4.34
iter 67400/160000: loss=0.09030 grad_norm=0.6540 seconds_per_update=0.229 peak_gpu_gb=4.34
iter 67450/160000: loss=0.09715 grad_norm=1.0620 seconds_per_update=0.229 peak_gpu_gb=4.34
iter 67500/160000: loss=0.10920 grad_norm=1.1576 seconds_per_update=0.229 peak_gpu_gb=4.34
iter 67550/160000: loss=0.15516 grad_norm=1.2684 seconds_per_update=0.229 peak_gpu_gb=4.34
iter 67600/160000: loss=0.24324 grad_norm=1.6745 seconds_per_update=0.229 peak_gpu_gb=4.34
iter 67650/160000: loss=0.09207 grad_norm=1.3209 seconds_per_update=0.229 peak_gpu_gb=4.34
iter 67700/160000: loss=0.23202 grad_norm=4.1279 seconds_per_update=0.229 peak_gpu_gb=4.34
iter 67750/160000: loss=0.15073 grad_norm=2.1900 seconds_per_update=0.229 peak_gpu_gb=4.34
iter 67800/160000: loss=0.06374 grad_norm=3.1316 seconds_per_update=0.229 peak_gpu_gb=4.34
iter 67850/160000: loss=0.23102 grad_norm=1.6224 seconds_per_update=0.229 peak_gpu_gb=4.34
iter 67900/160000: loss=0.22225 grad_norm=4.4074 seconds_per_update=0.229 peak_gpu_gb=4.34
iter 67950/160000: loss=0.33699 grad_norm=2.1134 seconds_per_update=0.229 peak_gpu_gb=4.34
iter 68000/160000: loss=0.44816 grad_norm=6.7177 seconds_per_update=0.229 peak_gpu_gb=4.34
iter 68050/160000: loss=0.07173 grad_norm=1.0341 seconds_per_update=0.229 peak_gpu_gb=4.34
iter 68100/160000: loss=0.39508 grad_norm=7.8428 seconds_per_update=0.229 peak_gpu_gb=4.34
iter 68150/160000: loss=0.21259 grad_norm=10.8968 seconds_per_update=0.229 peak_gpu_gb=4.34
iter 68200/160000: loss=0.30098 grad_norm=2.2612 seconds_per_update=0.229 peak_gpu_gb=4.34
iter 68250/160000: loss=0.55850 grad_norm=5.1264 seconds_per_update=0.229 peak_gpu_gb=4.34
iter 68300/160000: loss=0.26880 grad_norm=6.5000 seconds_per_update=0.229 peak_gpu_gb=4.34
iter 68350/160000: loss=0.01947 grad_norm=0.6703 seconds_per_update=0.229 peak_gpu_gb=4.34
iter 68400/160000: loss=0.10340 grad_norm=3.7196 seconds_per_update=0.229 peak_gpu_gb=4.34
iter 68450/160000: loss=0.04691 grad_norm=0.6446 seconds_per_update=0.229 peak_gpu_gb=4.34
iter 68500/160000: loss=0.21843 grad_norm=3.4680 seconds_per_update=0.229 peak_gpu_gb=4.34
iter 68550/160000: loss=0.07261 grad_norm=1.4666 seconds_per_update=0.229 peak_gpu_gb=4.34
iter 68600/160000: loss=0.14628 grad_norm=48.5657 seconds_per_update=0.229 peak_gpu_gb=4.34
iter 68650/160000: loss=0.07270 grad_norm=0.5063 seconds_per_update=0.229 peak_gpu_gb=4.34
iter 68700/160000: loss=0.04946 grad_norm=0.3436 seconds_per_update=0.229 peak_gpu_gb=4.34
iter 68750/160000: loss=0.34328 grad_norm=1.8553 seconds_per_update=0.229 peak_gpu_gb=4.34
iter 68800/160000: loss=0.16646 grad_norm=1.3157 seconds_per_update=0.229 peak_gpu_gb=4.34
iter 68850/160000: loss=0.22295 grad_norm=4.3296 seconds_per_update=0.229 peak_gpu_gb=4.34
iter 68900/160000: loss=0.08873 grad_norm=0.6524 seconds_per_update=0.229 peak_gpu_gb=4.34
iter 68950/160000: loss=0.55152 grad_norm=22.9777 seconds_per_update=0.229 peak_gpu_gb=4.34
iter 69000/160000: loss=0.41958 grad_norm=14.3865 seconds_per_update=0.229 peak_gpu_gb=4.34
iter 69050/160000: loss=3.58077 grad_norm=56.0732 seconds_per_update=0.228 peak_gpu_gb=4.34
iter 69100/160000: loss=0.65038 grad_norm=36.3874 seconds_per_update=0.228 peak_gpu_gb=4.34
iter 69150/160000: loss=0.03463 grad_norm=0.8793 seconds_per_update=0.228 peak_gpu_gb=4.34
iter 69200/160000: loss=0.71199 grad_norm=13.3146 seconds_per_update=0.228 peak_gpu_gb=4.34
iter 69250/160000: loss=0.12394 grad_norm=1.4109 seconds_per_update=0.228 peak_gpu_gb=4.34
iter 69300/160000: loss=0.21251 grad_norm=1.9290 seconds_per_update=0.228 peak_gpu_gb=4.34
iter 69350/160000: loss=0.24845 grad_norm=6.6135 seconds_per_update=0.228 peak_gpu_gb=4.34
iter 69400/160000: loss=0.13234 grad_norm=0.5853 seconds_per_update=0.228 peak_gpu_gb=4.34
iter 69450/160000: loss=0.03155 grad_norm=0.2619 seconds_per_update=0.228 peak_gpu_gb=4.34
iter 69500/160000: loss=0.14873 grad_norm=5.1062 seconds_per_update=0.228 peak_gpu_gb=4.34
iter 69550/160000: loss=3.37396 grad_norm=37.3054 seconds_per_update=0.228 peak_gpu_gb=4.34
iter 69600/160000: loss=0.19900 grad_norm=6.1176 seconds_per_update=0.228 peak_gpu_gb=4.34
iter 69650/160000: loss=0.01992 grad_norm=0.1770 seconds_per_update=0.228 peak_gpu_gb=4.34
iter 69700/160000: loss=0.09931 grad_norm=0.1669 seconds_per_update=0.228 peak_gpu_gb=4.34
iter 69750/160000: loss=0.87133 grad_norm=6.6673 seconds_per_update=0.228 peak_gpu_gb=4.34
iter 69800/160000: loss=0.29477 grad_norm=2.1318 seconds_per_update=0.228 peak_gpu_gb=4.34
iter 69850/160000: loss=0.19998 grad_norm=0.5446 seconds_per_update=0.228 peak_gpu_gb=4.34
iter 69900/160000: loss=0.15851 grad_norm=1.3232 seconds_per_update=0.228 peak_gpu_gb=4.34
iter 69950/160000: loss=0.70584 grad_norm=6.2057 seconds_per_update=0.228 peak_gpu_gb=4.34
iter 70000/160000: loss=0.09373 grad_norm=1.6336 seconds_per_update=0.228 peak_gpu_gb=4.34
{"iter": 70000, "mIoU": 0.7497198581695557, "per_class_iou": {"1": 0.6807218194007874, "2": 0.8572754263877869, "3": 0.7841072678565979, "4": 0.8663882613182068, "5": 0.4517834782600403, "6": 0.8827987313270569, "7": 0.7416942119598389, "8": 0.7329897880554199}, "confusion": [[0, 0, 0, 0, 0, 0, 0, 0, 0], [0, 151160887, 9022468, 8308529, 2468989, 3197821, 9828506, 11978905, 825084], [0, 8263752, 123515025, 227130, 1743, 281741, 640226, 130448, 78151], [0, 4356702, 134894, 56159279, 2173, 28400, 601753, 142025, 465389], [0, 659705, 4981, 15789, 37706940, 45705, 399326, 1165029, 0], [0, 1716794, 22474, 36131, 31346, 5944912, 90007, 948304, 0], [0, 9026189, 1716400, 977379, 439308, 500618, 202924410, 2179764, 227217], [0, 1192207, 19825, 113890, 580958, 314510, 301902, 54750799, 0], [0, 53154, 19311, 52471, 0, 0, 11871, 0, 4756422]]}
iter 70050/160000: loss=0.21834 grad_norm=4.4682 seconds_per_update=0.229 peak_gpu_gb=4.34
iter 70100/160000: loss=0.10296 grad_norm=0.7181 seconds_per_update=0.229 peak_gpu_gb=4.34
iter 70150/160000: loss=0.06972 grad_norm=0.8325 seconds_per_update=0.229 peak_gpu_gb=4.34
iter 70200/160000: loss=0.07656 grad_norm=1.6313 seconds_per_update=0.229 peak_gpu_gb=4.34
iter 70250/160000: loss=0.17158 grad_norm=7.0513 seconds_per_update=0.229 peak_gpu_gb=4.34
iter 70300/160000: loss=0.36178 grad_norm=12.0710 seconds_per_update=0.229 peak_gpu_gb=4.34
iter 70350/160000: loss=0.23188 grad_norm=5.0029 seconds_per_update=0.229 peak_gpu_gb=4.34
iter 70400/160000: loss=0.14149 grad_norm=1.1473 seconds_per_update=0.229 peak_gpu_gb=4.34
iter 70450/160000: loss=0.38921 grad_norm=6.4494 seconds_per_update=0.229 peak_gpu_gb=4.34
iter 70500/160000: loss=0.23017 grad_norm=2.4900 seconds_per_update=0.229 peak_gpu_gb=4.34
iter 70550/160000: loss=0.21858 grad_norm=2.2624 seconds_per_update=0.229 peak_gpu_gb=4.34
iter 70600/160000: loss=0.14714 grad_norm=1.9539 seconds_per_update=0.229 peak_gpu_gb=4.34
iter 70650/160000: loss=0.08293 grad_norm=2.1996 seconds_per_update=0.229 peak_gpu_gb=4.34
iter 70700/160000: loss=0.35123 grad_norm=147.9153 seconds_per_update=0.229 peak_gpu_gb=4.34
iter 70750/160000: loss=0.22748 grad_norm=2.2640 seconds_per_update=0.229 peak_gpu_gb=4.34
iter 70800/160000: loss=0.17526 grad_norm=2.8201 seconds_per_update=0.229 peak_gpu_gb=4.34
iter 70850/160000: loss=0.09549 grad_norm=0.3648 seconds_per_update=0.229 peak_gpu_gb=4.34
iter 70900/160000: loss=0.27131 grad_norm=2.4459 seconds_per_update=0.229 peak_gpu_gb=4.34
iter 70950/160000: loss=0.25120 grad_norm=3.6753 seconds_per_update=0.229 peak_gpu_gb=4.34
iter 71000/160000: loss=0.19889 grad_norm=0.9714 seconds_per_update=0.229 peak_gpu_gb=4.34
iter 71050/160000: loss=0.44304 grad_norm=17.0284 seconds_per_update=0.229 peak_gpu_gb=4.34
iter 71100/160000: loss=0.04773 grad_norm=2.3484 seconds_per_update=0.229 peak_gpu_gb=4.34
iter 71150/160000: loss=0.09313 grad_norm=4.3303 seconds_per_update=0.229 peak_gpu_gb=4.34
iter 71200/160000: loss=0.13313 grad_norm=1.4750 seconds_per_update=0.229 peak_gpu_gb=4.34
iter 71250/160000: loss=0.24800 grad_norm=3.2546 seconds_per_update=0.229 peak_gpu_gb=4.34
iter 71300/160000: loss=0.33400 grad_norm=1.6506 seconds_per_update=0.229 peak_gpu_gb=4.34
iter 71350/160000: loss=0.04686 grad_norm=7.3061 seconds_per_update=0.229 peak_gpu_gb=4.34
iter 71400/160000: loss=0.19000 grad_norm=1.1465 seconds_per_update=0.229 peak_gpu_gb=4.34
iter 71450/160000: loss=0.27435 grad_norm=1.5506 seconds_per_update=0.229 peak_gpu_gb=4.34
iter 71500/160000: loss=0.02282 grad_norm=0.1537 seconds_per_update=0.229 peak_gpu_gb=4.34
iter 71550/160000: loss=0.14719 grad_norm=1.0896 seconds_per_update=0.229 peak_gpu_gb=4.34
iter 71600/160000: loss=0.09504 grad_norm=7.6811 seconds_per_update=0.229 peak_gpu_gb=4.34
iter 71650/160000: loss=0.15023 grad_norm=1.1152 seconds_per_update=0.229 peak_gpu_gb=4.34
iter 71700/160000: loss=0.34041 grad_norm=5.9329 seconds_per_update=0.229 peak_gpu_gb=4.34
iter 71750/160000: loss=0.45066 grad_norm=17.3106 seconds_per_update=0.229 peak_gpu_gb=4.34
iter 71800/160000: loss=0.10078 grad_norm=0.2609 seconds_per_update=0.229 peak_gpu_gb=4.34
iter 71850/160000: loss=0.09903 grad_norm=0.9315 seconds_per_update=0.228 peak_gpu_gb=4.34
iter 71900/160000: loss=0.09731 grad_norm=1.2255 seconds_per_update=0.228 peak_gpu_gb=4.34
iter 71950/160000: loss=0.15045 grad_norm=0.9691 seconds_per_update=0.228 peak_gpu_gb=4.34
iter 72000/160000: loss=0.06368 grad_norm=0.9258 seconds_per_update=0.228 peak_gpu_gb=4.34
iter 72050/160000: loss=0.12339 grad_norm=22.9222 seconds_per_update=0.228 peak_gpu_gb=4.34
iter 72100/160000: loss=0.24201 grad_norm=6.5922 seconds_per_update=0.228 peak_gpu_gb=4.34
iter 72150/160000: loss=0.14057 grad_norm=3.8231 seconds_per_update=0.228 peak_gpu_gb=4.34
iter 72200/160000: loss=0.19215 grad_norm=10.7911 seconds_per_update=0.228 peak_gpu_gb=4.34
iter 72250/160000: loss=0.20357 grad_norm=4.2228 seconds_per_update=0.228 peak_gpu_gb=4.34
iter 72300/160000: loss=0.16406 grad_norm=2.7999 seconds_per_update=0.228 peak_gpu_gb=4.34
iter 72350/160000: loss=0.47773 grad_norm=63.9140 seconds_per_update=0.228 peak_gpu_gb=4.34
iter 72400/160000: loss=0.08200 grad_norm=1.1809 seconds_per_update=0.228 peak_gpu_gb=4.34
iter 72450/160000: loss=0.20844 grad_norm=1.4060 seconds_per_update=0.228 peak_gpu_gb=4.34
iter 72500/160000: loss=0.07795 grad_norm=0.4013 seconds_per_update=0.228 peak_gpu_gb=4.34
iter 72550/160000: loss=0.32897 grad_norm=12.9031 seconds_per_update=0.228 peak_gpu_gb=4.34
iter 72600/160000: loss=0.05796 grad_norm=1.8834 seconds_per_update=0.228 peak_gpu_gb=4.34
iter 72650/160000: loss=0.25735 grad_norm=7.2664 seconds_per_update=0.228 peak_gpu_gb=4.34
iter 72700/160000: loss=0.18737 grad_norm=2.3248 seconds_per_update=0.228 peak_gpu_gb=4.34
iter 72750/160000: loss=0.68447 grad_norm=39.0657 seconds_per_update=0.228 peak_gpu_gb=4.34
iter 72800/160000: loss=0.07631 grad_norm=0.5389 seconds_per_update=0.228 peak_gpu_gb=4.34
{"iter": 72800, "mIoU": 0.7518736124038696, "per_class_iou": {"1": 0.6818599700927734, "2": 0.8583459854125977, "3": 0.7926196455955505, "4": 0.8664740920066833, "5": 0.4154317080974579, "6": 0.8851881623268127, "7": 0.7759193778038025, "8": 0.7391499280929565}, "confusion": [[0, 0, 0, 0, 0, 0, 0, 0, 0], [0, 149954642, 12204366, 5463423, 2381899, 6354313, 11769248, 7876882, 786416], [0, 5292716, 126510390, 100153, 7590, 369296, 700125, 73153, 84793], [0, 6081016, 187871, 54094492, 2708, 81430, 775330, 218744, 449024], [0, 776225, 5601, 6256, 37904414, 167692, 394038, 743249, 0], [0, 1121571, 33287, 9481, 11767, 7124834, 97744, 391284, 0], [0, 7265264, 1765810, 692711, 516776, 741994, 205848009, 950647, 210074], [0, 2529555, 33505, 36264, 827367, 645740, 805340, 52396320, 0], [0, 62428, 19915, 48833, 0, 0, 14097, 0, 4747956]]}
iter 72850/160000: loss=0.12284 grad_norm=1.2365 seconds_per_update=0.229 peak_gpu_gb=4.34
iter 72900/160000: loss=0.13796 grad_norm=1.0459 seconds_per_update=0.229 peak_gpu_gb=4.34
iter 72950/160000: loss=0.01909 grad_norm=0.4642 seconds_per_update=0.229 peak_gpu_gb=4.34
iter 73000/160000: loss=0.22179 grad_norm=1.1662 seconds_per_update=0.229 peak_gpu_gb=4.34
iter 73050/160000: loss=0.26100 grad_norm=7.8025 seconds_per_update=0.229 peak_gpu_gb=4.34
iter 73100/160000: loss=0.12847 grad_norm=0.8558 seconds_per_update=0.229 peak_gpu_gb=4.34
iter 73150/160000: loss=0.12612 grad_norm=0.4293 seconds_per_update=0.229 peak_gpu_gb=4.34
iter 73200/160000: loss=0.24646 grad_norm=3.1808 seconds_per_update=0.229 peak_gpu_gb=4.34
iter 73250/160000: loss=0.08632 grad_norm=1.1447 seconds_per_update=0.229 peak_gpu_gb=4.34
iter 73300/160000: loss=0.12827 grad_norm=2.9426 seconds_per_update=0.229 peak_gpu_gb=4.34
iter 73350/160000: loss=0.04128 grad_norm=0.1720 seconds_per_update=0.229 peak_gpu_gb=4.34
iter 73400/160000: loss=0.09996 grad_norm=2.7018 seconds_per_update=0.229 peak_gpu_gb=4.34
iter 73450/160000: loss=0.04544 grad_norm=0.4149 seconds_per_update=0.229 peak_gpu_gb=4.34
iter 73500/160000: loss=0.05650 grad_norm=0.6002 seconds_per_update=0.229 peak_gpu_gb=4.34
iter 73550/160000: loss=0.34893 grad_norm=7.4944 seconds_per_update=0.229 peak_gpu_gb=4.34
iter 73600/160000: loss=0.05274 grad_norm=0.7474 seconds_per_update=0.229 peak_gpu_gb=4.34
iter 73650/160000: loss=0.06284 grad_norm=1.8672 seconds_per_update=0.229 peak_gpu_gb=4.34
iter 73700/160000: loss=0.14771 grad_norm=1.4203 seconds_per_update=0.229 peak_gpu_gb=4.34
iter 73750/160000: loss=0.05457 grad_norm=0.3976 seconds_per_update=0.229 peak_gpu_gb=4.34
iter 73800/160000: loss=0.22887 grad_norm=5.2517 seconds_per_update=0.229 peak_gpu_gb=4.34
iter 73850/160000: loss=0.73266 grad_norm=32.7105 seconds_per_update=0.229 peak_gpu_gb=4.34
iter 73900/160000: loss=0.11799 grad_norm=1.2525 seconds_per_update=0.229 peak_gpu_gb=4.34
iter 73950/160000: loss=0.08737 grad_norm=2.1283 seconds_per_update=0.229 peak_gpu_gb=4.34
iter 74000/160000: loss=0.07591 grad_norm=0.8345 seconds_per_update=0.229 peak_gpu_gb=4.34
iter 74050/160000: loss=0.06097 grad_norm=0.5243 seconds_per_update=0.229 peak_gpu_gb=4.34
iter 74100/160000: loss=0.09470 grad_norm=0.3194 seconds_per_update=0.229 peak_gpu_gb=4.34
iter 74150/160000: loss=0.12556 grad_norm=1.1216 seconds_per_update=0.229 peak_gpu_gb=4.34
iter 74200/160000: loss=0.25882 grad_norm=11.0000 seconds_per_update=0.229 peak_gpu_gb=4.34
iter 74250/160000: loss=0.50758 grad_norm=4.3884 seconds_per_update=0.229 peak_gpu_gb=4.34
iter 74300/160000: loss=0.36191 grad_norm=14.4340 seconds_per_update=0.229 peak_gpu_gb=4.34
iter 74350/160000: loss=0.24415 grad_norm=5.2073 seconds_per_update=0.229 peak_gpu_gb=4.34
iter 74400/160000: loss=0.15488 grad_norm=1.1055 seconds_per_update=0.229 peak_gpu_gb=4.34
iter 74450/160000: loss=0.21357 grad_norm=1.8614 seconds_per_update=0.229 peak_gpu_gb=4.34
iter 74500/160000: loss=0.04471 grad_norm=3.8150 seconds_per_update=0.229 peak_gpu_gb=4.34
iter 74550/160000: loss=0.44837 grad_norm=10.0294 seconds_per_update=0.229 peak_gpu_gb=4.34
iter 74600/160000: loss=0.04599 grad_norm=0.3547 seconds_per_update=0.228 peak_gpu_gb=4.34
iter 74650/160000: loss=0.28012 grad_norm=3.9361 seconds_per_update=0.228 peak_gpu_gb=4.34
iter 74700/160000: loss=0.16568 grad_norm=1.0027 seconds_per_update=0.228 peak_gpu_gb=4.34
iter 74750/160000: loss=0.12951 grad_norm=0.5841 seconds_per_update=0.228 peak_gpu_gb=4.34
iter 74800/160000: loss=0.13725 grad_norm=0.9346 seconds_per_update=0.228 peak_gpu_gb=4.34
iter 74850/160000: loss=0.19175 grad_norm=2.0948 seconds_per_update=0.228 peak_gpu_gb=4.34
iter 74900/160000: loss=0.12015 grad_norm=1.5515 seconds_per_update=0.228 peak_gpu_gb=4.34
iter 74950/160000: loss=0.08421 grad_norm=0.6123 seconds_per_update=0.228 peak_gpu_gb=4.34
iter 75000/160000: loss=0.02140 grad_norm=0.4232 seconds_per_update=0.228 peak_gpu_gb=4.34
iter 75050/160000: loss=0.41623 grad_norm=4.2414 seconds_per_update=0.228 peak_gpu_gb=4.34
iter 75100/160000: loss=0.13862 grad_norm=1.6994 seconds_per_update=0.228 peak_gpu_gb=4.34
iter 75150/160000: loss=0.92706 grad_norm=6.6054 seconds_per_update=0.228 peak_gpu_gb=4.34
iter 75200/160000: loss=0.27842 grad_norm=1.6526 seconds_per_update=0.228 peak_gpu_gb=4.34
iter 75250/160000: loss=0.08335 grad_norm=0.6360 seconds_per_update=0.228 peak_gpu_gb=4.34
iter 75300/160000: loss=0.21278 grad_norm=3.3366 seconds_per_update=0.228 peak_gpu_gb=4.34
iter 75350/160000: loss=0.18391 grad_norm=3.9832 seconds_per_update=0.228 peak_gpu_gb=4.34
iter 75400/160000: loss=0.30352 grad_norm=11.5274 seconds_per_update=0.228 peak_gpu_gb=4.34
iter 75450/160000: loss=0.09407 grad_norm=2.1856 seconds_per_update=0.228 peak_gpu_gb=4.34
iter 75500/160000: loss=0.31667 grad_norm=3.4537 seconds_per_update=0.228 peak_gpu_gb=4.34
iter 75550/160000: loss=0.07364 grad_norm=4.7934 seconds_per_update=0.228 peak_gpu_gb=4.34
iter 75600/160000: loss=0.10939 grad_norm=3.1005 seconds_per_update=0.228 peak_gpu_gb=4.34
{"iter": 75600, "mIoU": 0.7457705140113831, "per_class_iou": {"1": 0.6832221150398254, "2": 0.8604071736335754, "3": 0.793125331401825, "4": 0.8621326088905334, "5": 0.43520620465278625, "6": 0.8802922368049622, "7": 0.7261409163475037, "8": 0.7256372570991516}, "confusion": [[0, 0, 0, 0, 0, 0, 0, 0, 0], [0, 149512916, 9431624, 7188112, 2420396, 3830799, 11453447, 12013369, 940526], [0, 7345357, 124256256, 203820, 16746, 366400, 693087, 172455, 84095], [0, 4566539, 133071, 56083688, 4869, 39208, 555335, 130744, 377161], [0, 635399, 2617, 15683, 38039055, 38669, 407419, 858633, 0], [0, 1266792, 44953, 30070, 37592, 6168467, 63178, 1178916, 0], [0, 6802853, 1634245, 1197436, 551771, 834458, 203612562, 3126265, 231695], [0, 1369359, 15416, 116696, 1093194, 274162, 122978, 54282286, 0], [0, 57496, 15521, 69831, 0, 0, 14360, 0, 4736021]]}
iter 75650/160000: loss=0.20906 grad_norm=2.3698 seconds_per_update=0.229 peak_gpu_gb=4.34
iter 75700/160000: loss=0.07660 grad_norm=1.7594 seconds_per_update=0.229 peak_gpu_gb=4.34
iter 75750/160000: loss=0.20479 grad_norm=3.3519 seconds_per_update=0.229 peak_gpu_gb=4.34
iter 75800/160000: loss=0.09820 grad_norm=2.3256 seconds_per_update=0.229 peak_gpu_gb=4.34
iter 75850/160000: loss=0.05159 grad_norm=1.2922 seconds_per_update=0.229 peak_gpu_gb=4.34
iter 75900/160000: loss=0.21388 grad_norm=2.1166 seconds_per_update=0.229 peak_gpu_gb=4.34
iter 75950/160000: loss=0.08357 grad_norm=8.6765 seconds_per_update=0.229 peak_gpu_gb=4.34
iter 76000/160000: loss=0.20530 grad_norm=3.3260 seconds_per_update=0.229 peak_gpu_gb=4.34
iter 76050/160000: loss=0.45497 grad_norm=5.4768 seconds_per_update=0.229 peak_gpu_gb=4.34
iter 76100/160000: loss=0.11166 grad_norm=3.4482 seconds_per_update=0.229 peak_gpu_gb=4.34
iter 76150/160000: loss=0.28694 grad_norm=2.1852 seconds_per_update=0.229 peak_gpu_gb=4.34
iter 76200/160000: loss=0.44604 grad_norm=7.9236 seconds_per_update=0.229 peak_gpu_gb=4.34
iter 76250/160000: loss=0.03790 grad_norm=0.2379 seconds_per_update=0.229 peak_gpu_gb=4.34
iter 76300/160000: loss=0.05276 grad_norm=0.5862 seconds_per_update=0.229 peak_gpu_gb=4.34
iter 76350/160000: loss=0.32467 grad_norm=8.2528 seconds_per_update=0.229 peak_gpu_gb=4.34
iter 76400/160000: loss=0.15257 grad_norm=3.3757 seconds_per_update=0.229 peak_gpu_gb=4.34
iter 76450/160000: loss=0.25372 grad_norm=68.4964 seconds_per_update=0.229 peak_gpu_gb=4.34
iter 76500/160000: loss=0.10047 grad_norm=0.4971 seconds_per_update=0.229 peak_gpu_gb=4.34
iter 76550/160000: loss=0.53559 grad_norm=21.3989 seconds_per_update=0.229 peak_gpu_gb=4.34
iter 76600/160000: loss=0.05411 grad_norm=0.5729 seconds_per_update=0.229 peak_gpu_gb=4.34
iter 76650/160000: loss=0.23435 grad_norm=1.1733 seconds_per_update=0.229 peak_gpu_gb=4.34
iter 76700/160000: loss=0.29961 grad_norm=5.4288 seconds_per_update=0.229 peak_gpu_gb=4.34
iter 76750/160000: loss=0.17981 grad_norm=2.0178 seconds_per_update=0.229 peak_gpu_gb=4.34
iter 76800/160000: loss=0.28435 grad_norm=4.0620 seconds_per_update=0.229 peak_gpu_gb=4.34
iter 76850/160000: loss=0.21461 grad_norm=1.7393 seconds_per_update=0.229 peak_gpu_gb=4.34
iter 76900/160000: loss=0.17799 grad_norm=1.6805 seconds_per_update=0.229 peak_gpu_gb=4.34
iter 76950/160000: loss=0.05884 grad_norm=0.7330 seconds_per_update=0.229 peak_gpu_gb=4.34
iter 77000/160000: loss=0.05594 grad_norm=1.1219 seconds_per_update=0.229 peak_gpu_gb=4.34
iter 77050/160000: loss=0.33159 grad_norm=5.7416 seconds_per_update=0.229 peak_gpu_gb=4.34
iter 77100/160000: loss=0.13645 grad_norm=11.5633 seconds_per_update=0.229 peak_gpu_gb=4.34
iter 77150/160000: loss=0.17936 grad_norm=4.1680 seconds_per_update=0.229 peak_gpu_gb=4.34
iter 77200/160000: loss=0.49919 grad_norm=97.1430 seconds_per_update=0.229 peak_gpu_gb=4.34
iter 77250/160000: loss=0.05548 grad_norm=1.0591 seconds_per_update=0.229 peak_gpu_gb=4.34
iter 77300/160000: loss=0.15094 grad_norm=2.2590 seconds_per_update=0.229 peak_gpu_gb=4.34
iter 77350/160000: loss=0.15074 grad_norm=1.0027 seconds_per_update=0.229 peak_gpu_gb=4.34
iter 77400/160000: loss=0.34346 grad_norm=3.5625 seconds_per_update=0.229 peak_gpu_gb=4.34
iter 77450/160000: loss=0.13052 grad_norm=0.4800 seconds_per_update=0.228 peak_gpu_gb=4.34
iter 77500/160000: loss=0.18514 grad_norm=3.0182 seconds_per_update=0.228 peak_gpu_gb=4.34
iter 77550/160000: loss=0.25339 grad_norm=7.3035 seconds_per_update=0.228 peak_gpu_gb=4.34
iter 77600/160000: loss=0.33669 grad_norm=11.9291 seconds_per_update=0.228 peak_gpu_gb=4.34
iter 77650/160000: loss=0.13675 grad_norm=4.8473 seconds_per_update=0.228 peak_gpu_gb=4.34
iter 77700/160000: loss=0.18653 grad_norm=6.9252 seconds_per_update=0.228 peak_gpu_gb=4.34
iter 77750/160000: loss=0.09319 grad_norm=1.5348 seconds_per_update=0.228 peak_gpu_gb=4.34
iter 77800/160000: loss=0.07507 grad_norm=0.7210 seconds_per_update=0.228 peak_gpu_gb=4.34
iter 77850/160000: loss=0.29634 grad_norm=2.3806 seconds_per_update=0.228 peak_gpu_gb=4.34
iter 77900/160000: loss=0.20310 grad_norm=30.5710 seconds_per_update=0.228 peak_gpu_gb=4.34
iter 77950/160000: loss=0.07347 grad_norm=0.7564 seconds_per_update=0.228 peak_gpu_gb=4.34
iter 78000/160000: loss=0.14444 grad_norm=15.1492 seconds_per_update=0.228 peak_gpu_gb=4.34
iter 78050/160000: loss=0.20867 grad_norm=1.2694 seconds_per_update=0.228 peak_gpu_gb=4.34
iter 78100/160000: loss=0.19049 grad_norm=7.2766 seconds_per_update=0.228 peak_gpu_gb=4.34
iter 78150/160000: loss=0.23549 grad_norm=2.1670 seconds_per_update=0.228 peak_gpu_gb=4.34
iter 78200/160000: loss=0.21168 grad_norm=1.9708 seconds_per_update=0.228 peak_gpu_gb=4.34
iter 78250/160000: loss=0.27378 grad_norm=4.6245 seconds_per_update=0.228 peak_gpu_gb=4.34
iter 78300/160000: loss=0.04379 grad_norm=0.5157 seconds_per_update=0.228 peak_gpu_gb=4.34
iter 78350/160000: loss=0.28313 grad_norm=3.8922 seconds_per_update=0.228 peak_gpu_gb=4.34
iter 78400/160000: loss=0.35747 grad_norm=8.1605 seconds_per_update=0.228 peak_gpu_gb=4.34
{"iter": 78400, "mIoU": 0.7542120814323425, "per_class_iou": {"1": 0.6959577798843384, "2": 0.8605764508247375, "3": 0.7992175817489624, "4": 0.8692246079444885, "5": 0.4304804503917694, "6": 0.8826414942741394, "7": 0.7464888095855713, "8": 0.7491094470024109}, "confusion": [[0, 0, 0, 0, 0, 0, 0, 0, 0], [0, 155273127, 8334689, 7124687, 1889698, 3309160, 9753730, 10386162, 719936], [0, 8509642, 123321928, 182432, 1348, 253590, 618997, 151779, 98500], [0, 4244990, 155421, 56093220, 4716, 45860, 804235, 166250, 375923], [0, 1080413, 2934, 21700, 37468018, 48266, 346730, 1029414, 0], [0, 2007858, 57825, 22828, 20809, 5878719, 56500, 745429, 0], [0, 8611830, 1582390, 794722, 463715, 816172, 202804385, 2701017, 217054], [0, 1797410, 13832, 72072, 727336, 393165, 184076, 54086200, 0], [0, 63752, 16225, 76116, 0, 0, 14269, 0, 4722867]]}
iter 78450/160000: loss=0.22362 grad_norm=4.5939 seconds_per_update=0.229 peak_gpu_gb=4.34
iter 78500/160000: loss=0.05930 grad_norm=0.4571 seconds_per_update=0.229 peak_gpu_gb=4.34
iter 78550/160000: loss=0.07170 grad_norm=3.9327 seconds_per_update=0.229 peak_gpu_gb=4.34
iter 78600/160000: loss=0.16096 grad_norm=7.1251 seconds_per_update=0.229 peak_gpu_gb=4.34
iter 78650/160000: loss=0.41211 grad_norm=39.0089 seconds_per_update=0.229 peak_gpu_gb=4.34
iter 78700/160000: loss=0.13254 grad_norm=2.0005 seconds_per_update=0.229 peak_gpu_gb=4.34
iter 78750/160000: loss=0.08471 grad_norm=1.8771 seconds_per_update=0.229 peak_gpu_gb=4.34
iter 78800/160000: loss=0.35446 grad_norm=4.2824 seconds_per_update=0.229 peak_gpu_gb=4.34
iter 78850/160000: loss=0.03472 grad_norm=0.6174 seconds_per_update=0.229 peak_gpu_gb=4.34
iter 78900/160000: loss=0.21479 grad_norm=1.5903 seconds_per_update=0.229 peak_gpu_gb=4.34
iter 78950/160000: loss=0.12028 grad_norm=2.5929 seconds_per_update=0.229 peak_gpu_gb=4.34
iter 79000/160000: loss=0.35431 grad_norm=16.8316 seconds_per_update=0.229 peak_gpu_gb=4.34
iter 79050/160000: loss=0.25976 grad_norm=2.2699 seconds_per_update=0.229 peak_gpu_gb=4.34
iter 79100/160000: loss=0.05884 grad_norm=3.1660 seconds_per_update=0.229 peak_gpu_gb=4.34
iter 79150/160000: loss=0.08615 grad_norm=0.8646 seconds_per_update=0.229 peak_gpu_gb=4.34
iter 79200/160000: loss=0.05554 grad_norm=0.3787 seconds_per_update=0.229 peak_gpu_gb=4.34
iter 79250/160000: loss=0.03525 grad_norm=1.7015 seconds_per_update=0.229 peak_gpu_gb=4.34
iter 79300/160000: loss=0.23272 grad_norm=2.2617 seconds_per_update=0.229 peak_gpu_gb=4.34
iter 79350/160000: loss=0.12215 grad_norm=1.9128 seconds_per_update=0.229 peak_gpu_gb=4.34
iter 79400/160000: loss=0.02645 grad_norm=1.1053 seconds_per_update=0.229 peak_gpu_gb=4.34
iter 79450/160000: loss=0.21272 grad_norm=6.4630 seconds_per_update=0.229 peak_gpu_gb=4.34
iter 79500/160000: loss=0.21333 grad_norm=1.1687 seconds_per_update=0.229 peak_gpu_gb=4.34
iter 79550/160000: loss=0.23357 grad_norm=1.1144 seconds_per_update=0.229 peak_gpu_gb=4.34
iter 79600/160000: loss=0.22238 grad_norm=19.4555 seconds_per_update=0.229 peak_gpu_gb=4.34
iter 79650/160000: loss=0.06269 grad_norm=4.5081 seconds_per_update=0.229 peak_gpu_gb=4.34
iter 79700/160000: loss=0.25664 grad_norm=2.0307 seconds_per_update=0.229 peak_gpu_gb=4.34
iter 79750/160000: loss=0.18336 grad_norm=0.6857 seconds_per_update=0.229 peak_gpu_gb=4.34
iter 79800/160000: loss=0.47020 grad_norm=4.4257 seconds_per_update=0.229 peak_gpu_gb=4.34
iter 79850/160000: loss=0.17062 grad_norm=1.4329 seconds_per_update=0.229 peak_gpu_gb=4.34
iter 79900/160000: loss=0.25963 grad_norm=17.6609 seconds_per_update=0.229 peak_gpu_gb=4.34
iter 79950/160000: loss=0.66095 grad_norm=23.1321 seconds_per_update=0.229 peak_gpu_gb=4.34
iter 80000/160000: loss=0.22858 grad_norm=2.3279 seconds_per_update=0.229 peak_gpu_gb=4.34
iter 80050/160000: loss=0.05328 grad_norm=1.7648 seconds_per_update=0.229 peak_gpu_gb=4.34
iter 80100/160000: loss=0.14024 grad_norm=0.8080 seconds_per_update=0.229 peak_gpu_gb=4.34
iter 80150/160000: loss=0.16467 grad_norm=2.0031 seconds_per_update=0.229 peak_gpu_gb=4.34
iter 80200/160000: loss=0.54563 grad_norm=7.3901 seconds_per_update=0.229 peak_gpu_gb=4.34
iter 80250/160000: loss=0.04474 grad_norm=0.3757 seconds_per_update=0.229 peak_gpu_gb=4.34
iter 80300/160000: loss=0.31624 grad_norm=3.6374 seconds_per_update=0.228 peak_gpu_gb=4.34
iter 80350/160000: loss=0.18920 grad_norm=1.4729 seconds_per_update=0.228 peak_gpu_gb=4.34
iter 80400/160000: loss=0.14587 grad_norm=2.7901 seconds_per_update=0.228 peak_gpu_gb=4.34
iter 80450/160000: loss=0.09355 grad_norm=4.2476 seconds_per_update=0.228 peak_gpu_gb=4.34
iter 80500/160000: loss=0.08111 grad_norm=1.9401 seconds_per_update=0.228 peak_gpu_gb=4.34
iter 80550/160000: loss=0.39840 grad_norm=12.3151 seconds_per_update=0.228 peak_gpu_gb=4.34
iter 80600/160000: loss=0.02784 grad_norm=0.2655 seconds_per_update=0.228 peak_gpu_gb=4.34
iter 80650/160000: loss=0.09721 grad_norm=0.6376 seconds_per_update=0.228 peak_gpu_gb=4.34
iter 80700/160000: loss=0.46283 grad_norm=17.8586 seconds_per_update=0.228 peak_gpu_gb=4.34
iter 80750/160000: loss=0.07736 grad_norm=9.0200 seconds_per_update=0.228 peak_gpu_gb=4.34
iter 80800/160000: loss=0.18002 grad_norm=3.7904 seconds_per_update=0.228 peak_gpu_gb=4.34
iter 80850/160000: loss=0.19646 grad_norm=2.6680 seconds_per_update=0.228 peak_gpu_gb=4.34
iter 80900/160000: loss=0.06090 grad_norm=0.8777 seconds_per_update=0.228 peak_gpu_gb=4.34
iter 80950/160000: loss=0.04366 grad_norm=0.9636 seconds_per_update=0.228 peak_gpu_gb=4.34
iter 81000/160000: loss=0.10198 grad_norm=0.8950 seconds_per_update=0.228 peak_gpu_gb=4.34
iter 81050/160000: loss=0.10899 grad_norm=2.4299 seconds_per_update=0.228 peak_gpu_gb=4.34
iter 81100/160000: loss=0.10745 grad_norm=1.6444 seconds_per_update=0.228 peak_gpu_gb=4.34
iter 81150/160000: loss=0.09474 grad_norm=0.1957 seconds_per_update=0.228 peak_gpu_gb=4.34
iter 81200/160000: loss=0.17760 grad_norm=0.9229 seconds_per_update=0.228 peak_gpu_gb=4.34
{"iter": 81200, "mIoU": 0.758162260055542, "per_class_iou": {"1": 0.6932975053787231, "2": 0.86209636926651, "3": 0.7930189371109009, "4": 0.866308331489563, "5": 0.4338543117046356, "6": 0.8848728537559509, "7": 0.7609422206878662, "8": 0.7709077000617981}, "confusion": [[0, 0, 0, 0, 0, 0, 0, 0, 0], [0, 154296102, 8710963, 6834153, 2140985, 4863396, 9707090, 9608056, 630444], [0, 8092044, 123940736, 186511, 2062, 309750, 472593, 71314, 63206], [0, 4885900, 115033, 55782676, 2602, 75443, 537564, 131981, 359416], [0, 1141185, 2883, 33583, 37870488, 91681, 290319, 567336, 0], [0, 1003389, 46120, 12582, 12785, 6826484, 46153, 842455, 0], [0, 8646441, 1697772, 1251832, 525473, 1077074, 202965040, 1666763, 160890], [0, 1921738, 37822, 54974, 1033409, 527197, 309722, 53389229, 0], [0, 72079, 17866, 77925, 0, 0, 17283, 0, 4708076]]}
iter 81250/160000: loss=0.10030 grad_norm=0.2338 seconds_per_update=0.229 peak_gpu_gb=4.34
iter 81300/160000: loss=0.02471 grad_norm=0.3304 seconds_per_update=0.229 peak_gpu_gb=4.34
iter 81350/160000: loss=0.14131 grad_norm=4.2494 seconds_per_update=0.229 peak_gpu_gb=4.34
iter 81400/160000: loss=0.14358 grad_norm=4.4253 seconds_per_update=0.229 peak_gpu_gb=4.34
iter 81450/160000: loss=0.20765 grad_norm=6.3974 seconds_per_update=0.229 peak_gpu_gb=4.34
iter 81500/160000: loss=0.23002 grad_norm=11.5364 seconds_per_update=0.229 peak_gpu_gb=4.34
iter 81550/160000: loss=0.24714 grad_norm=11.0550 seconds_per_update=0.229 peak_gpu_gb=4.34
iter 81600/160000: loss=0.07103 grad_norm=2.1808 seconds_per_update=0.229 peak_gpu_gb=4.34
iter 81650/160000: loss=0.59219 grad_norm=3.5361 seconds_per_update=0.229 peak_gpu_gb=4.34
iter 81700/160000: loss=0.16359 grad_norm=9.6465 seconds_per_update=0.229 peak_gpu_gb=4.34
iter 81750/160000: loss=0.05828 grad_norm=1.4354 seconds_per_update=0.229 peak_gpu_gb=4.34
iter 81800/160000: loss=0.19224 grad_norm=1.7782 seconds_per_update=0.229 peak_gpu_gb=4.34
iter 81850/160000: loss=0.10386 grad_norm=9.3009 seconds_per_update=0.229 peak_gpu_gb=4.34
iter 81900/160000: loss=0.05970 grad_norm=12.0143 seconds_per_update=0.229 peak_gpu_gb=4.34
iter 81950/160000: loss=0.35975 grad_norm=38.4022 seconds_per_update=0.229 peak_gpu_gb=4.34
iter 82000/160000: loss=0.21434 grad_norm=6.0876 seconds_per_update=0.229 peak_gpu_gb=4.34
iter 82050/160000: loss=0.05806 grad_norm=3.5748 seconds_per_update=0.229 peak_gpu_gb=4.34
iter 82100/160000: loss=0.13895 grad_norm=0.7531 seconds_per_update=0.229 peak_gpu_gb=4.34
iter 82150/160000: loss=0.19249 grad_norm=0.6509 seconds_per_update=0.229 peak_gpu_gb=4.34
iter 82200/160000: loss=0.10682 grad_norm=1.0657 seconds_per_update=0.229 peak_gpu_gb=4.34
iter 82250/160000: loss=0.24917 grad_norm=72.0675 seconds_per_update=0.229 peak_gpu_gb=4.34
iter 82300/160000: loss=0.25053 grad_norm=2.6386 seconds_per_update=0.229 peak_gpu_gb=4.34
iter 82350/160000: loss=0.16877 grad_norm=1.7012 seconds_per_update=0.229 peak_gpu_gb=4.34
iter 82400/160000: loss=0.06801 grad_norm=7.3633 seconds_per_update=0.229 peak_gpu_gb=4.34
iter 82450/160000: loss=0.02899 grad_norm=0.2042 seconds_per_update=0.229 peak_gpu_gb=4.34
iter 82500/160000: loss=0.02345 grad_norm=0.5446 seconds_per_update=0.229 peak_gpu_gb=4.34
iter 82550/160000: loss=0.24980 grad_norm=2.1598 seconds_per_update=0.229 peak_gpu_gb=4.34
iter 82600/160000: loss=0.22781 grad_norm=2.3876 seconds_per_update=0.229 peak_gpu_gb=4.34
iter 82650/160000: loss=0.38720 grad_norm=7.1492 seconds_per_update=0.229 peak_gpu_gb=4.34
iter 82700/160000: loss=0.36617 grad_norm=5.2042 seconds_per_update=0.229 peak_gpu_gb=4.34
iter 82750/160000: loss=0.10731 grad_norm=4.8862 seconds_per_update=0.229 peak_gpu_gb=4.34
iter 82800/160000: loss=0.31334 grad_norm=3.7766 seconds_per_update=0.229 peak_gpu_gb=4.34
iter 82850/160000: loss=0.07397 grad_norm=1.9899 seconds_per_update=0.229 peak_gpu_gb=4.34
iter 82900/160000: loss=0.08495 grad_norm=2.6389 seconds_per_update=0.229 peak_gpu_gb=4.34
iter 82950/160000: loss=0.01730 grad_norm=0.2444 seconds_per_update=0.229 peak_gpu_gb=4.34
iter 83000/160000: loss=0.17786 grad_norm=4.0645 seconds_per_update=0.229 peak_gpu_gb=4.34
iter 83050/160000: loss=0.10101 grad_norm=0.8524 seconds_per_update=0.229 peak_gpu_gb=4.34
iter 83100/160000: loss=0.15819 grad_norm=2.1945 seconds_per_update=0.229 peak_gpu_gb=4.34
iter 83150/160000: loss=0.15755 grad_norm=10.3174 seconds_per_update=0.228 peak_gpu_gb=4.34
iter 83200/160000: loss=0.01967 grad_norm=0.3283 seconds_per_update=0.228 peak_gpu_gb=4.34
iter 83250/160000: loss=0.23299 grad_norm=9.6470 seconds_per_update=0.228 peak_gpu_gb=4.34
iter 83300/160000: loss=0.07647 grad_norm=0.6598 seconds_per_update=0.228 peak_gpu_gb=4.34
iter 83350/160000: loss=0.11789 grad_norm=2.7759 seconds_per_update=0.228 peak_gpu_gb=4.34
iter 83400/160000: loss=0.17079 grad_norm=1.4886 seconds_per_update=0.228 peak_gpu_gb=4.34
iter 83450/160000: loss=0.01385 grad_norm=0.1686 seconds_per_update=0.228 peak_gpu_gb=4.34
iter 83500/160000: loss=0.41115 grad_norm=28.4150 seconds_per_update=0.228 peak_gpu_gb=4.34
iter 83550/160000: loss=0.71238 grad_norm=15.4536 seconds_per_update=0.228 peak_gpu_gb=4.34
iter 83600/160000: loss=0.07766 grad_norm=0.8199 seconds_per_update=0.228 peak_gpu_gb=4.34
iter 83650/160000: loss=0.59400 grad_norm=9.6697 seconds_per_update=0.228 peak_gpu_gb=4.34
iter 83700/160000: loss=0.07035 grad_norm=0.6429 seconds_per_update=0.228 peak_gpu_gb=4.34
iter 83750/160000: loss=0.26783 grad_norm=4.8288 seconds_per_update=0.228 peak_gpu_gb=4.34
iter 83800/160000: loss=0.17351 grad_norm=0.5668 seconds_per_update=0.228 peak_gpu_gb=4.34
iter 83850/160000: loss=0.14699 grad_norm=3.4679 seconds_per_update=0.228 peak_gpu_gb=4.34
iter 83900/160000: loss=0.16860 grad_norm=3.9173 seconds_per_update=0.228 peak_gpu_gb=4.34
iter 83950/160000: loss=0.15145 grad_norm=1.5099 seconds_per_update=0.228 peak_gpu_gb=4.34
iter 84000/160000: loss=0.15347 grad_norm=0.9632 seconds_per_update=0.228 peak_gpu_gb=4.34
{"iter": 84000, "mIoU": 0.7541725635528564, "per_class_iou": {"1": 0.6934414505958557, "2": 0.8621874451637268, "3": 0.7961596250534058, "4": 0.8680106997489929, "5": 0.43631669878959656, "6": 0.8846352696418762, "7": 0.7729089856147766, "8": 0.7197206616401672}, "confusion": [[0, 0, 0, 0, 0, 0, 0, 0, 0], [0, 152567606, 9034687, 7314665, 2128481, 3231821, 13655569, 8048783, 809577], [0, 7234466, 124083436, 197064, 2212, 274174, 994388, 78642, 273834], [0, 4323678, 133713, 55903559, 2726, 42270, 929422, 124570, 430677], [0, 1115838, 2958, 11502, 37676618, 49324, 510848, 630387, 0], [0, 2152859, 37425, 15040, 17674, 5873155, 90753, 603062, 0], [0, 5622466, 1525156, 660368, 388250, 653485, 207709210, 1248507, 183843], [0, 2725984, 27824, 59701, 868877, 419720, 607952, 52564033, 0], [0, 48629, 17022, 67563, 0, 0, 16221, 0, 4743794]]}
iter 84050/160000: loss=0.15628 grad_norm=4.5355 seconds_per_update=0.229 peak_gpu_gb=4.34
iter 84100/160000: loss=0.44092 grad_norm=2.3605 seconds_per_update=0.229 peak_gpu_gb=4.34
iter 84150/160000: loss=0.11724 grad_norm=3.2917 seconds_per_update=0.229 peak_gpu_gb=4.34
iter 84200/160000: loss=0.11619 grad_norm=0.5580 seconds_per_update=0.229 peak_gpu_gb=4.34
iter 84250/160000: loss=0.10604 grad_norm=0.8904 seconds_per_update=0.229 peak_gpu_gb=4.34
iter 84300/160000: loss=0.25118 grad_norm=2.2261 seconds_per_update=0.229 peak_gpu_gb=4.34
iter 84350/160000: loss=0.24312 grad_norm=1.5047 seconds_per_update=0.229 peak_gpu_gb=4.34
iter 84400/160000: loss=0.13276 grad_norm=5.3953 seconds_per_update=0.229 peak_gpu_gb=4.34
iter 84450/160000: loss=0.19664 grad_norm=9.4089 seconds_per_update=0.229 peak_gpu_gb=4.34
iter 84500/160000: loss=0.18453 grad_norm=4.1698 seconds_per_update=0.229 peak_gpu_gb=4.34
iter 84550/160000: loss=0.06844 grad_norm=4.5871 seconds_per_update=0.229 peak_gpu_gb=4.34
iter 84600/160000: loss=0.18078 grad_norm=0.9640 seconds_per_update=0.229 peak_gpu_gb=4.34
iter 84650/160000: loss=0.11304 grad_norm=3.8524 seconds_per_update=0.229 peak_gpu_gb=4.34
iter 84700/160000: loss=0.21310 grad_norm=7.7235 seconds_per_update=0.229 peak_gpu_gb=4.34
iter 84750/160000: loss=0.16857 grad_norm=0.9186 seconds_per_update=0.229 peak_gpu_gb=4.34
iter 84800/160000: loss=0.23547 grad_norm=1.4102 seconds_per_update=0.229 peak_gpu_gb=4.34
iter 84850/160000: loss=0.30042 grad_norm=5.0823 seconds_per_update=0.229 peak_gpu_gb=4.34
iter 84900/160000: loss=0.22405 grad_norm=1.5128 seconds_per_update=0.229 peak_gpu_gb=4.34
iter 84950/160000: loss=0.23090 grad_norm=18.0907 seconds_per_update=0.229 peak_gpu_gb=4.34
iter 85000/160000: loss=0.24262 grad_norm=2.8482 seconds_per_update=0.229 peak_gpu_gb=4.34
iter 85050/160000: loss=0.21666 grad_norm=2.6415 seconds_per_update=0.229 peak_gpu_gb=4.34
iter 85100/160000: loss=0.33416 grad_norm=11.3018 seconds_per_update=0.229 peak_gpu_gb=4.34
iter 85150/160000: loss=0.03888 grad_norm=0.2352 seconds_per_update=0.229 peak_gpu_gb=4.34
iter 85200/160000: loss=0.15436 grad_norm=4.7723 seconds_per_update=0.229 peak_gpu_gb=4.34
iter 85250/160000: loss=0.15481 grad_norm=1.1235 seconds_per_update=0.229 peak_gpu_gb=4.34
iter 85300/160000: loss=0.17628 grad_norm=13.3910 seconds_per_update=0.229 peak_gpu_gb=4.34
iter 85350/160000: loss=0.18563 grad_norm=1.3790 seconds_per_update=0.229 peak_gpu_gb=4.34
iter 85400/160000: loss=0.15260 grad_norm=1.6645 seconds_per_update=0.229 peak_gpu_gb=4.34
iter 85450/160000: loss=0.26876 grad_norm=5.3231 seconds_per_update=0.229 peak_gpu_gb=4.34
iter 85500/160000: loss=0.05039 grad_norm=0.5450 seconds_per_update=0.229 peak_gpu_gb=4.34
iter 85550/160000: loss=0.19423 grad_norm=2.6649 seconds_per_update=0.229 peak_gpu_gb=4.34
iter 85600/160000: loss=0.06771 grad_norm=1.1551 seconds_per_update=0.229 peak_gpu_gb=4.34
iter 85650/160000: loss=0.18077 grad_norm=2.1217 seconds_per_update=0.229 peak_gpu_gb=4.34
iter 85700/160000: loss=0.12257 grad_norm=3.9912 seconds_per_update=0.229 peak_gpu_gb=4.34
iter 85750/160000: loss=0.01089 grad_norm=0.0674 seconds_per_update=0.229 peak_gpu_gb=4.34
iter 85800/160000: loss=0.09492 grad_norm=1.4331 seconds_per_update=0.229 peak_gpu_gb=4.34
iter 85850/160000: loss=0.26472 grad_norm=3.2779 seconds_per_update=0.229 peak_gpu_gb=4.34
iter 85900/160000: loss=0.19260 grad_norm=3.1840 seconds_per_update=0.229 peak_gpu_gb=4.34
iter 85950/160000: loss=0.12645 grad_norm=1.6402 seconds_per_update=0.228 peak_gpu_gb=4.34
iter 86000/160000: loss=0.31416 grad_norm=5.6152 seconds_per_update=0.228 peak_gpu_gb=4.34
iter 86050/160000: loss=0.26333 grad_norm=1.2122 seconds_per_update=0.228 peak_gpu_gb=4.34
iter 86100/160000: loss=0.29887 grad_norm=21.7641 seconds_per_update=0.228 peak_gpu_gb=4.34
iter 86150/160000: loss=0.02586 grad_norm=0.3595 seconds_per_update=0.228 peak_gpu_gb=4.34
iter 86200/160000: loss=0.08967 grad_norm=1.4618 seconds_per_update=0.228 peak_gpu_gb=4.34
iter 86250/160000: loss=0.09202 grad_norm=0.3092 seconds_per_update=0.228 peak_gpu_gb=4.34
iter 86300/160000: loss=0.56718 grad_norm=4.1682 seconds_per_update=0.228 peak_gpu_gb=4.34
iter 86350/160000: loss=0.15866 grad_norm=0.8506 seconds_per_update=0.228 peak_gpu_gb=4.34
iter 86400/160000: loss=0.03736 grad_norm=0.6312 seconds_per_update=0.228 peak_gpu_gb=4.34
iter 86450/160000: loss=0.46739 grad_norm=2.4375 seconds_per_update=0.228 peak_gpu_gb=4.34
iter 86500/160000: loss=0.36985 grad_norm=2.2460 seconds_per_update=0.228 peak_gpu_gb=4.34
iter 86550/160000: loss=0.60364 grad_norm=8.2413 seconds_per_update=0.228 peak_gpu_gb=4.34
iter 86600/160000: loss=0.04714 grad_norm=0.8817 seconds_per_update=0.228 peak_gpu_gb=4.34
iter 86650/160000: loss=0.09919 grad_norm=2.1235 seconds_per_update=0.228 peak_gpu_gb=4.34
iter 86700/160000: loss=0.17544 grad_norm=13.3072 seconds_per_update=0.228 peak_gpu_gb=4.34
iter 86750/160000: loss=0.07641 grad_norm=0.7100 seconds_per_update=0.228 peak_gpu_gb=4.34
iter 86800/160000: loss=0.13564 grad_norm=2.7576 seconds_per_update=0.228 peak_gpu_gb=4.34
{"iter": 86800, "mIoU": 0.7537227869033813, "per_class_iou": {"1": 0.6881695985794067, "2": 0.8580130338668823, "3": 0.794272780418396, "4": 0.8661127686500549, "5": 0.46980607509613037, "6": 0.8854619860649109, "7": 0.7575306296348572, "8": 0.7104157209396362}, "confusion": [[0, 0, 0, 0, 0, 0, 0, 0, 0], [0, 150063387, 12193283, 7782315, 2623981, 3271667, 10265687, 9704883, 885986], [0, 5251039, 126514321, 159028, 2358, 282406, 665981, 59024, 204059], [0, 4054008, 220592, 56384534, 3274, 24703, 597966, 132240, 473298], [0, 848131, 3164, 26500, 38237580, 37115, 239921, 605064, 0], [0, 1571850, 54071, 27983, 20117, 6214510, 100927, 800510, 0], [0, 7492474, 1785322, 986290, 689899, 534927, 203727812, 2521905, 252656], [0, 2003785, 38556, 63683, 811396, 287034, 210930, 53858707, 0], [0, 49168, 17155, 52468, 0, 0, 8097, 0, 4766341]]}
iter 86850/160000: loss=0.03915 grad_norm=0.4798 seconds_per_update=0.229 peak_gpu_gb=4.34
iter 86900/160000: loss=0.06179 grad_norm=0.9670 seconds_per_update=0.229 peak_gpu_gb=4.34
iter 86950/160000: loss=0.15359 grad_norm=10.7212 seconds_per_update=0.229 peak_gpu_gb=4.34
iter 87000/160000: loss=0.35038 grad_norm=3.8298 seconds_per_update=0.229 peak_gpu_gb=4.34
iter 87050/160000: loss=0.13007 grad_norm=0.8229 seconds_per_update=0.229 peak_gpu_gb=4.34
iter 87100/160000: loss=0.10185 grad_norm=4.8125 seconds_per_update=0.229 peak_gpu_gb=4.34
iter 87150/160000: loss=0.11873 grad_norm=1.1342 seconds_per_update=0.229 peak_gpu_gb=4.34
iter 87200/160000: loss=0.35861 grad_norm=7.3178 seconds_per_update=0.229 peak_gpu_gb=4.34
iter 87250/160000: loss=0.12247 grad_norm=2.5554 seconds_per_update=0.229 peak_gpu_gb=4.34
iter 87300/160000: loss=0.01869 grad_norm=0.1802 seconds_per_update=0.229 peak_gpu_gb=4.34
iter 87350/160000: loss=0.06106 grad_norm=0.8702 seconds_per_update=0.229 peak_gpu_gb=4.34
iter 87400/160000: loss=0.07606 grad_norm=1.5445 seconds_per_update=0.229 peak_gpu_gb=4.34
iter 87450/160000: loss=0.20577 grad_norm=2.2467 seconds_per_update=0.229 peak_gpu_gb=4.34
iter 87500/160000: loss=1.17346 grad_norm=14.8847 seconds_per_update=0.229 peak_gpu_gb=4.34
iter 87550/160000: loss=0.09211 grad_norm=1.5896 seconds_per_update=0.229 peak_gpu_gb=4.34
iter 87600/160000: loss=0.26718 grad_norm=17.2081 seconds_per_update=0.229 peak_gpu_gb=4.34
iter 87650/160000: loss=0.15608 grad_norm=1.0619 seconds_per_update=0.229 peak_gpu_gb=4.34
iter 87700/160000: loss=0.38469 grad_norm=82.2217 seconds_per_update=0.229 peak_gpu_gb=4.34
iter 87750/160000: loss=0.10338 grad_norm=1.3510 seconds_per_update=0.229 peak_gpu_gb=4.34
iter 87800/160000: loss=0.27259 grad_norm=6.0291 seconds_per_update=0.229 peak_gpu_gb=4.34
iter 87850/160000: loss=0.41380 grad_norm=3.5853 seconds_per_update=0.229 peak_gpu_gb=4.34
iter 87900/160000: loss=0.13150 grad_norm=0.5404 seconds_per_update=0.229 peak_gpu_gb=4.34
iter 87950/160000: loss=0.23046 grad_norm=2.9348 seconds_per_update=0.229 peak_gpu_gb=4.34
iter 88000/160000: loss=0.15602 grad_norm=2.1611 seconds_per_update=0.229 peak_gpu_gb=4.34
iter 88050/160000: loss=0.05776 grad_norm=0.7854 seconds_per_update=0.229 peak_gpu_gb=4.34
iter 88100/160000: loss=0.23962 grad_norm=5.0910 seconds_per_update=0.229 peak_gpu_gb=4.34
iter 88150/160000: loss=0.06247 grad_norm=0.8578 seconds_per_update=0.229 peak_gpu_gb=4.34
iter 88200/160000: loss=0.13938 grad_norm=1.7876 seconds_per_update=0.229 peak_gpu_gb=4.34
iter 88250/160000: loss=0.08997 grad_norm=1.5843 seconds_per_update=0.229 peak_gpu_gb=4.34
iter 88300/160000: loss=0.12327 grad_norm=14.1111 seconds_per_update=0.229 peak_gpu_gb=4.34
iter 88350/160000: loss=0.13896 grad_norm=2.3894 seconds_per_update=0.229 peak_gpu_gb=4.34
iter 88400/160000: loss=0.17166 grad_norm=1.5379 seconds_per_update=0.229 peak_gpu_gb=4.34
iter 88450/160000: loss=0.20855 grad_norm=3.1376 seconds_per_update=0.229 peak_gpu_gb=4.34
iter 88500/160000: loss=0.05648 grad_norm=0.8133 seconds_per_update=0.229 peak_gpu_gb=4.34
iter 88550/160000: loss=0.20648 grad_norm=2.8152 seconds_per_update=0.229 peak_gpu_gb=4.34
iter 88600/160000: loss=0.26507 grad_norm=13.5296 seconds_per_update=0.229 peak_gpu_gb=4.34
iter 88650/160000: loss=0.12398 grad_norm=3.5028 seconds_per_update=0.229 peak_gpu_gb=4.34
iter 88700/160000: loss=0.31313 grad_norm=10.3545 seconds_per_update=0.228 peak_gpu_gb=4.34
iter 88750/160000: loss=0.75152 grad_norm=17.4560 seconds_per_update=0.228 peak_gpu_gb=4.34
iter 88800/160000: loss=0.05819 grad_norm=0.7215 seconds_per_update=0.228 peak_gpu_gb=4.34
iter 88850/160000: loss=0.17570 grad_norm=1.5498 seconds_per_update=0.228 peak_gpu_gb=4.34
iter 88900/160000: loss=2.22086 grad_norm=19.8512 seconds_per_update=0.228 peak_gpu_gb=4.34
iter 88950/160000: loss=0.09883 grad_norm=1.1102 seconds_per_update=0.228 peak_gpu_gb=4.34
iter 89000/160000: loss=0.15392 grad_norm=6.0125 seconds_per_update=0.228 peak_gpu_gb=4.34
iter 89050/160000: loss=0.13133 grad_norm=3.1989 seconds_per_update=0.228 peak_gpu_gb=4.34
iter 89100/160000: loss=0.12556 grad_norm=2.1377 seconds_per_update=0.228 peak_gpu_gb=4.34
iter 89150/160000: loss=0.23323 grad_norm=2.3007 seconds_per_update=0.228 peak_gpu_gb=4.34
iter 89200/160000: loss=0.09317 grad_norm=21.3264 seconds_per_update=0.228 peak_gpu_gb=4.34
iter 89250/160000: loss=0.11558 grad_norm=0.6878 seconds_per_update=0.228 peak_gpu_gb=4.34
iter 89300/160000: loss=0.10265 grad_norm=13.3205 seconds_per_update=0.228 peak_gpu_gb=4.34
iter 89350/160000: loss=0.06786 grad_norm=0.6904 seconds_per_update=0.228 peak_gpu_gb=4.34
iter 89400/160000: loss=0.12820 grad_norm=1.0571 seconds_per_update=0.228 peak_gpu_gb=4.34
iter 89450/160000: loss=0.19434 grad_norm=3.0802 seconds_per_update=0.228 peak_gpu_gb=4.34
iter 89500/160000: loss=0.08696 grad_norm=2.2817 seconds_per_update=0.228 peak_gpu_gb=4.34
iter 89550/160000: loss=0.12978 grad_norm=1.9933 seconds_per_update=0.228 peak_gpu_gb=4.34
iter 89600/160000: loss=0.06933 grad_norm=0.9317 seconds_per_update=0.228 peak_gpu_gb=4.34
{"iter": 89600, "mIoU": 0.7594127655029297, "per_class_iou": {"1": 0.6928552985191345, "2": 0.8632323145866394, "3": 0.7892491221427917, "4": 0.8765333890914917, "5": 0.4287666380405426, "6": 0.8881880640983582, "7": 0.7661077380180359, "8": 0.770369827747345}, "confusion": [[0, 0, 0, 0, 0, 0, 0, 0, 0], [0, 153073874, 9923195, 8687139, 1917548, 3709677, 9698064, 9131131, 650561], [0, 6711243, 125133616, 237688, 1293, 342322, 558982, 81450, 71622], [0, 3759202, 144815, 57107147, 2383, 38084, 446806, 54406, 337772], [0, 1091075, 2945, 22641, 37641348, 51723, 382292, 805451, 0], [0, 1664293, 54571, 30798, 17116, 6027440, 62798, 932952, 0], [0, 8586547, 1638514, 1218034, 415741, 746789, 204118927, 1115145, 151588], [0, 2263647, 39538, 180619, 591871, 379062, 655594, 53163760, 0], [0, 64762, 17575, 88776, 0, 0, 19184, 0, 4702932]]}
iter 89650/160000: loss=0.10452 grad_norm=1.0731 seconds_per_update=0.229 peak_gpu_gb=4.34
iter 89700/160000: loss=0.13683 grad_norm=2.9311 seconds_per_update=0.229 peak_gpu_gb=4.34
iter 89750/160000: loss=0.14112 grad_norm=1.1478 seconds_per_update=0.229 peak_gpu_gb=4.34
iter 89800/160000: loss=0.10510 grad_norm=0.5523 seconds_per_update=0.229 peak_gpu_gb=4.34
iter 89850/160000: loss=0.19895 grad_norm=1.4391 seconds_per_update=0.229 peak_gpu_gb=4.34
iter 89900/160000: loss=0.15845 grad_norm=1.4552 seconds_per_update=0.229 peak_gpu_gb=4.34
iter 89950/160000: loss=0.16291 grad_norm=4.3539 seconds_per_update=0.229 peak_gpu_gb=4.34
iter 90000/160000: loss=0.27780 grad_norm=2.3940 seconds_per_update=0.229 peak_gpu_gb=4.34
iter 90050/160000: loss=0.15428 grad_norm=2.0972 seconds_per_update=0.229 peak_gpu_gb=4.34
iter 90100/160000: loss=0.03717 grad_norm=1.0504 seconds_per_update=0.229 peak_gpu_gb=4.34
iter 90150/160000: loss=0.11903 grad_norm=0.7222 seconds_per_update=0.229 peak_gpu_gb=4.34
iter 90200/160000: loss=0.33349 grad_norm=4.4203 seconds_per_update=0.229 peak_gpu_gb=4.34
iter 90250/160000: loss=0.17954 grad_norm=2.6483 seconds_per_update=0.229 peak_gpu_gb=4.34
iter 90300/160000: loss=0.30116 grad_norm=8.4542 seconds_per_update=0.229 peak_gpu_gb=4.34
iter 90350/160000: loss=0.15846 grad_norm=1.8531 seconds_per_update=0.229 peak_gpu_gb=4.34
iter 90400/160000: loss=0.20382 grad_norm=2.0593 seconds_per_update=0.229 peak_gpu_gb=4.34
iter 90450/160000: loss=0.02201 grad_norm=0.2202 seconds_per_update=0.229 peak_gpu_gb=4.34
iter 90500/160000: loss=0.18507 grad_norm=3.1472 seconds_per_update=0.229 peak_gpu_gb=4.34
iter 90550/160000: loss=0.21238 grad_norm=3.5980 seconds_per_update=0.229 peak_gpu_gb=4.34
iter 90600/160000: loss=0.25162 grad_norm=6.8754 seconds_per_update=0.229 peak_gpu_gb=4.34
iter 90650/160000: loss=0.02951 grad_norm=51.2211 seconds_per_update=0.229 peak_gpu_gb=4.34
iter 90700/160000: loss=0.19809 grad_norm=2.5084 seconds_per_update=0.229 peak_gpu_gb=4.34
iter 90750/160000: loss=0.38674 grad_norm=4.4470 seconds_per_update=0.229 peak_gpu_gb=4.34
iter 90800/160000: loss=0.21459 grad_norm=4.3959 seconds_per_update=0.229 peak_gpu_gb=4.34
iter 90850/160000: loss=0.07455 grad_norm=1.4693 seconds_per_update=0.229 peak_gpu_gb=4.34
iter 90900/160000: loss=0.10453 grad_norm=1.7059 seconds_per_update=0.229 peak_gpu_gb=4.34
iter 90950/160000: loss=0.05101 grad_norm=5.6133 seconds_per_update=0.229 peak_gpu_gb=4.34
iter 91000/160000: loss=0.08423 grad_norm=8.6856 seconds_per_update=0.229 peak_gpu_gb=4.34
iter 91050/160000: loss=0.02977 grad_norm=0.2880 seconds_per_update=0.229 peak_gpu_gb=4.34
iter 91100/160000: loss=0.08334 grad_norm=0.6205 seconds_per_update=0.229 peak_gpu_gb=4.34
iter 91150/160000: loss=0.03225 grad_norm=0.2782 seconds_per_update=0.229 peak_gpu_gb=4.34
iter 91200/160000: loss=0.06378 grad_norm=2.3317 seconds_per_update=0.229 peak_gpu_gb=4.34
iter 91250/160000: loss=0.16182 grad_norm=2.4765 seconds_per_update=0.229 peak_gpu_gb=4.34
iter 91300/160000: loss=0.14516 grad_norm=6.4461 seconds_per_update=0.229 peak_gpu_gb=4.34
iter 91350/160000: loss=0.19098 grad_norm=3.8896 seconds_per_update=0.229 peak_gpu_gb=4.34
iter 91400/160000: loss=0.34825 grad_norm=8.6921 seconds_per_update=0.229 peak_gpu_gb=4.34
iter 91450/160000: loss=0.34917 grad_norm=21.6809 seconds_per_update=0.229 peak_gpu_gb=4.34
iter 91500/160000: loss=0.25755 grad_norm=14.3006 seconds_per_update=0.229 peak_gpu_gb=4.34
iter 91550/160000: loss=0.16454 grad_norm=36.3574 seconds_per_update=0.228 peak_gpu_gb=4.34
iter 91600/160000: loss=0.07506 grad_norm=1.8578 seconds_per_update=0.228 peak_gpu_gb=4.34
iter 91650/160000: loss=0.20591 grad_norm=4.1655 seconds_per_update=0.228 peak_gpu_gb=4.34
iter 91700/160000: loss=0.08231 grad_norm=1.7777 seconds_per_update=0.228 peak_gpu_gb=4.34
iter 91750/160000: loss=0.26894 grad_norm=9.2891 seconds_per_update=0.228 peak_gpu_gb=4.34
iter 91800/160000: loss=0.08020 grad_norm=0.4504 seconds_per_update=0.228 peak_gpu_gb=4.34
iter 91850/160000: loss=0.14401 grad_norm=1.0073 seconds_per_update=0.228 peak_gpu_gb=4.34
iter 91900/160000: loss=0.06892 grad_norm=0.9659 seconds_per_update=0.228 peak_gpu_gb=4.34
iter 91950/160000: loss=0.18927 grad_norm=4.2186 seconds_per_update=0.228 peak_gpu_gb=4.34
iter 92000/160000: loss=0.08477 grad_norm=3.2013 seconds_per_update=0.228 peak_gpu_gb=4.34
iter 92050/160000: loss=0.08238 grad_norm=2.1007 seconds_per_update=0.228 peak_gpu_gb=4.34
iter 92100/160000: loss=0.15126 grad_norm=5.7036 seconds_per_update=0.228 peak_gpu_gb=4.34
iter 92150/160000: loss=0.14684 grad_norm=3.4088 seconds_per_update=0.228 peak_gpu_gb=4.34
iter 92200/160000: loss=0.12460 grad_norm=1.7252 seconds_per_update=0.228 peak_gpu_gb=4.34
iter 92250/160000: loss=0.15281 grad_norm=3.9811 seconds_per_update=0.228 peak_gpu_gb=4.34
iter 92300/160000: loss=0.01023 grad_norm=0.1612 seconds_per_update=0.228 peak_gpu_gb=4.34
iter 92350/160000: loss=0.07534 grad_norm=0.9907 seconds_per_update=0.228 peak_gpu_gb=4.34
iter 92400/160000: loss=0.32424 grad_norm=6.1787 seconds_per_update=0.228 peak_gpu_gb=4.34
{"iter": 92400, "mIoU": 0.75758957862854, "per_class_iou": {"1": 0.6919152140617371, "2": 0.8608437776565552, "3": 0.783837080001831, "4": 0.8634322285652161, "5": 0.43722671270370483, "6": 0.8841747045516968, "7": 0.7693309783935547, "8": 0.7699560523033142}, "confusion": [[0, 0, 0, 0, 0, 0, 0, 0, 0], [0, 155008391, 7302122, 8677086, 2670041, 4259270, 8795707, 9449725, 628847], [0, 9523669, 122449673, 258402, 2514, 342267, 431136, 80974, 49581], [0, 4021145, 104778, 56808382, 3721, 51991, 414273, 135153, 351172], [0, 713985, 2419, 28530, 38276049, 60473, 205490, 710529, 0], [0, 1389994, 20383, 21833, 18253, 6504867, 51502, 783136, 0], [0, 9971207, 1639067, 1432199, 724186, 821470, 202059077, 1141740, 202339], [0, 1548198, 20264, 85024, 913914, 552122, 628097, 53526472, 0], [0, 68609, 16507, 81047, 0, 0, 10956, 0, 4716110]]}
iter 92450/160000: loss=0.07016 grad_norm=2.5620 seconds_per_update=0.229 peak_gpu_gb=4.34
iter 92500/160000: loss=0.01551 grad_norm=0.4589 seconds_per_update=0.229 peak_gpu_gb=4.34
iter 92550/160000: loss=0.23888 grad_norm=2.8763 seconds_per_update=0.229 peak_gpu_gb=4.34
iter 92600/160000: loss=0.07159 grad_norm=1.3250 seconds_per_update=0.229 peak_gpu_gb=4.34
iter 92650/160000: loss=0.15412 grad_norm=10.2452 seconds_per_update=0.229 peak_gpu_gb=4.34
iter 92700/160000: loss=0.14638 grad_norm=2.6148 seconds_per_update=0.229 peak_gpu_gb=4.34
iter 92750/160000: loss=0.17445 grad_norm=3.6056 seconds_per_update=0.229 peak_gpu_gb=4.34
iter 92800/160000: loss=0.22408 grad_norm=3.8239 seconds_per_update=0.229 peak_gpu_gb=4.34
iter 92850/160000: loss=0.11891 grad_norm=9.3186 seconds_per_update=0.229 peak_gpu_gb=4.34
iter 92900/160000: loss=0.25461 grad_norm=2.3836 seconds_per_update=0.229 peak_gpu_gb=4.34
iter 92950/160000: loss=0.09576 grad_norm=0.3902 seconds_per_update=0.229 peak_gpu_gb=4.34
iter 93000/160000: loss=0.44118 grad_norm=10.4402 seconds_per_update=0.229 peak_gpu_gb=4.34
iter 93050/160000: loss=0.10112 grad_norm=1.0673 seconds_per_update=0.229 peak_gpu_gb=4.34
iter 93100/160000: loss=0.22040 grad_norm=2.7152 seconds_per_update=0.229 peak_gpu_gb=4.34
iter 93150/160000: loss=0.03698 grad_norm=0.3245 seconds_per_update=0.229 peak_gpu_gb=4.34
iter 93200/160000: loss=0.10179 grad_norm=0.7915 seconds_per_update=0.229 peak_gpu_gb=4.34
iter 93250/160000: loss=0.21904 grad_norm=1.2662 seconds_per_update=0.229 peak_gpu_gb=4.34
iter 93300/160000: loss=0.23799 grad_norm=33.9503 seconds_per_update=0.229 peak_gpu_gb=4.34
iter 93350/160000: loss=0.20803 grad_norm=4.0243 seconds_per_update=0.229 peak_gpu_gb=4.34
iter 93400/160000: loss=0.21063 grad_norm=1.1306 seconds_per_update=0.229 peak_gpu_gb=4.34
iter 93450/160000: loss=0.08403 grad_norm=0.6848 seconds_per_update=0.229 peak_gpu_gb=4.34
iter 93500/160000: loss=0.07601 grad_norm=1.9941 seconds_per_update=0.229 peak_gpu_gb=4.34
iter 93550/160000: loss=0.22867 grad_norm=9.4846 seconds_per_update=0.229 peak_gpu_gb=4.34
iter 93600/160000: loss=0.11621 grad_norm=1.8689 seconds_per_update=0.229 peak_gpu_gb=4.34
iter 93650/160000: loss=0.07669 grad_norm=2.0692 seconds_per_update=0.229 peak_gpu_gb=4.34
iter 93700/160000: loss=0.04638 grad_norm=0.8093 seconds_per_update=0.229 peak_gpu_gb=4.34
iter 93750/160000: loss=0.45309 grad_norm=17.6803 seconds_per_update=0.229 peak_gpu_gb=4.34
iter 93800/160000: loss=0.11730 grad_norm=9.7339 seconds_per_update=0.229 peak_gpu_gb=4.34
iter 93850/160000: loss=0.06235 grad_norm=1.1397 seconds_per_update=0.229 peak_gpu_gb=4.34
iter 93900/160000: loss=0.13786 grad_norm=3.4804 seconds_per_update=0.229 peak_gpu_gb=4.34
iter 93950/160000: loss=0.08325 grad_norm=0.6692 seconds_per_update=0.229 peak_gpu_gb=4.34
iter 94000/160000: loss=0.20631 grad_norm=1.8965 seconds_per_update=0.229 peak_gpu_gb=4.34
iter 94050/160000: loss=0.17605 grad_norm=3.1596 seconds_per_update=0.229 peak_gpu_gb=4.34
iter 94100/160000: loss=0.03988 grad_norm=0.2115 seconds_per_update=0.229 peak_gpu_gb=4.34
iter 94150/160000: loss=0.11028 grad_norm=0.3718 seconds_per_update=0.229 peak_gpu_gb=4.34
iter 94200/160000: loss=0.13328 grad_norm=1.2566 seconds_per_update=0.229 peak_gpu_gb=4.34
iter 94250/160000: loss=0.24837 grad_norm=14.3568 seconds_per_update=0.229 peak_gpu_gb=4.34
iter 94300/160000: loss=0.14903 grad_norm=2.3812 seconds_per_update=0.228 peak_gpu_gb=4.34
iter 94350/160000: loss=0.18706 grad_norm=2.4390 seconds_per_update=0.228 peak_gpu_gb=4.34
iter 94400/160000: loss=0.17921 grad_norm=1.9108 seconds_per_update=0.228 peak_gpu_gb=4.34
iter 94450/160000: loss=0.17190 grad_norm=4.1426 seconds_per_update=0.228 peak_gpu_gb=4.34
iter 94500/160000: loss=0.06097 grad_norm=0.8207 seconds_per_update=0.228 peak_gpu_gb=4.34
iter 94550/160000: loss=0.20867 grad_norm=2.8951 seconds_per_update=0.228 peak_gpu_gb=4.34
iter 94600/160000: loss=0.23326 grad_norm=1.5909 seconds_per_update=0.228 peak_gpu_gb=4.34
iter 94650/160000: loss=0.10239 grad_norm=0.4724 seconds_per_update=0.228 peak_gpu_gb=4.34
iter 94700/160000: loss=0.20290 grad_norm=2.2597 seconds_per_update=0.228 peak_gpu_gb=4.34
iter 94750/160000: loss=0.11543 grad_norm=0.9088 seconds_per_update=0.228 peak_gpu_gb=4.34
iter 94800/160000: loss=0.09394 grad_norm=2.4349 seconds_per_update=0.228 peak_gpu_gb=4.34
iter 94850/160000: loss=0.23342 grad_norm=6.9788 seconds_per_update=0.228 peak_gpu_gb=4.34
iter 94900/160000: loss=0.29147 grad_norm=12.5867 seconds_per_update=0.228 peak_gpu_gb=4.34
iter 94950/160000: loss=0.10075 grad_norm=0.4346 seconds_per_update=0.228 peak_gpu_gb=4.34
iter 95000/160000: loss=0.08968 grad_norm=1.5562 seconds_per_update=0.228 peak_gpu_gb=4.34
iter 95050/160000: loss=0.58626 grad_norm=13.7318 seconds_per_update=0.228 peak_gpu_gb=4.34
iter 95100/160000: loss=0.17550 grad_norm=1.9178 seconds_per_update=0.228 peak_gpu_gb=4.34
iter 95150/160000: loss=0.14624 grad_norm=3.9220 seconds_per_update=0.228 peak_gpu_gb=4.34
iter 95200/160000: loss=0.07047 grad_norm=1.6796 seconds_per_update=0.228 peak_gpu_gb=4.34
{"iter": 95200, "mIoU": 0.764676570892334, "per_class_iou": {"1": 0.7026031613349915, "2": 0.8619096279144287, "3": 0.8059359788894653, "4": 0.8740736842155457, "5": 0.45314303040504456, "6": 0.8869773149490356, "7": 0.7621362805366516, "8": 0.7706335783004761}, "confusion": [[0, 0, 0, 0, 0, 0, 0, 0, 0], [0, 156206419, 8264908, 6352404, 2049885, 3153808, 10582631, 9567213, 613921], [0, 8251026, 123443878, 128121, 6107, 311794, 833022, 103927, 60341], [0, 4626053, 128220, 55929908, 3647, 49801, 609018, 156092, 387876], [0, 945844, 3147, 10424, 37571115, 61774, 363871, 1041300, 0], [0, 1555793, 27665, 14119, 11787, 6109538, 54809, 1016257, 0], [0, 7819919, 1623094, 909504, 472211, 788924, 204719362, 1488967, 169304], [0, 2258329, 18088, 30978, 442810, 326512, 354087, 53843287, 0], [0, 77088, 18047, 61292, 0, 0, 16925, 0, 4719877]]}
iter 95250/160000: loss=0.22818 grad_norm=10.0778 seconds_per_update=0.229 peak_gpu_gb=4.34
iter 95300/160000: loss=0.05582 grad_norm=0.7716 seconds_per_update=0.229 peak_gpu_gb=4.34
iter 95350/160000: loss=0.62662 grad_norm=7.1142 seconds_per_update=0.229 peak_gpu_gb=4.34
iter 95400/160000: loss=0.15300 grad_norm=6.3975 seconds_per_update=0.229 peak_gpu_gb=4.34
iter 95450/160000: loss=0.12902 grad_norm=1.3850 seconds_per_update=0.229 peak_gpu_gb=4.34
iter 95500/160000: loss=0.21716 grad_norm=2.2612 seconds_per_update=0.229 peak_gpu_gb=4.34
iter 95550/160000: loss=0.11004 grad_norm=1.4339 seconds_per_update=0.229 peak_gpu_gb=4.34
iter 95600/160000: loss=0.39258 grad_norm=24.1049 seconds_per_update=0.229 peak_gpu_gb=4.34
iter 95650/160000: loss=0.19247 grad_norm=22.2942 seconds_per_update=0.229 peak_gpu_gb=4.34
iter 95700/160000: loss=0.19044 grad_norm=5.3760 seconds_per_update=0.229 peak_gpu_gb=4.34
iter 95750/160000: loss=0.25820 grad_norm=4.2254 seconds_per_update=0.229 peak_gpu_gb=4.34
iter 95800/160000: loss=0.26538 grad_norm=10.0140 seconds_per_update=0.229 peak_gpu_gb=4.34
iter 95850/160000: loss=0.16446 grad_norm=0.5431 seconds_per_update=0.229 peak_gpu_gb=4.34
iter 95900/160000: loss=0.09129 grad_norm=2.5809 seconds_per_update=0.229 peak_gpu_gb=4.34
iter 95950/160000: loss=0.05286 grad_norm=0.4945 seconds_per_update=0.229 peak_gpu_gb=4.34
iter 96000/160000: loss=0.14220 grad_norm=2.6081 seconds_per_update=0.229 peak_gpu_gb=4.34
iter 96050/160000: loss=0.18346 grad_norm=1.1889 seconds_per_update=0.229 peak_gpu_gb=4.34
iter 96100/160000: loss=0.12722 grad_norm=0.6698 seconds_per_update=0.229 peak_gpu_gb=4.34
iter 96150/160000: loss=0.04155 grad_norm=0.4234 seconds_per_update=0.229 peak_gpu_gb=4.34
iter 96200/160000: loss=0.08645 grad_norm=2.1384 seconds_per_update=0.229 peak_gpu_gb=4.34
iter 96250/160000: loss=0.06205 grad_norm=0.3632 seconds_per_update=0.229 peak_gpu_gb=4.34
iter 96300/160000: loss=0.18030 grad_norm=13.7612 seconds_per_update=0.229 peak_gpu_gb=4.34
iter 96350/160000: loss=0.67350 grad_norm=29.8722 seconds_per_update=0.229 peak_gpu_gb=4.34
iter 96400/160000: loss=0.33668 grad_norm=2.3687 seconds_per_update=0.229 peak_gpu_gb=4.34
iter 96450/160000: loss=0.19839 grad_norm=126.2303 seconds_per_update=0.229 peak_gpu_gb=4.34
iter 96500/160000: loss=0.08423 grad_norm=6.3652 seconds_per_update=0.229 peak_gpu_gb=4.34
iter 96550/160000: loss=0.13005 grad_norm=1.9626 seconds_per_update=0.229 peak_gpu_gb=4.34
iter 96600/160000: loss=0.15421 grad_norm=2.6680 seconds_per_update=0.229 peak_gpu_gb=4.34
iter 96650/160000: loss=0.15867 grad_norm=1.3956 seconds_per_update=0.229 peak_gpu_gb=4.34
iter 96700/160000: loss=0.24693 grad_norm=3.7344 seconds_per_update=0.229 peak_gpu_gb=4.34
iter 96750/160000: loss=0.08812 grad_norm=2.4502 seconds_per_update=0.229 peak_gpu_gb=4.34
iter 96800/160000: loss=0.08314 grad_norm=2.0743 seconds_per_update=0.229 peak_gpu_gb=4.34
iter 96850/160000: loss=0.02776 grad_norm=0.3595 seconds_per_update=0.229 peak_gpu_gb=4.34
iter 96900/160000: loss=0.33418 grad_norm=6.1826 seconds_per_update=0.229 peak_gpu_gb=4.34
iter 96950/160000: loss=0.05258 grad_norm=0.5163 seconds_per_update=0.229 peak_gpu_gb=4.34
iter 97000/160000: loss=0.22801 grad_norm=1.1439 seconds_per_update=0.229 peak_gpu_gb=4.34
iter 97050/160000: loss=0.12028 grad_norm=1.0921 seconds_per_update=0.229 peak_gpu_gb=4.34
iter 97100/160000: loss=0.63578 grad_norm=5.9759 seconds_per_update=0.229 peak_gpu_gb=4.34
iter 97150/160000: loss=0.21307 grad_norm=2.9462 seconds_per_update=0.229 peak_gpu_gb=4.34
iter 97200/160000: loss=0.12943 grad_norm=1.1638 seconds_per_update=0.228 peak_gpu_gb=4.34
iter 97250/160000: loss=0.10197 grad_norm=2.7545 seconds_per_update=0.228 peak_gpu_gb=4.34
iter 97300/160000: loss=0.27209 grad_norm=10.8312 seconds_per_update=0.228 peak_gpu_gb=4.34
iter 97350/160000: loss=0.12495 grad_norm=1.1651 seconds_per_update=0.228 peak_gpu_gb=4.34
iter 97400/160000: loss=0.00718 grad_norm=0.1033 seconds_per_update=0.228 peak_gpu_gb=4.34
iter 97450/160000: loss=0.12827 grad_norm=12.0410 seconds_per_update=0.228 peak_gpu_gb=4.34
iter 97500/160000: loss=0.14049 grad_norm=0.8533 seconds_per_update=0.228 peak_gpu_gb=4.34
iter 97550/160000: loss=1.30566 grad_norm=11.0986 seconds_per_update=0.228 peak_gpu_gb=4.34
iter 97600/160000: loss=0.49852 grad_norm=15.9158 seconds_per_update=0.228 peak_gpu_gb=4.34
iter 97650/160000: loss=0.19888 grad_norm=1.8270 seconds_per_update=0.228 peak_gpu_gb=4.34
iter 97700/160000: loss=0.13324 grad_norm=0.8104 seconds_per_update=0.228 peak_gpu_gb=4.34
iter 97750/160000: loss=0.20048 grad_norm=6.2462 seconds_per_update=0.228 peak_gpu_gb=4.34
iter 97800/160000: loss=0.31633 grad_norm=1.8752 seconds_per_update=0.228 peak_gpu_gb=4.34
iter 97850/160000: loss=0.16584 grad_norm=2.6079 seconds_per_update=0.228 peak_gpu_gb=4.34
iter 97900/160000: loss=0.17585 grad_norm=4.8589 seconds_per_update=0.228 peak_gpu_gb=4.34
iter 97950/160000: loss=0.00709 grad_norm=0.1577 seconds_per_update=0.228 peak_gpu_gb=4.34
iter 98000/160000: loss=0.18482 grad_norm=1.0422 seconds_per_update=0.228 peak_gpu_gb=4.34
{"iter": 98000, "mIoU": 0.7633014917373657, "per_class_iou": {"1": 0.7030324935913086, "2": 0.8570566773414612, "3": 0.8065836429595947, "4": 0.8756956458091736, "5": 0.43657851219177246, "6": 0.8866311311721802, "7": 0.7777479290962219, "8": 0.7630856037139893}, "confusion": [[0, 0, 0, 0, 0, 0, 0, 0, 0], [0, 157836330, 6270409, 6091053, 1951108, 3817086, 11359245, 8846665, 619293], [0, 10806421, 121065224, 193113, 2048, 355211, 531987, 103922, 80290], [0, 4635618, 91610, 55664051, 6716, 59980, 805559, 183588, 443493], [0, 1014538, 2419, 14094, 37616984, 46031, 433243, 870166, 0], [0, 1630553, 16056, 16297, 11675, 6223895, 76811, 814681, 0], [0, 7695092, 1711043, 713616, 413240, 736152, 205484361, 1073201, 164580], [0, 1851632, 13041, 45507, 574425, 451645, 543894, 53793947, 0], [0, 82862, 14176, 47828, 0, 0, 16557, 0, 4731806]]}
iter 98050/160000: loss=0.04480 grad_norm=0.7620 seconds_per_update=0.229 peak_gpu_gb=4.34
iter 98100/160000: loss=0.03128 grad_norm=2.9020 seconds_per_update=0.229 peak_gpu_gb=4.34
iter 98150/160000: loss=0.22088 grad_norm=2.9860 seconds_per_update=0.229 peak_gpu_gb=4.34
iter 98200/160000: loss=0.16597 grad_norm=1.1595 seconds_per_update=0.229 peak_gpu_gb=4.34
iter 98250/160000: loss=0.13325 grad_norm=1.0973 seconds_per_update=0.229 peak_gpu_gb=4.34
iter 98300/160000: loss=0.07119 grad_norm=0.4625 seconds_per_update=0.229 peak_gpu_gb=4.34
iter 98350/160000: loss=0.14669 grad_norm=2.5879 seconds_per_update=0.229 peak_gpu_gb=4.34
iter 98400/160000: loss=0.11167 grad_norm=0.6000 seconds_per_update=0.229 peak_gpu_gb=4.34
iter 98450/160000: loss=0.07316 grad_norm=2.0060 seconds_per_update=0.229 peak_gpu_gb=4.34
iter 98500/160000: loss=0.08280 grad_norm=1.1701 seconds_per_update=0.229 peak_gpu_gb=4.34
iter 98550/160000: loss=0.67388 grad_norm=23.3450 seconds_per_update=0.229 peak_gpu_gb=4.34
iter 98600/160000: loss=0.28723 grad_norm=37.1410 seconds_per_update=0.229 peak_gpu_gb=4.34
iter 98650/160000: loss=0.28813 grad_norm=5.6690 seconds_per_update=0.229 peak_gpu_gb=4.34
iter 98700/160000: loss=0.12588 grad_norm=6.6844 seconds_per_update=0.229 peak_gpu_gb=4.34
iter 98750/160000: loss=0.22877 grad_norm=3.5792 seconds_per_update=0.229 peak_gpu_gb=4.34
iter 98800/160000: loss=0.08013 grad_norm=3.6862 seconds_per_update=0.229 peak_gpu_gb=4.34
iter 98850/160000: loss=0.10012 grad_norm=0.6369 seconds_per_update=0.229 peak_gpu_gb=4.34
iter 98900/160000: loss=0.16370 grad_norm=1.8867 seconds_per_update=0.229 peak_gpu_gb=4.34
iter 98950/160000: loss=0.20819 grad_norm=4.4591 seconds_per_update=0.229 peak_gpu_gb=4.34
iter 99000/160000: loss=0.03866 grad_norm=1.4179 seconds_per_update=0.229 peak_gpu_gb=4.34
iter 99050/160000: loss=0.30228 grad_norm=17.6765 seconds_per_update=0.229 peak_gpu_gb=4.34
iter 99100/160000: loss=0.05791 grad_norm=0.6015 seconds_per_update=0.229 peak_gpu_gb=4.34
iter 99150/160000: loss=0.17840 grad_norm=1.4457 seconds_per_update=0.229 peak_gpu_gb=4.34
iter 99200/160000: loss=0.15202 grad_norm=1.5122 seconds_per_update=0.229 peak_gpu_gb=4.34
iter 99250/160000: loss=0.11566 grad_norm=0.9571 seconds_per_update=0.229 peak_gpu_gb=4.34
iter 99300/160000: loss=0.25033 grad_norm=12.9190 seconds_per_update=0.229 peak_gpu_gb=4.34
iter 99350/160000: loss=0.24193 grad_norm=5.3468 seconds_per_update=0.229 peak_gpu_gb=4.34
iter 99400/160000: loss=0.24606 grad_norm=1.7755 seconds_per_update=0.229 peak_gpu_gb=4.34
iter 99450/160000: loss=0.22194 grad_norm=2.3646 seconds_per_update=0.229 peak_gpu_gb=4.34
iter 99500/160000: loss=0.03547 grad_norm=2.5320 seconds_per_update=0.229 peak_gpu_gb=4.34
iter 99550/160000: loss=0.18036 grad_norm=4.4265 seconds_per_update=0.229 peak_gpu_gb=4.34
iter 99600/160000: loss=0.09574 grad_norm=0.8805 seconds_per_update=0.229 peak_gpu_gb=4.34
iter 99650/160000: loss=0.16801 grad_norm=2.1427 seconds_per_update=0.229 peak_gpu_gb=4.34
iter 99700/160000: loss=0.28994 grad_norm=3.0005 seconds_per_update=0.229 peak_gpu_gb=4.34
iter 99750/160000: loss=0.33723 grad_norm=21.3031 seconds_per_update=0.229 peak_gpu_gb=4.34
iter 99800/160000: loss=0.12354 grad_norm=0.9823 seconds_per_update=0.229 peak_gpu_gb=4.34
iter 99850/160000: loss=0.14729 grad_norm=1.8469 seconds_per_update=0.229 peak_gpu_gb=4.34
iter 99900/160000: loss=0.27187 grad_norm=3.4863 seconds_per_update=0.229 peak_gpu_gb=4.34
iter 99950/160000: loss=0.11926 grad_norm=1.7798 seconds_per_update=0.228 peak_gpu_gb=4.34
iter 100000/160000: loss=0.32859 grad_norm=34.0686 seconds_per_update=0.228 peak_gpu_gb=4.34
iter 100050/160000: loss=0.16118 grad_norm=2.2580 seconds_per_update=0.228 peak_gpu_gb=4.34
iter 100100/160000: loss=0.10164 grad_norm=0.3702 seconds_per_update=0.228 peak_gpu_gb=4.34
iter 100150/160000: loss=0.21553 grad_norm=3.6918 seconds_per_update=0.228 peak_gpu_gb=4.34
iter 100200/160000: loss=0.02573 grad_norm=2.5640 seconds_per_update=0.228 peak_gpu_gb=4.34
iter 100250/160000: loss=0.05652 grad_norm=1.4605 seconds_per_update=0.228 peak_gpu_gb=4.34
iter 100300/160000: loss=0.12875 grad_norm=15.7832 seconds_per_update=0.228 peak_gpu_gb=4.34
iter 100350/160000: loss=0.15380 grad_norm=4.1412 seconds_per_update=0.228 peak_gpu_gb=4.34
iter 100400/160000: loss=0.23633 grad_norm=2.8532 seconds_per_update=0.228 peak_gpu_gb=4.34
iter 100450/160000: loss=0.32670 grad_norm=8.0900 seconds_per_update=0.228 peak_gpu_gb=4.34
iter 100500/160000: loss=0.26468 grad_norm=2.5036 seconds_per_update=0.228 peak_gpu_gb=4.34
iter 100550/160000: loss=0.23851 grad_norm=6.3118 seconds_per_update=0.228 peak_gpu_gb=4.34
iter 100600/160000: loss=0.26211 grad_norm=2.4464 seconds_per_update=0.228 peak_gpu_gb=4.34
iter 100650/160000: loss=0.24660 grad_norm=19.3190 seconds_per_update=0.228 peak_gpu_gb=4.34
iter 100700/160000: loss=0.07929 grad_norm=0.7141 seconds_per_update=0.228 peak_gpu_gb=4.34
iter 100750/160000: loss=0.09290 grad_norm=0.9841 seconds_per_update=0.228 peak_gpu_gb=4.34
iter 100800/160000: loss=0.10572 grad_norm=0.4869 seconds_per_update=0.228 peak_gpu_gb=4.34
{"iter": 100800, "mIoU": 0.7636235952377319, "per_class_iou": {"1": 0.701596736907959, "2": 0.8639930486679077, "3": 0.8088170289993286, "4": 0.8712196350097656, "5": 0.44712743163108826, "6": 0.8896976113319397, "7": 0.7680807709693909, "8": 0.7584564685821533}, "confusion": [[0, 0, 0, 0, 0, 0, 0, 0, 0], [0, 154642039, 8028075, 5775019, 2411334, 4007833, 11562497, 9666448, 697944], [0, 8173488, 123494594, 165884, 2735, 394582, 664754, 145085, 97094], [0, 4802746, 122222, 55493051, 6859, 52606, 878795, 121745, 412591], [0, 779837, 2830, 11568, 38195013, 23465, 331368, 653394, 0], [0, 1302642, 40591, 16685, 31072, 6372216, 99535, 927227, 0], [0, 6877123, 1563414, 614150, 551074, 590070, 206619324, 1022314, 153816], [0, 1632873, 24285, 75697, 840302, 392930, 688053, 53619951, 0], [0, 54530, 15069, 60530, 0, 0, 19202, 0, 4743898]]}
iter 100850/160000: loss=0.09425 grad_norm=2.0891 seconds_per_update=0.229 peak_gpu_gb=4.34
iter 100900/160000: loss=0.14359 grad_norm=0.9796 seconds_per_update=0.229 peak_gpu_gb=4.34
iter 100950/160000: loss=0.41032 grad_norm=78.3781 seconds_per_update=0.229 peak_gpu_gb=4.34
iter 101000/160000: loss=0.16276 grad_norm=0.9121 seconds_per_update=0.229 peak_gpu_gb=4.34
iter 101050/160000: loss=0.20646 grad_norm=1.2074 seconds_per_update=0.229 peak_gpu_gb=4.34
iter 101100/160000: loss=0.19477 grad_norm=3.0826 seconds_per_update=0.229 peak_gpu_gb=4.34
iter 101150/160000: loss=0.16365 grad_norm=4.5283 seconds_per_update=0.229 peak_gpu_gb=4.34
iter 101200/160000: loss=0.32043 grad_norm=2.2734 seconds_per_update=0.229 peak_gpu_gb=4.34
iter 101250/160000: loss=0.08192 grad_norm=19.0190 seconds_per_update=0.229 peak_gpu_gb=4.34
iter 101300/160000: loss=0.20931 grad_norm=2.1349 seconds_per_update=0.229 peak_gpu_gb=4.34
iter 101350/160000: loss=0.17637 grad_norm=1.2078 seconds_per_update=0.229 peak_gpu_gb=4.34
iter 101400/160000: loss=0.09993 grad_norm=7.6419 seconds_per_update=0.229 peak_gpu_gb=4.34
iter 101450/160000: loss=0.09648 grad_norm=8.6526 seconds_per_update=0.229 peak_gpu_gb=4.34
iter 101500/160000: loss=0.08139 grad_norm=4.1006 seconds_per_update=0.229 peak_gpu_gb=4.34
iter 101550/160000: loss=0.19947 grad_norm=1.8105 seconds_per_update=0.229 peak_gpu_gb=4.34
iter 101600/160000: loss=0.18690 grad_norm=3.1552 seconds_per_update=0.229 peak_gpu_gb=4.34
iter 101650/160000: loss=0.06576 grad_norm=1.2551 seconds_per_update=0.229 peak_gpu_gb=4.34
iter 101700/160000: loss=0.43670 grad_norm=17.7428 seconds_per_update=0.229 peak_gpu_gb=4.34
iter 101750/160000: loss=0.23145 grad_norm=2.2415 seconds_per_update=0.229 peak_gpu_gb=4.34
iter 101800/160000: loss=0.26775 grad_norm=2.7828 seconds_per_update=0.229 peak_gpu_gb=4.34
iter 101850/160000: loss=0.18695 grad_norm=11.8174 seconds_per_update=0.229 peak_gpu_gb=4.34
iter 101900/160000: loss=0.11182 grad_norm=0.1641 seconds_per_update=0.229 peak_gpu_gb=4.34
iter 101950/160000: loss=0.11507 grad_norm=0.8834 seconds_per_update=0.229 peak_gpu_gb=4.34
iter 102000/160000: loss=0.29083 grad_norm=23.6585 seconds_per_update=0.229 peak_gpu_gb=4.34
iter 102050/160000: loss=0.08019 grad_norm=2.0978 seconds_per_update=0.229 peak_gpu_gb=4.34
iter 102100/160000: loss=0.05594 grad_norm=1.3089 seconds_per_update=0.229 peak_gpu_gb=4.34
iter 102150/160000: loss=0.10118 grad_norm=2.1546 seconds_per_update=0.229 peak_gpu_gb=4.34
iter 102200/160000: loss=0.05051 grad_norm=0.3666 seconds_per_update=0.229 peak_gpu_gb=4.34
iter 102250/160000: loss=0.08089 grad_norm=7.6652 seconds_per_update=0.229 peak_gpu_gb=4.34
iter 102300/160000: loss=0.03109 grad_norm=3.6692 seconds_per_update=0.229 peak_gpu_gb=4.34
iter 102350/160000: loss=0.11534 grad_norm=1.4856 seconds_per_update=0.229 peak_gpu_gb=4.34
iter 102400/160000: loss=0.05289 grad_norm=0.2770 seconds_per_update=0.229 peak_gpu_gb=4.34
iter 102450/160000: loss=0.06125 grad_norm=1.1031 seconds_per_update=0.229 peak_gpu_gb=4.34
iter 102500/160000: loss=0.09330 grad_norm=3.5389 seconds_per_update=0.229 peak_gpu_gb=4.34
iter 102550/160000: loss=0.26826 grad_norm=3.0198 seconds_per_update=0.229 peak_gpu_gb=4.34
iter 102600/160000: loss=0.13322 grad_norm=2.7824 seconds_per_update=0.229 peak_gpu_gb=4.34
iter 102650/160000: loss=0.07205 grad_norm=0.9393 seconds_per_update=0.229 peak_gpu_gb=4.34
iter 102700/160000: loss=0.22215 grad_norm=1.4049 seconds_per_update=0.229 peak_gpu_gb=4.34
iter 102750/160000: loss=0.12030 grad_norm=1.1627 seconds_per_update=0.228 peak_gpu_gb=4.34
iter 102800/160000: loss=0.04280 grad_norm=4.7963 seconds_per_update=0.228 peak_gpu_gb=4.34
iter 102850/160000: loss=0.22996 grad_norm=2.9402 seconds_per_update=0.228 peak_gpu_gb=4.34
iter 102900/160000: loss=0.01710 grad_norm=0.3502 seconds_per_update=0.228 peak_gpu_gb=4.34
iter 102950/160000: loss=0.12144 grad_norm=2.8133 seconds_per_update=0.228 peak_gpu_gb=4.34
iter 103000/160000: loss=0.20459 grad_norm=3.6267 seconds_per_update=0.228 peak_gpu_gb=4.34
iter 103050/160000: loss=0.14923 grad_norm=2.1543 seconds_per_update=0.228 peak_gpu_gb=4.34
iter 103100/160000: loss=0.37876 grad_norm=10.8252 seconds_per_update=0.228 peak_gpu_gb=4.34
iter 103150/160000: loss=0.12730 grad_norm=2.2218 seconds_per_update=0.228 peak_gpu_gb=4.34
iter 103200/160000: loss=0.20926 grad_norm=1.2266 seconds_per_update=0.228 peak_gpu_gb=4.34
iter 103250/160000: loss=0.56904 grad_norm=3.2000 seconds_per_update=0.228 peak_gpu_gb=4.34
iter 103300/160000: loss=0.11647 grad_norm=1.9946 seconds_per_update=0.228 peak_gpu_gb=4.34
iter 103350/160000: loss=0.12225 grad_norm=1.4222 seconds_per_update=0.228 peak_gpu_gb=4.34
iter 103400/160000: loss=0.11976 grad_norm=1.4963 seconds_per_update=0.228 peak_gpu_gb=4.34
iter 103450/160000: loss=0.16142 grad_norm=5.0744 seconds_per_update=0.228 peak_gpu_gb=4.34
iter 103500/160000: loss=0.15317 grad_norm=3.1417 seconds_per_update=0.228 peak_gpu_gb=4.34
iter 103550/160000: loss=0.08165 grad_norm=0.6705 seconds_per_update=0.228 peak_gpu_gb=4.34
iter 103600/160000: loss=0.21116 grad_norm=15.1654 seconds_per_update=0.228 peak_gpu_gb=4.34
{"iter": 103600, "mIoU": 0.7615116238594055, "per_class_iou": {"1": 0.6960076689720154, "2": 0.8609763979911804, "3": 0.8069952130317688, "4": 0.8700700998306274, "5": 0.44988158345222473, "6": 0.8809894323348999, "7": 0.785663366317749, "8": 0.7415093779563904}, "confusion": [[0, 0, 0, 0, 0, 0, 0, 0, 0], [0, 152108458, 6620356, 7066780, 2371117, 3570633, 16468674, 7861862, 723309], [0, 9579369, 121577146, 176474, 4398, 362605, 1177655, 93597, 166972], [0, 3729276, 107502, 56541847, 4847, 38805, 873630, 123002, 471706], [0, 739124, 2452, 10929, 38123211, 57040, 394591, 670128, 0], [0, 1665540, 20610, 18104, 18295, 6334675, 108617, 624127, 0], [0, 4089556, 1291195, 782326, 455153, 802499, 209570514, 841872, 158170], [0, 1897121, 12323, 70735, 964968, 459210, 846350, 53023384, 0], [0, 53081, 15812, 48704, 0, 0, 20046, 0, 4755586]]}
iter 103650/160000: loss=0.33917 grad_norm=2.8109 seconds_per_update=0.229 peak_gpu_gb=4.34
iter 103700/160000: loss=0.06217 grad_norm=1.7889 seconds_per_update=0.229 peak_gpu_gb=4.34
iter 103750/160000: loss=0.25783 grad_norm=3.0613 seconds_per_update=0.229 peak_gpu_gb=4.34
iter 103800/160000: loss=0.14198 grad_norm=3.7588 seconds_per_update=0.229 peak_gpu_gb=4.34
iter 103850/160000: loss=0.09121 grad_norm=1.2163 seconds_per_update=0.229 peak_gpu_gb=4.34
iter 103900/160000: loss=0.17054 grad_norm=3.4722 seconds_per_update=0.229 peak_gpu_gb=4.34
iter 103950/160000: loss=0.20017 grad_norm=3.1674 seconds_per_update=0.229 peak_gpu_gb=4.34
iter 104000/160000: loss=0.01443 grad_norm=0.1204 seconds_per_update=0.229 peak_gpu_gb=4.34
iter 104050/160000: loss=0.11183 grad_norm=0.6264 seconds_per_update=0.229 peak_gpu_gb=4.34
iter 104100/160000: loss=0.17304 grad_norm=2.6116 seconds_per_update=0.229 peak_gpu_gb=4.34
iter 104150/160000: loss=0.09427 grad_norm=2.7027 seconds_per_update=0.229 peak_gpu_gb=4.34
iter 104200/160000: loss=0.08396 grad_norm=2.3943 seconds_per_update=0.229 peak_gpu_gb=4.34
iter 104250/160000: loss=0.16700 grad_norm=3.7360 seconds_per_update=0.229 peak_gpu_gb=4.34
iter 104300/160000: loss=0.11993 grad_norm=13.8472 seconds_per_update=0.229 peak_gpu_gb=4.34
iter 104350/160000: loss=0.16872 grad_norm=2.5453 seconds_per_update=0.229 peak_gpu_gb=4.34
iter 104400/160000: loss=0.35651 grad_norm=4.9941 seconds_per_update=0.229 peak_gpu_gb=4.34
iter 104450/160000: loss=0.15782 grad_norm=1.4163 seconds_per_update=0.229 peak_gpu_gb=4.34
iter 104500/160000: loss=0.31067 grad_norm=3.9090 seconds_per_update=0.229 peak_gpu_gb=4.34
iter 104550/160000: loss=0.05260 grad_norm=1.0309 seconds_per_update=0.229 peak_gpu_gb=4.34
iter 104600/160000: loss=0.13092 grad_norm=2.9777 seconds_per_update=0.229 peak_gpu_gb=4.34
iter 104650/160000: loss=0.32012 grad_norm=7.1064 seconds_per_update=0.229 peak_gpu_gb=4.34
iter 104700/160000: loss=0.23137 grad_norm=2.2234 seconds_per_update=0.229 peak_gpu_gb=4.34
iter 104750/160000: loss=0.29830 grad_norm=7.1771 seconds_per_update=0.229 peak_gpu_gb=4.34
iter 104800/160000: loss=0.10565 grad_norm=0.6362 seconds_per_update=0.229 peak_gpu_gb=4.34
iter 104850/160000: loss=0.04099 grad_norm=1.4458 seconds_per_update=0.229 peak_gpu_gb=4.34
iter 104900/160000: loss=0.06379 grad_norm=0.7103 seconds_per_update=0.229 peak_gpu_gb=4.34
iter 104950/160000: loss=0.14875 grad_norm=3.8477 seconds_per_update=0.229 peak_gpu_gb=4.34
iter 105000/160000: loss=0.07973 grad_norm=2.5685 seconds_per_update=0.229 peak_gpu_gb=4.34
iter 105050/160000: loss=0.12066 grad_norm=0.5863 seconds_per_update=0.229 peak_gpu_gb=4.34
iter 105100/160000: loss=0.06451 grad_norm=0.7101 seconds_per_update=0.229 peak_gpu_gb=4.34
iter 105150/160000: loss=0.11582 grad_norm=1.1667 seconds_per_update=0.229 peak_gpu_gb=4.34
iter 105200/160000: loss=0.08505 grad_norm=3.6662 seconds_per_update=0.229 peak_gpu_gb=4.34
iter 105250/160000: loss=0.18125 grad_norm=1.1827 seconds_per_update=0.229 peak_gpu_gb=4.34
iter 105300/160000: loss=0.19028 grad_norm=3.4245 seconds_per_update=0.229 peak_gpu_gb=4.34
iter 105350/160000: loss=0.22106 grad_norm=11.6056 seconds_per_update=0.229 peak_gpu_gb=4.34
iter 105400/160000: loss=0.17219 grad_norm=2.6742 seconds_per_update=0.229 peak_gpu_gb=4.34
iter 105450/160000: loss=0.19442 grad_norm=1.1910 seconds_per_update=0.229 peak_gpu_gb=4.34
iter 105500/160000: loss=0.07064 grad_norm=4.1119 seconds_per_update=0.228 peak_gpu_gb=4.34
iter 105550/160000: loss=0.03261 grad_norm=0.3387 seconds_per_update=0.228 peak_gpu_gb=4.34
iter 105600/160000: loss=0.13941 grad_norm=2.4714 seconds_per_update=0.228 peak_gpu_gb=4.34
iter 105650/160000: loss=0.07204 grad_norm=2.3589 seconds_per_update=0.228 peak_gpu_gb=4.34
iter 105700/160000: loss=0.10486 grad_norm=0.5846 seconds_per_update=0.228 peak_gpu_gb=4.34
iter 105750/160000: loss=0.22797 grad_norm=4.3070 seconds_per_update=0.228 peak_gpu_gb=4.34
iter 105800/160000: loss=0.14246 grad_norm=0.7349 seconds_per_update=0.228 peak_gpu_gb=4.34
iter 105850/160000: loss=0.24657 grad_norm=1.5223 seconds_per_update=0.228 peak_gpu_gb=4.34
iter 105900/160000: loss=0.07470 grad_norm=0.7050 seconds_per_update=0.228 peak_gpu_gb=4.34
iter 105950/160000: loss=0.05579 grad_norm=0.5163 seconds_per_update=0.228 peak_gpu_gb=4.34
iter 106000/160000: loss=0.33154 grad_norm=7.1885 seconds_per_update=0.228 peak_gpu_gb=4.34
iter 106050/160000: loss=0.31314 grad_norm=2.3677 seconds_per_update=0.228 peak_gpu_gb=4.34
iter 106100/160000: loss=0.15128 grad_norm=12.2492 seconds_per_update=0.228 peak_gpu_gb=4.34
iter 106150/160000: loss=0.13236 grad_norm=1.3001 seconds_per_update=0.228 peak_gpu_gb=4.34
iter 106200/160000: loss=0.05778 grad_norm=1.3495 seconds_per_update=0.228 peak_gpu_gb=4.34
iter 106250/160000: loss=0.16575 grad_norm=5.2896 seconds_per_update=0.228 peak_gpu_gb=4.34
iter 106300/160000: loss=0.10589 grad_norm=0.6480 seconds_per_update=0.228 peak_gpu_gb=4.34
iter 106350/160000: loss=0.06940 grad_norm=1.5407 seconds_per_update=0.228 peak_gpu_gb=4.34
iter 106400/160000: loss=0.10082 grad_norm=0.8932 seconds_per_update=0.228 peak_gpu_gb=4.34
{"iter": 106400, "mIoU": 0.7616236805915833, "per_class_iou": {"1": 0.7046983242034912, "2": 0.8643015027046204, "3": 0.8081437945365906, "4": 0.8660072684288025, "5": 0.44248270988464355, "6": 0.8850974440574646, "7": 0.7828264832496643, "8": 0.7394320368766785}, "confusion": [[0, 0, 0, 0, 0, 0, 0, 0, 0], [0, 157016089, 8706158, 6118078, 2675889, 4375162, 9971146, 7193871, 734796], [0, 7590713, 124108359, 165804, 8852, 330011, 693515, 89685, 151277], [0, 4610542, 139476, 56035771, 7726, 50795, 523521, 95459, 427325], [0, 775798, 2655, 11696, 38315170, 104973, 273641, 513542, 0], [0, 1300095, 63523, 13480, 14168, 6696582, 39657, 662463, 0], [0, 9086617, 1508175, 994463, 581646, 864067, 203713409, 1016361, 226547], [0, 2605376, 20142, 86727, 957715, 619135, 656592, 52328404, 0], [0, 52905, 15462, 58008, 0, 0, 9959, 0, 4756895]]}
iter 106450/160000: loss=0.05493 grad_norm=0.7577 seconds_per_update=0.229 peak_gpu_gb=4.34
iter 106500/160000: loss=0.15765 grad_norm=1.5588 seconds_per_update=0.229 peak_gpu_gb=4.34
iter 106550/160000: loss=0.17471 grad_norm=3.0466 seconds_per_update=0.229 peak_gpu_gb=4.34
iter 106600/160000: loss=0.28374 grad_norm=7.0074 seconds_per_update=0.229 peak_gpu_gb=4.34
iter 106650/160000: loss=0.30072 grad_norm=3.4206 seconds_per_update=0.229 peak_gpu_gb=4.34
iter 106700/160000: loss=0.07646 grad_norm=0.4464 seconds_per_update=0.229 peak_gpu_gb=4.34
iter 106750/160000: loss=0.07994 grad_norm=1.6490 seconds_per_update=0.229 peak_gpu_gb=4.34
iter 106800/160000: loss=0.13793 grad_norm=2.4175 seconds_per_update=0.229 peak_gpu_gb=4.34
iter 106850/160000: loss=0.22755 grad_norm=9.1386 seconds_per_update=0.229 peak_gpu_gb=4.34
iter 106900/160000: loss=0.42054 grad_norm=10.6070 seconds_per_update=0.229 peak_gpu_gb=4.34
iter 106950/160000: loss=0.00433 grad_norm=0.3391 seconds_per_update=0.229 peak_gpu_gb=4.34
iter 107000/160000: loss=0.26787 grad_norm=3.5704 seconds_per_update=0.229 peak_gpu_gb=4.34
iter 107050/160000: loss=0.15862 grad_norm=2.5279 seconds_per_update=0.229 peak_gpu_gb=4.34
iter 107100/160000: loss=0.16895 grad_norm=6.1480 seconds_per_update=0.229 peak_gpu_gb=4.34
iter 107150/160000: loss=0.04753 grad_norm=0.5515 seconds_per_update=0.229 peak_gpu_gb=4.34
iter 107200/160000: loss=0.01789 grad_norm=0.7029 seconds_per_update=0.229 peak_gpu_gb=4.34
iter 107250/160000: loss=0.46599 grad_norm=35.0596 seconds_per_update=0.229 peak_gpu_gb=4.34
iter 107300/160000: loss=0.14048 grad_norm=8.8903 seconds_per_update=0.229 peak_gpu_gb=4.34
iter 107350/160000: loss=0.19716 grad_norm=1.4575 seconds_per_update=0.229 peak_gpu_gb=4.34
iter 107400/160000: loss=0.14734 grad_norm=0.9563 seconds_per_update=0.229 peak_gpu_gb=4.34
iter 107450/160000: loss=0.12432 grad_norm=12.6984 seconds_per_update=0.229 peak_gpu_gb=4.34
iter 107500/160000: loss=0.16941 grad_norm=2.7628 seconds_per_update=0.229 peak_gpu_gb=4.34
iter 107550/160000: loss=0.11785 grad_norm=0.4774 seconds_per_update=0.229 peak_gpu_gb=4.34
iter 107600/160000: loss=0.15584 grad_norm=1.0586 seconds_per_update=0.229 peak_gpu_gb=4.34
iter 107650/160000: loss=0.12028 grad_norm=1.0253 seconds_per_update=0.229 peak_gpu_gb=4.34
iter 107700/160000: loss=0.05051 grad_norm=0.5988 seconds_per_update=0.229 peak_gpu_gb=4.34
iter 107750/160000: loss=0.11232 grad_norm=2.1343 seconds_per_update=0.229 peak_gpu_gb=4.34
iter 107800/160000: loss=0.21125 grad_norm=3.8747 seconds_per_update=0.229 peak_gpu_gb=4.34
iter 107850/160000: loss=0.19125 grad_norm=3.5416 seconds_per_update=0.229 peak_gpu_gb=4.34
iter 107900/160000: loss=0.12856 grad_norm=1.2486 seconds_per_update=0.229 peak_gpu_gb=4.34
iter 107950/160000: loss=0.31138 grad_norm=18.0442 seconds_per_update=0.229 peak_gpu_gb=4.34
iter 108000/160000: loss=0.16256 grad_norm=1.5714 seconds_per_update=0.229 peak_gpu_gb=4.34
iter 108050/160000: loss=0.16136 grad_norm=8.0843 seconds_per_update=0.229 peak_gpu_gb=4.34
iter 108100/160000: loss=0.33534 grad_norm=4.6342 seconds_per_update=0.229 peak_gpu_gb=4.34
iter 108150/160000: loss=0.33538 grad_norm=2.5224 seconds_per_update=0.229 peak_gpu_gb=4.34
iter 108200/160000: loss=0.17409 grad_norm=2.3020 seconds_per_update=0.229 peak_gpu_gb=4.34
iter 108250/160000: loss=0.13033 grad_norm=1.3388 seconds_per_update=0.229 peak_gpu_gb=4.34
iter 108300/160000: loss=0.27488 grad_norm=3.1139 seconds_per_update=0.229 peak_gpu_gb=4.34
iter 108350/160000: loss=0.01773 grad_norm=0.3031 seconds_per_update=0.228 peak_gpu_gb=4.34
iter 108400/160000: loss=0.19671 grad_norm=3.1576 seconds_per_update=0.228 peak_gpu_gb=4.34
iter 108450/160000: loss=0.07970 grad_norm=0.8055 seconds_per_update=0.228 peak_gpu_gb=4.34
iter 108500/160000: loss=0.28137 grad_norm=4.8397 seconds_per_update=0.228 peak_gpu_gb=4.34
iter 108550/160000: loss=0.24291 grad_norm=10.6886 seconds_per_update=0.228 peak_gpu_gb=4.34
iter 108600/160000: loss=0.48704 grad_norm=36.4267 seconds_per_update=0.228 peak_gpu_gb=4.34
iter 108650/160000: loss=0.31618 grad_norm=2.6839 seconds_per_update=0.228 peak_gpu_gb=4.34
iter 108700/160000: loss=0.11004 grad_norm=3.4261 seconds_per_update=0.228 peak_gpu_gb=4.34
iter 108750/160000: loss=0.06399 grad_norm=0.5566 seconds_per_update=0.228 peak_gpu_gb=4.34
iter 108800/160000: loss=0.12039 grad_norm=1.2302 seconds_per_update=0.228 peak_gpu_gb=4.34
iter 108850/160000: loss=0.45522 grad_norm=10.6977 seconds_per_update=0.228 peak_gpu_gb=4.34
iter 108900/160000: loss=0.16473 grad_norm=2.6003 seconds_per_update=0.228 peak_gpu_gb=4.34
iter 108950/160000: loss=0.01545 grad_norm=0.4393 seconds_per_update=0.228 peak_gpu_gb=4.34
iter 109000/160000: loss=0.32898 grad_norm=6.7632 seconds_per_update=0.228 peak_gpu_gb=4.34
iter 109050/160000: loss=0.17271 grad_norm=2.5796 seconds_per_update=0.228 peak_gpu_gb=4.34
iter 109100/160000: loss=0.56358 grad_norm=12.5390 seconds_per_update=0.228 peak_gpu_gb=4.34
iter 109150/160000: loss=0.16757 grad_norm=1.2149 seconds_per_update=0.228 peak_gpu_gb=4.34
iter 109200/160000: loss=0.06113 grad_norm=2.6629 seconds_per_update=0.228 peak_gpu_gb=4.34
{"iter": 109200, "mIoU": 0.759374737739563, "per_class_iou": {"1": 0.6963748931884766, "2": 0.8643717169761658, "3": 0.7947063446044922, "4": 0.8781253099441528, "5": 0.4540349245071411, "6": 0.8892611265182495, "7": 0.7659805417060852, "8": 0.7321430444717407}, "confusion": [[0, 0, 0, 0, 0, 0, 0, 0, 0], [0, 153264797, 7691766, 8722886, 1995256, 4439079, 9788087, 10009655, 879663], [0, 8434035, 123239161, 262952, 1791, 367526, 629432, 110259, 93060], [0, 3166761, 119126, 57478755, 2693, 51901, 520416, 112652, 438311], [0, 1006976, 2987, 25518, 37926107, 70261, 286057, 679569, 0], [0, 1051288, 27878, 20725, 10913, 6710289, 74338, 894537, 0], [0, 7961463, 1562542, 1257529, 513576, 671960, 204177805, 1645320, 201090], [0, 1639386, 17254, 84758, 668160, 388539, 301192, 54174802, 0], [0, 38415, 16810, 62054, 0, 0, 13101, 0, 4762849]]}
iter 109250/160000: loss=0.18533 grad_norm=6.3298 seconds_per_update=0.229 peak_gpu_gb=4.34
iter 109300/160000: loss=0.05624 grad_norm=4.5595 seconds_per_update=0.229 peak_gpu_gb=4.34
iter 109350/160000: loss=0.19100 grad_norm=11.0304 seconds_per_update=0.229 peak_gpu_gb=4.34
iter 109400/160000: loss=0.26594 grad_norm=18.8583 seconds_per_update=0.229 peak_gpu_gb=4.34
iter 109450/160000: loss=0.13375 grad_norm=1.3762 seconds_per_update=0.229 peak_gpu_gb=4.34
iter 109500/160000: loss=0.19645 grad_norm=4.3263 seconds_per_update=0.229 peak_gpu_gb=4.34
iter 109550/160000: loss=0.11302 grad_norm=1.6204 seconds_per_update=0.229 peak_gpu_gb=4.34
iter 109600/160000: loss=0.25706 grad_norm=9.4451 seconds_per_update=0.229 peak_gpu_gb=4.34
iter 109650/160000: loss=0.00834 grad_norm=0.1711 seconds_per_update=0.229 peak_gpu_gb=4.34
iter 109700/160000: loss=0.04943 grad_norm=6.4543 seconds_per_update=0.229 peak_gpu_gb=4.34
iter 109750/160000: loss=0.11193 grad_norm=0.7776 seconds_per_update=0.229 peak_gpu_gb=4.34
iter 109800/160000: loss=0.11497 grad_norm=1.9940 seconds_per_update=0.229 peak_gpu_gb=4.34
iter 109850/160000: loss=0.52200 grad_norm=17.9316 seconds_per_update=0.229 peak_gpu_gb=4.34
iter 109900/160000: loss=0.19336 grad_norm=1.9983 seconds_per_update=0.229 peak_gpu_gb=4.34
iter 109950/160000: loss=0.31764 grad_norm=3.4275 seconds_per_update=0.229 peak_gpu_gb=4.34
iter 110000/160000: loss=0.10383 grad_norm=1.3730 seconds_per_update=0.229 peak_gpu_gb=4.34
iter 110050/160000: loss=0.07687 grad_norm=4.6954 seconds_per_update=0.229 peak_gpu_gb=4.34
iter 110100/160000: loss=0.17355 grad_norm=3.6254 seconds_per_update=0.229 peak_gpu_gb=4.34
iter 110150/160000: loss=0.10010 grad_norm=0.4601 seconds_per_update=0.229 peak_gpu_gb=4.34
iter 110200/160000: loss=0.30212 grad_norm=2.4108 seconds_per_update=0.229 peak_gpu_gb=4.34
iter 110250/160000: loss=0.14760 grad_norm=0.7825 seconds_per_update=0.229 peak_gpu_gb=4.34
iter 110300/160000: loss=0.11787 grad_norm=2.2209 seconds_per_update=0.229 peak_gpu_gb=4.34
iter 110350/160000: loss=0.01447 grad_norm=0.2212 seconds_per_update=0.229 peak_gpu_gb=4.34
iter 110400/160000: loss=0.34051 grad_norm=12.3837 seconds_per_update=0.229 peak_gpu_gb=4.34
iter 110450/160000: loss=0.15071 grad_norm=0.7607 seconds_per_update=0.229 peak_gpu_gb=4.34
iter 110500/160000: loss=0.14353 grad_norm=4.4477 seconds_per_update=0.229 peak_gpu_gb=4.34
iter 110550/160000: loss=0.15355 grad_norm=5.5484 seconds_per_update=0.229 peak_gpu_gb=4.34
iter 110600/160000: loss=2.78307 grad_norm=44.2414 seconds_per_update=0.229 peak_gpu_gb=4.34
iter 110650/160000: loss=0.26080 grad_norm=2.8611 seconds_per_update=0.229 peak_gpu_gb=4.34
iter 110700/160000: loss=0.04739 grad_norm=0.3182 seconds_per_update=0.229 peak_gpu_gb=4.34
iter 110750/160000: loss=0.23925 grad_norm=6.5139 seconds_per_update=0.229 peak_gpu_gb=4.34
iter 110800/160000: loss=0.23702 grad_norm=3.6350 seconds_per_update=0.229 peak_gpu_gb=4.34
iter 110850/160000: loss=0.51742 grad_norm=4.4609 seconds_per_update=0.229 peak_gpu_gb=4.34
iter 110900/160000: loss=0.15960 grad_norm=0.7622 seconds_per_update=0.229 peak_gpu_gb=4.34
iter 110950/160000: loss=0.06181 grad_norm=0.5677 seconds_per_update=0.229 peak_gpu_gb=4.34
iter 111000/160000: loss=0.09931 grad_norm=3.0174 seconds_per_update=0.229 peak_gpu_gb=4.34
iter 111050/160000: loss=0.05552 grad_norm=0.1888 seconds_per_update=0.228 peak_gpu_gb=4.34
iter 111100/160000: loss=0.07194 grad_norm=0.5655 seconds_per_update=0.228 peak_gpu_gb=4.34
iter 111150/160000: loss=0.12309 grad_norm=0.7871 seconds_per_update=0.228 peak_gpu_gb=4.34
iter 111200/160000: loss=0.63627 grad_norm=85.4967 seconds_per_update=0.228 peak_gpu_gb=4.34
iter 111250/160000: loss=0.18641 grad_norm=4.9685 seconds_per_update=0.228 peak_gpu_gb=4.34
iter 111300/160000: loss=0.31970 grad_norm=26.0546 seconds_per_update=0.228 peak_gpu_gb=4.34
iter 111350/160000: loss=0.17433 grad_norm=1.2319 seconds_per_update=0.228 peak_gpu_gb=4.34
iter 111400/160000: loss=0.05081 grad_norm=0.8099 seconds_per_update=0.228 peak_gpu_gb=4.34
iter 111450/160000: loss=0.21522 grad_norm=1.7522 seconds_per_update=0.228 peak_gpu_gb=4.34
iter 111500/160000: loss=0.21695 grad_norm=7.4340 seconds_per_update=0.228 peak_gpu_gb=4.34
iter 111550/160000: loss=0.00705 grad_norm=0.2011 seconds_per_update=0.228 peak_gpu_gb=4.34
iter 111600/160000: loss=0.16726 grad_norm=1.2392 seconds_per_update=0.228 peak_gpu_gb=4.34
iter 111650/160000: loss=0.11245 grad_norm=0.3327 seconds_per_update=0.228 peak_gpu_gb=4.34
iter 111700/160000: loss=0.04918 grad_norm=0.7801 seconds_per_update=0.228 peak_gpu_gb=4.34
iter 111750/160000: loss=0.18417 grad_norm=6.4139 seconds_per_update=0.228 peak_gpu_gb=4.34
iter 111800/160000: loss=0.08529 grad_norm=2.2372 seconds_per_update=0.228 peak_gpu_gb=4.34
iter 111850/160000: loss=0.17921 grad_norm=4.0066 seconds_per_update=0.228 peak_gpu_gb=4.34
iter 111900/160000: loss=0.24414 grad_norm=3.6710 seconds_per_update=0.228 peak_gpu_gb=4.34
iter 111950/160000: loss=0.29320 grad_norm=3.3884 seconds_per_update=0.228 peak_gpu_gb=4.34
iter 112000/160000: loss=0.06671 grad_norm=1.2792 seconds_per_update=0.228 peak_gpu_gb=4.34
{"iter": 112000, "mIoU": 0.7681833505630493, "per_class_iou": {"1": 0.7089229822158813, "2": 0.861362099647522, "3": 0.8093810081481934, "4": 0.8749078512191772, "5": 0.46157729625701904, "6": 0.8912649750709534, "7": 0.7727081775665283, "8": 0.7653424739837646}, "confusion": [[0, 0, 0, 0, 0, 0, 0, 0, 0], [0, 158204620, 6616719, 6384233, 2123862, 3551945, 11209548, 8014012, 686250], [0, 9831328, 121737490, 213886, 2470, 340816, 862304, 89858, 60064], [0, 4252135, 113654, 56116935, 4544, 67876, 841243, 84356, 409872], [0, 968743, 3095, 11018, 38189679, 26405, 337366, 461169, 0], [0, 1514617, 27355, 9439, 20952, 6385538, 54614, 777453, 0], [0, 6899374, 1392992, 685219, 500366, 677663, 206805688, 892855, 137128], [0, 2849032, 20662, 78724, 1000274, 379495, 715624, 52230280, 0], [0, 55521, 18678, 60020, 0, 0, 24186, 0, 4734824]]}
iter 112050/160000: loss=0.05100 grad_norm=0.7163 seconds_per_update=0.229 peak_gpu_gb=4.34
iter 112100/160000: loss=0.23342 grad_norm=2.3702 seconds_per_update=0.229 peak_gpu_gb=4.34
iter 112150/160000: loss=0.14250 grad_norm=1.7067 seconds_per_update=0.229 peak_gpu_gb=4.34
iter 112200/160000: loss=0.01654 grad_norm=0.2428 seconds_per_update=0.229 peak_gpu_gb=4.34
iter 112250/160000: loss=0.19123 grad_norm=1.5225 seconds_per_update=0.229 peak_gpu_gb=4.34
iter 112300/160000: loss=0.42750 grad_norm=5.6586 seconds_per_update=0.229 peak_gpu_gb=4.34
iter 112350/160000: loss=0.38810 grad_norm=8.1929 seconds_per_update=0.229 peak_gpu_gb=4.34
iter 112400/160000: loss=0.05993 grad_norm=0.6394 seconds_per_update=0.229 peak_gpu_gb=4.34
iter 112450/160000: loss=0.22451 grad_norm=3.1837 seconds_per_update=0.229 peak_gpu_gb=4.34
iter 112500/160000: loss=0.08339 grad_norm=0.9257 seconds_per_update=0.229 peak_gpu_gb=4.34
iter 112550/160000: loss=0.17899 grad_norm=5.2678 seconds_per_update=0.229 peak_gpu_gb=4.34
iter 112600/160000: loss=0.20537 grad_norm=1.0224 seconds_per_update=0.229 peak_gpu_gb=4.34
iter 112650/160000: loss=0.14604 grad_norm=3.1782 seconds_per_update=0.229 peak_gpu_gb=4.34
iter 112700/160000: loss=0.35877 grad_norm=49.8140 seconds_per_update=0.229 peak_gpu_gb=4.34
iter 112750/160000: loss=1.59787 grad_norm=6.8887 seconds_per_update=0.229 peak_gpu_gb=4.34
iter 112800/160000: loss=0.19630 grad_norm=1.3929 seconds_per_update=0.229 peak_gpu_gb=4.34
iter 112850/160000: loss=0.16004 grad_norm=3.2035 seconds_per_update=0.229 peak_gpu_gb=4.34
iter 112900/160000: loss=0.12189 grad_norm=1.1045 seconds_per_update=0.229 peak_gpu_gb=4.34
iter 112950/160000: loss=0.01434 grad_norm=0.1339 seconds_per_update=0.229 peak_gpu_gb=4.34
iter 113000/160000: loss=0.12668 grad_norm=1.2163 seconds_per_update=0.229 peak_gpu_gb=4.34
iter 113050/160000: loss=0.18756 grad_norm=1.0792 seconds_per_update=0.229 peak_gpu_gb=4.34
iter 113100/160000: loss=0.13594 grad_norm=11.9009 seconds_per_update=0.229 peak_gpu_gb=4.34
iter 113150/160000: loss=0.02602 grad_norm=0.6575 seconds_per_update=0.229 peak_gpu_gb=4.34
iter 113200/160000: loss=0.14467 grad_norm=7.5493 seconds_per_update=0.229 peak_gpu_gb=4.34
iter 113250/160000: loss=0.04016 grad_norm=0.8448 seconds_per_update=0.229 peak_gpu_gb=4.34
iter 113300/160000: loss=0.19376 grad_norm=10.0325 seconds_per_update=0.229 peak_gpu_gb=4.34
iter 113350/160000: loss=0.09317 grad_norm=1.6411 seconds_per_update=0.229 peak_gpu_gb=4.34
iter 113400/160000: loss=0.29587 grad_norm=4.0131 seconds_per_update=0.229 peak_gpu_gb=4.34
iter 113450/160000: loss=0.30049 grad_norm=2.1490 seconds_per_update=0.229 peak_gpu_gb=4.34
iter 113500/160000: loss=0.12251 grad_norm=1.6918 seconds_per_update=0.229 peak_gpu_gb=4.34
iter 113550/160000: loss=0.01887 grad_norm=2.4148 seconds_per_update=0.229 peak_gpu_gb=4.34
iter 113600/160000: loss=0.02524 grad_norm=0.4670 seconds_per_update=0.229 peak_gpu_gb=4.34
iter 113650/160000: loss=0.28817 grad_norm=2.1267 seconds_per_update=0.229 peak_gpu_gb=4.34
iter 113700/160000: loss=0.10170 grad_norm=1.5276 seconds_per_update=0.229 peak_gpu_gb=4.34
iter 113750/160000: loss=0.90759 grad_norm=18.4607 seconds_per_update=0.229 peak_gpu_gb=4.34
iter 113800/160000: loss=0.55725 grad_norm=39.6659 seconds_per_update=0.229 peak_gpu_gb=4.34
iter 113850/160000: loss=0.17252 grad_norm=1.7720 seconds_per_update=0.229 peak_gpu_gb=4.34
iter 113900/160000: loss=0.11116 grad_norm=1.0565 seconds_per_update=0.228 peak_gpu_gb=4.34
iter 113950/160000: loss=0.35009 grad_norm=2.7356 seconds_per_update=0.228 peak_gpu_gb=4.34
iter 114000/160000: loss=0.19876 grad_norm=39.6309 seconds_per_update=0.228 peak_gpu_gb=4.34
iter 114050/160000: loss=0.09590 grad_norm=25.7164 seconds_per_update=0.228 peak_gpu_gb=4.34
iter 114100/160000: loss=0.13839 grad_norm=0.9977 seconds_per_update=0.228 peak_gpu_gb=4.34
iter 114150/160000: loss=0.14145 grad_norm=12.4305 seconds_per_update=0.228 peak_gpu_gb=4.34
iter 114200/160000: loss=0.19596 grad_norm=5.0368 seconds_per_update=0.228 peak_gpu_gb=4.34
iter 114250/160000: loss=0.02284 grad_norm=0.5536 seconds_per_update=0.228 peak_gpu_gb=4.34
iter 114300/160000: loss=0.08053 grad_norm=0.4734 seconds_per_update=0.228 peak_gpu_gb=4.34
iter 114350/160000: loss=0.12152 grad_norm=0.5670 seconds_per_update=0.228 peak_gpu_gb=4.34
iter 114400/160000: loss=0.17939 grad_norm=0.8979 seconds_per_update=0.228 peak_gpu_gb=4.34
iter 114450/160000: loss=0.08246 grad_norm=1.2396 seconds_per_update=0.228 peak_gpu_gb=4.34
iter 114500/160000: loss=0.18733 grad_norm=1.7782 seconds_per_update=0.228 peak_gpu_gb=4.34
iter 114550/160000: loss=0.16139 grad_norm=1.3741 seconds_per_update=0.228 peak_gpu_gb=4.34
iter 114600/160000: loss=0.33206 grad_norm=1.4923 seconds_per_update=0.228 peak_gpu_gb=4.34
iter 114650/160000: loss=0.13299 grad_norm=1.0749 seconds_per_update=0.228 peak_gpu_gb=4.34
iter 114700/160000: loss=0.15659 grad_norm=3.3795 seconds_per_update=0.228 peak_gpu_gb=4.34
iter 114750/160000: loss=0.14386 grad_norm=1.2408 seconds_per_update=0.228 peak_gpu_gb=4.34
iter 114800/160000: loss=0.18366 grad_norm=3.8948 seconds_per_update=0.228 peak_gpu_gb=4.34
{"iter": 114800, "mIoU": 0.765178382396698, "per_class_iou": {"1": 0.7012765407562256, "2": 0.8646475076675415, "3": 0.8110156655311584, "4": 0.8735544681549072, "5": 0.4561820328235626, "6": 0.8875812888145447, "7": 0.7705409526824951, "8": 0.7566288113594055}, "confusion": [[0, 0, 0, 0, 0, 0, 0, 0, 0], [0, 152219187, 9387806, 5847082, 2391501, 4059924, 13137042, 9023465, 725182], [0, 6484679, 124623129, 135102, 3227, 344706, 1339633, 143779, 63961], [0, 4585220, 185895, 55940034, 5092, 55180, 638549, 91115, 389530], [0, 719175, 3364, 12720, 38291118, 44372, 389695, 537031, 0], [0, 1097187, 37269, 14613, 39026, 6654446, 64316, 883111, 0], [0, 5292813, 1344425, 902987, 464064, 886779, 207850930, 1076646, 172641], [0, 2026104, 16311, 101598, 933311, 406331, 600584, 53189852, 0], [0, 63782, 18422, 70555, 0, 0, 15669, 0, 4724801]]}
iter 114850/160000: loss=0.31182 grad_norm=1.8682 seconds_per_update=0.229 peak_gpu_gb=4.34
iter 114900/160000: loss=0.06680 grad_norm=0.6138 seconds_per_update=0.229 peak_gpu_gb=4.34
iter 114950/160000: loss=0.07560 grad_norm=0.9564 seconds_per_update=0.229 peak_gpu_gb=4.34
iter 115000/160000: loss=0.15478 grad_norm=0.8445 seconds_per_update=0.229 peak_gpu_gb=4.34
iter 115050/160000: loss=0.02799 grad_norm=1.1621 seconds_per_update=0.229 peak_gpu_gb=4.34
iter 115100/160000: loss=0.18624 grad_norm=1.4666 seconds_per_update=0.229 peak_gpu_gb=4.34
iter 115150/160000: loss=0.28116 grad_norm=6.9527 seconds_per_update=0.229 peak_gpu_gb=4.34
iter 115200/160000: loss=0.07108 grad_norm=0.6402 seconds_per_update=0.229 peak_gpu_gb=4.34
iter 115250/160000: loss=0.15440 grad_norm=0.7224 seconds_per_update=0.229 peak_gpu_gb=4.34
iter 115300/160000: loss=0.03745 grad_norm=0.7628 seconds_per_update=0.229 peak_gpu_gb=4.34
iter 115350/160000: loss=0.22866 grad_norm=16.1372 seconds_per_update=0.229 peak_gpu_gb=4.34
iter 115400/160000: loss=0.15198 grad_norm=4.1518 seconds_per_update=0.229 peak_gpu_gb=4.34
iter 115450/160000: loss=0.09269 grad_norm=1.2278 seconds_per_update=0.229 peak_gpu_gb=4.34
iter 115500/160000: loss=0.51235 grad_norm=11.5426 seconds_per_update=0.229 peak_gpu_gb=4.34
iter 115550/160000: loss=0.01659 grad_norm=0.1995 seconds_per_update=0.229 peak_gpu_gb=4.34
iter 115600/160000: loss=0.32164 grad_norm=4.3716 seconds_per_update=0.229 peak_gpu_gb=4.34
iter 115650/160000: loss=0.09622 grad_norm=2.2086 seconds_per_update=0.229 peak_gpu_gb=4.34
iter 115700/160000: loss=0.08509 grad_norm=0.8933 seconds_per_update=0.229 peak_gpu_gb=4.34
iter 115750/160000: loss=0.10206 grad_norm=0.9186 seconds_per_update=0.229 peak_gpu_gb=4.34
iter 115800/160000: loss=0.12463 grad_norm=2.8443 seconds_per_update=0.229 peak_gpu_gb=4.34
iter 115850/160000: loss=0.31055 grad_norm=2.5326 seconds_per_update=0.229 peak_gpu_gb=4.34
iter 115900/160000: loss=0.25087 grad_norm=3.4988 seconds_per_update=0.229 peak_gpu_gb=4.34
iter 115950/160000: loss=0.29587 grad_norm=7.8876 seconds_per_update=0.229 peak_gpu_gb=4.34
iter 116000/160000: loss=0.10965 grad_norm=11.4288 seconds_per_update=0.229 peak_gpu_gb=4.34
iter 116050/160000: loss=0.06827 grad_norm=0.5729 seconds_per_update=0.229 peak_gpu_gb=4.34
iter 116100/160000: loss=0.11269 grad_norm=0.2211 seconds_per_update=0.229 peak_gpu_gb=4.34
iter 116150/160000: loss=0.47627 grad_norm=30.7636 seconds_per_update=0.229 peak_gpu_gb=4.34
iter 116200/160000: loss=0.05644 grad_norm=1.2063 seconds_per_update=0.229 peak_gpu_gb=4.34
iter 116250/160000: loss=0.23586 grad_norm=11.4844 seconds_per_update=0.229 peak_gpu_gb=4.34
iter 116300/160000: loss=0.18996 grad_norm=1.8525 seconds_per_update=0.229 peak_gpu_gb=4.34
iter 116350/160000: loss=0.12885 grad_norm=2.0582 seconds_per_update=0.229 peak_gpu_gb=4.34
iter 116400/160000: loss=0.10846 grad_norm=0.6527 seconds_per_update=0.229 peak_gpu_gb=4.34
iter 116450/160000: loss=0.11197 grad_norm=2.2894 seconds_per_update=0.229 peak_gpu_gb=4.34
iter 116500/160000: loss=0.12346 grad_norm=0.9575 seconds_per_update=0.229 peak_gpu_gb=4.34
iter 116550/160000: loss=0.50496 grad_norm=27.8880 seconds_per_update=0.229 peak_gpu_gb=4.34
iter 116600/160000: loss=0.30260 grad_norm=9.4931 seconds_per_update=0.229 peak_gpu_gb=4.34
iter 116650/160000: loss=0.36196 grad_norm=4.6597 seconds_per_update=0.228 peak_gpu_gb=4.34
iter 116700/160000: loss=0.26287 grad_norm=2.0758 seconds_per_update=0.228 peak_gpu_gb=4.34
iter 116750/160000: loss=0.13364 grad_norm=3.5942 seconds_per_update=0.228 peak_gpu_gb=4.34
iter 116800/160000: loss=0.32396 grad_norm=5.2280 seconds_per_update=0.228 peak_gpu_gb=4.34
iter 116850/160000: loss=0.89734 grad_norm=52.5691 seconds_per_update=0.228 peak_gpu_gb=4.34
iter 116900/160000: loss=0.32629 grad_norm=12.3038 seconds_per_update=0.228 peak_gpu_gb=4.34
iter 116950/160000: loss=0.26314 grad_norm=7.5288 seconds_per_update=0.228 peak_gpu_gb=4.34
iter 117000/160000: loss=0.16430 grad_norm=5.0041 seconds_per_update=0.228 peak_gpu_gb=4.34
iter 117050/160000: loss=0.09924 grad_norm=0.9805 seconds_per_update=0.228 peak_gpu_gb=4.34
iter 117100/160000: loss=0.35837 grad_norm=8.1945 seconds_per_update=0.228 peak_gpu_gb=4.34
iter 117150/160000: loss=0.03295 grad_norm=0.2187 seconds_per_update=0.228 peak_gpu_gb=4.34
iter 117200/160000: loss=0.10248 grad_norm=0.8533 seconds_per_update=0.228 peak_gpu_gb=4.34
iter 117250/160000: loss=0.15218 grad_norm=1.0107 seconds_per_update=0.228 peak_gpu_gb=4.34
iter 117300/160000: loss=0.47928 grad_norm=13.6423 seconds_per_update=0.228 peak_gpu_gb=4.34
iter 117350/160000: loss=0.09817 grad_norm=16.4580 seconds_per_update=0.228 peak_gpu_gb=4.34
iter 117400/160000: loss=0.40586 grad_norm=9.8230 seconds_per_update=0.228 peak_gpu_gb=4.34
iter 117450/160000: loss=0.17789 grad_norm=7.3363 seconds_per_update=0.228 peak_gpu_gb=4.34
iter 117500/160000: loss=0.04919 grad_norm=3.4875 seconds_per_update=0.228 peak_gpu_gb=4.34
iter 117550/160000: loss=0.25828 grad_norm=3.5301 seconds_per_update=0.228 peak_gpu_gb=4.34
iter 117600/160000: loss=0.15944 grad_norm=0.9341 seconds_per_update=0.228 peak_gpu_gb=4.34
{"iter": 117600, "mIoU": 0.765127956867218, "per_class_iou": {"1": 0.7065511345863342, "2": 0.864981472492218, "3": 0.8085594773292542, "4": 0.8778563737869263, "5": 0.46590283513069153, "6": 0.8910675644874573, "7": 0.7687833905220032, "8": 0.7373213768005371}, "confusion": [[0, 0, 0, 0, 0, 0, 0, 0, 0], [0, 155158090, 7265574, 6445344, 1996841, 3834017, 11619794, 9708758, 762771], [0, 8690698, 122919625, 180192, 2125, 373586, 759111, 114685, 98194], [0, 4119508, 138907, 56290865, 3704, 60839, 624349, 151153, 501290], [0, 926663, 3055, 17385, 37979190, 56718, 398672, 615792, 0], [0, 1176734, 15747, 14578, 11572, 6580739, 105976, 884622, 0], [0, 6220338, 1515064, 966040, 431584, 594362, 206679182, 1359565, 225150], [0, 1626359, 13251, 63070, 820263, 415213, 437559, 53898376, 0], [0, 47769, 16828, 41481, 0, 0, 8841, 0, 4778310]]}
iter 117650/160000: loss=0.19624 grad_norm=1.5002 seconds_per_update=0.229 peak_gpu_gb=4.34
iter 117700/160000: loss=0.05007 grad_norm=6.0805 seconds_per_update=0.229 peak_gpu_gb=4.34
iter 117750/160000: loss=0.29552 grad_norm=7.9857 seconds_per_update=0.229 peak_gpu_gb=4.34
iter 117800/160000: loss=0.06016 grad_norm=1.0367 seconds_per_update=0.229 peak_gpu_gb=4.34
iter 117850/160000: loss=0.07477 grad_norm=3.7882 seconds_per_update=0.229 peak_gpu_gb=4.34
iter 117900/160000: loss=0.34893 grad_norm=3.4841 seconds_per_update=0.229 peak_gpu_gb=4.34
iter 117950/160000: loss=0.06197 grad_norm=0.5417 seconds_per_update=0.229 peak_gpu_gb=4.34
iter 118000/160000: loss=0.14254 grad_norm=3.5952 seconds_per_update=0.229 peak_gpu_gb=4.34
iter 118050/160000: loss=0.14531 grad_norm=1.0079 seconds_per_update=0.229 peak_gpu_gb=4.34
iter 118100/160000: loss=0.06712 grad_norm=0.4295 seconds_per_update=0.229 peak_gpu_gb=4.34
iter 118150/160000: loss=0.38733 grad_norm=166.6840 seconds_per_update=0.229 peak_gpu_gb=4.34
iter 118200/160000: loss=0.22972 grad_norm=1.7894 seconds_per_update=0.229 peak_gpu_gb=4.34
iter 118250/160000: loss=0.21969 grad_norm=3.6332 seconds_per_update=0.229 peak_gpu_gb=4.34
iter 118300/160000: loss=0.14773 grad_norm=1.0259 seconds_per_update=0.229 peak_gpu_gb=4.34
iter 118350/160000: loss=0.19328 grad_norm=1.5884 seconds_per_update=0.229 peak_gpu_gb=4.34
iter 118400/160000: loss=0.07857 grad_norm=3.6022 seconds_per_update=0.229 peak_gpu_gb=4.34
iter 118450/160000: loss=0.27886 grad_norm=4.3953 seconds_per_update=0.229 peak_gpu_gb=4.34
iter 118500/160000: loss=0.12374 grad_norm=3.9071 seconds_per_update=0.229 peak_gpu_gb=4.34
iter 118550/160000: loss=0.35981 grad_norm=3.9376 seconds_per_update=0.229 peak_gpu_gb=4.34
iter 118600/160000: loss=0.03810 grad_norm=0.4662 seconds_per_update=0.229 peak_gpu_gb=4.34
iter 118650/160000: loss=0.12816 grad_norm=191.5887 seconds_per_update=0.229 peak_gpu_gb=4.34
iter 118700/160000: loss=0.52196 grad_norm=9.7691 seconds_per_update=0.229 peak_gpu_gb=4.34
iter 118750/160000: loss=0.24367 grad_norm=19.8205 seconds_per_update=0.229 peak_gpu_gb=4.34
iter 118800/160000: loss=0.14962 grad_norm=1.8905 seconds_per_update=0.229 peak_gpu_gb=4.34
iter 118850/160000: loss=0.01041 grad_norm=0.5755 seconds_per_update=0.229 peak_gpu_gb=4.34
iter 118900/160000: loss=0.32497 grad_norm=7.5245 seconds_per_update=0.229 peak_gpu_gb=4.34
iter 118950/160000: loss=0.01097 grad_norm=0.1954 seconds_per_update=0.229 peak_gpu_gb=4.34
iter 119000/160000: loss=0.28164 grad_norm=3.6354 seconds_per_update=0.229 peak_gpu_gb=4.34
iter 119050/160000: loss=0.10166 grad_norm=2.2326 seconds_per_update=0.229 peak_gpu_gb=4.34
iter 119100/160000: loss=0.13924 grad_norm=1.4461 seconds_per_update=0.229 peak_gpu_gb=4.34
iter 119150/160000: loss=0.23588 grad_norm=3.0442 seconds_per_update=0.229 peak_gpu_gb=4.34
iter 119200/160000: loss=0.11398 grad_norm=1.6874 seconds_per_update=0.229 peak_gpu_gb=4.34
iter 119250/160000: loss=0.19515 grad_norm=1.7190 seconds_per_update=0.229 peak_gpu_gb=4.34
iter 119300/160000: loss=0.16710 grad_norm=2.1469 seconds_per_update=0.229 peak_gpu_gb=4.34
iter 119350/160000: loss=0.24123 grad_norm=2.7028 seconds_per_update=0.228 peak_gpu_gb=4.34
iter 119400/160000: loss=0.19723 grad_norm=2.3556 seconds_per_update=0.228 peak_gpu_gb=4.34
iter 119450/160000: loss=0.27670 grad_norm=1.0254 seconds_per_update=0.228 peak_gpu_gb=4.34
iter 119500/160000: loss=0.09073 grad_norm=2.5028 seconds_per_update=0.228 peak_gpu_gb=4.34
iter 119550/160000: loss=0.01352 grad_norm=0.2557 seconds_per_update=0.228 peak_gpu_gb=4.34
iter 119600/160000: loss=0.11389 grad_norm=1.3432 seconds_per_update=0.228 peak_gpu_gb=4.34
iter 119650/160000: loss=0.04918 grad_norm=3.0418 seconds_per_update=0.228 peak_gpu_gb=4.34
iter 119700/160000: loss=0.14898 grad_norm=4.7233 seconds_per_update=0.228 peak_gpu_gb=4.34
iter 119750/160000: loss=0.19481 grad_norm=2.5529 seconds_per_update=0.228 peak_gpu_gb=4.34
iter 119800/160000: loss=0.18373 grad_norm=2.4807 seconds_per_update=0.228 peak_gpu_gb=4.34
iter 119850/160000: loss=0.11962 grad_norm=3.2148 seconds_per_update=0.228 peak_gpu_gb=4.34
iter 119900/160000: loss=0.17143 grad_norm=3.2857 seconds_per_update=0.228 peak_gpu_gb=4.34
iter 119950/160000: loss=0.11815 grad_norm=1.9872 seconds_per_update=0.228 peak_gpu_gb=4.34
iter 120000/160000: loss=0.11652 grad_norm=1.6864 seconds_per_update=0.228 peak_gpu_gb=4.34
iter 120050/160000: loss=0.13107 grad_norm=0.7524 seconds_per_update=0.228 peak_gpu_gb=4.34
iter 120100/160000: loss=0.05154 grad_norm=0.4135 seconds_per_update=0.228 peak_gpu_gb=4.34
iter 120150/160000: loss=0.12102 grad_norm=0.6339 seconds_per_update=0.228 peak_gpu_gb=4.34
iter 120200/160000: loss=0.11561 grad_norm=1.2394 seconds_per_update=0.228 peak_gpu_gb=4.34
iter 120250/160000: loss=0.42320 grad_norm=10.8280 seconds_per_update=0.228 peak_gpu_gb=4.34
iter 120300/160000: loss=0.07786 grad_norm=2.4098 seconds_per_update=0.228 peak_gpu_gb=4.34
iter 120350/160000: loss=0.13662 grad_norm=1.1013 seconds_per_update=0.228 peak_gpu_gb=4.34
iter 120400/160000: loss=0.26302 grad_norm=3.0315 seconds_per_update=0.228 peak_gpu_gb=4.34
{"iter": 120400, "mIoU": 0.7673839330673218, "per_class_iou": {"1": 0.7041594982147217, "2": 0.8669130206108093, "3": 0.8032025098800659, "4": 0.873887300491333, "5": 0.45397481322288513, "6": 0.8892282843589783, "7": 0.7856643199920654, "8": 0.7620415091514587}, "confusion": [[0, 0, 0, 0, 0, 0, 0, 0, 0], [0, 153496697, 8861256, 7509200, 2133381, 3775729, 12718666, 7625434, 670826], [0, 6952377, 124538544, 242679, 1797, 371575, 868155, 97070, 66019], [0, 3756211, 120684, 56688705, 5679, 56569, 718743, 109511, 434513], [0, 945405, 3222, 12833, 38111508, 49879, 391967, 482661, 0], [0, 1626898, 25676, 12104, 17003, 6417193, 81268, 609826, 0], [0, 5754236, 1466926, 783532, 464911, 645221, 207836896, 865394, 174169], [0, 2103132, 23770, 75175, 991224, 446629, 944376, 52689785, 0], [0, 56266, 17750, 52206, 0, 0, 12816, 0, 4754191]]}
iter 120450/160000: loss=0.05496 grad_norm=2.2411 seconds_per_update=0.229 peak_gpu_gb=4.34
iter 120500/160000: loss=0.31738 grad_norm=2.1026 seconds_per_update=0.229 peak_gpu_gb=4.34
iter 120550/160000: loss=0.18979 grad_norm=2.1128 seconds_per_update=0.229 peak_gpu_gb=4.34
iter 120600/160000: loss=0.09648 grad_norm=0.7591 seconds_per_update=0.229 peak_gpu_gb=4.34
iter 120650/160000: loss=0.03972 grad_norm=1.2357 seconds_per_update=0.229 peak_gpu_gb=4.34
iter 120700/160000: loss=0.26797 grad_norm=4.9217 seconds_per_update=0.229 peak_gpu_gb=4.34
iter 120750/160000: loss=0.22359 grad_norm=2.6248 seconds_per_update=0.229 peak_gpu_gb=4.34
iter 120800/160000: loss=0.15502 grad_norm=3.5205 seconds_per_update=0.229 peak_gpu_gb=4.34
iter 120850/160000: loss=0.07274 grad_norm=1.1273 seconds_per_update=0.229 peak_gpu_gb=4.34
iter 120900/160000: loss=0.23517 grad_norm=13.5338 seconds_per_update=0.229 peak_gpu_gb=4.34
iter 120950/160000: loss=0.10763 grad_norm=1.1909 seconds_per_update=0.229 peak_gpu_gb=4.34
iter 121000/160000: loss=0.03861 grad_norm=0.8240 seconds_per_update=0.229 peak_gpu_gb=4.34
iter 121050/160000: loss=0.13858 grad_norm=2.2733 seconds_per_update=0.229 peak_gpu_gb=4.34
iter 121100/160000: loss=0.17860 grad_norm=17.7355 seconds_per_update=0.229 peak_gpu_gb=4.34
iter 121150/160000: loss=0.10318 grad_norm=1.4492 seconds_per_update=0.229 peak_gpu_gb=4.34
iter 121200/160000: loss=0.08123 grad_norm=4.0561 seconds_per_update=0.229 peak_gpu_gb=4.34
iter 121250/160000: loss=0.16959 grad_norm=2.6128 seconds_per_update=0.229 peak_gpu_gb=4.34
iter 121300/160000: loss=0.08733 grad_norm=12.3056 seconds_per_update=0.229 peak_gpu_gb=4.34
iter 121350/160000: loss=0.17974 grad_norm=1.8177 seconds_per_update=0.229 peak_gpu_gb=4.34
iter 121400/160000: loss=0.20561 grad_norm=3.6000 seconds_per_update=0.229 peak_gpu_gb=4.34
iter 121450/160000: loss=0.04832 grad_norm=0.6213 seconds_per_update=0.229 peak_gpu_gb=4.34
iter 121500/160000: loss=0.02879 grad_norm=0.6732 seconds_per_update=0.229 peak_gpu_gb=4.34
iter 121550/160000: loss=0.19808 grad_norm=7.5819 seconds_per_update=0.229 peak_gpu_gb=4.34
iter 121600/160000: loss=0.23422 grad_norm=1.3204 seconds_per_update=0.229 peak_gpu_gb=4.34
iter 121650/160000: loss=0.05939 grad_norm=2.8663 seconds_per_update=0.229 peak_gpu_gb=4.34
iter 121700/160000: loss=0.07464 grad_norm=0.5505 seconds_per_update=0.229 peak_gpu_gb=4.34
iter 121750/160000: loss=0.10561 grad_norm=3.8430 seconds_per_update=0.229 peak_gpu_gb=4.34
iter 121800/160000: loss=0.03337 grad_norm=0.6199 seconds_per_update=0.229 peak_gpu_gb=4.34
iter 121850/160000: loss=0.12598 grad_norm=1.0857 seconds_per_update=0.229 peak_gpu_gb=4.34
iter 121900/160000: loss=0.23115 grad_norm=1.5003 seconds_per_update=0.229 peak_gpu_gb=4.34
iter 121950/160000: loss=0.13889 grad_norm=0.5898 seconds_per_update=0.229 peak_gpu_gb=4.34
iter 122000/160000: loss=0.03620 grad_norm=0.2688 seconds_per_update=0.229 peak_gpu_gb=4.34
iter 122050/160000: loss=0.07424 grad_norm=2.3683 seconds_per_update=0.229 peak_gpu_gb=4.34
iter 122100/160000: loss=0.35025 grad_norm=31.8801 seconds_per_update=0.228 peak_gpu_gb=4.34
iter 122150/160000: loss=0.23745 grad_norm=3.7449 seconds_per_update=0.228 peak_gpu_gb=4.34
iter 122200/160000: loss=0.25766 grad_norm=5.4187 seconds_per_update=0.228 peak_gpu_gb=4.34
iter 122250/160000: loss=0.20969 grad_norm=20.0072 seconds_per_update=0.228 peak_gpu_gb=4.34
iter 122300/160000: loss=0.16544 grad_norm=3.3174 seconds_per_update=0.228 peak_gpu_gb=4.34
iter 122350/160000: loss=0.14666 grad_norm=3.1286 seconds_per_update=0.228 peak_gpu_gb=4.34
iter 122400/160000: loss=0.09771 grad_norm=2.7473 seconds_per_update=0.228 peak_gpu_gb=4.34
iter 122450/160000: loss=0.12998 grad_norm=9.9893 seconds_per_update=0.228 peak_gpu_gb=4.34
iter 122500/160000: loss=0.07922 grad_norm=0.8697 seconds_per_update=0.228 peak_gpu_gb=4.34
iter 122550/160000: loss=0.10972 grad_norm=1.3506 seconds_per_update=0.228 peak_gpu_gb=4.34
iter 122600/160000: loss=0.14055 grad_norm=0.9777 seconds_per_update=0.228 peak_gpu_gb=4.34
iter 122650/160000: loss=0.08125 grad_norm=0.8677 seconds_per_update=0.228 peak_gpu_gb=4.34
iter 122700/160000: loss=0.12594 grad_norm=2.3810 seconds_per_update=0.228 peak_gpu_gb=4.34
iter 122750/160000: loss=0.20980 grad_norm=1.9657 seconds_per_update=0.228 peak_gpu_gb=4.34
iter 122800/160000: loss=0.02296 grad_norm=0.4046 seconds_per_update=0.228 peak_gpu_gb=4.34
iter 122850/160000: loss=0.02863 grad_norm=0.1998 seconds_per_update=0.228 peak_gpu_gb=4.34
iter 122900/160000: loss=0.10894 grad_norm=1.0522 seconds_per_update=0.228 peak_gpu_gb=4.34
iter 122950/160000: loss=0.17114 grad_norm=22.5457 seconds_per_update=0.228 peak_gpu_gb=4.34
iter 123000/160000: loss=0.90446 grad_norm=47.7431 seconds_per_update=0.228 peak_gpu_gb=4.34
iter 123050/160000: loss=0.07915 grad_norm=1.6767 seconds_per_update=0.228 peak_gpu_gb=4.34
iter 123100/160000: loss=0.15149 grad_norm=2.0877 seconds_per_update=0.228 peak_gpu_gb=4.34
iter 123150/160000: loss=0.20703 grad_norm=4.4217 seconds_per_update=0.228 peak_gpu_gb=4.34
iter 123200/160000: loss=0.31039 grad_norm=22.9070 seconds_per_update=0.228 peak_gpu_gb=4.34
{"iter": 123200, "mIoU": 0.771127462387085, "per_class_iou": {"1": 0.7129892110824585, "2": 0.867872953414917, "3": 0.8061726093292236, "4": 0.8747917413711548, "5": 0.4752187132835388, "6": 0.8915972113609314, "7": 0.7871447205543518, "8": 0.7532323002815247}, "confusion": [[0, 0, 0, 0, 0, 0, 0, 0, 0], [0, 156304498, 9456009, 6803225, 2373879, 2879456, 10580071, 7689779, 704272], [0, 6351440, 125202907, 258365, 2018, 320932, 833018, 103702, 65834], [0, 4050458, 134428, 56338400, 5205, 43768, 740563, 98870, 478923], [0, 768475, 3208, 16775, 38227497, 40327, 370629, 570564, 0], [0, 1817577, 48843, 17093, 23054, 6128803, 79071, 675527, 0], [0, 7269988, 1446537, 760174, 439145, 463559, 205952210, 1477748, 181924], [0, 2122185, 17065, 94443, 858184, 358796, 383950, 53439468, 0], [0, 52904, 19785, 43100, 0, 0, 13862, 0, 4763578]]}
iter 123250/160000: loss=0.21744 grad_norm=2.4637 seconds_per_update=0.229 peak_gpu_gb=4.34
iter 123300/160000: loss=0.94960 grad_norm=23.9021 seconds_per_update=0.229 peak_gpu_gb=4.34
iter 123350/160000: loss=0.07646 grad_norm=7.0034 seconds_per_update=0.229 peak_gpu_gb=4.34
iter 123400/160000: loss=0.21375 grad_norm=1.9406 seconds_per_update=0.229 peak_gpu_gb=4.34
iter 123450/160000: loss=0.05449 grad_norm=2.9044 seconds_per_update=0.229 peak_gpu_gb=4.34
iter 123500/160000: loss=0.05095 grad_norm=0.7180 seconds_per_update=0.229 peak_gpu_gb=4.34
iter 123550/160000: loss=0.15207 grad_norm=1.1065 seconds_per_update=0.229 peak_gpu_gb=4.34
iter 123600/160000: loss=0.06864 grad_norm=2.4677 seconds_per_update=0.229 peak_gpu_gb=4.34
iter 123650/160000: loss=0.06212 grad_norm=0.7377 seconds_per_update=0.229 peak_gpu_gb=4.34
iter 123700/160000: loss=0.03373 grad_norm=0.9549 seconds_per_update=0.229 peak_gpu_gb=4.34
iter 123750/160000: loss=0.11323 grad_norm=1.7069 seconds_per_update=0.229 peak_gpu_gb=4.34
iter 123800/160000: loss=0.14904 grad_norm=3.2318 seconds_per_update=0.229 peak_gpu_gb=4.34
iter 123850/160000: loss=0.39509 grad_norm=5.5849 seconds_per_update=0.229 peak_gpu_gb=4.34
iter 123900/160000: loss=0.07455 grad_norm=0.5410 seconds_per_update=0.229 peak_gpu_gb=4.34
iter 123950/160000: loss=0.10590 grad_norm=0.7426 seconds_per_update=0.229 peak_gpu_gb=4.34
iter 124000/160000: loss=0.17716 grad_norm=2.2996 seconds_per_update=0.229 peak_gpu_gb=4.34
iter 124050/160000: loss=0.04410 grad_norm=0.3190 seconds_per_update=0.229 peak_gpu_gb=4.34
iter 124100/160000: loss=0.05423 grad_norm=0.6860 seconds_per_update=0.229 peak_gpu_gb=4.34
iter 124150/160000: loss=0.13216 grad_norm=1.3878 seconds_per_update=0.229 peak_gpu_gb=4.34
iter 124200/160000: loss=0.11847 grad_norm=1.0620 seconds_per_update=0.229 peak_gpu_gb=4.34
iter 124250/160000: loss=0.19309 grad_norm=21.4071 seconds_per_update=0.229 peak_gpu_gb=4.34
iter 124300/160000: loss=0.10627 grad_norm=1.0492 seconds_per_update=0.229 peak_gpu_gb=4.34
iter 124350/160000: loss=0.06121 grad_norm=2.8689 seconds_per_update=0.229 peak_gpu_gb=4.34
iter 124400/160000: loss=0.14936 grad_norm=2.6200 seconds_per_update=0.229 peak_gpu_gb=4.34
iter 124450/160000: loss=0.11565 grad_norm=0.8316 seconds_per_update=0.229 peak_gpu_gb=4.34
iter 124500/160000: loss=0.52128 grad_norm=27.3231 seconds_per_update=0.229 peak_gpu_gb=4.34
iter 124550/160000: loss=0.08938 grad_norm=1.0172 seconds_per_update=0.229 peak_gpu_gb=4.34
iter 124600/160000: loss=0.08117 grad_norm=1.9217 seconds_per_update=0.229 peak_gpu_gb=4.34
iter 124650/160000: loss=0.13176 grad_norm=0.7694 seconds_per_update=0.229 peak_gpu_gb=4.34
iter 124700/160000: loss=0.09292 grad_norm=0.5455 seconds_per_update=0.229 peak_gpu_gb=4.34
iter 124750/160000: loss=0.05450 grad_norm=1.1164 seconds_per_update=0.229 peak_gpu_gb=4.34
iter 124800/160000: loss=0.18646 grad_norm=1.8487 seconds_per_update=0.229 peak_gpu_gb=4.34
iter 124850/160000: loss=0.03910 grad_norm=1.8253 seconds_per_update=0.228 peak_gpu_gb=4.34
iter 124900/160000: loss=0.17768 grad_norm=2.6534 seconds_per_update=0.228 peak_gpu_gb=4.34
iter 124950/160000: loss=0.20199 grad_norm=1.9993 seconds_per_update=0.228 peak_gpu_gb=4.34
iter 125000/160000: loss=0.21081 grad_norm=1.7082 seconds_per_update=0.228 peak_gpu_gb=4.34
iter 125050/160000: loss=0.43527 grad_norm=10.9152 seconds_per_update=0.228 peak_gpu_gb=4.34
iter 125100/160000: loss=0.36075 grad_norm=15.1157 seconds_per_update=0.228 peak_gpu_gb=4.34
iter 125150/160000: loss=0.19868 grad_norm=2.7475 seconds_per_update=0.228 peak_gpu_gb=4.34
iter 125200/160000: loss=0.09103 grad_norm=2.6746 seconds_per_update=0.228 peak_gpu_gb=4.34
iter 125250/160000: loss=0.14682 grad_norm=0.9493 seconds_per_update=0.228 peak_gpu_gb=4.34
iter 125300/160000: loss=0.08024 grad_norm=0.3299 seconds_per_update=0.228 peak_gpu_gb=4.34
iter 125350/160000: loss=0.08335 grad_norm=0.8583 seconds_per_update=0.228 peak_gpu_gb=4.34
iter 125400/160000: loss=0.10248 grad_norm=1.7881 seconds_per_update=0.228 peak_gpu_gb=4.34
iter 125450/160000: loss=0.07278 grad_norm=0.8117 seconds_per_update=0.228 peak_gpu_gb=4.34
iter 125500/160000: loss=0.27335 grad_norm=17.3128 seconds_per_update=0.228 peak_gpu_gb=4.34
iter 125550/160000: loss=0.19365 grad_norm=2.0760 seconds_per_update=0.228 peak_gpu_gb=4.34
iter 125600/160000: loss=0.01909 grad_norm=0.5783 seconds_per_update=0.228 peak_gpu_gb=4.34
iter 125650/160000: loss=0.16342 grad_norm=1.6695 seconds_per_update=0.228 peak_gpu_gb=4.34
iter 125700/160000: loss=0.31020 grad_norm=1.5865 seconds_per_update=0.228 peak_gpu_gb=4.34
iter 125750/160000: loss=0.35660 grad_norm=10.1738 seconds_per_update=0.228 peak_gpu_gb=4.34
iter 125800/160000: loss=0.25241 grad_norm=2.9856 seconds_per_update=0.228 peak_gpu_gb=4.34
iter 125850/160000: loss=0.09027 grad_norm=6.2963 seconds_per_update=0.228 peak_gpu_gb=4.34
iter 125900/160000: loss=0.15170 grad_norm=3.0667 seconds_per_update=0.228 peak_gpu_gb=4.34
iter 125950/160000: loss=0.33943 grad_norm=6.2627 seconds_per_update=0.228 peak_gpu_gb=4.34
iter 126000/160000: loss=0.07143 grad_norm=0.4169 seconds_per_update=0.228 peak_gpu_gb=4.34
{"iter": 126000, "mIoU": 0.7725350856781006, "per_class_iou": {"1": 0.7140095233917236, "2": 0.8659659624099731, "3": 0.8167239427566528, "4": 0.8692418336868286, "5": 0.4757344424724579, "6": 0.8909655809402466, "7": 0.7764621376991272, "8": 0.7711774110794067}, "confusion": [[0, 0, 0, 0, 0, 0, 0, 0, 0], [0, 158761943, 7611844, 6164387, 2572007, 3232605, 9381302, 8466476, 600625], [0, 8355670, 123261895, 179324, 2182, 351948, 814666, 107377, 65154], [0, 4011458, 118938, 56413521, 6778, 49810, 718932, 128502, 442676], [0, 725703, 3170, 13314, 38440976, 37280, 280476, 496556, 0], [0, 1456263, 28726, 14609, 29148, 6277784, 91155, 892283, 0], [0, 8810684, 1408326, 692126, 576498, 423624, 204662740, 1264653, 152634], [0, 2135927, 14656, 69716, 1039474, 310748, 415019, 53288551, 0], [0, 65773, 16463, 48845, 0, 0, 16077, 0, 4746071]]}
iter 126050/160000: loss=0.12797 grad_norm=2.5519 seconds_per_update=0.229 peak_gpu_gb=4.34
iter 126100/160000: loss=0.27844 grad_norm=8.1441 seconds_per_update=0.229 peak_gpu_gb=4.34
iter 126150/160000: loss=0.19041 grad_norm=3.2300 seconds_per_update=0.229 peak_gpu_gb=4.34
iter 126200/160000: loss=0.11195 grad_norm=0.4300 seconds_per_update=0.229 peak_gpu_gb=4.34
iter 126250/160000: loss=0.13859 grad_norm=2.4676 seconds_per_update=0.229 peak_gpu_gb=4.34
iter 126300/160000: loss=0.15835 grad_norm=0.6319 seconds_per_update=0.229 peak_gpu_gb=4.34
iter 126350/160000: loss=0.10820 grad_norm=0.9876 seconds_per_update=0.229 peak_gpu_gb=4.34
iter 126400/160000: loss=0.23032 grad_norm=4.8177 seconds_per_update=0.229 peak_gpu_gb=4.34
iter 126450/160000: loss=0.23458 grad_norm=2.9874 seconds_per_update=0.229 peak_gpu_gb=4.34
iter 126500/160000: loss=0.01336 grad_norm=1.3813 seconds_per_update=0.229 peak_gpu_gb=4.34
iter 126550/160000: loss=0.11024 grad_norm=0.2094 seconds_per_update=0.229 peak_gpu_gb=4.34
iter 126600/160000: loss=0.22241 grad_norm=1.0313 seconds_per_update=0.229 peak_gpu_gb=4.34
iter 126650/160000: loss=0.07337 grad_norm=0.5157 seconds_per_update=0.229 peak_gpu_gb=4.34
iter 126700/160000: loss=0.10195 grad_norm=10.3270 seconds_per_update=0.229 peak_gpu_gb=4.34
iter 126750/160000: loss=0.13883 grad_norm=3.4058 seconds_per_update=0.229 peak_gpu_gb=4.34
iter 126800/160000: loss=0.18019 grad_norm=1.1584 seconds_per_update=0.229 peak_gpu_gb=4.34
iter 126850/160000: loss=0.09920 grad_norm=0.7519 seconds_per_update=0.229 peak_gpu_gb=4.34
iter 126900/160000: loss=0.14866 grad_norm=9.8092 seconds_per_update=0.229 peak_gpu_gb=4.34
iter 126950/160000: loss=0.05231 grad_norm=0.3127 seconds_per_update=0.229 peak_gpu_gb=4.34
iter 127000/160000: loss=0.18125 grad_norm=0.5410 seconds_per_update=0.229 peak_gpu_gb=4.34
iter 127050/160000: loss=0.05540 grad_norm=0.3877 seconds_per_update=0.229 peak_gpu_gb=4.34
iter 127100/160000: loss=0.19330 grad_norm=2.7339 seconds_per_update=0.229 peak_gpu_gb=4.34
iter 127150/160000: loss=0.44162 grad_norm=9.2910 seconds_per_update=0.229 peak_gpu_gb=4.34
iter 127200/160000: loss=0.04877 grad_norm=1.3870 seconds_per_update=0.229 peak_gpu_gb=4.34
iter 127250/160000: loss=0.03388 grad_norm=0.3179 seconds_per_update=0.229 peak_gpu_gb=4.34
iter 127300/160000: loss=0.06327 grad_norm=2.2100 seconds_per_update=0.229 peak_gpu_gb=4.34
iter 127350/160000: loss=0.30926 grad_norm=7.2074 seconds_per_update=0.229 peak_gpu_gb=4.34
iter 127400/160000: loss=0.12922 grad_norm=1.3218 seconds_per_update=0.229 peak_gpu_gb=4.34
iter 127450/160000: loss=0.02407 grad_norm=0.1538 seconds_per_update=0.229 peak_gpu_gb=4.34
iter 127500/160000: loss=0.17189 grad_norm=6.3345 seconds_per_update=0.229 peak_gpu_gb=4.34
iter 127550/160000: loss=0.07533 grad_norm=0.6157 seconds_per_update=0.229 peak_gpu_gb=4.34
iter 127600/160000: loss=0.08937 grad_norm=0.7354 seconds_per_update=0.229 peak_gpu_gb=4.34
iter 127650/160000: loss=0.55490 grad_norm=83.1519 seconds_per_update=0.229 peak_gpu_gb=4.34
iter 127700/160000: loss=0.06679 grad_norm=3.2739 seconds_per_update=0.228 peak_gpu_gb=4.34
iter 127750/160000: loss=0.33358 grad_norm=11.9972 seconds_per_update=0.228 peak_gpu_gb=4.34
iter 127800/160000: loss=0.19640 grad_norm=11.7584 seconds_per_update=0.228 peak_gpu_gb=4.34
iter 127850/160000: loss=0.08685 grad_norm=0.3527 seconds_per_update=0.228 peak_gpu_gb=4.34
iter 127900/160000: loss=0.24233 grad_norm=2.4214 seconds_per_update=0.228 peak_gpu_gb=4.34
iter 127950/160000: loss=0.28949 grad_norm=3.1217 seconds_per_update=0.228 peak_gpu_gb=4.34
iter 128000/160000: loss=0.16053 grad_norm=2.0157 seconds_per_update=0.228 peak_gpu_gb=4.34
iter 128050/160000: loss=0.18269 grad_norm=1.9995 seconds_per_update=0.228 peak_gpu_gb=4.34
iter 128100/160000: loss=0.22635 grad_norm=2.0533 seconds_per_update=0.228 peak_gpu_gb=4.34
iter 128150/160000: loss=0.07094 grad_norm=6.2349 seconds_per_update=0.228 peak_gpu_gb=4.34
iter 128200/160000: loss=0.06128 grad_norm=0.7895 seconds_per_update=0.228 peak_gpu_gb=4.34
iter 128250/160000: loss=0.03088 grad_norm=0.8032 seconds_per_update=0.228 peak_gpu_gb=4.34
iter 128300/160000: loss=0.30881 grad_norm=8.3193 seconds_per_update=0.228 peak_gpu_gb=4.34
iter 128350/160000: loss=0.29403 grad_norm=3.2131 seconds_per_update=0.228 peak_gpu_gb=4.34
iter 128400/160000: loss=0.07926 grad_norm=0.9617 seconds_per_update=0.228 peak_gpu_gb=4.34
iter 128450/160000: loss=0.09563 grad_norm=0.8008 seconds_per_update=0.228 peak_gpu_gb=4.34
iter 128500/160000: loss=0.16818 grad_norm=1.5973 seconds_per_update=0.228 peak_gpu_gb=4.34
iter 128550/160000: loss=0.11274 grad_norm=0.8701 seconds_per_update=0.228 peak_gpu_gb=4.34
iter 128600/160000: loss=0.19231 grad_norm=6.2394 seconds_per_update=0.228 peak_gpu_gb=4.34
iter 128650/160000: loss=0.17590 grad_norm=2.7611 seconds_per_update=0.228 peak_gpu_gb=4.34
iter 128700/160000: loss=0.07520 grad_norm=2.1607 seconds_per_update=0.228 peak_gpu_gb=4.34
iter 128750/160000: loss=0.18060 grad_norm=46.6701 seconds_per_update=0.228 peak_gpu_gb=4.34
iter 128800/160000: loss=0.37642 grad_norm=4.1876 seconds_per_update=0.228 peak_gpu_gb=4.34
{"iter": 128800, "mIoU": 0.7720328569412231, "per_class_iou": {"1": 0.712813675403595, "2": 0.8672963380813599, "3": 0.8066453337669373, "4": 0.8724832534790039, "5": 0.4605869650840759, "6": 0.8918488025665283, "7": 0.7932536005973816, "8": 0.7713349461555481}, "confusion": [[0, 0, 0, 0, 0, 0, 0, 0, 0], [0, 155763509, 8435349, 7242029, 2316482, 2874010, 12471324, 7060993, 627493], [0, 7142998, 124242218, 331596, 2806, 288595, 915581, 107875, 106547], [0, 3676599, 103392, 56865154, 5162, 49084, 692689, 121513, 377022], [0, 786186, 2813, 16111, 38231943, 45772, 450686, 463964, 0], [0, 2062965, 42537, 15529, 19447, 5920840, 112215, 616435, 0], [0, 5745444, 1501558, 846953, 406886, 385490, 208032692, 948555, 123707], [0, 2254695, 13493, 81310, 1071426, 422069, 605622, 52825476, 0], [0, 59189, 14938, 71714, 0, 0, 20649, 0, 4726739]]}
iter 128850/160000: loss=0.21610 grad_norm=3.9837 seconds_per_update=0.229 peak_gpu_gb=4.34
iter 128900/160000: loss=0.26152 grad_norm=5.5220 seconds_per_update=0.229 peak_gpu_gb=4.34
iter 128950/160000: loss=0.22791 grad_norm=5.7366 seconds_per_update=0.229 peak_gpu_gb=4.34
iter 129000/160000: loss=0.07608 grad_norm=0.5583 seconds_per_update=0.229 peak_gpu_gb=4.34
iter 129050/160000: loss=0.22407 grad_norm=13.6389 seconds_per_update=0.229 peak_gpu_gb=4.34
iter 129100/160000: loss=0.02999 grad_norm=0.2732 seconds_per_update=0.229 peak_gpu_gb=4.34
iter 129150/160000: loss=0.21830 grad_norm=1.8044 seconds_per_update=0.229 peak_gpu_gb=4.34
iter 129200/160000: loss=0.16883 grad_norm=20.0728 seconds_per_update=0.229 peak_gpu_gb=4.34
iter 129250/160000: loss=0.16116 grad_norm=1.0795 seconds_per_update=0.229 peak_gpu_gb=4.34
iter 129300/160000: loss=0.13053 grad_norm=2.0588 seconds_per_update=0.229 peak_gpu_gb=4.34
iter 129350/160000: loss=0.11124 grad_norm=0.7962 seconds_per_update=0.229 peak_gpu_gb=4.34
iter 129400/160000: loss=0.02713 grad_norm=0.7290 seconds_per_update=0.229 peak_gpu_gb=4.34
iter 129450/160000: loss=0.18553 grad_norm=8.2875 seconds_per_update=0.229 peak_gpu_gb=4.34
iter 129500/160000: loss=0.04410 grad_norm=0.3378 seconds_per_update=0.229 peak_gpu_gb=4.34
iter 129550/160000: loss=0.02373 grad_norm=0.2972 seconds_per_update=0.229 peak_gpu_gb=4.34
iter 129600/160000: loss=0.12796 grad_norm=2.6346 seconds_per_update=0.229 peak_gpu_gb=4.34
iter 129650/160000: loss=0.13110 grad_norm=0.9137 seconds_per_update=0.229 peak_gpu_gb=4.34
iter 129700/160000: loss=0.06839 grad_norm=0.4236 seconds_per_update=0.229 peak_gpu_gb=4.34
iter 129750/160000: loss=0.02186 grad_norm=0.3810 seconds_per_update=0.229 peak_gpu_gb=4.34
iter 129800/160000: loss=0.30686 grad_norm=38.1534 seconds_per_update=0.229 peak_gpu_gb=4.34
iter 129850/160000: loss=0.13556 grad_norm=3.0813 seconds_per_update=0.229 peak_gpu_gb=4.34
iter 129900/160000: loss=0.25568 grad_norm=9.8938 seconds_per_update=0.229 peak_gpu_gb=4.34
iter 129950/160000: loss=0.21167 grad_norm=21.9462 seconds_per_update=0.229 peak_gpu_gb=4.34
iter 130000/160000: loss=0.09069 grad_norm=70.4572 seconds_per_update=0.229 peak_gpu_gb=4.34
iter 130050/160000: loss=0.10725 grad_norm=0.7740 seconds_per_update=0.229 peak_gpu_gb=4.34
iter 130100/160000: loss=0.09164 grad_norm=2.3151 seconds_per_update=0.229 peak_gpu_gb=4.34
iter 130150/160000: loss=0.18843 grad_norm=6.5623 seconds_per_update=0.229 peak_gpu_gb=4.34
iter 130200/160000: loss=0.37383 grad_norm=10.6755 seconds_per_update=0.229 peak_gpu_gb=4.34
iter 130250/160000: loss=0.12509 grad_norm=2.7935 seconds_per_update=0.229 peak_gpu_gb=4.34
iter 130300/160000: loss=0.10674 grad_norm=2.1696 seconds_per_update=0.229 peak_gpu_gb=4.34
iter 130350/160000: loss=0.14137 grad_norm=1.1121 seconds_per_update=0.229 peak_gpu_gb=4.34
iter 130400/160000: loss=0.02750 grad_norm=0.3295 seconds_per_update=0.228 peak_gpu_gb=4.34
iter 130450/160000: loss=0.15136 grad_norm=1.7032 seconds_per_update=0.228 peak_gpu_gb=4.34
iter 130500/160000: loss=0.16568 grad_norm=2.1718 seconds_per_update=0.228 peak_gpu_gb=4.34
iter 130550/160000: loss=0.17899 grad_norm=7.8098 seconds_per_update=0.228 peak_gpu_gb=4.34
iter 130600/160000: loss=0.11758 grad_norm=1.6404 seconds_per_update=0.228 peak_gpu_gb=4.34
iter 130650/160000: loss=0.04371 grad_norm=0.2818 seconds_per_update=0.228 peak_gpu_gb=4.34
iter 130700/160000: loss=0.33403 grad_norm=4.4354 seconds_per_update=0.228 peak_gpu_gb=4.34
iter 130750/160000: loss=0.07121 grad_norm=0.8507 seconds_per_update=0.228 peak_gpu_gb=4.34
iter 130800/160000: loss=0.17145 grad_norm=6.1704 seconds_per_update=0.228 peak_gpu_gb=4.34
iter 130850/160000: loss=0.26642 grad_norm=1.5800 seconds_per_update=0.228 peak_gpu_gb=4.34
iter 130900/160000: loss=0.14065 grad_norm=1.9674 seconds_per_update=0.228 peak_gpu_gb=4.34
iter 130950/160000: loss=0.09615 grad_norm=3.9565 seconds_per_update=0.228 peak_gpu_gb=4.34
iter 131000/160000: loss=0.21537 grad_norm=15.6386 seconds_per_update=0.228 peak_gpu_gb=4.34
iter 131050/160000: loss=0.10644 grad_norm=2.0191 seconds_per_update=0.228 peak_gpu_gb=4.34
iter 131100/160000: loss=0.19277 grad_norm=1.5914 seconds_per_update=0.228 peak_gpu_gb=4.34
iter 131150/160000: loss=0.10686 grad_norm=9.0476 seconds_per_update=0.228 peak_gpu_gb=4.34
iter 131200/160000: loss=0.04899 grad_norm=1.0687 seconds_per_update=0.228 peak_gpu_gb=4.34
iter 131250/160000: loss=0.15318 grad_norm=1.3285 seconds_per_update=0.228 peak_gpu_gb=4.34
iter 131300/160000: loss=0.05413 grad_norm=0.3810 seconds_per_update=0.228 peak_gpu_gb=4.34
iter 131350/160000: loss=0.11411 grad_norm=3.9851 seconds_per_update=0.228 peak_gpu_gb=4.34
iter 131400/160000: loss=0.25407 grad_norm=1.7085 seconds_per_update=0.228 peak_gpu_gb=4.34
iter 131450/160000: loss=0.14846 grad_norm=1.9700 seconds_per_update=0.228 peak_gpu_gb=4.34
iter 131500/160000: loss=0.03146 grad_norm=0.1866 seconds_per_update=0.228 peak_gpu_gb=4.34
iter 131550/160000: loss=0.21363 grad_norm=2.5264 seconds_per_update=0.228 peak_gpu_gb=4.34
iter 131600/160000: loss=0.16005 grad_norm=1.8504 seconds_per_update=0.228 peak_gpu_gb=4.34
{"iter": 131600, "mIoU": 0.7664986848831177, "per_class_iou": {"1": 0.7125229239463806, "2": 0.8659650683403015, "3": 0.8126484155654907, "4": 0.873965859413147, "5": 0.47315549850463867, "6": 0.8923923373222351, "7": 0.7892311215400696, "8": 0.7121080756187439}, "confusion": [[0, 0, 0, 0, 0, 0, 0, 0, 0], [0, 155727545, 10420269, 6428217, 2283047, 3482284, 10509268, 7053518, 887041], [0, 5629812, 125862707, 239583, 1819, 311198, 845338, 81719, 166040], [0, 3861079, 146493, 56449670, 4797, 59291, 707894, 95429, 565962], [0, 887299, 3512, 17868, 38210534, 43247, 357153, 477862, 0], [0, 1451606, 56140, 13708, 15850, 6410299, 101393, 740972, 0], [0, 7349450, 1526483, 740797, 477739, 428117, 206123262, 1132852, 212585], [0, 2544761, 35031, 98582, 940133, 433870, 456526, 52765188, 0], [0, 42756, 17721, 34459, 0, 0, 9468, 0, 4788825]]}
iter 131650/160000: loss=0.07123 grad_norm=0.4737 seconds_per_update=0.229 peak_gpu_gb=4.34
iter 131700/160000: loss=1.03552 grad_norm=24.8085 seconds_per_update=0.229 peak_gpu_gb=4.34
iter 131750/160000: loss=0.22103 grad_norm=1.2781 seconds_per_update=0.229 peak_gpu_gb=4.34
iter 131800/160000: loss=0.12980 grad_norm=8.5679 seconds_per_update=0.229 peak_gpu_gb=4.34
iter 131850/160000: loss=0.82312 grad_norm=27.6782 seconds_per_update=0.229 peak_gpu_gb=4.34
iter 131900/160000: loss=0.30768 grad_norm=4.8643 seconds_per_update=0.229 peak_gpu_gb=4.34
iter 131950/160000: loss=0.36468 grad_norm=11.4966 seconds_per_update=0.229 peak_gpu_gb=4.34
iter 132000/160000: loss=0.10763 grad_norm=1.7389 seconds_per_update=0.229 peak_gpu_gb=4.34
iter 132050/160000: loss=0.08817 grad_norm=1.0736 seconds_per_update=0.229 peak_gpu_gb=4.34
iter 132100/160000: loss=0.04422 grad_norm=0.5829 seconds_per_update=0.229 peak_gpu_gb=4.34
iter 132150/160000: loss=0.01546 grad_norm=0.3639 seconds_per_update=0.229 peak_gpu_gb=4.34
iter 132200/160000: loss=0.08519 grad_norm=0.9164 seconds_per_update=0.229 peak_gpu_gb=4.34
iter 132250/160000: loss=0.07540 grad_norm=2.3026 seconds_per_update=0.229 peak_gpu_gb=4.34
iter 132300/160000: loss=0.05590 grad_norm=2.0079 seconds_per_update=0.229 peak_gpu_gb=4.34
iter 132350/160000: loss=0.09056 grad_norm=1.4592 seconds_per_update=0.229 peak_gpu_gb=4.34
iter 132400/160000: loss=0.21414 grad_norm=5.1858 seconds_per_update=0.229 peak_gpu_gb=4.34
iter 132450/160000: loss=0.07547 grad_norm=1.1358 seconds_per_update=0.229 peak_gpu_gb=4.34
iter 132500/160000: loss=0.06953 grad_norm=0.5335 seconds_per_update=0.229 peak_gpu_gb=4.34
iter 132550/160000: loss=0.14588 grad_norm=0.6589 seconds_per_update=0.229 peak_gpu_gb=4.34
iter 132600/160000: loss=0.23178 grad_norm=23.0938 seconds_per_update=0.229 peak_gpu_gb=4.34
iter 132650/160000: loss=0.21357 grad_norm=3.2490 seconds_per_update=0.229 peak_gpu_gb=4.34
iter 132700/160000: loss=0.12969 grad_norm=1.8307 seconds_per_update=0.229 peak_gpu_gb=4.34
iter 132750/160000: loss=0.28451 grad_norm=3.4270 seconds_per_update=0.229 peak_gpu_gb=4.34
iter 132800/160000: loss=0.03162 grad_norm=4.9602 seconds_per_update=0.229 peak_gpu_gb=4.34
iter 132850/160000: loss=0.14508 grad_norm=1.8555 seconds_per_update=0.229 peak_gpu_gb=4.34
iter 132900/160000: loss=0.04723 grad_norm=1.8085 seconds_per_update=0.229 peak_gpu_gb=4.34
iter 132950/160000: loss=0.09915 grad_norm=0.8208 seconds_per_update=0.229 peak_gpu_gb=4.34
iter 133000/160000: loss=0.14836 grad_norm=1.3402 seconds_per_update=0.229 peak_gpu_gb=4.34
iter 133050/160000: loss=0.05306 grad_norm=1.0255 seconds_per_update=0.229 peak_gpu_gb=4.34
iter 133100/160000: loss=0.28374 grad_norm=3.9928 seconds_per_update=0.228 peak_gpu_gb=4.34
iter 133150/160000: loss=0.04425 grad_norm=1.0539 seconds_per_update=0.228 peak_gpu_gb=4.34
iter 133200/160000: loss=0.21632 grad_norm=2.0449 seconds_per_update=0.228 peak_gpu_gb=4.34
iter 133250/160000: loss=0.28961 grad_norm=33.2958 seconds_per_update=0.228 peak_gpu_gb=4.34
iter 133300/160000: loss=0.27340 grad_norm=3.0347 seconds_per_update=0.228 peak_gpu_gb=4.34
iter 133350/160000: loss=0.16259 grad_norm=2.2858 seconds_per_update=0.228 peak_gpu_gb=4.34
iter 133400/160000: loss=0.14593 grad_norm=2.2975 seconds_per_update=0.228 peak_gpu_gb=4.34
iter 133450/160000: loss=0.43037 grad_norm=3.0119 seconds_per_update=0.228 peak_gpu_gb=4.34
iter 133500/160000: loss=0.62172 grad_norm=11.0641 seconds_per_update=0.228 peak_gpu_gb=4.34
iter 133550/160000: loss=0.31627 grad_norm=5.3859 seconds_per_update=0.228 peak_gpu_gb=4.34
iter 133600/160000: loss=0.10905 grad_norm=1.0744 seconds_per_update=0.228 peak_gpu_gb=4.34
iter 133650/160000: loss=0.24571 grad_norm=5.6645 seconds_per_update=0.228 peak_gpu_gb=4.34
iter 133700/160000: loss=0.09915 grad_norm=1.5548 seconds_per_update=0.228 peak_gpu_gb=4.34
iter 133750/160000: loss=0.09202 grad_norm=0.3175 seconds_per_update=0.228 peak_gpu_gb=4.34
iter 133800/160000: loss=0.03710 grad_norm=0.3548 seconds_per_update=0.228 peak_gpu_gb=4.34
iter 133850/160000: loss=0.07692 grad_norm=0.5409 seconds_per_update=0.228 peak_gpu_gb=4.34
iter 133900/160000: loss=0.02299 grad_norm=0.4571 seconds_per_update=0.228 peak_gpu_gb=4.34
iter 133950/160000: loss=0.02869 grad_norm=0.3773 seconds_per_update=0.228 peak_gpu_gb=4.34
iter 134000/160000: loss=0.05560 grad_norm=1.6746 seconds_per_update=0.228 peak_gpu_gb=4.34
iter 134050/160000: loss=0.04075 grad_norm=0.7508 seconds_per_update=0.228 peak_gpu_gb=4.34
iter 134100/160000: loss=0.08005 grad_norm=0.4199 seconds_per_update=0.228 peak_gpu_gb=4.34
iter 134150/160000: loss=0.25323 grad_norm=1.3824 seconds_per_update=0.228 peak_gpu_gb=4.34
iter 134200/160000: loss=0.04084 grad_norm=1.2811 seconds_per_update=0.228 peak_gpu_gb=4.34
iter 134250/160000: loss=0.41745 grad_norm=3.9483 seconds_per_update=0.228 peak_gpu_gb=4.34
iter 134300/160000: loss=0.07243 grad_norm=0.6209 seconds_per_update=0.228 peak_gpu_gb=4.34
iter 134350/160000: loss=0.13278 grad_norm=0.9829 seconds_per_update=0.228 peak_gpu_gb=4.34
iter 134400/160000: loss=0.08741 grad_norm=0.9747 seconds_per_update=0.228 peak_gpu_gb=4.34
{"iter": 134400, "mIoU": 0.7691323757171631, "per_class_iou": {"1": 0.71297287940979, "2": 0.8682125806808472, "3": 0.8189433813095093, "4": 0.8762827515602112, "5": 0.45757031440734863, "6": 0.8906914591789246, "7": 0.7758542895317078, "8": 0.7525316476821899}, "confusion": [[0, 0, 0, 0, 0, 0, 0, 0, 0], [0, 155327507, 8652038, 6038314, 2170497, 4044811, 10940663, 8913657, 703702], [0, 6744121, 124513633, 233472, 2023, 363976, 1051704, 110384, 118903], [0, 3863052, 127502, 56633401, 5339, 49101, 686217, 108547, 417456], [0, 807865, 3034, 13993, 38034228, 32726, 455220, 650409, 0], [0, 1171763, 31020, 15118, 24659, 6562655, 78253, 906500, 0], [0, 6714350, 1412838, 814253, 372711, 719831, 206265280, 1530431, 161591], [0, 1715642, 18893, 90793, 831351, 341984, 358196, 53917232, 0], [0, 50972, 30219, 57670, 0, 0, 17271, 0, 4737097]]}
iter 134450/160000: loss=0.12895 grad_norm=0.7527 seconds_per_update=0.229 peak_gpu_gb=4.34
iter 134500/160000: loss=0.05630 grad_norm=0.3900 seconds_per_update=0.229 peak_gpu_gb=4.34
iter 134550/160000: loss=0.17812 grad_norm=1.4611 seconds_per_update=0.229 peak_gpu_gb=4.34
iter 134600/160000: loss=0.13974 grad_norm=0.8900 seconds_per_update=0.229 peak_gpu_gb=4.34
iter 134650/160000: loss=0.29710 grad_norm=4.7131 seconds_per_update=0.229 peak_gpu_gb=4.34
iter 134700/160000: loss=0.11063 grad_norm=0.5020 seconds_per_update=0.229 peak_gpu_gb=4.34
iter 134750/160000: loss=0.21487 grad_norm=9.0707 seconds_per_update=0.229 peak_gpu_gb=4.34
iter 134800/160000: loss=0.20355 grad_norm=2.6671 seconds_per_update=0.229 peak_gpu_gb=4.34
iter 134850/160000: loss=0.04717 grad_norm=1.0336 seconds_per_update=0.229 peak_gpu_gb=4.34
iter 134900/160000: loss=0.02509 grad_norm=0.2023 seconds_per_update=0.229 peak_gpu_gb=4.34
iter 134950/160000: loss=0.20220 grad_norm=3.7666 seconds_per_update=0.229 peak_gpu_gb=4.34
iter 135000/160000: loss=0.22779 grad_norm=14.2585 seconds_per_update=0.229 peak_gpu_gb=4.34
iter 135050/160000: loss=0.13102 grad_norm=1.6651 seconds_per_update=0.229 peak_gpu_gb=4.34
iter 135100/160000: loss=0.13940 grad_norm=4.6058 seconds_per_update=0.229 peak_gpu_gb=4.34
iter 135150/160000: loss=0.25023 grad_norm=6.6089 seconds_per_update=0.229 peak_gpu_gb=4.34
iter 135200/160000: loss=0.15889 grad_norm=1.2817 seconds_per_update=0.229 peak_gpu_gb=4.34
iter 135250/160000: loss=0.17723 grad_norm=1.0680 seconds_per_update=0.229 peak_gpu_gb=4.34
iter 135300/160000: loss=0.08969 grad_norm=4.2672 seconds_per_update=0.229 peak_gpu_gb=4.34
iter 135350/160000: loss=0.11390 grad_norm=0.9371 seconds_per_update=0.229 peak_gpu_gb=4.34
iter 135400/160000: loss=0.19621 grad_norm=3.4515 seconds_per_update=0.229 peak_gpu_gb=4.34
iter 135450/160000: loss=0.09405 grad_norm=1.8749 seconds_per_update=0.229 peak_gpu_gb=4.34
iter 135500/160000: loss=0.00787 grad_norm=0.3839 seconds_per_update=0.229 peak_gpu_gb=4.34
iter 135550/160000: loss=0.10793 grad_norm=0.6809 seconds_per_update=0.229 peak_gpu_gb=4.34
iter 135600/160000: loss=0.06729 grad_norm=1.5585 seconds_per_update=0.229 peak_gpu_gb=4.34
iter 135650/160000: loss=0.08246 grad_norm=0.5969 seconds_per_update=0.229 peak_gpu_gb=4.34
iter 135700/160000: loss=0.07504 grad_norm=6.4979 seconds_per_update=0.229 peak_gpu_gb=4.34
iter 135750/160000: loss=0.10878 grad_norm=1.3122 seconds_per_update=0.229 peak_gpu_gb=4.34
iter 135800/160000: loss=0.26655 grad_norm=2.6807 seconds_per_update=0.229 peak_gpu_gb=4.34
iter 135850/160000: loss=0.33587 grad_norm=4.2213 seconds_per_update=0.228 peak_gpu_gb=4.34
iter 135900/160000: loss=0.16163 grad_norm=1.4512 seconds_per_update=0.228 peak_gpu_gb=4.34
iter 135950/160000: loss=0.07966 grad_norm=1.3754 seconds_per_update=0.228 peak_gpu_gb=4.34
iter 136000/160000: loss=0.39872 grad_norm=7.1479 seconds_per_update=0.228 peak_gpu_gb=4.34
iter 136050/160000: loss=0.04451 grad_norm=0.7546 seconds_per_update=0.228 peak_gpu_gb=4.34
iter 136100/160000: loss=0.14845 grad_norm=14.0273 seconds_per_update=0.228 peak_gpu_gb=4.34
iter 136150/160000: loss=0.10667 grad_norm=4.6731 seconds_per_update=0.228 peak_gpu_gb=4.34
iter 136200/160000: loss=0.25770 grad_norm=11.3788 seconds_per_update=0.228 peak_gpu_gb=4.34
iter 136250/160000: loss=0.09681 grad_norm=0.5812 seconds_per_update=0.228 peak_gpu_gb=4.34
iter 136300/160000: loss=0.11952 grad_norm=4.7954 seconds_per_update=0.228 peak_gpu_gb=4.34
iter 136350/160000: loss=0.09435 grad_norm=2.3316 seconds_per_update=0.228 peak_gpu_gb=4.34
iter 136400/160000: loss=0.09958 grad_norm=0.6105 seconds_per_update=0.228 peak_gpu_gb=4.34
iter 136450/160000: loss=0.08371 grad_norm=2.4761 seconds_per_update=0.228 peak_gpu_gb=4.34
iter 136500/160000: loss=0.08707 grad_norm=0.9901 seconds_per_update=0.228 peak_gpu_gb=4.34
iter 136550/160000: loss=0.33695 grad_norm=1.8176 seconds_per_update=0.228 peak_gpu_gb=4.34
iter 136600/160000: loss=0.31240 grad_norm=10.2296 seconds_per_update=0.228 peak_gpu_gb=4.34
iter 136650/160000: loss=0.32826 grad_norm=4.5984 seconds_per_update=0.228 peak_gpu_gb=4.34
iter 136700/160000: loss=0.37899 grad_norm=7.6279 seconds_per_update=0.228 peak_gpu_gb=4.34
iter 136750/160000: loss=0.20400 grad_norm=1.4209 seconds_per_update=0.228 peak_gpu_gb=4.34
iter 136800/160000: loss=0.32094 grad_norm=3.2638 seconds_per_update=0.228 peak_gpu_gb=4.34
iter 136850/160000: loss=0.03397 grad_norm=0.7033 seconds_per_update=0.228 peak_gpu_gb=4.34
iter 136900/160000: loss=0.01760 grad_norm=0.2021 seconds_per_update=0.228 peak_gpu_gb=4.34
iter 136950/160000: loss=0.09195 grad_norm=0.6485 seconds_per_update=0.228 peak_gpu_gb=4.34
iter 137000/160000: loss=0.12447 grad_norm=1.7869 seconds_per_update=0.228 peak_gpu_gb=4.34
iter 137050/160000: loss=0.02732 grad_norm=0.3985 seconds_per_update=0.228 peak_gpu_gb=4.34
iter 137100/160000: loss=0.08333 grad_norm=1.6496 seconds_per_update=0.228 peak_gpu_gb=4.34
iter 137150/160000: loss=0.24140 grad_norm=1.5538 seconds_per_update=0.228 peak_gpu_gb=4.34
iter 137200/160000: loss=0.44372 grad_norm=12.8266 seconds_per_update=0.228 peak_gpu_gb=4.34
{"iter": 137200, "mIoU": 0.7765679359436035, "per_class_iou": {"1": 0.7206134796142578, "2": 0.8642333149909973, "3": 0.8171542286872864, "4": 0.8776931166648865, "5": 0.47011351585388184, "6": 0.8918511271476746, "7": 0.785682737827301, "8": 0.7852018475532532}, "confusion": [[0, 0, 0, 0, 0, 0, 0, 0, 0], [0, 160770931, 6562106, 5815049, 1998871, 3158493, 10163852, 7768426, 553461], [0, 9443805, 122033922, 171652, 1642, 279982, 1017929, 121306, 67978], [0, 4348132, 108623, 56254118, 3485, 33507, 666185, 121947, 354618], [0, 933941, 2599, 20467, 37773502, 32331, 523906, 710729, 0], [0, 1607869, 30208, 22034, 19095, 6175469, 75596, 859697, 0], [0, 7765364, 1325320, 769461, 320706, 477976, 205941155, 1273237, 118066], [0, 2136621, 12163, 83010, 695982, 363867, 454323, 53528125, 0], [0, 75927, 25590, 69211, 0, 0, 21221, 0, 4701280]]}
iter 137250/160000: loss=0.09827 grad_norm=5.7678 seconds_per_update=0.229 peak_gpu_gb=4.34
iter 137300/160000: loss=0.20150 grad_norm=5.8028 seconds_per_update=0.229 peak_gpu_gb=4.34
iter 137350/160000: loss=0.15700 grad_norm=1.2291 seconds_per_update=0.229 peak_gpu_gb=4.34
iter 137400/160000: loss=0.03661 grad_norm=1.2876 seconds_per_update=0.229 peak_gpu_gb=4.34
iter 137450/160000: loss=0.30006 grad_norm=4.7258 seconds_per_update=0.229 peak_gpu_gb=4.34
iter 137500/160000: loss=0.17107 grad_norm=1.2915 seconds_per_update=0.229 peak_gpu_gb=4.34
iter 137550/160000: loss=0.06609 grad_norm=0.9677 seconds_per_update=0.229 peak_gpu_gb=4.34
iter 137600/160000: loss=0.09028 grad_norm=1.8508 seconds_per_update=0.229 peak_gpu_gb=4.34
iter 137650/160000: loss=0.09452 grad_norm=10.6477 seconds_per_update=0.229 peak_gpu_gb=4.34
iter 137700/160000: loss=0.13486 grad_norm=2.7855 seconds_per_update=0.229 peak_gpu_gb=4.34
iter 137750/160000: loss=0.20756 grad_norm=2.0682 seconds_per_update=0.229 peak_gpu_gb=4.34
iter 137800/160000: loss=0.24216 grad_norm=4.5751 seconds_per_update=0.229 peak_gpu_gb=4.34
iter 137850/160000: loss=0.11153 grad_norm=0.6987 seconds_per_update=0.229 peak_gpu_gb=4.34
iter 137900/160000: loss=0.20504 grad_norm=4.8072 seconds_per_update=0.229 peak_gpu_gb=4.34
iter 137950/160000: loss=0.04554 grad_norm=1.0056 seconds_per_update=0.229 peak_gpu_gb=4.34
iter 138000/160000: loss=0.08046 grad_norm=1.0538 seconds_per_update=0.229 peak_gpu_gb=4.34
iter 138050/160000: loss=0.01303 grad_norm=0.1739 seconds_per_update=0.229 peak_gpu_gb=4.34
iter 138100/160000: loss=0.13883 grad_norm=1.1505 seconds_per_update=0.229 peak_gpu_gb=4.34
iter 138150/160000: loss=0.15281 grad_norm=1.5131 seconds_per_update=0.229 peak_gpu_gb=4.34
iter 138200/160000: loss=0.18135 grad_norm=0.8900 seconds_per_update=0.229 peak_gpu_gb=4.34
iter 138250/160000: loss=0.05132 grad_norm=1.5013 seconds_per_update=0.229 peak_gpu_gb=4.34
iter 138300/160000: loss=0.35978 grad_norm=14.0495 seconds_per_update=0.229 peak_gpu_gb=4.34
iter 138350/160000: loss=0.10712 grad_norm=1.4943 seconds_per_update=0.229 peak_gpu_gb=4.34
iter 138400/160000: loss=0.14115 grad_norm=0.9526 seconds_per_update=0.229 peak_gpu_gb=4.34
iter 138450/160000: loss=0.09260 grad_norm=0.8008 seconds_per_update=0.229 peak_gpu_gb=4.34
iter 138500/160000: loss=0.03569 grad_norm=1.4945 seconds_per_update=0.229 peak_gpu_gb=4.34
iter 138550/160000: loss=0.07110 grad_norm=2.6078 seconds_per_update=0.229 peak_gpu_gb=4.34
iter 138600/160000: loss=0.10984 grad_norm=0.9599 seconds_per_update=0.229 peak_gpu_gb=4.34
iter 138650/160000: loss=0.06418 grad_norm=0.3368 seconds_per_update=0.228 peak_gpu_gb=4.34
iter 138700/160000: loss=0.08933 grad_norm=1.3038 seconds_per_update=0.228 peak_gpu_gb=4.34
iter 138750/160000: loss=0.06798 grad_norm=0.6585 seconds_per_update=0.228 peak_gpu_gb=4.34
iter 138800/160000: loss=0.01824 grad_norm=0.4640 seconds_per_update=0.228 peak_gpu_gb=4.34
iter 138850/160000: loss=0.07855 grad_norm=1.3305 seconds_per_update=0.228 peak_gpu_gb=4.34
iter 138900/160000: loss=0.02678 grad_norm=0.3680 seconds_per_update=0.228 peak_gpu_gb=4.34
iter 138950/160000: loss=0.10572 grad_norm=0.9771 seconds_per_update=0.228 peak_gpu_gb=4.34
iter 139000/160000: loss=0.17080 grad_norm=2.7168 seconds_per_update=0.228 peak_gpu_gb=4.34
iter 139050/160000: loss=0.08726 grad_norm=12.2445 seconds_per_update=0.228 peak_gpu_gb=4.34
iter 139100/160000: loss=0.13752 grad_norm=4.0419 seconds_per_update=0.228 peak_gpu_gb=4.34
iter 139150/160000: loss=0.07993 grad_norm=1.3997 seconds_per_update=0.228 peak_gpu_gb=4.34
iter 139200/160000: loss=0.40444 grad_norm=10.1731 seconds_per_update=0.228 peak_gpu_gb=4.34
iter 139250/160000: loss=0.53798 grad_norm=6.1269 seconds_per_update=0.228 peak_gpu_gb=4.34
iter 139300/160000: loss=0.14022 grad_norm=1.1645 seconds_per_update=0.228 peak_gpu_gb=4.34
iter 139350/160000: loss=0.20360 grad_norm=4.7789 seconds_per_update=0.228 peak_gpu_gb=4.34
iter 139400/160000: loss=0.08718 grad_norm=1.5576 seconds_per_update=0.228 peak_gpu_gb=4.34
iter 139450/160000: loss=0.04281 grad_norm=0.3207 seconds_per_update=0.228 peak_gpu_gb=4.34
iter 139500/160000: loss=0.16499 grad_norm=1.0644 seconds_per_update=0.228 peak_gpu_gb=4.34
iter 139550/160000: loss=0.08376 grad_norm=1.1554 seconds_per_update=0.228 peak_gpu_gb=4.34
iter 139600/160000: loss=0.27803 grad_norm=1.9132 seconds_per_update=0.228 peak_gpu_gb=4.34
iter 139650/160000: loss=0.19566 grad_norm=1.3392 seconds_per_update=0.228 peak_gpu_gb=4.34
iter 139700/160000: loss=0.41627 grad_norm=30.5273 seconds_per_update=0.228 peak_gpu_gb=4.34
iter 139750/160000: loss=0.06487 grad_norm=1.1654 seconds_per_update=0.228 peak_gpu_gb=4.34
iter 139800/160000: loss=0.22244 grad_norm=1.1397 seconds_per_update=0.228 peak_gpu_gb=4.34
iter 139850/160000: loss=0.13983 grad_norm=1.3852 seconds_per_update=0.228 peak_gpu_gb=4.34
iter 139900/160000: loss=0.09988 grad_norm=2.9159 seconds_per_update=0.228 peak_gpu_gb=4.34
iter 139950/160000: loss=0.08138 grad_norm=2.1999 seconds_per_update=0.228 peak_gpu_gb=4.34
iter 140000/160000: loss=0.23268 grad_norm=3.8397 seconds_per_update=0.228 peak_gpu_gb=4.34
{"iter": 140000, "mIoU": 0.7748793959617615, "per_class_iou": {"1": 0.719708263874054, "2": 0.8673682808876038, "3": 0.8193638920783997, "4": 0.8778999447822571, "5": 0.4690955579280853, "6": 0.892033040523529, "7": 0.7815314531326294, "8": 0.7720348834991455}, "confusion": [[0, 0, 0, 0, 0, 0, 0, 0, 0], [0, 159274208, 8695100, 5765643, 1958513, 3380794, 10093993, 7027380, 595558], [0, 6895144, 124280995, 195521, 1453, 326898, 1262519, 108261, 67425], [0, 4188964, 118950, 56323389, 4188, 54499, 682330, 103631, 414664], [0, 1021545, 2905, 14177, 38004290, 50677, 383146, 520735, 0], [0, 1508943, 47402, 13492, 17325, 6352483, 72446, 777877, 0], [0, 7663827, 1242521, 739107, 437792, 571232, 205987015, 1183504, 166287], [0, 3163162, 20542, 68829, 873246, 367913, 421324, 52359075, 0], [0, 71075, 19523, 52998, 0, 0, 11529, 0, 4738104]]}
iter 140050/160000: loss=0.31318 grad_norm=7.8807 seconds_per_update=0.229 peak_gpu_gb=4.34
iter 140100/160000: loss=0.19628 grad_norm=5.3383 seconds_per_update=0.229 peak_gpu_gb=4.34
iter 140150/160000: loss=0.09101 grad_norm=2.0261 seconds_per_update=0.229 peak_gpu_gb=4.34
iter 140200/160000: loss=0.16716 grad_norm=4.6193 seconds_per_update=0.229 peak_gpu_gb=4.34
iter 140250/160000: loss=0.12195 grad_norm=1.1963 seconds_per_update=0.229 peak_gpu_gb=4.34
iter 140300/160000: loss=0.14401 grad_norm=1.6585 seconds_per_update=0.229 peak_gpu_gb=4.34
iter 140350/160000: loss=0.05402 grad_norm=5.7427 seconds_per_update=0.229 peak_gpu_gb=4.34
iter 140400/160000: loss=0.11960 grad_norm=1.7766 seconds_per_update=0.229 peak_gpu_gb=4.34
iter 140450/160000: loss=0.03532 grad_norm=1.2076 seconds_per_update=0.229 peak_gpu_gb=4.34
iter 140500/160000: loss=0.07799 grad_norm=1.8673 seconds_per_update=0.229 peak_gpu_gb=4.34
iter 140550/160000: loss=0.19617 grad_norm=2.6946 seconds_per_update=0.229 peak_gpu_gb=4.34
iter 140600/160000: loss=0.06703 grad_norm=0.9989 seconds_per_update=0.229 peak_gpu_gb=4.34
iter 140650/160000: loss=0.05219 grad_norm=5.6564 seconds_per_update=0.229 peak_gpu_gb=4.34
iter 140700/160000: loss=0.27393 grad_norm=6.7861 seconds_per_update=0.229 peak_gpu_gb=4.34
iter 140750/160000: loss=0.50569 grad_norm=9.8060 seconds_per_update=0.229 peak_gpu_gb=4.34
iter 140800/160000: loss=0.11474 grad_norm=0.7603 seconds_per_update=0.229 peak_gpu_gb=4.34
iter 140850/160000: loss=0.22019 grad_norm=3.0989 seconds_per_update=0.229 peak_gpu_gb=4.34
iter 140900/160000: loss=0.08634 grad_norm=1.7084 seconds_per_update=0.229 peak_gpu_gb=4.34
iter 140950/160000: loss=0.10159 grad_norm=1.6919 seconds_per_update=0.229 peak_gpu_gb=4.34
iter 141000/160000: loss=0.20915 grad_norm=1.2624 seconds_per_update=0.229 peak_gpu_gb=4.34
iter 141050/160000: loss=0.14218 grad_norm=1.5686 seconds_per_update=0.229 peak_gpu_gb=4.34
iter 141100/160000: loss=0.19446 grad_norm=4.0384 seconds_per_update=0.229 peak_gpu_gb=4.34
iter 141150/160000: loss=0.10841 grad_norm=0.8975 seconds_per_update=0.229 peak_gpu_gb=4.34
iter 141200/160000: loss=0.11775 grad_norm=0.9654 seconds_per_update=0.229 peak_gpu_gb=4.34
iter 141250/160000: loss=0.04345 grad_norm=0.6134 seconds_per_update=0.229 peak_gpu_gb=4.34
iter 141300/160000: loss=0.11409 grad_norm=1.6712 seconds_per_update=0.229 peak_gpu_gb=4.34
iter 141350/160000: loss=0.05857 grad_norm=1.6495 seconds_per_update=0.229 peak_gpu_gb=4.34
iter 141400/160000: loss=0.14006 grad_norm=2.3975 seconds_per_update=0.228 peak_gpu_gb=4.34
iter 141450/160000: loss=0.17120 grad_norm=4.1215 seconds_per_update=0.228 peak_gpu_gb=4.34
iter 141500/160000: loss=0.09588 grad_norm=1.1797 seconds_per_update=0.228 peak_gpu_gb=4.34
iter 141550/160000: loss=0.17640 grad_norm=9.2091 seconds_per_update=0.228 peak_gpu_gb=4.34
iter 141600/160000: loss=0.01564 grad_norm=0.2579 seconds_per_update=0.228 peak_gpu_gb=4.34
iter 141650/160000: loss=0.10454 grad_norm=1.6884 seconds_per_update=0.228 peak_gpu_gb=4.34
iter 141700/160000: loss=0.05623 grad_norm=0.5720 seconds_per_update=0.228 peak_gpu_gb=4.34
iter 141750/160000: loss=0.08028 grad_norm=0.7924 seconds_per_update=0.228 peak_gpu_gb=4.34
iter 141800/160000: loss=0.10328 grad_norm=0.7151 seconds_per_update=0.228 peak_gpu_gb=4.34
iter 141850/160000: loss=0.20077 grad_norm=13.3757 seconds_per_update=0.228 peak_gpu_gb=4.34
iter 141900/160000: loss=0.10045 grad_norm=1.2964 seconds_per_update=0.228 peak_gpu_gb=4.34
iter 141950/160000: loss=0.41424 grad_norm=4.0589 seconds_per_update=0.228 peak_gpu_gb=4.34
iter 142000/160000: loss=0.15183 grad_norm=3.0182 seconds_per_update=0.228 peak_gpu_gb=4.34
iter 142050/160000: loss=0.16870 grad_norm=6.2087 seconds_per_update=0.228 peak_gpu_gb=4.34
iter 142100/160000: loss=0.26366 grad_norm=2.1128 seconds_per_update=0.228 peak_gpu_gb=4.34
iter 142150/160000: loss=0.12746 grad_norm=1.2394 seconds_per_update=0.228 peak_gpu_gb=4.34
iter 142200/160000: loss=0.02636 grad_norm=0.1872 seconds_per_update=0.228 peak_gpu_gb=4.34
iter 142250/160000: loss=0.10984 grad_norm=1.7108 seconds_per_update=0.228 peak_gpu_gb=4.34
iter 142300/160000: loss=0.18408 grad_norm=10.8264 seconds_per_update=0.228 peak_gpu_gb=4.34
iter 142350/160000: loss=0.17969 grad_norm=2.6907 seconds_per_update=0.228 peak_gpu_gb=4.34
iter 142400/160000: loss=0.03297 grad_norm=0.4188 seconds_per_update=0.228 peak_gpu_gb=4.34
iter 142450/160000: loss=0.64239 grad_norm=133.7938 seconds_per_update=0.228 peak_gpu_gb=4.34
iter 142500/160000: loss=0.21249 grad_norm=1.2529 seconds_per_update=0.228 peak_gpu_gb=4.34
iter 142550/160000: loss=0.04014 grad_norm=0.5489 seconds_per_update=0.228 peak_gpu_gb=4.34
iter 142600/160000: loss=0.14599 grad_norm=0.5136 seconds_per_update=0.228 peak_gpu_gb=4.34
iter 142650/160000: loss=0.30118 grad_norm=8.0732 seconds_per_update=0.228 peak_gpu_gb=4.34
iter 142700/160000: loss=0.41952 grad_norm=74.1148 seconds_per_update=0.228 peak_gpu_gb=4.34
iter 142750/160000: loss=0.10523 grad_norm=0.9862 seconds_per_update=0.228 peak_gpu_gb=4.34
iter 142800/160000: loss=0.06853 grad_norm=1.4608 seconds_per_update=0.228 peak_gpu_gb=4.34
{"iter": 142800, "mIoU": 0.7741582989692688, "per_class_iou": {"1": 0.7215806841850281, "2": 0.8654735684394836, "3": 0.8194051384925842, "4": 0.8782790899276733, "5": 0.46117618680000305, "6": 0.8913806080818176, "7": 0.7856186628341675, "8": 0.7703522443771362}, "confusion": [[0, 0, 0, 0, 0, 0, 0, 0, 0], [0, 160331163, 7275375, 5944977, 1946594, 3875161, 10150255, 6668440, 599224], [0, 8406147, 122828096, 230204, 1609, 385748, 1126064, 91027, 69321], [0, 3973317, 114410, 56679708, 3672, 48826, 575755, 67152, 427775], [0, 1004215, 2791, 16831, 38031940, 51865, 384130, 505703, 0], [0, 1359958, 24568, 18520, 22970, 6662092, 50184, 651676, 0], [0, 7489353, 1317614, 895265, 414781, 823389, 205577466, 1337602, 135815], [0, 3096808, 15455, 122654, 915694, 470916, 333745, 52318819, 0], [0, 73395, 31676, 52713, 0, 0, 16757, 0, 4718688]]}
iter 142850/160000: loss=0.04867 grad_norm=0.4371 seconds_per_update=0.229 peak_gpu_gb=4.34
iter 142900/160000: loss=0.14139 grad_norm=0.9532 seconds_per_update=0.229 peak_gpu_gb=4.34
iter 142950/160000: loss=0.06260 grad_norm=1.9406 seconds_per_update=0.229 peak_gpu_gb=4.34
iter 143000/160000: loss=0.07920 grad_norm=4.1905 seconds_per_update=0.229 peak_gpu_gb=4.34
iter 143050/160000: loss=0.17745 grad_norm=3.6806 seconds_per_update=0.229 peak_gpu_gb=4.34
iter 143100/160000: loss=0.09873 grad_norm=1.9624 seconds_per_update=0.229 peak_gpu_gb=4.34
iter 143150/160000: loss=0.07244 grad_norm=0.8023 seconds_per_update=0.229 peak_gpu_gb=4.34
iter 143200/160000: loss=0.26511 grad_norm=1.8164 seconds_per_update=0.229 peak_gpu_gb=4.34
iter 143250/160000: loss=0.05491 grad_norm=3.4961 seconds_per_update=0.229 peak_gpu_gb=4.34
iter 143300/160000: loss=0.07753 grad_norm=1.6557 seconds_per_update=0.229 peak_gpu_gb=4.34
iter 143350/160000: loss=0.22922 grad_norm=2.6435 seconds_per_update=0.229 peak_gpu_gb=4.34
iter 143400/160000: loss=0.01733 grad_norm=0.3077 seconds_per_update=0.229 peak_gpu_gb=4.34
iter 143450/160000: loss=0.04335 grad_norm=0.5304 seconds_per_update=0.229 peak_gpu_gb=4.34
iter 143500/160000: loss=0.03461 grad_norm=0.3560 seconds_per_update=0.229 peak_gpu_gb=4.34
iter 143550/160000: loss=0.14272 grad_norm=2.4620 seconds_per_update=0.229 peak_gpu_gb=4.34
iter 143600/160000: loss=0.19323 grad_norm=6.5567 seconds_per_update=0.229 peak_gpu_gb=4.34
iter 143650/160000: loss=0.29604 grad_norm=14.5207 seconds_per_update=0.229 peak_gpu_gb=4.34
iter 143700/160000: loss=0.12504 grad_norm=3.2562 seconds_per_update=0.229 peak_gpu_gb=4.34
iter 143750/160000: loss=0.06891 grad_norm=0.8020 seconds_per_update=0.229 peak_gpu_gb=4.34
iter 143800/160000: loss=0.10012 grad_norm=1.2666 seconds_per_update=0.229 peak_gpu_gb=4.34
iter 143850/160000: loss=0.17092 grad_norm=2.4418 seconds_per_update=0.229 peak_gpu_gb=4.34
iter 143900/160000: loss=0.19020 grad_norm=2.9796 seconds_per_update=0.229 peak_gpu_gb=4.34
iter 143950/160000: loss=0.02194 grad_norm=0.4729 seconds_per_update=0.229 peak_gpu_gb=4.34
iter 144000/160000: loss=0.14167 grad_norm=2.8672 seconds_per_update=0.229 peak_gpu_gb=4.34
iter 144050/160000: loss=0.12658 grad_norm=2.8201 seconds_per_update=0.229 peak_gpu_gb=4.34
iter 144100/160000: loss=0.18399 grad_norm=1.5187 seconds_per_update=0.228 peak_gpu_gb=4.34
iter 144150/160000: loss=0.08555 grad_norm=0.9366 seconds_per_update=0.228 peak_gpu_gb=4.34
iter 144200/160000: loss=0.13928 grad_norm=1.5998 seconds_per_update=0.228 peak_gpu_gb=4.34
iter 144250/160000: loss=0.12603 grad_norm=0.6156 seconds_per_update=0.228 peak_gpu_gb=4.34
iter 144300/160000: loss=0.10722 grad_norm=0.8690 seconds_per_update=0.228 peak_gpu_gb=4.34
iter 144350/160000: loss=0.21200 grad_norm=4.4107 seconds_per_update=0.228 peak_gpu_gb=4.34
iter 144400/160000: loss=0.08146 grad_norm=6.9335 seconds_per_update=0.228 peak_gpu_gb=4.34
iter 144450/160000: loss=0.24318 grad_norm=20.1290 seconds_per_update=0.228 peak_gpu_gb=4.34
iter 144500/160000: loss=0.14732 grad_norm=10.0468 seconds_per_update=0.228 peak_gpu_gb=4.34
iter 144550/160000: loss=0.11592 grad_norm=3.0142 seconds_per_update=0.228 peak_gpu_gb=4.34
iter 144600/160000: loss=0.18444 grad_norm=1.6453 seconds_per_update=0.228 peak_gpu_gb=4.34
iter 144650/160000: loss=0.10251 grad_norm=2.0428 seconds_per_update=0.228 peak_gpu_gb=4.34
iter 144700/160000: loss=0.06089 grad_norm=1.5533 seconds_per_update=0.228 peak_gpu_gb=4.34
iter 144750/160000: loss=0.10860 grad_norm=1.4967 seconds_per_update=0.228 peak_gpu_gb=4.34
iter 144800/160000: loss=0.09776 grad_norm=1.0280 seconds_per_update=0.228 peak_gpu_gb=4.34
iter 144850/160000: loss=0.05290 grad_norm=32.4188 seconds_per_update=0.228 peak_gpu_gb=4.34
iter 144900/160000: loss=0.27453 grad_norm=7.1322 seconds_per_update=0.228 peak_gpu_gb=4.34
iter 144950/160000: loss=0.09171 grad_norm=3.9041 seconds_per_update=0.228 peak_gpu_gb=4.34
iter 145000/160000: loss=0.04543 grad_norm=0.4432 seconds_per_update=0.228 peak_gpu_gb=4.34
iter 145050/160000: loss=0.10839 grad_norm=1.4648 seconds_per_update=0.228 peak_gpu_gb=4.34
iter 145100/160000: loss=0.16654 grad_norm=1.2497 seconds_per_update=0.228 peak_gpu_gb=4.34
iter 145150/160000: loss=0.08177 grad_norm=3.3314 seconds_per_update=0.228 peak_gpu_gb=4.34
iter 145200/160000: loss=0.09557 grad_norm=2.7687 seconds_per_update=0.228 peak_gpu_gb=4.34
iter 145250/160000: loss=0.19198 grad_norm=2.2313 seconds_per_update=0.228 peak_gpu_gb=4.34
iter 145300/160000: loss=0.11126 grad_norm=1.4503 seconds_per_update=0.228 peak_gpu_gb=4.34
iter 145350/160000: loss=0.12934 grad_norm=3.0752 seconds_per_update=0.228 peak_gpu_gb=4.34
iter 145400/160000: loss=0.21447 grad_norm=9.5216 seconds_per_update=0.228 peak_gpu_gb=4.34
iter 145450/160000: loss=0.14550 grad_norm=1.4308 seconds_per_update=0.228 peak_gpu_gb=4.34
iter 145500/160000: loss=0.52819 grad_norm=37.9664 seconds_per_update=0.228 peak_gpu_gb=4.34
iter 145550/160000: loss=0.20503 grad_norm=1.4737 seconds_per_update=0.228 peak_gpu_gb=4.34
iter 145600/160000: loss=0.21327 grad_norm=5.0832 seconds_per_update=0.228 peak_gpu_gb=4.34
{"iter": 145600, "mIoU": 0.7750599384307861, "per_class_iou": {"1": 0.7196036577224731, "2": 0.8687800168991089, "3": 0.819496750831604, "4": 0.8818778395652771, "5": 0.46654269099235535, "6": 0.8925247192382812, "7": 0.7917956709861755, "8": 0.7598583102226257}, "confusion": [[0, 0, 0, 0, 0, 0, 0, 0, 0], [0, 158324995, 8527434, 5147333, 2003373, 3890748, 11256418, 6997484, 643404], [0, 7000496, 124465962, 176399, 1978, 359070, 924751, 85914, 123646], [0, 4664068, 126149, 55856920, 4623, 52631, 661051, 94197, 430976], [0, 900147, 2816, 13456, 38077843, 43713, 328931, 630569, 0], [0, 1284922, 32484, 13327, 16972, 6645936, 67756, 728571, 0], [0, 6688338, 1400651, 776209, 434949, 684460, 206787499, 1077618, 141561], [0, 2613125, 22107, 92147, 718775, 424485, 441475, 52961977, 0], [0, 74650, 15359, 50541, 0, 0, 16622, 0, 4736057]]}
iter 145650/160000: loss=0.07438 grad_norm=1.4556 seconds_per_update=0.229 peak_gpu_gb=4.34
iter 145700/160000: loss=0.15849 grad_norm=3.0917 seconds_per_update=0.229 peak_gpu_gb=4.34
iter 145750/160000: loss=0.09505 grad_norm=2.6191 seconds_per_update=0.229 peak_gpu_gb=4.34
iter 145800/160000: loss=0.23544 grad_norm=2.8998 seconds_per_update=0.229 peak_gpu_gb=4.34
iter 145850/160000: loss=0.18885 grad_norm=1.0463 seconds_per_update=0.229 peak_gpu_gb=4.34
iter 145900/160000: loss=0.11544 grad_norm=9.6259 seconds_per_update=0.229 peak_gpu_gb=4.34
iter 145950/160000: loss=0.16637 grad_norm=7.8439 seconds_per_update=0.229 peak_gpu_gb=4.34
iter 146000/160000: loss=0.26455 grad_norm=11.6963 seconds_per_update=0.229 peak_gpu_gb=4.34
iter 146050/160000: loss=0.14809 grad_norm=3.4638 seconds_per_update=0.229 peak_gpu_gb=4.34
iter 146100/160000: loss=0.19603 grad_norm=6.7793 seconds_per_update=0.229 peak_gpu_gb=4.34
iter 146150/160000: loss=0.18205 grad_norm=1.8400 seconds_per_update=0.229 peak_gpu_gb=4.34
iter 146200/160000: loss=0.12174 grad_norm=1.1551 seconds_per_update=0.229 peak_gpu_gb=4.34
iter 146250/160000: loss=0.08938 grad_norm=0.7092 seconds_per_update=0.229 peak_gpu_gb=4.34
iter 146300/160000: loss=0.06405 grad_norm=1.1018 seconds_per_update=0.229 peak_gpu_gb=4.34
iter 146350/160000: loss=0.15762 grad_norm=0.9729 seconds_per_update=0.229 peak_gpu_gb=4.34
iter 146400/160000: loss=0.12148 grad_norm=6.7739 seconds_per_update=0.229 peak_gpu_gb=4.34
iter 146450/160000: loss=0.09644 grad_norm=0.9696 seconds_per_update=0.229 peak_gpu_gb=4.34
iter 146500/160000: loss=0.13993 grad_norm=1.6600 seconds_per_update=0.229 peak_gpu_gb=4.34
iter 146550/160000: loss=0.16736 grad_norm=3.3175 seconds_per_update=0.229 peak_gpu_gb=4.34
iter 146600/160000: loss=0.26609 grad_norm=4.5796 seconds_per_update=0.229 peak_gpu_gb=4.34
iter 146650/160000: loss=0.38336 grad_norm=41.1568 seconds_per_update=0.229 peak_gpu_gb=4.34
iter 146700/160000: loss=0.23372 grad_norm=42.4872 seconds_per_update=0.229 peak_gpu_gb=4.34
iter 146750/160000: loss=0.10200 grad_norm=2.4554 seconds_per_update=0.228 peak_gpu_gb=4.34
iter 146800/160000: loss=0.19412 grad_norm=2.6604 seconds_per_update=0.228 peak_gpu_gb=4.34
iter 146850/160000: loss=0.13353 grad_norm=2.1921 seconds_per_update=0.228 peak_gpu_gb=4.34
iter 146900/160000: loss=0.04659 grad_norm=0.3977 seconds_per_update=0.228 peak_gpu_gb=4.34
iter 146950/160000: loss=0.32692 grad_norm=17.3044 seconds_per_update=0.228 peak_gpu_gb=4.34
iter 147000/160000: loss=0.05515 grad_norm=1.7121 seconds_per_update=0.228 peak_gpu_gb=4.34
iter 147050/160000: loss=0.07268 grad_norm=1.1262 seconds_per_update=0.228 peak_gpu_gb=4.34
iter 147100/160000: loss=0.09323 grad_norm=2.7298 seconds_per_update=0.228 peak_gpu_gb=4.34
iter 147150/160000: loss=0.15001 grad_norm=1.8234 seconds_per_update=0.228 peak_gpu_gb=4.34
iter 147200/160000: loss=0.23461 grad_norm=5.9267 seconds_per_update=0.228 peak_gpu_gb=4.34
iter 147250/160000: loss=0.14372 grad_norm=8.5293 seconds_per_update=0.228 peak_gpu_gb=4.34
iter 147300/160000: loss=0.21920 grad_norm=2.8826 seconds_per_update=0.228 peak_gpu_gb=4.34
iter 147350/160000: loss=0.11989 grad_norm=1.0127 seconds_per_update=0.228 peak_gpu_gb=4.34
iter 147400/160000: loss=0.15610 grad_norm=0.7896 seconds_per_update=0.228 peak_gpu_gb=4.34
iter 147450/160000: loss=0.08434 grad_norm=0.9534 seconds_per_update=0.228 peak_gpu_gb=4.34
iter 147500/160000: loss=0.16270 grad_norm=0.6999 seconds_per_update=0.228 peak_gpu_gb=4.34
iter 147550/160000: loss=0.10766 grad_norm=1.2936 seconds_per_update=0.228 peak_gpu_gb=4.34
iter 147600/160000: loss=0.06835 grad_norm=0.5395 seconds_per_update=0.228 peak_gpu_gb=4.34
iter 147650/160000: loss=0.29608 grad_norm=3.9112 seconds_per_update=0.228 peak_gpu_gb=4.34
iter 147700/160000: loss=0.23718 grad_norm=2.7899 seconds_per_update=0.228 peak_gpu_gb=4.34
iter 147750/160000: loss=0.30707 grad_norm=7.0123 seconds_per_update=0.228 peak_gpu_gb=4.34
iter 147800/160000: loss=0.16421 grad_norm=17.9413 seconds_per_update=0.228 peak_gpu_gb=4.34
iter 147850/160000: loss=0.04107 grad_norm=0.4907 seconds_per_update=0.228 peak_gpu_gb=4.34
iter 147900/160000: loss=0.36051 grad_norm=7.5664 seconds_per_update=0.228 peak_gpu_gb=4.34
iter 147950/160000: loss=0.19097 grad_norm=5.5270 seconds_per_update=0.228 peak_gpu_gb=4.34
iter 148000/160000: loss=0.10528 grad_norm=0.8562 seconds_per_update=0.228 peak_gpu_gb=4.34
iter 148050/160000: loss=0.09696 grad_norm=2.5749 seconds_per_update=0.228 peak_gpu_gb=4.34
iter 148100/160000: loss=0.05570 grad_norm=1.8291 seconds_per_update=0.228 peak_gpu_gb=4.34
iter 148150/160000: loss=0.18446 grad_norm=1.5638 seconds_per_update=0.228 peak_gpu_gb=4.34
iter 148200/160000: loss=0.18921 grad_norm=3.7851 seconds_per_update=0.228 peak_gpu_gb=4.34
iter 148250/160000: loss=0.03368 grad_norm=0.2503 seconds_per_update=0.228 peak_gpu_gb=4.34
iter 148300/160000: loss=0.10241 grad_norm=1.5466 seconds_per_update=0.228 peak_gpu_gb=4.34
iter 148350/160000: loss=0.12051 grad_norm=1.5112 seconds_per_update=0.228 peak_gpu_gb=4.34
iter 148400/160000: loss=0.16307 grad_norm=1.5119 seconds_per_update=0.228 peak_gpu_gb=4.34
{"iter": 148400, "mIoU": 0.7757138609886169, "per_class_iou": {"1": 0.7195320129394531, "2": 0.868593156337738, "3": 0.8188546895980835, "4": 0.8786928057670593, "5": 0.46556520462036133, "6": 0.8933758735656738, "7": 0.7951889038085938, "8": 0.7659082412719727}, "confusion": [[0, 0, 0, 0, 0, 0, 0, 0, 0], [0, 158081820, 8894232, 5793975, 2076996, 4036668, 10698028, 6564469, 645001], [0, 6725972, 124861525, 194057, 1972, 389422, 800502, 89828, 74938], [0, 4147971, 131424, 56320966, 4470, 54742, 721875, 82016, 427151], [0, 892119, 3166, 15471, 38228014, 47926, 299990, 510789, 0], [0, 1322043, 27196, 13927, 17951, 6712926, 57182, 638743, 0], [0, 7018732, 1514411, 716044, 502871, 667571, 206387303, 1043232, 141121], [0, 2732124, 21801, 104695, 903820, 432577, 435045, 52644029, 0], [0, 70738, 21036, 51391, 0, 0, 15648, 0, 4734416]]}
iter 148450/160000: loss=0.08740 grad_norm=1.4739 seconds_per_update=0.229 peak_gpu_gb=4.34
iter 148500/160000: loss=0.23302 grad_norm=1.3292 seconds_per_update=0.229 peak_gpu_gb=4.34
iter 148550/160000: loss=0.30323 grad_norm=4.2743 seconds_per_update=0.229 peak_gpu_gb=4.34
iter 148600/160000: loss=0.18518 grad_norm=1.9272 seconds_per_update=0.229 peak_gpu_gb=4.34
iter 148650/160000: loss=0.16732 grad_norm=0.8889 seconds_per_update=0.229 peak_gpu_gb=4.34
iter 148700/160000: loss=0.08084 grad_norm=2.7469 seconds_per_update=0.229 peak_gpu_gb=4.34
iter 148750/160000: loss=0.11508 grad_norm=3.3842 seconds_per_update=0.229 peak_gpu_gb=4.34
iter 148800/160000: loss=0.29060 grad_norm=5.0602 seconds_per_update=0.229 peak_gpu_gb=4.34
iter 148850/160000: loss=0.00714 grad_norm=0.1737 seconds_per_update=0.229 peak_gpu_gb=4.34
iter 148900/160000: loss=0.04620 grad_norm=1.3773 seconds_per_update=0.229 peak_gpu_gb=4.34
iter 148950/160000: loss=0.22999 grad_norm=7.7540 seconds_per_update=0.229 peak_gpu_gb=4.34
iter 149000/160000: loss=0.35012 grad_norm=18.8361 seconds_per_update=0.229 peak_gpu_gb=4.34
iter 149050/160000: loss=0.20869 grad_norm=5.8930 seconds_per_update=0.229 peak_gpu_gb=4.34
iter 149100/160000: loss=0.40419 grad_norm=29.3290 seconds_per_update=0.229 peak_gpu_gb=4.34
iter 149150/160000: loss=0.07159 grad_norm=1.3519 seconds_per_update=0.229 peak_gpu_gb=4.34
iter 149200/160000: loss=0.27277 grad_norm=1.9416 seconds_per_update=0.229 peak_gpu_gb=4.34
iter 149250/160000: loss=0.05075 grad_norm=1.0137 seconds_per_update=0.229 peak_gpu_gb=4.34
iter 149300/160000: loss=0.15122 grad_norm=1.3567 seconds_per_update=0.229 peak_gpu_gb=4.34
iter 149350/160000: loss=0.11033 grad_norm=2.6343 seconds_per_update=0.229 peak_gpu_gb=4.34
iter 149400/160000: loss=0.08451 grad_norm=0.6660 seconds_per_update=0.229 peak_gpu_gb=4.34
iter 149450/160000: loss=0.34708 grad_norm=4.1368 seconds_per_update=0.229 peak_gpu_gb=4.34
iter 149500/160000: loss=0.06535 grad_norm=0.5449 seconds_per_update=0.228 peak_gpu_gb=4.34
iter 149550/160000: loss=0.04873 grad_norm=0.6320 seconds_per_update=0.228 peak_gpu_gb=4.34
iter 149600/160000: loss=0.31316 grad_norm=19.0124 seconds_per_update=0.228 peak_gpu_gb=4.34
iter 149650/160000: loss=0.12533 grad_norm=4.7659 seconds_per_update=0.228 peak_gpu_gb=4.34
iter 149700/160000: loss=0.35115 grad_norm=12.5551 seconds_per_update=0.228 peak_gpu_gb=4.34
iter 149750/160000: loss=0.04969 grad_norm=0.8438 seconds_per_update=0.228 peak_gpu_gb=4.34
iter 149800/160000: loss=0.14803 grad_norm=3.7928 seconds_per_update=0.228 peak_gpu_gb=4.34
iter 149850/160000: loss=0.09059 grad_norm=2.2802 seconds_per_update=0.228 peak_gpu_gb=4.34
iter 149900/160000: loss=0.08525 grad_norm=0.7155 seconds_per_update=0.228 peak_gpu_gb=4.34
iter 149950/160000: loss=0.20421 grad_norm=2.3130 seconds_per_update=0.228 peak_gpu_gb=4.34
iter 150000/160000: loss=0.03301 grad_norm=0.3316 seconds_per_update=0.228 peak_gpu_gb=4.34
iter 150050/160000: loss=0.04250 grad_norm=0.7484 seconds_per_update=0.228 peak_gpu_gb=4.34
iter 150100/160000: loss=0.04305 grad_norm=0.4800 seconds_per_update=0.228 peak_gpu_gb=4.34
iter 150150/160000: loss=0.12288 grad_norm=1.3190 seconds_per_update=0.228 peak_gpu_gb=4.34
iter 150200/160000: loss=0.30128 grad_norm=4.3476 seconds_per_update=0.228 peak_gpu_gb=4.34
iter 150250/160000: loss=0.11952 grad_norm=2.7076 seconds_per_update=0.228 peak_gpu_gb=4.34
iter 150300/160000: loss=0.01080 grad_norm=0.1652 seconds_per_update=0.228 peak_gpu_gb=4.34
iter 150350/160000: loss=0.26383 grad_norm=20.1236 seconds_per_update=0.228 peak_gpu_gb=4.34
iter 150400/160000: loss=0.22700 grad_norm=0.8488 seconds_per_update=0.228 peak_gpu_gb=4.34
iter 150450/160000: loss=0.04182 grad_norm=4.0217 seconds_per_update=0.228 peak_gpu_gb=4.34
iter 150500/160000: loss=0.23815 grad_norm=4.1660 seconds_per_update=0.228 peak_gpu_gb=4.34
iter 150550/160000: loss=1.09408 grad_norm=115.7623 seconds_per_update=0.228 peak_gpu_gb=4.34
iter 150600/160000: loss=0.19407 grad_norm=1.4849 seconds_per_update=0.228 peak_gpu_gb=4.34
iter 150650/160000: loss=0.07757 grad_norm=2.8337 seconds_per_update=0.228 peak_gpu_gb=4.34
iter 150700/160000: loss=0.06324 grad_norm=0.8330 seconds_per_update=0.228 peak_gpu_gb=4.34
iter 150750/160000: loss=0.02187 grad_norm=0.1675 seconds_per_update=0.228 peak_gpu_gb=4.34
iter 150800/160000: loss=0.16158 grad_norm=0.9262 seconds_per_update=0.228 peak_gpu_gb=4.34
iter 150850/160000: loss=0.13006 grad_norm=1.6473 seconds_per_update=0.228 peak_gpu_gb=4.34
iter 150900/160000: loss=0.07406 grad_norm=8.7184 seconds_per_update=0.228 peak_gpu_gb=4.34
iter 150950/160000: loss=0.11038 grad_norm=0.9459 seconds_per_update=0.228 peak_gpu_gb=4.34
iter 151000/160000: loss=0.07694 grad_norm=0.6960 seconds_per_update=0.228 peak_gpu_gb=4.34
iter 151050/160000: loss=0.00148 grad_norm=0.0739 seconds_per_update=0.228 peak_gpu_gb=4.34
iter 151100/160000: loss=0.57674 grad_norm=26.8325 seconds_per_update=0.228 peak_gpu_gb=4.34
iter 151150/160000: loss=0.03603 grad_norm=0.4267 seconds_per_update=0.228 peak_gpu_gb=4.34
iter 151200/160000: loss=0.19067 grad_norm=8.1797 seconds_per_update=0.228 peak_gpu_gb=4.34
{"iter": 151200, "mIoU": 0.7750973701477051, "per_class_iou": {"1": 0.7222957015037537, "2": 0.8677376508712769, "3": 0.8174254298210144, "4": 0.8755787014961243, "5": 0.4714658856391907, "6": 0.8928028345108032, "7": 0.7872947454452515, "8": 0.7661777138710022}, "confusion": [[0, 0, 0, 0, 0, 0, 0, 0, 0], [0, 159901300, 8368050, 5807557, 2074801, 3375172, 10163287, 6466798, 634224], [0, 7247459, 124128475, 274521, 1635, 348888, 972286, 95695, 69257], [0, 4197673, 105739, 56290473, 3679, 44709, 722473, 87471, 438398], [0, 943573, 2903, 12341, 38247070, 35438, 318717, 437433, 0], [0, 1507274, 27430, 14209, 25936, 6422344, 58600, 734175, 0], [0, 7498686, 1363334, 719968, 466095, 688455, 205908913, 1203968, 141866], [0, 3129377, 16169, 91111, 1112429, 339445, 388208, 52197352, 0], [0, 64054, 26557, 52804, 0, 0, 17154, 0, 4732660]]}
iter 151250/160000: loss=0.11914 grad_norm=0.6848 seconds_per_update=0.229 peak_gpu_gb=4.34
iter 151300/160000: loss=0.19675 grad_norm=0.7661 seconds_per_update=0.229 peak_gpu_gb=4.34
iter 151350/160000: loss=0.09280 grad_norm=0.7591 seconds_per_update=0.229 peak_gpu_gb=4.34
iter 151400/160000: loss=0.15015 grad_norm=3.2715 seconds_per_update=0.229 peak_gpu_gb=4.34
iter 151450/160000: loss=0.36401 grad_norm=4.6364 seconds_per_update=0.229 peak_gpu_gb=4.34
iter 151500/160000: loss=0.25150 grad_norm=5.0391 seconds_per_update=0.229 peak_gpu_gb=4.34
iter 151550/160000: loss=0.08775 grad_norm=0.7229 seconds_per_update=0.229 peak_gpu_gb=4.34
iter 151600/160000: loss=0.19129 grad_norm=1.5614 seconds_per_update=0.229 peak_gpu_gb=4.34
iter 151650/160000: loss=0.12427 grad_norm=1.7216 seconds_per_update=0.229 peak_gpu_gb=4.34
iter 151700/160000: loss=0.12352 grad_norm=0.8415 seconds_per_update=0.229 peak_gpu_gb=4.34
iter 151750/160000: loss=0.08951 grad_norm=4.8229 seconds_per_update=0.229 peak_gpu_gb=4.34
iter 151800/160000: loss=0.04360 grad_norm=0.8865 seconds_per_update=0.229 peak_gpu_gb=4.34
iter 151850/160000: loss=0.09153 grad_norm=2.1597 seconds_per_update=0.229 peak_gpu_gb=4.34
iter 151900/160000: loss=0.21862 grad_norm=2.9086 seconds_per_update=0.229 peak_gpu_gb=4.34
iter 151950/160000: loss=0.16674 grad_norm=2.3556 seconds_per_update=0.229 peak_gpu_gb=4.34
iter 152000/160000: loss=0.09720 grad_norm=0.7008 seconds_per_update=0.229 peak_gpu_gb=4.34
iter 152050/160000: loss=0.18003 grad_norm=1.5554 seconds_per_update=0.229 peak_gpu_gb=4.34
iter 152100/160000: loss=0.22742 grad_norm=1.6381 seconds_per_update=0.229 peak_gpu_gb=4.34
iter 152150/160000: loss=0.05360 grad_norm=0.3050 seconds_per_update=0.229 peak_gpu_gb=4.34
iter 152200/160000: loss=0.11857 grad_norm=3.0116 seconds_per_update=0.229 peak_gpu_gb=4.34
iter 152250/160000: loss=0.01089 grad_norm=0.1689 seconds_per_update=0.228 peak_gpu_gb=4.34
iter 152300/160000: loss=0.16470 grad_norm=9.5365 seconds_per_update=0.228 peak_gpu_gb=4.34
iter 152350/160000: loss=0.04154 grad_norm=0.2925 seconds_per_update=0.228 peak_gpu_gb=4.34
iter 152400/160000: loss=0.11683 grad_norm=3.7136 seconds_per_update=0.228 peak_gpu_gb=4.34
iter 152450/160000: loss=0.09996 grad_norm=1.0901 seconds_per_update=0.228 peak_gpu_gb=4.34
iter 152500/160000: loss=0.18098 grad_norm=2.0221 seconds_per_update=0.228 peak_gpu_gb=4.34
iter 152550/160000: loss=0.04772 grad_norm=0.2351 seconds_per_update=0.228 peak_gpu_gb=4.34
iter 152600/160000: loss=0.30452 grad_norm=3.0803 seconds_per_update=0.228 peak_gpu_gb=4.34
iter 152650/160000: loss=0.19190 grad_norm=4.9712 seconds_per_update=0.228 peak_gpu_gb=4.34
iter 152700/160000: loss=0.05563 grad_norm=0.9113 seconds_per_update=0.228 peak_gpu_gb=4.34
iter 152750/160000: loss=0.19961 grad_norm=10.2479 seconds_per_update=0.228 peak_gpu_gb=4.34
iter 152800/160000: loss=0.13820 grad_norm=1.9927 seconds_per_update=0.228 peak_gpu_gb=4.34
iter 152850/160000: loss=0.05237 grad_norm=0.4580 seconds_per_update=0.228 peak_gpu_gb=4.34
iter 152900/160000: loss=0.21476 grad_norm=1.6270 seconds_per_update=0.228 peak_gpu_gb=4.34
iter 152950/160000: loss=0.21506 grad_norm=4.5011 seconds_per_update=0.228 peak_gpu_gb=4.34
iter 153000/160000: loss=0.10934 grad_norm=1.6273 seconds_per_update=0.228 peak_gpu_gb=4.34
iter 153050/160000: loss=0.05413 grad_norm=1.3371 seconds_per_update=0.228 peak_gpu_gb=4.34
iter 153100/160000: loss=0.09398 grad_norm=1.5475 seconds_per_update=0.228 peak_gpu_gb=4.34
iter 153150/160000: loss=0.13318 grad_norm=2.2671 seconds_per_update=0.228 peak_gpu_gb=4.34
iter 153200/160000: loss=0.21616 grad_norm=0.9709 seconds_per_update=0.228 peak_gpu_gb=4.34
iter 153250/160000: loss=0.27828 grad_norm=7.3051 seconds_per_update=0.228 peak_gpu_gb=4.34
iter 153300/160000: loss=0.17232 grad_norm=6.4479 seconds_per_update=0.228 peak_gpu_gb=4.34
iter 153350/160000: loss=0.04091 grad_norm=0.3296 seconds_per_update=0.228 peak_gpu_gb=4.34
iter 153400/160000: loss=0.17043 grad_norm=3.3832 seconds_per_update=0.228 peak_gpu_gb=4.34
iter 153450/160000: loss=0.09618 grad_norm=0.7572 seconds_per_update=0.228 peak_gpu_gb=4.34
iter 153500/160000: loss=0.03068 grad_norm=1.5834 seconds_per_update=0.228 peak_gpu_gb=4.34
iter 153550/160000: loss=0.08598 grad_norm=0.7460 seconds_per_update=0.228 peak_gpu_gb=4.34
iter 153600/160000: loss=0.11032 grad_norm=0.9604 seconds_per_update=0.228 peak_gpu_gb=4.34
iter 153650/160000: loss=0.08214 grad_norm=2.4253 seconds_per_update=0.228 peak_gpu_gb=4.34
iter 153700/160000: loss=0.11279 grad_norm=1.2478 seconds_per_update=0.228 peak_gpu_gb=4.34
iter 153750/160000: loss=0.16956 grad_norm=1.2969 seconds_per_update=0.228 peak_gpu_gb=4.34
iter 153800/160000: loss=0.34325 grad_norm=14.4742 seconds_per_update=0.228 peak_gpu_gb=4.34
iter 153850/160000: loss=0.13039 grad_norm=8.9306 seconds_per_update=0.228 peak_gpu_gb=4.34
iter 153900/160000: loss=0.09825 grad_norm=1.1309 seconds_per_update=0.228 peak_gpu_gb=4.34
iter 153950/160000: loss=0.06136 grad_norm=0.8597 seconds_per_update=0.228 peak_gpu_gb=4.34
iter 154000/160000: loss=0.12939 grad_norm=1.8610 seconds_per_update=0.228 peak_gpu_gb=4.34
{"iter": 154000, "mIoU": 0.7743134498596191, "per_class_iou": {"1": 0.7212263345718384, "2": 0.8647980093955994, "3": 0.8176231384277344, "4": 0.88104248046875, "5": 0.4684968590736389, "6": 0.8920158743858337, "7": 0.7886601686477661, "8": 0.7606448531150818}, "confusion": [[0, 0, 0, 0, 0, 0, 0, 0, 0], [0, 160796859, 6771812, 6171201, 1976748, 3562132, 9855254, 7017290, 639893], [0, 9166481, 122349012, 211120, 1775, 322618, 880851, 94749, 111610], [0, 3938803, 106402, 56692456, 3195, 40082, 586130, 108321, 415226], [0, 936683, 2743, 16307, 38036479, 40892, 376864, 587507, 0], [0, 1437163, 26170, 19737, 17683, 6436790, 61063, 791362, 0], [0, 7956010, 1393815, 896737, 379092, 605813, 205273116, 1319474, 167228], [0, 2660211, 14048, 77195, 796163, 377733, 356457, 52992284, 0], [0, 62725, 23778, 55214, 0, 0, 14835, 0, 4736677]]}
iter 154050/160000: loss=0.05850 grad_norm=0.3650 seconds_per_update=0.229 peak_gpu_gb=4.34
iter 154100/160000: loss=0.17830 grad_norm=4.3575 seconds_per_update=0.229 peak_gpu_gb=4.34
iter 154150/160000: loss=0.15379 grad_norm=1.8354 seconds_per_update=0.229 peak_gpu_gb=4.34
iter 154200/160000: loss=0.02019 grad_norm=6.5902 seconds_per_update=0.229 peak_gpu_gb=4.34
iter 154250/160000: loss=0.02949 grad_norm=0.2312 seconds_per_update=0.229 peak_gpu_gb=4.34
iter 154300/160000: loss=0.14674 grad_norm=1.2607 seconds_per_update=0.229 peak_gpu_gb=4.34
iter 154350/160000: loss=0.02943 grad_norm=0.1628 seconds_per_update=0.229 peak_gpu_gb=4.34
iter 154400/160000: loss=0.05902 grad_norm=2.9681 seconds_per_update=0.229 peak_gpu_gb=4.34
iter 154450/160000: loss=0.01609 grad_norm=0.2317 seconds_per_update=0.229 peak_gpu_gb=4.34
iter 154500/160000: loss=0.20501 grad_norm=2.9172 seconds_per_update=0.229 peak_gpu_gb=4.34
iter 154550/160000: loss=0.10825 grad_norm=0.7897 seconds_per_update=0.229 peak_gpu_gb=4.34
iter 154600/160000: loss=0.24879 grad_norm=6.7174 seconds_per_update=0.229 peak_gpu_gb=4.34
iter 154650/160000: loss=0.02769 grad_norm=0.1858 seconds_per_update=0.229 peak_gpu_gb=4.34
iter 154700/160000: loss=0.14620 grad_norm=3.8308 seconds_per_update=0.229 peak_gpu_gb=4.34
iter 154750/160000: loss=0.20540 grad_norm=1.8337 seconds_per_update=0.229 peak_gpu_gb=4.34
iter 154800/160000: loss=0.21332 grad_norm=8.0418 seconds_per_update=0.229 peak_gpu_gb=4.34
iter 154850/160000: loss=0.12724 grad_norm=2.3860 seconds_per_update=0.229 peak_gpu_gb=4.34
iter 154900/160000: loss=0.03066 grad_norm=0.4226 seconds_per_update=0.229 peak_gpu_gb=4.34
iter 154950/160000: loss=0.06828 grad_norm=1.3766 seconds_per_update=0.229 peak_gpu_gb=4.34
iter 155000/160000: loss=0.07669 grad_norm=0.7333 seconds_per_update=0.228 peak_gpu_gb=4.34
iter 155050/160000: loss=0.22021 grad_norm=1.4146 seconds_per_update=0.228 peak_gpu_gb=4.34
iter 155100/160000: loss=0.07748 grad_norm=2.3376 seconds_per_update=0.228 peak_gpu_gb=4.34
iter 155150/160000: loss=0.25550 grad_norm=6.6216 seconds_per_update=0.228 peak_gpu_gb=4.34
iter 155200/160000: loss=0.22697 grad_norm=3.8485 seconds_per_update=0.228 peak_gpu_gb=4.34
iter 155250/160000: loss=0.05485 grad_norm=0.3771 seconds_per_update=0.228 peak_gpu_gb=4.34
iter 155300/160000: loss=0.16714 grad_norm=7.9493 seconds_per_update=0.228 peak_gpu_gb=4.34
iter 155350/160000: loss=0.14416 grad_norm=1.2923 seconds_per_update=0.228 peak_gpu_gb=4.34
iter 155400/160000: loss=0.14297 grad_norm=1.8947 seconds_per_update=0.228 peak_gpu_gb=4.34
iter 155450/160000: loss=0.05307 grad_norm=1.4311 seconds_per_update=0.228 peak_gpu_gb=4.34
iter 155500/160000: loss=0.10855 grad_norm=0.8669 seconds_per_update=0.228 peak_gpu_gb=4.34
iter 155550/160000: loss=0.15786 grad_norm=2.1580 seconds_per_update=0.228 peak_gpu_gb=4.34
iter 155600/160000: loss=0.11673 grad_norm=4.2444 seconds_per_update=0.228 peak_gpu_gb=4.34
iter 155650/160000: loss=0.15292 grad_norm=2.4194 seconds_per_update=0.228 peak_gpu_gb=4.34
iter 155700/160000: loss=0.07661 grad_norm=2.1975 seconds_per_update=0.228 peak_gpu_gb=4.34
iter 155750/160000: loss=0.22357 grad_norm=1.3153 seconds_per_update=0.228 peak_gpu_gb=4.34
iter 155800/160000: loss=0.37945 grad_norm=9.0277 seconds_per_update=0.228 peak_gpu_gb=4.34
iter 155850/160000: loss=0.15886 grad_norm=0.9025 seconds_per_update=0.228 peak_gpu_gb=4.34
iter 155900/160000: loss=0.00909 grad_norm=0.4356 seconds_per_update=0.228 peak_gpu_gb=4.34
iter 155950/160000: loss=0.11539 grad_norm=1.6143 seconds_per_update=0.228 peak_gpu_gb=4.34
iter 156000/160000: loss=0.15331 grad_norm=2.2186 seconds_per_update=0.228 peak_gpu_gb=4.34
iter 156050/160000: loss=0.13155 grad_norm=2.0417 seconds_per_update=0.228 peak_gpu_gb=4.34
iter 156100/160000: loss=0.17591 grad_norm=6.2291 seconds_per_update=0.228 peak_gpu_gb=4.34
iter 156150/160000: loss=0.11716 grad_norm=4.3933 seconds_per_update=0.228 peak_gpu_gb=4.34
iter 156200/160000: loss=0.18586 grad_norm=2.2554 seconds_per_update=0.228 peak_gpu_gb=4.34
iter 156250/160000: loss=0.17671 grad_norm=9.4624 seconds_per_update=0.228 peak_gpu_gb=4.34
iter 156300/160000: loss=0.35014 grad_norm=3.4108 seconds_per_update=0.228 peak_gpu_gb=4.34
iter 156350/160000: loss=0.15833 grad_norm=1.6702 seconds_per_update=0.228 peak_gpu_gb=4.34
iter 156400/160000: loss=0.11667 grad_norm=2.3103 seconds_per_update=0.228 peak_gpu_gb=4.34
iter 156450/160000: loss=0.13260 grad_norm=2.3672 seconds_per_update=0.228 peak_gpu_gb=4.34
iter 156500/160000: loss=0.04161 grad_norm=0.3322 seconds_per_update=0.228 peak_gpu_gb=4.34
iter 156550/160000: loss=0.11878 grad_norm=3.7387 seconds_per_update=0.228 peak_gpu_gb=4.34
iter 156600/160000: loss=0.22248 grad_norm=1.4532 seconds_per_update=0.228 peak_gpu_gb=4.34
iter 156650/160000: loss=0.24668 grad_norm=4.9392 seconds_per_update=0.228 peak_gpu_gb=4.34
iter 156700/160000: loss=0.04065 grad_norm=0.4428 seconds_per_update=0.228 peak_gpu_gb=4.34
iter 156750/160000: loss=0.24074 grad_norm=28.3381 seconds_per_update=0.228 peak_gpu_gb=4.34
iter 156800/160000: loss=0.14828 grad_norm=1.3858 seconds_per_update=0.228 peak_gpu_gb=4.34
{"iter": 156800, "mIoU": 0.7736499309539795, "per_class_iou": {"1": 0.7200156450271606, "2": 0.8661299347877502, "3": 0.8166045546531677, "4": 0.8777918219566345, "5": 0.4583597183227539, "6": 0.8927607536315918, "7": 0.7916487455368042, "8": 0.7658884525299072}, "confusion": [[0, 0, 0, 0, 0, 0, 0, 0, 0], [0, 158762937, 7380666, 6026668, 2207087, 3938286, 10965164, 6880561, 629820], [0, 8195549, 123010563, 233014, 2216, 400714, 1127068, 92984, 76108], [0, 4065226, 116731, 56520618, 4684, 59213, 598020, 88181, 437942], [0, 793791, 2819, 15112, 38294215, 42378, 311330, 537830, 0], [0, 1329849, 22458, 13403, 22144, 6562336, 62542, 777236, 0], [0, 6695727, 1323291, 875290, 499129, 669464, 206676007, 1099013, 153364], [0, 2562942, 18481, 109220, 892889, 416978, 431111, 52842470, 0], [0, 65031, 20548, 50856, 0, 0, 15590, 0, 4741204]]}
iter 156850/160000: loss=0.13293 grad_norm=4.1200 seconds_per_update=0.229 peak_gpu_gb=4.34
iter 156900/160000: loss=0.09184 grad_norm=0.7255 seconds_per_update=0.229 peak_gpu_gb=4.34
iter 156950/160000: loss=0.29599 grad_norm=3.4835 seconds_per_update=0.229 peak_gpu_gb=4.34
iter 157000/160000: loss=0.14980 grad_norm=3.7585 seconds_per_update=0.229 peak_gpu_gb=4.34
iter 157050/160000: loss=0.15869 grad_norm=1.1565 seconds_per_update=0.229 peak_gpu_gb=4.34
iter 157100/160000: loss=0.29457 grad_norm=14.9888 seconds_per_update=0.229 peak_gpu_gb=4.34
iter 157150/160000: loss=0.00370 grad_norm=0.0446 seconds_per_update=0.229 peak_gpu_gb=4.34
iter 157200/160000: loss=0.10629 grad_norm=1.1486 seconds_per_update=0.229 peak_gpu_gb=4.34
iter 157250/160000: loss=0.27970 grad_norm=6.2486 seconds_per_update=0.229 peak_gpu_gb=4.34
iter 157300/160000: loss=0.07280 grad_norm=0.3599 seconds_per_update=0.229 peak_gpu_gb=4.34
iter 157350/160000: loss=0.12940 grad_norm=0.9601 seconds_per_update=0.229 peak_gpu_gb=4.34
iter 157400/160000: loss=0.20736 grad_norm=7.0605 seconds_per_update=0.229 peak_gpu_gb=4.34
iter 157450/160000: loss=0.06360 grad_norm=0.8487 seconds_per_update=0.229 peak_gpu_gb=4.34
iter 157500/160000: loss=2.11324 grad_norm=88.4584 seconds_per_update=0.229 peak_gpu_gb=4.34
iter 157550/160000: loss=0.08196 grad_norm=1.1886 seconds_per_update=0.229 peak_gpu_gb=4.34
iter 157600/160000: loss=0.14262 grad_norm=4.3454 seconds_per_update=0.229 peak_gpu_gb=4.34
iter 157650/160000: loss=0.13584 grad_norm=10.3081 seconds_per_update=0.229 peak_gpu_gb=4.34
iter 157700/160000: loss=0.08060 grad_norm=1.7361 seconds_per_update=0.229 peak_gpu_gb=4.34
iter 157750/160000: loss=0.10189 grad_norm=0.6444 seconds_per_update=0.229 peak_gpu_gb=4.34
iter 157800/160000: loss=0.19291 grad_norm=6.4244 seconds_per_update=0.229 peak_gpu_gb=4.34
iter 157850/160000: loss=0.24978 grad_norm=6.5194 seconds_per_update=0.228 peak_gpu_gb=4.34
iter 157900/160000: loss=0.15048 grad_norm=4.3327 seconds_per_update=0.228 peak_gpu_gb=4.34
iter 157950/160000: loss=0.13299 grad_norm=2.4770 seconds_per_update=0.228 peak_gpu_gb=4.34
iter 158000/160000: loss=0.40775 grad_norm=7.4100 seconds_per_update=0.228 peak_gpu_gb=4.34
iter 158050/160000: loss=0.31443 grad_norm=7.2901 seconds_per_update=0.228 peak_gpu_gb=4.34
iter 158100/160000: loss=0.11914 grad_norm=0.1824 seconds_per_update=0.228 peak_gpu_gb=4.34
iter 158150/160000: loss=0.00909 grad_norm=0.2819 seconds_per_update=0.228 peak_gpu_gb=4.34
iter 158200/160000: loss=0.12646 grad_norm=3.7582 seconds_per_update=0.228 peak_gpu_gb=4.34
iter 158250/160000: loss=0.12815 grad_norm=6.7429 seconds_per_update=0.228 peak_gpu_gb=4.34
iter 158300/160000: loss=0.11107 grad_norm=1.6932 seconds_per_update=0.228 peak_gpu_gb=4.34
iter 158350/160000: loss=0.18780 grad_norm=0.7070 seconds_per_update=0.228 peak_gpu_gb=4.34
iter 158400/160000: loss=0.22875 grad_norm=1.8727 seconds_per_update=0.228 peak_gpu_gb=4.34
iter 158450/160000: loss=0.15045 grad_norm=3.0983 seconds_per_update=0.228 peak_gpu_gb=4.34
iter 158500/160000: loss=0.16623 grad_norm=6.8381 seconds_per_update=0.228 peak_gpu_gb=4.34
iter 158550/160000: loss=0.17827 grad_norm=74.0562 seconds_per_update=0.228 peak_gpu_gb=4.34
iter 158600/160000: loss=0.10609 grad_norm=13.2985 seconds_per_update=0.228 peak_gpu_gb=4.34
iter 158650/160000: loss=0.28872 grad_norm=3.0417 seconds_per_update=0.228 peak_gpu_gb=4.34
iter 158700/160000: loss=0.17029 grad_norm=20.0116 seconds_per_update=0.228 peak_gpu_gb=4.34
iter 158750/160000: loss=0.09389 grad_norm=4.6502 seconds_per_update=0.228 peak_gpu_gb=4.34
iter 158800/160000: loss=0.17766 grad_norm=0.9768 seconds_per_update=0.228 peak_gpu_gb=4.34
iter 158850/160000: loss=0.00466 grad_norm=1.9339 seconds_per_update=0.228 peak_gpu_gb=4.34
iter 158900/160000: loss=0.06704 grad_norm=0.7371 seconds_per_update=0.228 peak_gpu_gb=4.34
iter 158950/160000: loss=0.18222 grad_norm=5.7299 seconds_per_update=0.228 peak_gpu_gb=4.34
iter 159000/160000: loss=0.08109 grad_norm=1.2827 seconds_per_update=0.228 peak_gpu_gb=4.34
iter 159050/160000: loss=0.10118 grad_norm=1.6274 seconds_per_update=0.228 peak_gpu_gb=4.34
iter 159100/160000: loss=0.08181 grad_norm=1.5213 seconds_per_update=0.228 peak_gpu_gb=4.34
iter 159150/160000: loss=0.06275 grad_norm=0.8466 seconds_per_update=0.228 peak_gpu_gb=4.34
iter 159200/160000: loss=0.05052 grad_norm=0.9212 seconds_per_update=0.228 peak_gpu_gb=4.34
iter 159250/160000: loss=0.08270 grad_norm=3.1838 seconds_per_update=0.228 peak_gpu_gb=4.34
iter 159300/160000: loss=0.46278 grad_norm=37.6992 seconds_per_update=0.228 peak_gpu_gb=4.34
iter 159350/160000: loss=0.02950 grad_norm=0.2945 seconds_per_update=0.228 peak_gpu_gb=4.34
iter 159400/160000: loss=0.24663 grad_norm=5.2902 seconds_per_update=0.228 peak_gpu_gb=4.34
iter 159450/160000: loss=0.11618 grad_norm=0.8029 seconds_per_update=0.228 peak_gpu_gb=4.34
iter 159500/160000: loss=0.23764 grad_norm=2.2821 seconds_per_update=0.228 peak_gpu_gb=4.34
iter 159550/160000: loss=0.06268 grad_norm=0.6430 seconds_per_update=0.228 peak_gpu_gb=4.34
iter 159600/160000: loss=0.03384 grad_norm=0.4147 seconds_per_update=0.228 peak_gpu_gb=4.34
{"iter": 159600, "mIoU": 0.7756563425064087, "per_class_iou": {"1": 0.719061017036438, "2": 0.8686806559562683, "3": 0.8173485994338989, "4": 0.8775814175605774, "5": 0.46590134501457214, "6": 0.893326997756958, "7": 0.7918540239334106, "8": 0.7714969515800476}, "confusion": [[0, 0, 0, 0, 0, 0, 0, 0, 0], [0, 157664940, 8084697, 6178383, 2192224, 3996940, 11023171, 7034520, 616314], [0, 7388165, 124067155, 236790, 2106, 380161, 892625, 96794, 74420], [0, 3913052, 117456, 56634961, 4569, 52052, 665958, 95898, 406669], [0, 797655, 2818, 15447, 38216258, 39896, 381619, 543782, 0], [0, 1261448, 27038, 14720, 21551, 6666968, 68227, 730016, 0], [0, 6641800, 1411166, 798659, 427971, 634759, 206784992, 1147085, 144853], [0, 2409093, 18699, 98532, 901343, 416051, 437768, 52992605, 0], [0, 62647, 22419, 57924, 0, 0, 16731, 0, 4733508]]}
iter 159650/160000: loss=0.00525 grad_norm=0.5446 seconds_per_update=0.229 peak_gpu_gb=4.34
iter 159700/160000: loss=0.13299 grad_norm=1.1279 seconds_per_update=0.229 peak_gpu_gb=4.34
iter 159750/160000: loss=0.43942 grad_norm=16.6993 seconds_per_update=0.229 peak_gpu_gb=4.34
iter 159800/160000: loss=0.09332 grad_norm=2.9510 seconds_per_update=0.229 peak_gpu_gb=4.34
iter 159850/160000: loss=0.16789 grad_norm=2.6557 seconds_per_update=0.229 peak_gpu_gb=4.34
iter 159900/160000: loss=0.16093 grad_norm=8.1814 seconds_per_update=0.229 peak_gpu_gb=4.34
iter 159950/160000: loss=0.19627 grad_norm=1.8098 seconds_per_update=0.229 peak_gpu_gb=4.34
iter 160000/160000: loss=0.22088 grad_norm=1.2323 seconds_per_update=0.229 peak_gpu_gb=4.34
{"iter": 160000, "mIoU": 0.7744706869125366, "per_class_iou": {"1": 0.7208778262138367, "2": 0.8683761358261108, "3": 0.8180855512619019, "4": 0.8782984018325806, "5": 0.4646991193294525, "6": 0.8933035135269165, "7": 0.787667453289032, "8": 0.7644577622413635}, "confusion": [[0, 0, 0, 0, 0, 0, 0, 0, 0], [0, 158810719, 8341612, 5851481, 2126272, 3839394, 10385180, 6797666, 638865], [0, 7180753, 124242229, 243846, 2044, 385438, 897219, 102214, 84473], [0, 4134603, 118351, 56378143, 4995, 54266, 663135, 102798, 434324], [0, 848791, 2974, 14314, 38239913, 42106, 328917, 520460, 0], [0, 1308306, 26628, 13030, 20999, 6615902, 54944, 750159, 0], [0, 7138456, 1405166, 767985, 464779, 709907, 206101744, 1251417, 151831], [0, 2838802, 19103, 80751, 922067, 415878, 382247, 52615243, 0], [0, 60950, 22170, 52707, 0, 0, 15683, 0, 4741719]]}
completed: /root/autodl-tmp/work_dirs/mask2former_uav/h3_swin_l_hyperseg_160k_seed3407_fp32
2026-09-19T02:54:15+08:00
