NVIDIA GeForce RTX 4090, 24564 MiB
dc532f0ad8f98b71e0c88e8d673512b1526af9cba2cf0ab71130478423ffb3ff  /root/hyperseg/models/swin_l/swin_large_patch4_window12_384_22k_20220412-6580f57d.pth
Dataset preflight OK: train=5598, val=699, test=699
2026-09-30T21:10:22+08:00
5315f9f733de535be03f13ce2cc7f085b1da1d92b69a02fcdb6ffb64c2c6d40a  experiment/mask2former_uav/run.py
e947588132b79e4b32e55e531797c75c7867f0c9df9f329d36e4270438934c43  experiment/mask2former_uav/mask2former_swin_l_512.py
Dataset preflight OK: train=5598, val=699, test=699
runtime: torch=2.3.0+cu121 mmcv=2.1.0 mmengine=0.10.7 mmdet=3.3.0 mmseg=1.2.2
command: /root/hyperseg/.venv-mask2former/bin/python -u /root/hyperseg/../mmsegmentation/tools/train.py /root/hyperseg/experiment/mask2former_uav/mask2former_swin_l_512.py --work-dir /root/hyperseg/runs/mask2former_uav/h2_smoke_seed3407 --cfg-options train_dataloader.batch_size=2 train_dataloader.num_workers=4 val_dataloader.num_workers=4 test_dataloader.num_workers=4 optim_wrapper.accumulative_counts=1 randomness.seed=3407 train_cfg.max_iters=20 train_cfg.val_interval=20 param_scheduler.0.end=20 default_hooks.checkpoint.interval=20 default_hooks.checkpoint.max_keep_ckpts=1 default_hooks.checkpoint.save_optimizer=False
HYPERSEG_PROJECT_ROOT=/root/hyperseg
HYPERSEG_DATA_ROOT=/root/autodl-tmp/data/low_altitude_2026
HYPERSEG_SPLIT_DIR=/root/hyperseg/runs/splits
HYPERSEG_MIT_B3_CHECKPOINT=/root/hyperseg/models/swin_l/swin_large_patch4_window12_384_22k_20220412-6580f57d.pth
09/30 21:10:27 - mmengine - INFO - Using env variable `HYPERSEG_PROJECT_ROOT` with value of /root/hyperseg to replace item in config.
09/30 21:10:27 - mmengine - INFO - Using env variable `HYPERSEG_DATA_ROOT` with value of /root/autodl-tmp/data/low_altitude_2026 to replace item in config.
09/30 21:10:27 - mmengine - INFO - Using env variable `HYPERSEG_SPLIT_DIR` with value of /root/hyperseg/runs/splits to replace item in config.
09/30 21:10:27 - mmengine - INFO - Using env variable `HYPERSEG_SWIN_L_CHECKPOINT` with value of /root/hyperseg/models/swin_l/swin_large_patch4_window12_384_22k_20220412-6580f57d.pth to replace item in config.
09/30 21:10:29 - mmengine - INFO - 
------------------------------------------------------------
System environment:
    sys.platform: linux
    Python: 3.12.3 | packaged by Anaconda, Inc. | (main, May  6 2024, 19:46:43) [GCC 11.2.0]
    CUDA available: True
    MUSA available: False
    numpy_random_seed: 3407
    GPU 0: NVIDIA GeForce RTX 4090
    CUDA_HOME: /usr/local/cuda
    NVCC: Cuda compilation tools, release 12.1, V12.1.105
    GCC: gcc (Ubuntu 11.4.0-1ubuntu1~22.04) 11.4.0
    PyTorch: 2.3.0+cu121
    PyTorch compiling details: PyTorch built with:
  - GCC 9.3
  - C++ Version: 201703
  - Intel(R) oneAPI Math Kernel Library Version 2022.2-Product Build 20220804 for Intel(R) 64 architecture applications
  - Intel(R) MKL-DNN v3.3.6 (Git Hash 86e6af5974177e513fd3fee58425e1063e7f1361)
  - OpenMP 201511 (a.k.a. OpenMP 4.5)
  - LAPACK is enabled (usually provided by MKL)
  - NNPACK is enabled
  - CPU capability usage: AVX512
  - CUDA Runtime 12.1
  - NVCC architecture flags: -gencode;arch=compute_50,code=sm_50;-gencode;arch=compute_60,code=sm_60;-gencode;arch=compute_70,code=sm_70;-gencode;arch=compute_75,code=sm_75;-gencode;arch=compute_80,code=sm_80;-gencode;arch=compute_86,code=sm_86;-gencode;arch=compute_90,code=sm_90
  - CuDNN 8.9.2
  - Magma 2.6.1
  - Build settings: BLAS_INFO=mkl, BUILD_TYPE=Release, CUDA_VERSION=12.1, CUDNN_VERSION=8.9.2, CXX_COMPILER=/opt/rh/devtoolset-9/root/usr/bin/c++, CXX_FLAGS= -D_GLIBCXX_USE_CXX11_ABI=0 -fabi-version=11 -fvisibility-inlines-hidden -DUSE_PTHREADPOOL -DNDEBUG -DUSE_KINETO -DLIBKINETO_NOROCTRACER -DUSE_FBGEMM -DUSE_QNNPACK -DUSE_PYTORCH_QNNPACK -DUSE_XNNPACK -DSYMBOLICATE_MOBILE_DEBUG_HANDLE -O2 -fPIC -Wall -Wextra -Werror=return-type -Werror=non-virtual-dtor -Werror=bool-operation -Wnarrowing -Wno-missing-field-initializers -Wno-type-limits -Wno-array-bounds -Wno-unknown-pragmas -Wno-unused-parameter -Wno-unused-function -Wno-unused-result -Wno-strict-overflow -Wno-strict-aliasing -Wno-stringop-overflow -Wsuggest-override -Wno-psabi -Wno-error=pedantic -Wno-error=old-style-cast -Wno-missing-braces -fdiagnostics-color=always -faligned-new -Wno-unused-but-set-variable -Wno-maybe-uninitialized -fno-math-errno -fno-trapping-math -Werror=format -Wno-stringop-overflow, LAPACK_INFO=mkl, PERF_WITH_AVX=1, PERF_WITH_AVX2=1, PERF_WITH_AVX512=1, TORCH_VERSION=2.3.0, USE_CUDA=ON, USE_CUDNN=ON, USE_CUSPARSELT=1, USE_EXCEPTION_PTR=1, USE_GFLAGS=OFF, USE_GLOG=OFF, USE_GLOO=ON, USE_MKL=ON, USE_MKLDNN=ON, USE_MPI=OFF, USE_NCCL=1, USE_NNPACK=ON, USE_OPENMP=ON, USE_ROCM=OFF, USE_ROCM_KERNEL_ASSERT=OFF, 

    TorchVision: 0.18.0+cu121
    OpenCV: 5.0.0
    MMEngine: 0.10.7

Runtime environment:
    cudnn_benchmark: True
    mp_cfg: {'mp_start_method': 'fork', 'opencv_num_threads': 0}
    dist_cfg: {'backend': 'nccl'}
    seed: 3407
    deterministic: False
    Distributed launcher: none
    Distributed training: False
    GPU number: 1
------------------------------------------------------------

09/30 21:10:29 - mmengine - INFO - Config:
auto_scale_lr = dict(base_batch_size=16, enable=False)
class_names = (
    'Background',
    'Building',
    'Road',
    'Water',
    'Barren',
    'Vegetation',
    'Agricultural',
    'Vehicle',
)
crop_size = (
    512,
    512,
)
custom_imports = dict(allow_failed_imports=False, imports='mmdet.models')
data_preprocessor = dict(
    bgr_to_rgb=True,
    mean=[
        123.675,
        116.28,
        103.53,
    ],
    pad_val=0,
    seg_pad_val=255,
    size=(
        512,
        512,
    ),
    std=[
        58.395,
        57.12,
        57.375,
    ],
    test_cfg=dict(size_divisor=32),
    type='SegDataPreProcessor')
data_root = '/root/autodl-tmp/data/low_altitude_2026'
dataset_common = dict(
    data_prefix=dict(
        img_path='/root/autodl-tmp/data/low_altitude_2026/train/images',
        seg_map_path='/root/autodl-tmp/data/low_altitude_2026/train/masks'),
    img_suffix='.png',
    metainfo=dict(
        classes=(
            'Background',
            'Building',
            'Road',
            'Water',
            'Barren',
            'Vegetation',
            'Agricultural',
            'Vehicle',
        ),
        palette=[
            [
                128,
                128,
                128,
            ],
            [
                220,
                20,
                60,
            ],
            [
                255,
                255,
                255,
            ],
            [
                0,
                0,
                255,
            ],
            [
                160,
                82,
                45,
            ],
            [
                0,
                128,
                0,
            ],
            [
                255,
                215,
                0,
            ],
            [
                255,
                0,
                255,
            ],
        ]),
    reduce_zero_label=True,
    seg_map_suffix='.png',
    type='BaseSegDataset')
dataset_type = 'ADE20KDataset'
default_hooks = dict(
    checkpoint=dict(
        by_epoch=False,
        interval=20,
        max_keep_ckpts=1,
        rule='greater',
        save_best='mIoU',
        save_optimizer=False,
        type='CheckpointHook'),
    logger=dict(interval=50, log_metric_by_epoch=False, type='LoggerHook'),
    param_scheduler=dict(type='ParamSchedulerHook'),
    sampler_seed=dict(type='DistSamplerSeedHook'),
    timer=dict(type='IterTimerHook'),
    visualization=dict(type='SegVisualizationHook'))
default_scope = 'mmseg'
embed_multi = dict(decay_mult=0.0, lr_mult=1.0)
env_cfg = dict(
    cudnn_benchmark=True,
    dist_cfg=dict(backend='nccl'),
    mp_cfg=dict(mp_start_method='fork', opencv_num_threads=0))
img_ratios = [
    0.5,
    0.75,
    1.0,
    1.25,
    1.5,
    1.75,
]
launcher = 'none'
load_from = None
log_level = 'INFO'
log_processor = dict(by_epoch=False)
metainfo = dict(
    classes=(
        'Background',
        'Building',
        'Road',
        'Water',
        'Barren',
        'Vegetation',
        'Agricultural',
        'Vehicle',
    ),
    palette=[
        [
            128,
            128,
            128,
        ],
        [
            220,
            20,
            60,
        ],
        [
            255,
            255,
            255,
        ],
        [
            0,
            0,
            255,
        ],
        [
            160,
            82,
            45,
        ],
        [
            0,
            128,
            0,
        ],
        [
            255,
            215,
            0,
        ],
        [
            255,
            0,
            255,
        ],
    ])
model = dict(
    backbone=dict(
        attn_drop_rate=0.0,
        depths=[
            2,
            2,
            18,
            2,
        ],
        drop_path_rate=0.3,
        drop_rate=0.0,
        embed_dims=192,
        frozen_stages=-1,
        init_cfg=dict(
            checkpoint=
            '/root/hyperseg/models/swin_l/swin_large_patch4_window12_384_22k_20220412-6580f57d.pth',
            type='Pretrained'),
        mlp_ratio=4,
        num_heads=[
            6,
            12,
            24,
            48,
        ],
        out_indices=(
            0,
            1,
            2,
            3,
        ),
        patch_norm=True,
        pretrain_img_size=384,
        qk_scale=None,
        qkv_bias=True,
        type='SwinTransformer',
        window_size=12,
        with_cp=False),
    data_preprocessor=dict(
        bgr_to_rgb=True,
        mean=[
            123.675,
            116.28,
            103.53,
        ],
        pad_val=0,
        seg_pad_val=255,
        size=(
            512,
            512,
        ),
        std=[
            58.395,
            57.12,
            57.375,
        ],
        test_cfg=dict(size_divisor=32),
        type='SegDataPreProcessor'),
    decode_head=dict(
        align_corners=False,
        enforce_decoder_input_project=False,
        feat_channels=256,
        ignore_index=255,
        in_channels=[
            192,
            384,
            768,
            1536,
        ],
        loss_cls=dict(
            class_weight=[
                1.0,
                1.0,
                1.0,
                1.0,
                1.0,
                1.0,
                1.0,
                1.0,
                0.1,
            ],
            loss_weight=2.0,
            reduction='mean',
            type='mmdet.CrossEntropyLoss',
            use_sigmoid=False),
        loss_dice=dict(
            activate=True,
            eps=1.0,
            loss_weight=5.0,
            naive_dice=True,
            reduction='mean',
            type='mmdet.DiceLoss',
            use_sigmoid=True),
        loss_mask=dict(
            loss_weight=5.0,
            reduction='mean',
            type='mmdet.CrossEntropyLoss',
            use_sigmoid=True),
        num_classes=8,
        num_queries=100,
        num_transformer_feat_level=3,
        out_channels=256,
        pixel_decoder=dict(
            act_cfg=dict(type='ReLU'),
            encoder=dict(
                init_cfg=None,
                layer_cfg=dict(
                    ffn_cfg=dict(
                        act_cfg=dict(inplace=True, type='ReLU'),
                        embed_dims=256,
                        feedforward_channels=1024,
                        ffn_drop=0.0,
                        num_fcs=2),
                    self_attn_cfg=dict(
                        batch_first=True,
                        dropout=0.0,
                        embed_dims=256,
                        im2col_step=64,
                        init_cfg=None,
                        norm_cfg=None,
                        num_heads=8,
                        num_levels=3,
                        num_points=4)),
                num_layers=6),
            init_cfg=None,
            norm_cfg=dict(num_groups=32, type='GN'),
            num_outs=3,
            positional_encoding=dict(normalize=True, num_feats=128),
            type='mmdet.MSDeformAttnPixelDecoder'),
        positional_encoding=dict(normalize=True, num_feats=128),
        strides=[
            4,
            8,
            16,
            32,
        ],
        train_cfg=dict(
            assigner=dict(
                match_costs=[
                    dict(type='mmdet.ClassificationCost', weight=2.0),
                    dict(
                        type='mmdet.CrossEntropyLossCost',
                        use_sigmoid=True,
                        weight=5.0),
                    dict(
                        eps=1.0,
                        pred_act=True,
                        type='mmdet.DiceCost',
                        weight=5.0),
                ],
                type='mmdet.HungarianAssigner'),
            importance_sample_ratio=0.75,
            num_points=12544,
            oversample_ratio=3.0,
            sampler=dict(type='mmdet.MaskPseudoSampler')),
        transformer_decoder=dict(
            init_cfg=None,
            layer_cfg=dict(
                cross_attn_cfg=dict(
                    attn_drop=0.0,
                    batch_first=True,
                    dropout_layer=None,
                    embed_dims=256,
                    num_heads=8,
                    proj_drop=0.0),
                ffn_cfg=dict(
                    act_cfg=dict(inplace=True, type='ReLU'),
                    add_identity=True,
                    dropout_layer=None,
                    embed_dims=256,
                    feedforward_channels=2048,
                    ffn_drop=0.0,
                    num_fcs=2),
                self_attn_cfg=dict(
                    attn_drop=0.0,
                    batch_first=True,
                    dropout_layer=None,
                    embed_dims=256,
                    num_heads=8,
                    proj_drop=0.0)),
            num_layers=9,
            return_intermediate=True),
        type='Mask2FormerHead'),
    test_cfg=dict(mode='whole'),
    train_cfg=dict(),
    type='EncoderDecoder')
num_classes = 8
optim_wrapper = dict(
    accumulative_counts=1,
    clip_grad=dict(max_norm=0.01, norm_type=2),
    optimizer=dict(
        betas=(
            0.9,
            0.999,
        ),
        eps=1e-08,
        lr=0.0001,
        type='AdamW',
        weight_decay=0.05),
    paramwise_cfg=dict(
        custom_keys=dict(
            absolute_pos_embed=dict(decay_mult=0.0),
            backbone=dict(decay_mult=1.0, lr_mult=0.1),
            level_embed=dict(decay_mult=0.0, lr_mult=1.0),
            query_embed=dict(decay_mult=0.0, lr_mult=1.0),
            query_feat=dict(decay_mult=0.0, lr_mult=1.0),
            relative_position_bias_table=dict(decay_mult=0.0)),
        norm_decay_mult=0.0),
    type='OptimWrapper')
optimizer = dict(
    betas=(
        0.9,
        0.999,
    ),
    eps=1e-08,
    lr=0.0001,
    type='AdamW',
    weight_decay=0.05)
palette = [
    [
        128,
        128,
        128,
    ],
    [
        220,
        20,
        60,
    ],
    [
        255,
        255,
        255,
    ],
    [
        0,
        0,
        255,
    ],
    [
        160,
        82,
        45,
    ],
    [
        0,
        128,
        0,
    ],
    [
        255,
        215,
        0,
    ],
    [
        255,
        0,
        255,
    ],
]
param_scheduler = [
    dict(
        begin=0, by_epoch=False, end=20, eta_min=0.0, power=0.9,
        type='PolyLR'),
]
pretrained_checkpoint = '/root/hyperseg/models/swin_l/swin_large_patch4_window12_384_22k_20220412-6580f57d.pth'
project_root = '/root/hyperseg'
randomness = dict(deterministic=False, seed=3407)
resume = False
split_dir = '/root/hyperseg/runs/splits'
test_cfg = dict(type='TestLoop')
test_dataloader = dict(
    batch_size=1,
    dataset=dict(
        ann_file='/root/hyperseg/runs/splits/test.txt',
        data_prefix=dict(
            img_path='/root/autodl-tmp/data/low_altitude_2026/train/images',
            seg_map_path='/root/autodl-tmp/data/low_altitude_2026/train/masks'
        ),
        img_suffix='.png',
        metainfo=dict(
            classes=(
                'Background',
                'Building',
                'Road',
                'Water',
                'Barren',
                'Vegetation',
                'Agricultural',
                'Vehicle',
            ),
            palette=[
                [
                    128,
                    128,
                    128,
                ],
                [
                    220,
                    20,
                    60,
                ],
                [
                    255,
                    255,
                    255,
                ],
                [
                    0,
                    0,
                    255,
                ],
                [
                    160,
                    82,
                    45,
                ],
                [
                    0,
                    128,
                    0,
                ],
                [
                    255,
                    215,
                    0,
                ],
                [
                    255,
                    0,
                    255,
                ],
            ]),
        pipeline=[
            dict(type='LoadImageFromFile'),
            dict(reduce_zero_label=True, type='LoadAnnotations'),
            dict(type='PackSegInputs'),
        ],
        reduce_zero_label=True,
        seg_map_suffix='.png',
        test_mode=True,
        type='BaseSegDataset'),
    num_workers=4,
    persistent_workers=True,
    sampler=dict(shuffle=False, type='DefaultSampler'))
test_evaluator = dict(
    ignore_index=255, iou_metrics=[
        'mIoU',
    ], type='IoUMetric')
test_pipeline = [
    dict(type='LoadImageFromFile'),
    dict(reduce_zero_label=True, type='LoadAnnotations'),
    dict(type='PackSegInputs'),
]
train_cfg = dict(max_iters=20, type='IterBasedTrainLoop', val_interval=20)
train_dataloader = dict(
    batch_size=2,
    dataset=dict(
        ann_file='/root/hyperseg/runs/splits/train.txt',
        data_prefix=dict(
            img_path='/root/autodl-tmp/data/low_altitude_2026/train/images',
            seg_map_path='/root/autodl-tmp/data/low_altitude_2026/train/masks'
        ),
        img_suffix='.png',
        metainfo=dict(
            classes=(
                'Background',
                'Building',
                'Road',
                'Water',
                'Barren',
                'Vegetation',
                'Agricultural',
                'Vehicle',
            ),
            palette=[
                [
                    128,
                    128,
                    128,
                ],
                [
                    220,
                    20,
                    60,
                ],
                [
                    255,
                    255,
                    255,
                ],
                [
                    0,
                    0,
                    255,
                ],
                [
                    160,
                    82,
                    45,
                ],
                [
                    0,
                    128,
                    0,
                ],
                [
                    255,
                    215,
                    0,
                ],
                [
                    255,
                    0,
                    255,
                ],
            ]),
        pipeline=[
            dict(type='LoadImageFromFile'),
            dict(reduce_zero_label=True, type='LoadAnnotations'),
            dict(
                keep_ratio=True,
                ratio_range=(
                    0.5,
                    1.5,
                ),
                scale=(
                    1024,
                    1024,
                ),
                type='RandomResize'),
            dict(cat_max_ratio=0.9, crop_size=(
                512,
                512,
            ), type='RandomCrop'),
            dict(direction='horizontal', prob=0.5, type='RandomFlip'),
            dict(direction='vertical', prob=0.5, type='RandomFlip'),
            dict(type='PhotoMetricDistortion'),
            dict(type='PackSegInputs'),
        ],
        reduce_zero_label=True,
        seg_map_suffix='.png',
        type='BaseSegDataset'),
    num_workers=4,
    persistent_workers=True,
    sampler=dict(shuffle=True, type='InfiniteSampler'))
train_pipeline = [
    dict(type='LoadImageFromFile'),
    dict(reduce_zero_label=True, type='LoadAnnotations'),
    dict(
        keep_ratio=True,
        ratio_range=(
            0.5,
            1.5,
        ),
        scale=(
            1024,
            1024,
        ),
        type='RandomResize'),
    dict(cat_max_ratio=0.9, crop_size=(
        512,
        512,
    ), type='RandomCrop'),
    dict(direction='horizontal', prob=0.5, type='RandomFlip'),
    dict(direction='vertical', prob=0.5, type='RandomFlip'),
    dict(type='PhotoMetricDistortion'),
    dict(type='PackSegInputs'),
]
tta_model = dict(type='SegTTAModel')
tta_pipeline = [
    dict(backend_args=None, type='LoadImageFromFile'),
    dict(
        transforms=[
            [
                dict(keep_ratio=True, scale_factor=0.5, type='Resize'),
                dict(keep_ratio=True, scale_factor=0.75, type='Resize'),
                dict(keep_ratio=True, scale_factor=1.0, type='Resize'),
                dict(keep_ratio=True, scale_factor=1.25, type='Resize'),
                dict(keep_ratio=True, scale_factor=1.5, type='Resize'),
                dict(keep_ratio=True, scale_factor=1.75, type='Resize'),
            ],
            [
                dict(direction='horizontal', prob=0.0, type='RandomFlip'),
                dict(direction='horizontal', prob=1.0, type='RandomFlip'),
            ],
            [
                dict(type='LoadAnnotations'),
            ],
            [
                dict(type='PackSegInputs'),
            ],
        ],
        type='TestTimeAug'),
]
val_cfg = dict(type='ValLoop')
val_dataloader = dict(
    batch_size=1,
    dataset=dict(
        ann_file='/root/hyperseg/runs/splits/val.txt',
        data_prefix=dict(
            img_path='/root/autodl-tmp/data/low_altitude_2026/train/images',
            seg_map_path='/root/autodl-tmp/data/low_altitude_2026/train/masks'
        ),
        img_suffix='.png',
        metainfo=dict(
            classes=(
                'Background',
                'Building',
                'Road',
                'Water',
                'Barren',
                'Vegetation',
                'Agricultural',
                'Vehicle',
            ),
            palette=[
                [
                    128,
                    128,
                    128,
                ],
                [
                    220,
                    20,
                    60,
                ],
                [
                    255,
                    255,
                    255,
                ],
                [
                    0,
                    0,
                    255,
                ],
                [
                    160,
                    82,
                    45,
                ],
                [
                    0,
                    128,
                    0,
                ],
                [
                    255,
                    215,
                    0,
                ],
                [
                    255,
                    0,
                    255,
                ],
            ]),
        pipeline=[
            dict(type='LoadImageFromFile'),
            dict(reduce_zero_label=True, type='LoadAnnotations'),
            dict(type='PackSegInputs'),
        ],
        reduce_zero_label=True,
        seg_map_suffix='.png',
        test_mode=True,
        type='BaseSegDataset'),
    num_workers=4,
    persistent_workers=True,
    sampler=dict(shuffle=False, type='DefaultSampler'))
val_evaluator = dict(
    ignore_index=255, iou_metrics=[
        'mIoU',
    ], type='IoUMetric')
vis_backends = [
    dict(type='LocalVisBackend'),
]
visualizer = dict(
    name='visualizer',
    type='SegLocalVisualizer',
    vis_backends=[
        dict(type='LocalVisBackend'),
    ])
work_dir = '/root/hyperseg/runs/mask2former_uav/h2_smoke_seed3407'

09/30 21:10:32 - mmengine - INFO - Distributed training is not used, all SyncBatchNorm (SyncBN) layers in the model will be automatically reverted to BatchNormXd layers if they are used.
/root/mmsegmentation/mmseg/engine/hooks/visualization_hook.py:60: UserWarning: The draw is False, it means that the hook for visualization will not take effect. The results will NOT be visualized or stored.
  warnings.warn('The draw is False, it means that the '
09/30 21:10:33 - mmengine - INFO - Hooks will be executed in the following order:
before_run:
(VERY_HIGH   ) RuntimeInfoHook                    
(BELOW_NORMAL) LoggerHook                         
 -------------------- 
before_train:
(VERY_HIGH   ) RuntimeInfoHook                    
(NORMAL      ) IterTimerHook                      
(VERY_LOW    ) CheckpointHook                     
 -------------------- 
before_train_epoch:
(VERY_HIGH   ) RuntimeInfoHook                    
(NORMAL      ) IterTimerHook                      
(NORMAL      ) DistSamplerSeedHook                
 -------------------- 
before_train_iter:
(VERY_HIGH   ) RuntimeInfoHook                    
(NORMAL      ) IterTimerHook                      
 -------------------- 
after_train_iter:
(VERY_HIGH   ) RuntimeInfoHook                    
(NORMAL      ) IterTimerHook                      
(BELOW_NORMAL) LoggerHook                         
(LOW         ) ParamSchedulerHook                 
(VERY_LOW    ) CheckpointHook                     
 -------------------- 
after_train_epoch:
(NORMAL      ) IterTimerHook                      
(LOW         ) ParamSchedulerHook                 
(VERY_LOW    ) CheckpointHook                     
 -------------------- 
before_val:
(VERY_HIGH   ) RuntimeInfoHook                    
 -------------------- 
before_val_epoch:
(NORMAL      ) IterTimerHook                      
 -------------------- 
before_val_iter:
(NORMAL      ) IterTimerHook                      
 -------------------- 
after_val_iter:
(NORMAL      ) IterTimerHook                      
(NORMAL      ) SegVisualizationHook               
(BELOW_NORMAL) LoggerHook                         
 -------------------- 
after_val_epoch:
(VERY_HIGH   ) RuntimeInfoHook                    
(NORMAL      ) IterTimerHook                      
(BELOW_NORMAL) LoggerHook                         
(LOW         ) ParamSchedulerHook                 
(VERY_LOW    ) CheckpointHook                     
 -------------------- 
after_val:
(VERY_HIGH   ) RuntimeInfoHook                    
 -------------------- 
after_train:
(VERY_HIGH   ) RuntimeInfoHook                    
(VERY_LOW    ) CheckpointHook                     
 -------------------- 
before_test:
(VERY_HIGH   ) RuntimeInfoHook                    
 -------------------- 
before_test_epoch:
(NORMAL      ) IterTimerHook                      
 -------------------- 
before_test_iter:
(NORMAL      ) IterTimerHook                      
 -------------------- 
after_test_iter:
(NORMAL      ) IterTimerHook                      
(NORMAL      ) SegVisualizationHook               
(BELOW_NORMAL) LoggerHook                         
 -------------------- 
after_test_epoch:
(VERY_HIGH   ) RuntimeInfoHook                    
(NORMAL      ) IterTimerHook                      
(BELOW_NORMAL) LoggerHook                         
 -------------------- 
after_test:
(VERY_HIGH   ) RuntimeInfoHook                    
 -------------------- 
after_run:
(BELOW_NORMAL) LoggerHook                         
 -------------------- 
/root/mmsegmentation/mmseg/datasets/transforms/loading.py:84: UserWarning: `reduce_zero_label` will be deprecated, if you would like to ignore the zero label, please set `reduce_zero_label=True` when dataset initialized
  warnings.warn('`reduce_zero_label` will be deprecated, '
09/30 21:10:33 - mmengine - INFO - paramwise_options -- backbone.patch_embed.projection.weight:lr=1e-05
09/30 21:10:33 - mmengine - INFO - paramwise_options -- backbone.patch_embed.projection.weight:weight_decay=0.05
09/30 21:10:33 - mmengine - INFO - paramwise_options -- backbone.patch_embed.projection.weight:lr_mult=0.1
09/30 21:10:33 - mmengine - INFO - paramwise_options -- backbone.patch_embed.projection.weight:decay_mult=1.0
09/30 21:10:33 - mmengine - INFO - paramwise_options -- backbone.patch_embed.projection.bias:lr=1e-05
09/30 21:10:33 - mmengine - INFO - paramwise_options -- backbone.patch_embed.projection.bias:weight_decay=0.05
09/30 21:10:33 - mmengine - INFO - paramwise_options -- backbone.patch_embed.projection.bias:lr_mult=0.1
09/30 21:10:33 - mmengine - INFO - paramwise_options -- backbone.patch_embed.projection.bias:decay_mult=1.0
09/30 21:10:33 - mmengine - INFO - paramwise_options -- backbone.patch_embed.norm.weight:lr=1e-05
09/30 21:10:33 - mmengine - INFO - paramwise_options -- backbone.patch_embed.norm.weight:weight_decay=0.05
09/30 21:10:33 - mmengine - INFO - paramwise_options -- backbone.patch_embed.norm.weight:lr_mult=0.1
09/30 21:10:33 - mmengine - INFO - paramwise_options -- backbone.patch_embed.norm.weight:decay_mult=1.0
09/30 21:10:33 - mmengine - INFO - paramwise_options -- backbone.patch_embed.norm.bias:lr=1e-05
09/30 21:10:33 - mmengine - INFO - paramwise_options -- backbone.patch_embed.norm.bias:weight_decay=0.05
09/30 21:10:33 - mmengine - INFO - paramwise_options -- backbone.patch_embed.norm.bias:lr_mult=0.1
09/30 21:10:33 - mmengine - INFO - paramwise_options -- backbone.patch_embed.norm.bias:decay_mult=1.0
09/30 21:10:33 - mmengine - INFO - paramwise_options -- backbone.stages.0.blocks.0.norm1.weight:lr=1e-05
09/30 21:10:33 - mmengine - INFO - paramwise_options -- backbone.stages.0.blocks.0.norm1.weight:weight_decay=0.05
09/30 21:10:33 - mmengine - INFO - paramwise_options -- backbone.stages.0.blocks.0.norm1.weight:lr_mult=0.1
09/30 21:10:33 - mmengine - INFO - paramwise_options -- backbone.stages.0.blocks.0.norm1.weight:decay_mult=1.0
09/30 21:10:33 - mmengine - INFO - paramwise_options -- backbone.stages.0.blocks.0.norm1.bias:lr=1e-05
09/30 21:10:33 - mmengine - INFO - paramwise_options -- backbone.stages.0.blocks.0.norm1.bias:weight_decay=0.05
09/30 21:10:33 - mmengine - INFO - paramwise_options -- backbone.stages.0.blocks.0.norm1.bias:lr_mult=0.1
09/30 21:10:33 - mmengine - INFO - paramwise_options -- backbone.stages.0.blocks.0.norm1.bias:decay_mult=1.0
09/30 21:10:33 - mmengine - INFO - paramwise_options -- backbone.stages.0.blocks.0.attn.w_msa.relative_position_bias_table:lr=0.0001
09/30 21:10:33 - mmengine - INFO - paramwise_options -- backbone.stages.0.blocks.0.attn.w_msa.relative_position_bias_table:weight_decay=0.0
09/30 21:10:33 - mmengine - INFO - paramwise_options -- backbone.stages.0.blocks.0.attn.w_msa.relative_position_bias_table:decay_mult=0.0
09/30 21:10:33 - mmengine - INFO - paramwise_options -- backbone.stages.0.blocks.0.attn.w_msa.qkv.weight:lr=1e-05
09/30 21:10:33 - mmengine - INFO - paramwise_options -- backbone.stages.0.blocks.0.attn.w_msa.qkv.weight:weight_decay=0.05
09/30 21:10:33 - mmengine - INFO - paramwise_options -- backbone.stages.0.blocks.0.attn.w_msa.qkv.weight:lr_mult=0.1
09/30 21:10:33 - mmengine - INFO - paramwise_options -- backbone.stages.0.blocks.0.attn.w_msa.qkv.weight:decay_mult=1.0
09/30 21:10:33 - mmengine - INFO - paramwise_options -- backbone.stages.0.blocks.0.attn.w_msa.qkv.bias:lr=1e-05
09/30 21:10:33 - mmengine - INFO - paramwise_options -- backbone.stages.0.blocks.0.attn.w_msa.qkv.bias:weight_decay=0.05
09/30 21:10:33 - mmengine - INFO - paramwise_options -- backbone.stages.0.blocks.0.attn.w_msa.qkv.bias:lr_mult=0.1
09/30 21:10:33 - mmengine - INFO - paramwise_options -- backbone.stages.0.blocks.0.attn.w_msa.qkv.bias:decay_mult=1.0
09/30 21:10:33 - mmengine - INFO - paramwise_options -- backbone.stages.0.blocks.0.attn.w_msa.proj.weight:lr=1e-05
09/30 21:10:33 - mmengine - INFO - paramwise_options -- backbone.stages.0.blocks.0.attn.w_msa.proj.weight:weight_decay=0.05
09/30 21:10:33 - mmengine - INFO - paramwise_options -- backbone.stages.0.blocks.0.attn.w_msa.proj.weight:lr_mult=0.1
09/30 21:10:33 - mmengine - INFO - paramwise_options -- backbone.stages.0.blocks.0.attn.w_msa.proj.weight:decay_mult=1.0
09/30 21:10:33 - mmengine - INFO - paramwise_options -- backbone.stages.0.blocks.0.attn.w_msa.proj.bias:lr=1e-05
09/30 21:10:33 - mmengine - INFO - paramwise_options -- backbone.stages.0.blocks.0.attn.w_msa.proj.bias:weight_decay=0.05
09/30 21:10:33 - mmengine - INFO - paramwise_options -- backbone.stages.0.blocks.0.attn.w_msa.proj.bias:lr_mult=0.1
09/30 21:10:33 - mmengine - INFO - paramwise_options -- backbone.stages.0.blocks.0.attn.w_msa.proj.bias:decay_mult=1.0
09/30 21:10:33 - mmengine - INFO - paramwise_options -- backbone.stages.0.blocks.0.norm2.weight:lr=1e-05
09/30 21:10:33 - mmengine - INFO - paramwise_options -- backbone.stages.0.blocks.0.norm2.weight:weight_decay=0.05
09/30 21:10:33 - mmengine - INFO - paramwise_options -- backbone.stages.0.blocks.0.norm2.weight:lr_mult=0.1
09/30 21:10:33 - mmengine - INFO - paramwise_options -- backbone.stages.0.blocks.0.norm2.weight:decay_mult=1.0
09/30 21:10:33 - mmengine - INFO - paramwise_options -- backbone.stages.0.blocks.0.norm2.bias:lr=1e-05
09/30 21:10:33 - mmengine - INFO - paramwise_options -- backbone.stages.0.blocks.0.norm2.bias:weight_decay=0.05
09/30 21:10:33 - mmengine - INFO - paramwise_options -- backbone.stages.0.blocks.0.norm2.bias:lr_mult=0.1
09/30 21:10:33 - mmengine - INFO - paramwise_options -- backbone.stages.0.blocks.0.norm2.bias:decay_mult=1.0
09/30 21:10:33 - mmengine - INFO - paramwise_options -- backbone.stages.0.blocks.0.ffn.layers.0.0.weight:lr=1e-05
09/30 21:10:33 - mmengine - INFO - paramwise_options -- backbone.stages.0.blocks.0.ffn.layers.0.0.weight:weight_decay=0.05
09/30 21:10:33 - mmengine - INFO - paramwise_options -- backbone.stages.0.blocks.0.ffn.layers.0.0.weight:lr_mult=0.1
09/30 21:10:33 - mmengine - INFO - paramwise_options -- backbone.stages.0.blocks.0.ffn.layers.0.0.weight:decay_mult=1.0
09/30 21:10:33 - mmengine - INFO - paramwise_options -- backbone.stages.0.blocks.0.ffn.layers.0.0.bias:lr=1e-05
09/30 21:10:33 - mmengine - INFO - paramwise_options -- backbone.stages.0.blocks.0.ffn.layers.0.0.bias:weight_decay=0.05
09/30 21:10:33 - mmengine - INFO - paramwise_options -- backbone.stages.0.blocks.0.ffn.layers.0.0.bias:lr_mult=0.1
09/30 21:10:33 - mmengine - INFO - paramwise_options -- backbone.stages.0.blocks.0.ffn.layers.0.0.bias:decay_mult=1.0
09/30 21:10:33 - mmengine - INFO - paramwise_options -- backbone.stages.0.blocks.0.ffn.layers.1.weight:lr=1e-05
09/30 21:10:33 - mmengine - INFO - paramwise_options -- backbone.stages.0.blocks.0.ffn.layers.1.weight:weight_decay=0.05
09/30 21:10:33 - mmengine - INFO - paramwise_options -- backbone.stages.0.blocks.0.ffn.layers.1.weight:lr_mult=0.1
09/30 21:10:33 - mmengine - INFO - paramwise_options -- backbone.stages.0.blocks.0.ffn.layers.1.weight:decay_mult=1.0
09/30 21:10:33 - mmengine - INFO - paramwise_options -- backbone.stages.0.blocks.0.ffn.layers.1.bias:lr=1e-05
09/30 21:10:33 - mmengine - INFO - paramwise_options -- backbone.stages.0.blocks.0.ffn.layers.1.bias:weight_decay=0.05
09/30 21:10:33 - mmengine - INFO - paramwise_options -- backbone.stages.0.blocks.0.ffn.layers.1.bias:lr_mult=0.1
09/30 21:10:33 - mmengine - INFO - paramwise_options -- backbone.stages.0.blocks.0.ffn.layers.1.bias:decay_mult=1.0
09/30 21:10:33 - mmengine - INFO - paramwise_options -- backbone.stages.0.blocks.1.norm1.weight:lr=1e-05
09/30 21:10:33 - mmengine - INFO - paramwise_options -- backbone.stages.0.blocks.1.norm1.weight:weight_decay=0.05
09/30 21:10:33 - mmengine - INFO - paramwise_options -- backbone.stages.0.blocks.1.norm1.weight:lr_mult=0.1
09/30 21:10:33 - mmengine - INFO - paramwise_options -- backbone.stages.0.blocks.1.norm1.weight:decay_mult=1.0
09/30 21:10:33 - mmengine - INFO - paramwise_options -- backbone.stages.0.blocks.1.norm1.bias:lr=1e-05
09/30 21:10:33 - mmengine - INFO - paramwise_options -- backbone.stages.0.blocks.1.norm1.bias:weight_decay=0.05
09/30 21:10:33 - mmengine - INFO - paramwise_options -- backbone.stages.0.blocks.1.norm1.bias:lr_mult=0.1
09/30 21:10:33 - mmengine - INFO - paramwise_options -- backbone.stages.0.blocks.1.norm1.bias:decay_mult=1.0
09/30 21:10:33 - mmengine - INFO - paramwise_options -- backbone.stages.0.blocks.1.attn.w_msa.relative_position_bias_table:lr=0.0001
09/30 21:10:33 - mmengine - INFO - paramwise_options -- backbone.stages.0.blocks.1.attn.w_msa.relative_position_bias_table:weight_decay=0.0
09/30 21:10:33 - mmengine - INFO - paramwise_options -- backbone.stages.0.blocks.1.attn.w_msa.relative_position_bias_table:decay_mult=0.0
09/30 21:10:33 - mmengine - INFO - paramwise_options -- backbone.stages.0.blocks.1.attn.w_msa.qkv.weight:lr=1e-05
09/30 21:10:33 - mmengine - INFO - paramwise_options -- backbone.stages.0.blocks.1.attn.w_msa.qkv.weight:weight_decay=0.05
09/30 21:10:33 - mmengine - INFO - paramwise_options -- backbone.stages.0.blocks.1.attn.w_msa.qkv.weight:lr_mult=0.1
09/30 21:10:33 - mmengine - INFO - paramwise_options -- backbone.stages.0.blocks.1.attn.w_msa.qkv.weight:decay_mult=1.0
09/30 21:10:33 - mmengine - INFO - paramwise_options -- backbone.stages.0.blocks.1.attn.w_msa.qkv.bias:lr=1e-05
09/30 21:10:33 - mmengine - INFO - paramwise_options -- backbone.stages.0.blocks.1.attn.w_msa.qkv.bias:weight_decay=0.05
09/30 21:10:33 - mmengine - INFO - paramwise_options -- backbone.stages.0.blocks.1.attn.w_msa.qkv.bias:lr_mult=0.1
09/30 21:10:33 - mmengine - INFO - paramwise_options -- backbone.stages.0.blocks.1.attn.w_msa.qkv.bias:decay_mult=1.0
09/30 21:10:33 - mmengine - INFO - paramwise_options -- backbone.stages.0.blocks.1.attn.w_msa.proj.weight:lr=1e-05
09/30 21:10:33 - mmengine - INFO - paramwise_options -- backbone.stages.0.blocks.1.attn.w_msa.proj.weight:weight_decay=0.05
09/30 21:10:33 - mmengine - INFO - paramwise_options -- backbone.stages.0.blocks.1.attn.w_msa.proj.weight:lr_mult=0.1
09/30 21:10:33 - mmengine - INFO - paramwise_options -- backbone.stages.0.blocks.1.attn.w_msa.proj.weight:decay_mult=1.0
09/30 21:10:33 - mmengine - INFO - paramwise_options -- backbone.stages.0.blocks.1.attn.w_msa.proj.bias:lr=1e-05
09/30 21:10:33 - mmengine - INFO - paramwise_options -- backbone.stages.0.blocks.1.attn.w_msa.proj.bias:weight_decay=0.05
09/30 21:10:33 - mmengine - INFO - paramwise_options -- backbone.stages.0.blocks.1.attn.w_msa.proj.bias:lr_mult=0.1
09/30 21:10:33 - mmengine - INFO - paramwise_options -- backbone.stages.0.blocks.1.attn.w_msa.proj.bias:decay_mult=1.0
09/30 21:10:33 - mmengine - INFO - paramwise_options -- backbone.stages.0.blocks.1.norm2.weight:lr=1e-05
09/30 21:10:33 - mmengine - INFO - paramwise_options -- backbone.stages.0.blocks.1.norm2.weight:weight_decay=0.05
09/30 21:10:33 - mmengine - INFO - paramwise_options -- backbone.stages.0.blocks.1.norm2.weight:lr_mult=0.1
09/30 21:10:33 - mmengine - INFO - paramwise_options -- backbone.stages.0.blocks.1.norm2.weight:decay_mult=1.0
09/30 21:10:33 - mmengine - INFO - paramwise_options -- backbone.stages.0.blocks.1.norm2.bias:lr=1e-05
09/30 21:10:33 - mmengine - INFO - paramwise_options -- backbone.stages.0.blocks.1.norm2.bias:weight_decay=0.05
09/30 21:10:33 - mmengine - INFO - paramwise_options -- backbone.stages.0.blocks.1.norm2.bias:lr_mult=0.1
09/30 21:10:33 - mmengine - INFO - paramwise_options -- backbone.stages.0.blocks.1.norm2.bias:decay_mult=1.0
09/30 21:10:33 - mmengine - INFO - paramwise_options -- backbone.stages.0.blocks.1.ffn.layers.0.0.weight:lr=1e-05
09/30 21:10:33 - mmengine - INFO - paramwise_options -- backbone.stages.0.blocks.1.ffn.layers.0.0.weight:weight_decay=0.05
09/30 21:10:33 - mmengine - INFO - paramwise_options -- backbone.stages.0.blocks.1.ffn.layers.0.0.weight:lr_mult=0.1
09/30 21:10:33 - mmengine - INFO - paramwise_options -- backbone.stages.0.blocks.1.ffn.layers.0.0.weight:decay_mult=1.0
09/30 21:10:33 - mmengine - INFO - paramwise_options -- backbone.stages.0.blocks.1.ffn.layers.0.0.bias:lr=1e-05
09/30 21:10:33 - mmengine - INFO - paramwise_options -- backbone.stages.0.blocks.1.ffn.layers.0.0.bias:weight_decay=0.05
09/30 21:10:33 - mmengine - INFO - paramwise_options -- backbone.stages.0.blocks.1.ffn.layers.0.0.bias:lr_mult=0.1
09/30 21:10:33 - mmengine - INFO - paramwise_options -- backbone.stages.0.blocks.1.ffn.layers.0.0.bias:decay_mult=1.0
09/30 21:10:33 - mmengine - INFO - paramwise_options -- backbone.stages.0.blocks.1.ffn.layers.1.weight:lr=1e-05
09/30 21:10:33 - mmengine - INFO - paramwise_options -- backbone.stages.0.blocks.1.ffn.layers.1.weight:weight_decay=0.05
09/30 21:10:33 - mmengine - INFO - paramwise_options -- backbone.stages.0.blocks.1.ffn.layers.1.weight:lr_mult=0.1
09/30 21:10:33 - mmengine - INFO - paramwise_options -- backbone.stages.0.blocks.1.ffn.layers.1.weight:decay_mult=1.0
09/30 21:10:33 - mmengine - INFO - paramwise_options -- backbone.stages.0.blocks.1.ffn.layers.1.bias:lr=1e-05
09/30 21:10:33 - mmengine - INFO - paramwise_options -- backbone.stages.0.blocks.1.ffn.layers.1.bias:weight_decay=0.05
09/30 21:10:33 - mmengine - INFO - paramwise_options -- backbone.stages.0.blocks.1.ffn.layers.1.bias:lr_mult=0.1
09/30 21:10:33 - mmengine - INFO - paramwise_options -- backbone.stages.0.blocks.1.ffn.layers.1.bias:decay_mult=1.0
09/30 21:10:33 - mmengine - INFO - paramwise_options -- backbone.stages.0.downsample.norm.weight:lr=1e-05
09/30 21:10:33 - mmengine - INFO - paramwise_options -- backbone.stages.0.downsample.norm.weight:weight_decay=0.05
09/30 21:10:33 - mmengine - INFO - paramwise_options -- backbone.stages.0.downsample.norm.weight:lr_mult=0.1
09/30 21:10:33 - mmengine - INFO - paramwise_options -- backbone.stages.0.downsample.norm.weight:decay_mult=1.0
09/30 21:10:33 - mmengine - INFO - paramwise_options -- backbone.stages.0.downsample.norm.bias:lr=1e-05
09/30 21:10:33 - mmengine - INFO - paramwise_options -- backbone.stages.0.downsample.norm.bias:weight_decay=0.05
09/30 21:10:33 - mmengine - INFO - paramwise_options -- backbone.stages.0.downsample.norm.bias:lr_mult=0.1
09/30 21:10:33 - mmengine - INFO - paramwise_options -- backbone.stages.0.downsample.norm.bias:decay_mult=1.0
09/30 21:10:33 - mmengine - INFO - paramwise_options -- backbone.stages.0.downsample.reduction.weight:lr=1e-05
09/30 21:10:33 - mmengine - INFO - paramwise_options -- backbone.stages.0.downsample.reduction.weight:weight_decay=0.05
09/30 21:10:33 - mmengine - INFO - paramwise_options -- backbone.stages.0.downsample.reduction.weight:lr_mult=0.1
09/30 21:10:33 - mmengine - INFO - paramwise_options -- backbone.stages.0.downsample.reduction.weight:decay_mult=1.0
09/30 21:10:33 - mmengine - INFO - paramwise_options -- backbone.stages.1.blocks.0.norm1.weight:lr=1e-05
09/30 21:10:33 - mmengine - INFO - paramwise_options -- backbone.stages.1.blocks.0.norm1.weight:weight_decay=0.05
09/30 21:10:33 - mmengine - INFO - paramwise_options -- backbone.stages.1.blocks.0.norm1.weight:lr_mult=0.1
09/30 21:10:33 - mmengine - INFO - paramwise_options -- backbone.stages.1.blocks.0.norm1.weight:decay_mult=1.0
09/30 21:10:33 - mmengine - INFO - paramwise_options -- backbone.stages.1.blocks.0.norm1.bias:lr=1e-05
09/30 21:10:33 - mmengine - INFO - paramwise_options -- backbone.stages.1.blocks.0.norm1.bias:weight_decay=0.05
09/30 21:10:33 - mmengine - INFO - paramwise_options -- backbone.stages.1.blocks.0.norm1.bias:lr_mult=0.1
09/30 21:10:33 - mmengine - INFO - paramwise_options -- backbone.stages.1.blocks.0.norm1.bias:decay_mult=1.0
09/30 21:10:33 - mmengine - INFO - paramwise_options -- backbone.stages.1.blocks.0.attn.w_msa.relative_position_bias_table:lr=0.0001
09/30 21:10:33 - mmengine - INFO - paramwise_options -- backbone.stages.1.blocks.0.attn.w_msa.relative_position_bias_table:weight_decay=0.0
09/30 21:10:33 - mmengine - INFO - paramwise_options -- backbone.stages.1.blocks.0.attn.w_msa.relative_position_bias_table:decay_mult=0.0
09/30 21:10:33 - mmengine - INFO - paramwise_options -- backbone.stages.1.blocks.0.attn.w_msa.qkv.weight:lr=1e-05
09/30 21:10:33 - mmengine - INFO - paramwise_options -- backbone.stages.1.blocks.0.attn.w_msa.qkv.weight:weight_decay=0.05
09/30 21:10:33 - mmengine - INFO - paramwise_options -- backbone.stages.1.blocks.0.attn.w_msa.qkv.weight:lr_mult=0.1
09/30 21:10:33 - mmengine - INFO - paramwise_options -- backbone.stages.1.blocks.0.attn.w_msa.qkv.weight:decay_mult=1.0
09/30 21:10:33 - mmengine - INFO - paramwise_options -- backbone.stages.1.blocks.0.attn.w_msa.qkv.bias:lr=1e-05
09/30 21:10:33 - mmengine - INFO - paramwise_options -- backbone.stages.1.blocks.0.attn.w_msa.qkv.bias:weight_decay=0.05
09/30 21:10:33 - mmengine - INFO - paramwise_options -- backbone.stages.1.blocks.0.attn.w_msa.qkv.bias:lr_mult=0.1
09/30 21:10:33 - mmengine - INFO - paramwise_options -- backbone.stages.1.blocks.0.attn.w_msa.qkv.bias:decay_mult=1.0
09/30 21:10:33 - mmengine - INFO - paramwise_options -- backbone.stages.1.blocks.0.attn.w_msa.proj.weight:lr=1e-05
09/30 21:10:33 - mmengine - INFO - paramwise_options -- backbone.stages.1.blocks.0.attn.w_msa.proj.weight:weight_decay=0.05
09/30 21:10:33 - mmengine - INFO - paramwise_options -- backbone.stages.1.blocks.0.attn.w_msa.proj.weight:lr_mult=0.1
09/30 21:10:33 - mmengine - INFO - paramwise_options -- backbone.stages.1.blocks.0.attn.w_msa.proj.weight:decay_mult=1.0
09/30 21:10:33 - mmengine - INFO - paramwise_options -- backbone.stages.1.blocks.0.attn.w_msa.proj.bias:lr=1e-05
09/30 21:10:33 - mmengine - INFO - paramwise_options -- backbone.stages.1.blocks.0.attn.w_msa.proj.bias:weight_decay=0.05
09/30 21:10:33 - mmengine - INFO - paramwise_options -- backbone.stages.1.blocks.0.attn.w_msa.proj.bias:lr_mult=0.1
09/30 21:10:33 - mmengine - INFO - paramwise_options -- backbone.stages.1.blocks.0.attn.w_msa.proj.bias:decay_mult=1.0
09/30 21:10:33 - mmengine - INFO - paramwise_options -- backbone.stages.1.blocks.0.norm2.weight:lr=1e-05
09/30 21:10:33 - mmengine - INFO - paramwise_options -- backbone.stages.1.blocks.0.norm2.weight:weight_decay=0.05
09/30 21:10:33 - mmengine - INFO - paramwise_options -- backbone.stages.1.blocks.0.norm2.weight:lr_mult=0.1
09/30 21:10:33 - mmengine - INFO - paramwise_options -- backbone.stages.1.blocks.0.norm2.weight:decay_mult=1.0
09/30 21:10:33 - mmengine - INFO - paramwise_options -- backbone.stages.1.blocks.0.norm2.bias:lr=1e-05
09/30 21:10:33 - mmengine - INFO - paramwise_options -- backbone.stages.1.blocks.0.norm2.bias:weight_decay=0.05
09/30 21:10:33 - mmengine - INFO - paramwise_options -- backbone.stages.1.blocks.0.norm2.bias:lr_mult=0.1
09/30 21:10:33 - mmengine - INFO - paramwise_options -- backbone.stages.1.blocks.0.norm2.bias:decay_mult=1.0
09/30 21:10:33 - mmengine - INFO - paramwise_options -- backbone.stages.1.blocks.0.ffn.layers.0.0.weight:lr=1e-05
09/30 21:10:33 - mmengine - INFO - paramwise_options -- backbone.stages.1.blocks.0.ffn.layers.0.0.weight:weight_decay=0.05
09/30 21:10:33 - mmengine - INFO - paramwise_options -- backbone.stages.1.blocks.0.ffn.layers.0.0.weight:lr_mult=0.1
09/30 21:10:33 - mmengine - INFO - paramwise_options -- backbone.stages.1.blocks.0.ffn.layers.0.0.weight:decay_mult=1.0
09/30 21:10:33 - mmengine - INFO - paramwise_options -- backbone.stages.1.blocks.0.ffn.layers.0.0.bias:lr=1e-05
09/30 21:10:33 - mmengine - INFO - paramwise_options -- backbone.stages.1.blocks.0.ffn.layers.0.0.bias:weight_decay=0.05
09/30 21:10:33 - mmengine - INFO - paramwise_options -- backbone.stages.1.blocks.0.ffn.layers.0.0.bias:lr_mult=0.1
09/30 21:10:33 - mmengine - INFO - paramwise_options -- backbone.stages.1.blocks.0.ffn.layers.0.0.bias:decay_mult=1.0
09/30 21:10:33 - mmengine - INFO - paramwise_options -- backbone.stages.1.blocks.0.ffn.layers.1.weight:lr=1e-05
09/30 21:10:33 - mmengine - INFO - paramwise_options -- backbone.stages.1.blocks.0.ffn.layers.1.weight:weight_decay=0.05
09/30 21:10:33 - mmengine - INFO - paramwise_options -- backbone.stages.1.blocks.0.ffn.layers.1.weight:lr_mult=0.1
09/30 21:10:33 - mmengine - INFO - paramwise_options -- backbone.stages.1.blocks.0.ffn.layers.1.weight:decay_mult=1.0
09/30 21:10:33 - mmengine - INFO - paramwise_options -- backbone.stages.1.blocks.0.ffn.layers.1.bias:lr=1e-05
09/30 21:10:33 - mmengine - INFO - paramwise_options -- backbone.stages.1.blocks.0.ffn.layers.1.bias:weight_decay=0.05
09/30 21:10:33 - mmengine - INFO - paramwise_options -- backbone.stages.1.blocks.0.ffn.layers.1.bias:lr_mult=0.1
09/30 21:10:33 - mmengine - INFO - paramwise_options -- backbone.stages.1.blocks.0.ffn.layers.1.bias:decay_mult=1.0
09/30 21:10:33 - mmengine - INFO - paramwise_options -- backbone.stages.1.blocks.1.norm1.weight:lr=1e-05
09/30 21:10:33 - mmengine - INFO - paramwise_options -- backbone.stages.1.blocks.1.norm1.weight:weight_decay=0.05
09/30 21:10:33 - mmengine - INFO - paramwise_options -- backbone.stages.1.blocks.1.norm1.weight:lr_mult=0.1
09/30 21:10:33 - mmengine - INFO - paramwise_options -- backbone.stages.1.blocks.1.norm1.weight:decay_mult=1.0
09/30 21:10:33 - mmengine - INFO - paramwise_options -- backbone.stages.1.blocks.1.norm1.bias:lr=1e-05
09/30 21:10:33 - mmengine - INFO - paramwise_options -- backbone.stages.1.blocks.1.norm1.bias:weight_decay=0.05
09/30 21:10:33 - mmengine - INFO - paramwise_options -- backbone.stages.1.blocks.1.norm1.bias:lr_mult=0.1
09/30 21:10:33 - mmengine - INFO - paramwise_options -- backbone.stages.1.blocks.1.norm1.bias:decay_mult=1.0
09/30 21:10:33 - mmengine - INFO - paramwise_options -- backbone.stages.1.blocks.1.attn.w_msa.relative_position_bias_table:lr=0.0001
09/30 21:10:33 - mmengine - INFO - paramwise_options -- backbone.stages.1.blocks.1.attn.w_msa.relative_position_bias_table:weight_decay=0.0
09/30 21:10:33 - mmengine - INFO - paramwise_options -- backbone.stages.1.blocks.1.attn.w_msa.relative_position_bias_table:decay_mult=0.0
09/30 21:10:33 - mmengine - INFO - paramwise_options -- backbone.stages.1.blocks.1.attn.w_msa.qkv.weight:lr=1e-05
09/30 21:10:33 - mmengine - INFO - paramwise_options -- backbone.stages.1.blocks.1.attn.w_msa.qkv.weight:weight_decay=0.05
09/30 21:10:33 - mmengine - INFO - paramwise_options -- backbone.stages.1.blocks.1.attn.w_msa.qkv.weight:lr_mult=0.1
09/30 21:10:33 - mmengine - INFO - paramwise_options -- backbone.stages.1.blocks.1.attn.w_msa.qkv.weight:decay_mult=1.0
09/30 21:10:33 - mmengine - INFO - paramwise_options -- backbone.stages.1.blocks.1.attn.w_msa.qkv.bias:lr=1e-05
09/30 21:10:33 - mmengine - INFO - paramwise_options -- backbone.stages.1.blocks.1.attn.w_msa.qkv.bias:weight_decay=0.05
09/30 21:10:33 - mmengine - INFO - paramwise_options -- backbone.stages.1.blocks.1.attn.w_msa.qkv.bias:lr_mult=0.1
09/30 21:10:33 - mmengine - INFO - paramwise_options -- backbone.stages.1.blocks.1.attn.w_msa.qkv.bias:decay_mult=1.0
09/30 21:10:33 - mmengine - INFO - paramwise_options -- backbone.stages.1.blocks.1.attn.w_msa.proj.weight:lr=1e-05
09/30 21:10:33 - mmengine - INFO - paramwise_options -- backbone.stages.1.blocks.1.attn.w_msa.proj.weight:weight_decay=0.05
09/30 21:10:33 - mmengine - INFO - paramwise_options -- backbone.stages.1.blocks.1.attn.w_msa.proj.weight:lr_mult=0.1
09/30 21:10:33 - mmengine - INFO - paramwise_options -- backbone.stages.1.blocks.1.attn.w_msa.proj.weight:decay_mult=1.0
09/30 21:10:33 - mmengine - INFO - paramwise_options -- backbone.stages.1.blocks.1.attn.w_msa.proj.bias:lr=1e-05
09/30 21:10:33 - mmengine - INFO - paramwise_options -- backbone.stages.1.blocks.1.attn.w_msa.proj.bias:weight_decay=0.05
09/30 21:10:33 - mmengine - INFO - paramwise_options -- backbone.stages.1.blocks.1.attn.w_msa.proj.bias:lr_mult=0.1
09/30 21:10:33 - mmengine - INFO - paramwise_options -- backbone.stages.1.blocks.1.attn.w_msa.proj.bias:decay_mult=1.0
09/30 21:10:33 - mmengine - INFO - paramwise_options -- backbone.stages.1.blocks.1.norm2.weight:lr=1e-05
09/30 21:10:33 - mmengine - INFO - paramwise_options -- backbone.stages.1.blocks.1.norm2.weight:weight_decay=0.05
09/30 21:10:33 - mmengine - INFO - paramwise_options -- backbone.stages.1.blocks.1.norm2.weight:lr_mult=0.1
09/30 21:10:33 - mmengine - INFO - paramwise_options -- backbone.stages.1.blocks.1.norm2.weight:decay_mult=1.0
09/30 21:10:33 - mmengine - INFO - paramwise_options -- backbone.stages.1.blocks.1.norm2.bias:lr=1e-05
09/30 21:10:33 - mmengine - INFO - paramwise_options -- backbone.stages.1.blocks.1.norm2.bias:weight_decay=0.05
09/30 21:10:33 - mmengine - INFO - paramwise_options -- backbone.stages.1.blocks.1.norm2.bias:lr_mult=0.1
09/30 21:10:33 - mmengine - INFO - paramwise_options -- backbone.stages.1.blocks.1.norm2.bias:decay_mult=1.0
09/30 21:10:33 - mmengine - INFO - paramwise_options -- backbone.stages.1.blocks.1.ffn.layers.0.0.weight:lr=1e-05
09/30 21:10:33 - mmengine - INFO - paramwise_options -- backbone.stages.1.blocks.1.ffn.layers.0.0.weight:weight_decay=0.05
09/30 21:10:33 - mmengine - INFO - paramwise_options -- backbone.stages.1.blocks.1.ffn.layers.0.0.weight:lr_mult=0.1
09/30 21:10:33 - mmengine - INFO - paramwise_options -- backbone.stages.1.blocks.1.ffn.layers.0.0.weight:decay_mult=1.0
09/30 21:10:33 - mmengine - INFO - paramwise_options -- backbone.stages.1.blocks.1.ffn.layers.0.0.bias:lr=1e-05
09/30 21:10:33 - mmengine - INFO - paramwise_options -- backbone.stages.1.blocks.1.ffn.layers.0.0.bias:weight_decay=0.05
09/30 21:10:33 - mmengine - INFO - paramwise_options -- backbone.stages.1.blocks.1.ffn.layers.0.0.bias:lr_mult=0.1
09/30 21:10:33 - mmengine - INFO - paramwise_options -- backbone.stages.1.blocks.1.ffn.layers.0.0.bias:decay_mult=1.0
09/30 21:10:33 - mmengine - INFO - paramwise_options -- backbone.stages.1.blocks.1.ffn.layers.1.weight:lr=1e-05
09/30 21:10:33 - mmengine - INFO - paramwise_options -- backbone.stages.1.blocks.1.ffn.layers.1.weight:weight_decay=0.05
09/30 21:10:33 - mmengine - INFO - paramwise_options -- backbone.stages.1.blocks.1.ffn.layers.1.weight:lr_mult=0.1
09/30 21:10:33 - mmengine - INFO - paramwise_options -- backbone.stages.1.blocks.1.ffn.layers.1.weight:decay_mult=1.0
09/30 21:10:33 - mmengine - INFO - paramwise_options -- backbone.stages.1.blocks.1.ffn.layers.1.bias:lr=1e-05
09/30 21:10:33 - mmengine - INFO - paramwise_options -- backbone.stages.1.blocks.1.ffn.layers.1.bias:weight_decay=0.05
09/30 21:10:33 - mmengine - INFO - paramwise_options -- backbone.stages.1.blocks.1.ffn.layers.1.bias:lr_mult=0.1
09/30 21:10:33 - mmengine - INFO - paramwise_options -- backbone.stages.1.blocks.1.ffn.layers.1.bias:decay_mult=1.0
09/30 21:10:33 - mmengine - INFO - paramwise_options -- backbone.stages.1.downsample.norm.weight:lr=1e-05
09/30 21:10:33 - mmengine - INFO - paramwise_options -- backbone.stages.1.downsample.norm.weight:weight_decay=0.05
09/30 21:10:33 - mmengine - INFO - paramwise_options -- backbone.stages.1.downsample.norm.weight:lr_mult=0.1
09/30 21:10:33 - mmengine - INFO - paramwise_options -- backbone.stages.1.downsample.norm.weight:decay_mult=1.0
09/30 21:10:33 - mmengine - INFO - paramwise_options -- backbone.stages.1.downsample.norm.bias:lr=1e-05
09/30 21:10:33 - mmengine - INFO - paramwise_options -- backbone.stages.1.downsample.norm.bias:weight_decay=0.05
09/30 21:10:33 - mmengine - INFO - paramwise_options -- backbone.stages.1.downsample.norm.bias:lr_mult=0.1
09/30 21:10:33 - mmengine - INFO - paramwise_options -- backbone.stages.1.downsample.norm.bias:decay_mult=1.0
09/30 21:10:33 - mmengine - INFO - paramwise_options -- backbone.stages.1.downsample.reduction.weight:lr=1e-05
09/30 21:10:33 - mmengine - INFO - paramwise_options -- backbone.stages.1.downsample.reduction.weight:weight_decay=0.05
09/30 21:10:33 - mmengine - INFO - paramwise_options -- backbone.stages.1.downsample.reduction.weight:lr_mult=0.1
09/30 21:10:33 - mmengine - INFO - paramwise_options -- backbone.stages.1.downsample.reduction.weight:decay_mult=1.0
09/30 21:10:33 - mmengine - INFO - paramwise_options -- backbone.stages.2.blocks.0.norm1.weight:lr=1e-05
09/30 21:10:33 - mmengine - INFO - paramwise_options -- backbone.stages.2.blocks.0.norm1.weight:weight_decay=0.05
09/30 21:10:33 - mmengine - INFO - paramwise_options -- backbone.stages.2.blocks.0.norm1.weight:lr_mult=0.1
09/30 21:10:33 - mmengine - INFO - paramwise_options -- backbone.stages.2.blocks.0.norm1.weight:decay_mult=1.0
09/30 21:10:33 - mmengine - INFO - paramwise_options -- backbone.stages.2.blocks.0.norm1.bias:lr=1e-05
09/30 21:10:33 - mmengine - INFO - paramwise_options -- backbone.stages.2.blocks.0.norm1.bias:weight_decay=0.05
09/30 21:10:33 - mmengine - INFO - paramwise_options -- backbone.stages.2.blocks.0.norm1.bias:lr_mult=0.1
09/30 21:10:33 - mmengine - INFO - paramwise_options -- backbone.stages.2.blocks.0.norm1.bias:decay_mult=1.0
09/30 21:10:33 - mmengine - INFO - paramwise_options -- backbone.stages.2.blocks.0.attn.w_msa.relative_position_bias_table:lr=0.0001
09/30 21:10:33 - mmengine - INFO - paramwise_options -- backbone.stages.2.blocks.0.attn.w_msa.relative_position_bias_table:weight_decay=0.0
09/30 21:10:33 - mmengine - INFO - paramwise_options -- backbone.stages.2.blocks.0.attn.w_msa.relative_position_bias_table:decay_mult=0.0
09/30 21:10:33 - mmengine - INFO - paramwise_options -- backbone.stages.2.blocks.0.attn.w_msa.qkv.weight:lr=1e-05
09/30 21:10:33 - mmengine - INFO - paramwise_options -- backbone.stages.2.blocks.0.attn.w_msa.qkv.weight:weight_decay=0.05
09/30 21:10:33 - mmengine - INFO - paramwise_options -- backbone.stages.2.blocks.0.attn.w_msa.qkv.weight:lr_mult=0.1
09/30 21:10:33 - mmengine - INFO - paramwise_options -- backbone.stages.2.blocks.0.attn.w_msa.qkv.weight:decay_mult=1.0
09/30 21:10:33 - mmengine - INFO - paramwise_options -- backbone.stages.2.blocks.0.attn.w_msa.qkv.bias:lr=1e-05
09/30 21:10:33 - mmengine - INFO - paramwise_options -- backbone.stages.2.blocks.0.attn.w_msa.qkv.bias:weight_decay=0.05
09/30 21:10:33 - mmengine - INFO - paramwise_options -- backbone.stages.2.blocks.0.attn.w_msa.qkv.bias:lr_mult=0.1
09/30 21:10:33 - mmengine - INFO - paramwise_options -- backbone.stages.2.blocks.0.attn.w_msa.qkv.bias:decay_mult=1.0
09/30 21:10:33 - mmengine - INFO - paramwise_options -- backbone.stages.2.blocks.0.attn.w_msa.proj.weight:lr=1e-05
09/30 21:10:33 - mmengine - INFO - paramwise_options -- backbone.stages.2.blocks.0.attn.w_msa.proj.weight:weight_decay=0.05
09/30 21:10:33 - mmengine - INFO - paramwise_options -- backbone.stages.2.blocks.0.attn.w_msa.proj.weight:lr_mult=0.1
09/30 21:10:33 - mmengine - INFO - paramwise_options -- backbone.stages.2.blocks.0.attn.w_msa.proj.weight:decay_mult=1.0
09/30 21:10:33 - mmengine - INFO - paramwise_options -- backbone.stages.2.blocks.0.attn.w_msa.proj.bias:lr=1e-05
09/30 21:10:33 - mmengine - INFO - paramwise_options -- backbone.stages.2.blocks.0.attn.w_msa.proj.bias:weight_decay=0.05
09/30 21:10:33 - mmengine - INFO - paramwise_options -- backbone.stages.2.blocks.0.attn.w_msa.proj.bias:lr_mult=0.1
09/30 21:10:33 - mmengine - INFO - paramwise_options -- backbone.stages.2.blocks.0.attn.w_msa.proj.bias:decay_mult=1.0
09/30 21:10:33 - mmengine - INFO - paramwise_options -- backbone.stages.2.blocks.0.norm2.weight:lr=1e-05
09/30 21:10:33 - mmengine - INFO - paramwise_options -- backbone.stages.2.blocks.0.norm2.weight:weight_decay=0.05
09/30 21:10:33 - mmengine - INFO - paramwise_options -- backbone.stages.2.blocks.0.norm2.weight:lr_mult=0.1
09/30 21:10:33 - mmengine - INFO - paramwise_options -- backbone.stages.2.blocks.0.norm2.weight:decay_mult=1.0
09/30 21:10:33 - mmengine - INFO - paramwise_options -- backbone.stages.2.blocks.0.norm2.bias:lr=1e-05
09/30 21:10:33 - mmengine - INFO - paramwise_options -- backbone.stages.2.blocks.0.norm2.bias:weight_decay=0.05
09/30 21:10:33 - mmengine - INFO - paramwise_options -- backbone.stages.2.blocks.0.norm2.bias:lr_mult=0.1
09/30 21:10:33 - mmengine - INFO - paramwise_options -- backbone.stages.2.blocks.0.norm2.bias:decay_mult=1.0
09/30 21:10:33 - mmengine - INFO - paramwise_options -- backbone.stages.2.blocks.0.ffn.layers.0.0.weight:lr=1e-05
09/30 21:10:33 - mmengine - INFO - paramwise_options -- backbone.stages.2.blocks.0.ffn.layers.0.0.weight:weight_decay=0.05
09/30 21:10:33 - mmengine - INFO - paramwise_options -- backbone.stages.2.blocks.0.ffn.layers.0.0.weight:lr_mult=0.1
09/30 21:10:33 - mmengine - INFO - paramwise_options -- backbone.stages.2.blocks.0.ffn.layers.0.0.weight:decay_mult=1.0
09/30 21:10:33 - mmengine - INFO - paramwise_options -- backbone.stages.2.blocks.0.ffn.layers.0.0.bias:lr=1e-05
09/30 21:10:33 - mmengine - INFO - paramwise_options -- backbone.stages.2.blocks.0.ffn.layers.0.0.bias:weight_decay=0.05
09/30 21:10:33 - mmengine - INFO - paramwise_options -- backbone.stages.2.blocks.0.ffn.layers.0.0.bias:lr_mult=0.1
09/30 21:10:33 - mmengine - INFO - paramwise_options -- backbone.stages.2.blocks.0.ffn.layers.0.0.bias:decay_mult=1.0
09/30 21:10:33 - mmengine - INFO - paramwise_options -- backbone.stages.2.blocks.0.ffn.layers.1.weight:lr=1e-05
09/30 21:10:33 - mmengine - INFO - paramwise_options -- backbone.stages.2.blocks.0.ffn.layers.1.weight:weight_decay=0.05
09/30 21:10:33 - mmengine - INFO - paramwise_options -- backbone.stages.2.blocks.0.ffn.layers.1.weight:lr_mult=0.1
09/30 21:10:33 - mmengine - INFO - paramwise_options -- backbone.stages.2.blocks.0.ffn.layers.1.weight:decay_mult=1.0
09/30 21:10:33 - mmengine - INFO - paramwise_options -- backbone.stages.2.blocks.0.ffn.layers.1.bias:lr=1e-05
09/30 21:10:33 - mmengine - INFO - paramwise_options -- backbone.stages.2.blocks.0.ffn.layers.1.bias:weight_decay=0.05
09/30 21:10:33 - mmengine - INFO - paramwise_options -- backbone.stages.2.blocks.0.ffn.layers.1.bias:lr_mult=0.1
09/30 21:10:33 - mmengine - INFO - paramwise_options -- backbone.stages.2.blocks.0.ffn.layers.1.bias:decay_mult=1.0
09/30 21:10:33 - mmengine - INFO - paramwise_options -- backbone.stages.2.blocks.1.norm1.weight:lr=1e-05
09/30 21:10:33 - mmengine - INFO - paramwise_options -- backbone.stages.2.blocks.1.norm1.weight:weight_decay=0.05
09/30 21:10:33 - mmengine - INFO - paramwise_options -- backbone.stages.2.blocks.1.norm1.weight:lr_mult=0.1
09/30 21:10:33 - mmengine - INFO - paramwise_options -- backbone.stages.2.blocks.1.norm1.weight:decay_mult=1.0
09/30 21:10:33 - mmengine - INFO - paramwise_options -- backbone.stages.2.blocks.1.norm1.bias:lr=1e-05
09/30 21:10:33 - mmengine - INFO - paramwise_options -- backbone.stages.2.blocks.1.norm1.bias:weight_decay=0.05
09/30 21:10:33 - mmengine - INFO - paramwise_options -- backbone.stages.2.blocks.1.norm1.bias:lr_mult=0.1
09/30 21:10:33 - mmengine - INFO - paramwise_options -- backbone.stages.2.blocks.1.norm1.bias:decay_mult=1.0
09/30 21:10:33 - mmengine - INFO - paramwise_options -- backbone.stages.2.blocks.1.attn.w_msa.relative_position_bias_table:lr=0.0001
09/30 21:10:33 - mmengine - INFO - paramwise_options -- backbone.stages.2.blocks.1.attn.w_msa.relative_position_bias_table:weight_decay=0.0
09/30 21:10:33 - mmengine - INFO - paramwise_options -- backbone.stages.2.blocks.1.attn.w_msa.relative_position_bias_table:decay_mult=0.0
09/30 21:10:33 - mmengine - INFO - paramwise_options -- backbone.stages.2.blocks.1.attn.w_msa.qkv.weight:lr=1e-05
09/30 21:10:33 - mmengine - INFO - paramwise_options -- backbone.stages.2.blocks.1.attn.w_msa.qkv.weight:weight_decay=0.05
09/30 21:10:33 - mmengine - INFO - paramwise_options -- backbone.stages.2.blocks.1.attn.w_msa.qkv.weight:lr_mult=0.1
09/30 21:10:33 - mmengine - INFO - paramwise_options -- backbone.stages.2.blocks.1.attn.w_msa.qkv.weight:decay_mult=1.0
09/30 21:10:33 - mmengine - INFO - paramwise_options -- backbone.stages.2.blocks.1.attn.w_msa.qkv.bias:lr=1e-05
09/30 21:10:33 - mmengine - INFO - paramwise_options -- backbone.stages.2.blocks.1.attn.w_msa.qkv.bias:weight_decay=0.05
09/30 21:10:33 - mmengine - INFO - paramwise_options -- backbone.stages.2.blocks.1.attn.w_msa.qkv.bias:lr_mult=0.1
09/30 21:10:33 - mmengine - INFO - paramwise_options -- backbone.stages.2.blocks.1.attn.w_msa.qkv.bias:decay_mult=1.0
09/30 21:10:33 - mmengine - INFO - paramwise_options -- backbone.stages.2.blocks.1.attn.w_msa.proj.weight:lr=1e-05
09/30 21:10:33 - mmengine - INFO - paramwise_options -- backbone.stages.2.blocks.1.attn.w_msa.proj.weight:weight_decay=0.05
09/30 21:10:33 - mmengine - INFO - paramwise_options -- backbone.stages.2.blocks.1.attn.w_msa.proj.weight:lr_mult=0.1
09/30 21:10:33 - mmengine - INFO - paramwise_options -- backbone.stages.2.blocks.1.attn.w_msa.proj.weight:decay_mult=1.0
09/30 21:10:33 - mmengine - INFO - paramwise_options -- backbone.stages.2.blocks.1.attn.w_msa.proj.bias:lr=1e-05
09/30 21:10:33 - mmengine - INFO - paramwise_options -- backbone.stages.2.blocks.1.attn.w_msa.proj.bias:weight_decay=0.05
09/30 21:10:33 - mmengine - INFO - paramwise_options -- backbone.stages.2.blocks.1.attn.w_msa.proj.bias:lr_mult=0.1
09/30 21:10:33 - mmengine - INFO - paramwise_options -- backbone.stages.2.blocks.1.attn.w_msa.proj.bias:decay_mult=1.0
09/30 21:10:33 - mmengine - INFO - paramwise_options -- backbone.stages.2.blocks.1.norm2.weight:lr=1e-05
09/30 21:10:33 - mmengine - INFO - paramwise_options -- backbone.stages.2.blocks.1.norm2.weight:weight_decay=0.05
09/30 21:10:33 - mmengine - INFO - paramwise_options -- backbone.stages.2.blocks.1.norm2.weight:lr_mult=0.1
09/30 21:10:33 - mmengine - INFO - paramwise_options -- backbone.stages.2.blocks.1.norm2.weight:decay_mult=1.0
09/30 21:10:33 - mmengine - INFO - paramwise_options -- backbone.stages.2.blocks.1.norm2.bias:lr=1e-05
09/30 21:10:33 - mmengine - INFO - paramwise_options -- backbone.stages.2.blocks.1.norm2.bias:weight_decay=0.05
09/30 21:10:33 - mmengine - INFO - paramwise_options -- backbone.stages.2.blocks.1.norm2.bias:lr_mult=0.1
09/30 21:10:33 - mmengine - INFO - paramwise_options -- backbone.stages.2.blocks.1.norm2.bias:decay_mult=1.0
09/30 21:10:33 - mmengine - INFO - paramwise_options -- backbone.stages.2.blocks.1.ffn.layers.0.0.weight:lr=1e-05
09/30 21:10:33 - mmengine - INFO - paramwise_options -- backbone.stages.2.blocks.1.ffn.layers.0.0.weight:weight_decay=0.05
09/30 21:10:33 - mmengine - INFO - paramwise_options -- backbone.stages.2.blocks.1.ffn.layers.0.0.weight:lr_mult=0.1
09/30 21:10:33 - mmengine - INFO - paramwise_options -- backbone.stages.2.blocks.1.ffn.layers.0.0.weight:decay_mult=1.0
09/30 21:10:33 - mmengine - INFO - paramwise_options -- backbone.stages.2.blocks.1.ffn.layers.0.0.bias:lr=1e-05
09/30 21:10:33 - mmengine - INFO - paramwise_options -- backbone.stages.2.blocks.1.ffn.layers.0.0.bias:weight_decay=0.05
09/30 21:10:33 - mmengine - INFO - paramwise_options -- backbone.stages.2.blocks.1.ffn.layers.0.0.bias:lr_mult=0.1
09/30 21:10:33 - mmengine - INFO - paramwise_options -- backbone.stages.2.blocks.1.ffn.layers.0.0.bias:decay_mult=1.0
09/30 21:10:33 - mmengine - INFO - paramwise_options -- backbone.stages.2.blocks.1.ffn.layers.1.weight:lr=1e-05
09/30 21:10:33 - mmengine - INFO - paramwise_options -- backbone.stages.2.blocks.1.ffn.layers.1.weight:weight_decay=0.05
09/30 21:10:33 - mmengine - INFO - paramwise_options -- backbone.stages.2.blocks.1.ffn.layers.1.weight:lr_mult=0.1
09/30 21:10:33 - mmengine - INFO - paramwise_options -- backbone.stages.2.blocks.1.ffn.layers.1.weight:decay_mult=1.0
09/30 21:10:33 - mmengine - INFO - paramwise_options -- backbone.stages.2.blocks.1.ffn.layers.1.bias:lr=1e-05
09/30 21:10:33 - mmengine - INFO - paramwise_options -- backbone.stages.2.blocks.1.ffn.layers.1.bias:weight_decay=0.05
09/30 21:10:33 - mmengine - INFO - paramwise_options -- backbone.stages.2.blocks.1.ffn.layers.1.bias:lr_mult=0.1
09/30 21:10:33 - mmengine - INFO - paramwise_options -- backbone.stages.2.blocks.1.ffn.layers.1.bias:decay_mult=1.0
09/30 21:10:33 - mmengine - INFO - paramwise_options -- backbone.stages.2.blocks.2.norm1.weight:lr=1e-05
09/30 21:10:33 - mmengine - INFO - paramwise_options -- backbone.stages.2.blocks.2.norm1.weight:weight_decay=0.05
09/30 21:10:33 - mmengine - INFO - paramwise_options -- backbone.stages.2.blocks.2.norm1.weight:lr_mult=0.1
09/30 21:10:33 - mmengine - INFO - paramwise_options -- backbone.stages.2.blocks.2.norm1.weight:decay_mult=1.0
09/30 21:10:33 - mmengine - INFO - paramwise_options -- backbone.stages.2.blocks.2.norm1.bias:lr=1e-05
09/30 21:10:33 - mmengine - INFO - paramwise_options -- backbone.stages.2.blocks.2.norm1.bias:weight_decay=0.05
09/30 21:10:33 - mmengine - INFO - paramwise_options -- backbone.stages.2.blocks.2.norm1.bias:lr_mult=0.1
09/30 21:10:33 - mmengine - INFO - paramwise_options -- backbone.stages.2.blocks.2.norm1.bias:decay_mult=1.0
09/30 21:10:33 - mmengine - INFO - paramwise_options -- backbone.stages.2.blocks.2.attn.w_msa.relative_position_bias_table:lr=0.0001
09/30 21:10:33 - mmengine - INFO - paramwise_options -- backbone.stages.2.blocks.2.attn.w_msa.relative_position_bias_table:weight_decay=0.0
09/30 21:10:33 - mmengine - INFO - paramwise_options -- backbone.stages.2.blocks.2.attn.w_msa.relative_position_bias_table:decay_mult=0.0
09/30 21:10:33 - mmengine - INFO - paramwise_options -- backbone.stages.2.blocks.2.attn.w_msa.qkv.weight:lr=1e-05
09/30 21:10:33 - mmengine - INFO - paramwise_options -- backbone.stages.2.blocks.2.attn.w_msa.qkv.weight:weight_decay=0.05
09/30 21:10:33 - mmengine - INFO - paramwise_options -- backbone.stages.2.blocks.2.attn.w_msa.qkv.weight:lr_mult=0.1
09/30 21:10:33 - mmengine - INFO - paramwise_options -- backbone.stages.2.blocks.2.attn.w_msa.qkv.weight:decay_mult=1.0
09/30 21:10:33 - mmengine - INFO - paramwise_options -- backbone.stages.2.blocks.2.attn.w_msa.qkv.bias:lr=1e-05
09/30 21:10:33 - mmengine - INFO - paramwise_options -- backbone.stages.2.blocks.2.attn.w_msa.qkv.bias:weight_decay=0.05
09/30 21:10:33 - mmengine - INFO - paramwise_options -- backbone.stages.2.blocks.2.attn.w_msa.qkv.bias:lr_mult=0.1
09/30 21:10:33 - mmengine - INFO - paramwise_options -- backbone.stages.2.blocks.2.attn.w_msa.qkv.bias:decay_mult=1.0
09/30 21:10:33 - mmengine - INFO - paramwise_options -- backbone.stages.2.blocks.2.attn.w_msa.proj.weight:lr=1e-05
09/30 21:10:33 - mmengine - INFO - paramwise_options -- backbone.stages.2.blocks.2.attn.w_msa.proj.weight:weight_decay=0.05
09/30 21:10:33 - mmengine - INFO - paramwise_options -- backbone.stages.2.blocks.2.attn.w_msa.proj.weight:lr_mult=0.1
09/30 21:10:33 - mmengine - INFO - paramwise_options -- backbone.stages.2.blocks.2.attn.w_msa.proj.weight:decay_mult=1.0
09/30 21:10:33 - mmengine - INFO - paramwise_options -- backbone.stages.2.blocks.2.attn.w_msa.proj.bias:lr=1e-05
09/30 21:10:33 - mmengine - INFO - paramwise_options -- backbone.stages.2.blocks.2.attn.w_msa.proj.bias:weight_decay=0.05
09/30 21:10:33 - mmengine - INFO - paramwise_options -- backbone.stages.2.blocks.2.attn.w_msa.proj.bias:lr_mult=0.1
09/30 21:10:33 - mmengine - INFO - paramwise_options -- backbone.stages.2.blocks.2.attn.w_msa.proj.bias:decay_mult=1.0
09/30 21:10:33 - mmengine - INFO - paramwise_options -- backbone.stages.2.blocks.2.norm2.weight:lr=1e-05
09/30 21:10:33 - mmengine - INFO - paramwise_options -- backbone.stages.2.blocks.2.norm2.weight:weight_decay=0.05
09/30 21:10:33 - mmengine - INFO - paramwise_options -- backbone.stages.2.blocks.2.norm2.weight:lr_mult=0.1
09/30 21:10:33 - mmengine - INFO - paramwise_options -- backbone.stages.2.blocks.2.norm2.weight:decay_mult=1.0
09/30 21:10:33 - mmengine - INFO - paramwise_options -- backbone.stages.2.blocks.2.norm2.bias:lr=1e-05
09/30 21:10:33 - mmengine - INFO - paramwise_options -- backbone.stages.2.blocks.2.norm2.bias:weight_decay=0.05
09/30 21:10:33 - mmengine - INFO - paramwise_options -- backbone.stages.2.blocks.2.norm2.bias:lr_mult=0.1
09/30 21:10:33 - mmengine - INFO - paramwise_options -- backbone.stages.2.blocks.2.norm2.bias:decay_mult=1.0
09/30 21:10:33 - mmengine - INFO - paramwise_options -- backbone.stages.2.blocks.2.ffn.layers.0.0.weight:lr=1e-05
09/30 21:10:33 - mmengine - INFO - paramwise_options -- backbone.stages.2.blocks.2.ffn.layers.0.0.weight:weight_decay=0.05
09/30 21:10:33 - mmengine - INFO - paramwise_options -- backbone.stages.2.blocks.2.ffn.layers.0.0.weight:lr_mult=0.1
09/30 21:10:33 - mmengine - INFO - paramwise_options -- backbone.stages.2.blocks.2.ffn.layers.0.0.weight:decay_mult=1.0
09/30 21:10:33 - mmengine - INFO - paramwise_options -- backbone.stages.2.blocks.2.ffn.layers.0.0.bias:lr=1e-05
09/30 21:10:33 - mmengine - INFO - paramwise_options -- backbone.stages.2.blocks.2.ffn.layers.0.0.bias:weight_decay=0.05
09/30 21:10:33 - mmengine - INFO - paramwise_options -- backbone.stages.2.blocks.2.ffn.layers.0.0.bias:lr_mult=0.1
09/30 21:10:33 - mmengine - INFO - paramwise_options -- backbone.stages.2.blocks.2.ffn.layers.0.0.bias:decay_mult=1.0
09/30 21:10:33 - mmengine - INFO - paramwise_options -- backbone.stages.2.blocks.2.ffn.layers.1.weight:lr=1e-05
09/30 21:10:33 - mmengine - INFO - paramwise_options -- backbone.stages.2.blocks.2.ffn.layers.1.weight:weight_decay=0.05
09/30 21:10:33 - mmengine - INFO - paramwise_options -- backbone.stages.2.blocks.2.ffn.layers.1.weight:lr_mult=0.1
09/30 21:10:33 - mmengine - INFO - paramwise_options -- backbone.stages.2.blocks.2.ffn.layers.1.weight:decay_mult=1.0
09/30 21:10:33 - mmengine - INFO - paramwise_options -- backbone.stages.2.blocks.2.ffn.layers.1.bias:lr=1e-05
09/30 21:10:33 - mmengine - INFO - paramwise_options -- backbone.stages.2.blocks.2.ffn.layers.1.bias:weight_decay=0.05
09/30 21:10:33 - mmengine - INFO - paramwise_options -- backbone.stages.2.blocks.2.ffn.layers.1.bias:lr_mult=0.1
09/30 21:10:33 - mmengine - INFO - paramwise_options -- backbone.stages.2.blocks.2.ffn.layers.1.bias:decay_mult=1.0
09/30 21:10:33 - mmengine - INFO - paramwise_options -- backbone.stages.2.blocks.3.norm1.weight:lr=1e-05
09/30 21:10:33 - mmengine - INFO - paramwise_options -- backbone.stages.2.blocks.3.norm1.weight:weight_decay=0.05
09/30 21:10:33 - mmengine - INFO - paramwise_options -- backbone.stages.2.blocks.3.norm1.weight:lr_mult=0.1
09/30 21:10:33 - mmengine - INFO - paramwise_options -- backbone.stages.2.blocks.3.norm1.weight:decay_mult=1.0
09/30 21:10:33 - mmengine - INFO - paramwise_options -- backbone.stages.2.blocks.3.norm1.bias:lr=1e-05
09/30 21:10:33 - mmengine - INFO - paramwise_options -- backbone.stages.2.blocks.3.norm1.bias:weight_decay=0.05
09/30 21:10:33 - mmengine - INFO - paramwise_options -- backbone.stages.2.blocks.3.norm1.bias:lr_mult=0.1
09/30 21:10:33 - mmengine - INFO - paramwise_options -- backbone.stages.2.blocks.3.norm1.bias:decay_mult=1.0
09/30 21:10:33 - mmengine - INFO - paramwise_options -- backbone.stages.2.blocks.3.attn.w_msa.relative_position_bias_table:lr=0.0001
09/30 21:10:33 - mmengine - INFO - paramwise_options -- backbone.stages.2.blocks.3.attn.w_msa.relative_position_bias_table:weight_decay=0.0
09/30 21:10:33 - mmengine - INFO - paramwise_options -- backbone.stages.2.blocks.3.attn.w_msa.relative_position_bias_table:decay_mult=0.0
09/30 21:10:33 - mmengine - INFO - paramwise_options -- backbone.stages.2.blocks.3.attn.w_msa.qkv.weight:lr=1e-05
09/30 21:10:33 - mmengine - INFO - paramwise_options -- backbone.stages.2.blocks.3.attn.w_msa.qkv.weight:weight_decay=0.05
09/30 21:10:33 - mmengine - INFO - paramwise_options -- backbone.stages.2.blocks.3.attn.w_msa.qkv.weight:lr_mult=0.1
09/30 21:10:33 - mmengine - INFO - paramwise_options -- backbone.stages.2.blocks.3.attn.w_msa.qkv.weight:decay_mult=1.0
09/30 21:10:33 - mmengine - INFO - paramwise_options -- backbone.stages.2.blocks.3.attn.w_msa.qkv.bias:lr=1e-05
09/30 21:10:33 - mmengine - INFO - paramwise_options -- backbone.stages.2.blocks.3.attn.w_msa.qkv.bias:weight_decay=0.05
09/30 21:10:33 - mmengine - INFO - paramwise_options -- backbone.stages.2.blocks.3.attn.w_msa.qkv.bias:lr_mult=0.1
09/30 21:10:33 - mmengine - INFO - paramwise_options -- backbone.stages.2.blocks.3.attn.w_msa.qkv.bias:decay_mult=1.0
09/30 21:10:33 - mmengine - INFO - paramwise_options -- backbone.stages.2.blocks.3.attn.w_msa.proj.weight:lr=1e-05
09/30 21:10:33 - mmengine - INFO - paramwise_options -- backbone.stages.2.blocks.3.attn.w_msa.proj.weight:weight_decay=0.05
09/30 21:10:33 - mmengine - INFO - paramwise_options -- backbone.stages.2.blocks.3.attn.w_msa.proj.weight:lr_mult=0.1
09/30 21:10:33 - mmengine - INFO - paramwise_options -- backbone.stages.2.blocks.3.attn.w_msa.proj.weight:decay_mult=1.0
09/30 21:10:33 - mmengine - INFO - paramwise_options -- backbone.stages.2.blocks.3.attn.w_msa.proj.bias:lr=1e-05
09/30 21:10:33 - mmengine - INFO - paramwise_options -- backbone.stages.2.blocks.3.attn.w_msa.proj.bias:weight_decay=0.05
09/30 21:10:33 - mmengine - INFO - paramwise_options -- backbone.stages.2.blocks.3.attn.w_msa.proj.bias:lr_mult=0.1
09/30 21:10:33 - mmengine - INFO - paramwise_options -- backbone.stages.2.blocks.3.attn.w_msa.proj.bias:decay_mult=1.0
09/30 21:10:33 - mmengine - INFO - paramwise_options -- backbone.stages.2.blocks.3.norm2.weight:lr=1e-05
09/30 21:10:33 - mmengine - INFO - paramwise_options -- backbone.stages.2.blocks.3.norm2.weight:weight_decay=0.05
09/30 21:10:33 - mmengine - INFO - paramwise_options -- backbone.stages.2.blocks.3.norm2.weight:lr_mult=0.1
09/30 21:10:33 - mmengine - INFO - paramwise_options -- backbone.stages.2.blocks.3.norm2.weight:decay_mult=1.0
09/30 21:10:33 - mmengine - INFO - paramwise_options -- backbone.stages.2.blocks.3.norm2.bias:lr=1e-05
09/30 21:10:33 - mmengine - INFO - paramwise_options -- backbone.stages.2.blocks.3.norm2.bias:weight_decay=0.05
09/30 21:10:33 - mmengine - INFO - paramwise_options -- backbone.stages.2.blocks.3.norm2.bias:lr_mult=0.1
09/30 21:10:33 - mmengine - INFO - paramwise_options -- backbone.stages.2.blocks.3.norm2.bias:decay_mult=1.0
09/30 21:10:33 - mmengine - INFO - paramwise_options -- backbone.stages.2.blocks.3.ffn.layers.0.0.weight:lr=1e-05
09/30 21:10:33 - mmengine - INFO - paramwise_options -- backbone.stages.2.blocks.3.ffn.layers.0.0.weight:weight_decay=0.05
09/30 21:10:33 - mmengine - INFO - paramwise_options -- backbone.stages.2.blocks.3.ffn.layers.0.0.weight:lr_mult=0.1
09/30 21:10:33 - mmengine - INFO - paramwise_options -- backbone.stages.2.blocks.3.ffn.layers.0.0.weight:decay_mult=1.0
09/30 21:10:33 - mmengine - INFO - paramwise_options -- backbone.stages.2.blocks.3.ffn.layers.0.0.bias:lr=1e-05
09/30 21:10:33 - mmengine - INFO - paramwise_options -- backbone.stages.2.blocks.3.ffn.layers.0.0.bias:weight_decay=0.05
09/30 21:10:33 - mmengine - INFO - paramwise_options -- backbone.stages.2.blocks.3.ffn.layers.0.0.bias:lr_mult=0.1
09/30 21:10:33 - mmengine - INFO - paramwise_options -- backbone.stages.2.blocks.3.ffn.layers.0.0.bias:decay_mult=1.0
09/30 21:10:33 - mmengine - INFO - paramwise_options -- backbone.stages.2.blocks.3.ffn.layers.1.weight:lr=1e-05
09/30 21:10:33 - mmengine - INFO - paramwise_options -- backbone.stages.2.blocks.3.ffn.layers.1.weight:weight_decay=0.05
09/30 21:10:33 - mmengine - INFO - paramwise_options -- backbone.stages.2.blocks.3.ffn.layers.1.weight:lr_mult=0.1
09/30 21:10:33 - mmengine - INFO - paramwise_options -- backbone.stages.2.blocks.3.ffn.layers.1.weight:decay_mult=1.0
09/30 21:10:33 - mmengine - INFO - paramwise_options -- backbone.stages.2.blocks.3.ffn.layers.1.bias:lr=1e-05
09/30 21:10:33 - mmengine - INFO - paramwise_options -- backbone.stages.2.blocks.3.ffn.layers.1.bias:weight_decay=0.05
09/30 21:10:33 - mmengine - INFO - paramwise_options -- backbone.stages.2.blocks.3.ffn.layers.1.bias:lr_mult=0.1
09/30 21:10:33 - mmengine - INFO - paramwise_options -- backbone.stages.2.blocks.3.ffn.layers.1.bias:decay_mult=1.0
09/30 21:10:33 - mmengine - INFO - paramwise_options -- backbone.stages.2.blocks.4.norm1.weight:lr=1e-05
09/30 21:10:33 - mmengine - INFO - paramwise_options -- backbone.stages.2.blocks.4.norm1.weight:weight_decay=0.05
09/30 21:10:33 - mmengine - INFO - paramwise_options -- backbone.stages.2.blocks.4.norm1.weight:lr_mult=0.1
09/30 21:10:33 - mmengine - INFO - paramwise_options -- backbone.stages.2.blocks.4.norm1.weight:decay_mult=1.0
09/30 21:10:33 - mmengine - INFO - paramwise_options -- backbone.stages.2.blocks.4.norm1.bias:lr=1e-05
09/30 21:10:33 - mmengine - INFO - paramwise_options -- backbone.stages.2.blocks.4.norm1.bias:weight_decay=0.05
09/30 21:10:33 - mmengine - INFO - paramwise_options -- backbone.stages.2.blocks.4.norm1.bias:lr_mult=0.1
09/30 21:10:33 - mmengine - INFO - paramwise_options -- backbone.stages.2.blocks.4.norm1.bias:decay_mult=1.0
09/30 21:10:33 - mmengine - INFO - paramwise_options -- backbone.stages.2.blocks.4.attn.w_msa.relative_position_bias_table:lr=0.0001
09/30 21:10:33 - mmengine - INFO - paramwise_options -- backbone.stages.2.blocks.4.attn.w_msa.relative_position_bias_table:weight_decay=0.0
09/30 21:10:33 - mmengine - INFO - paramwise_options -- backbone.stages.2.blocks.4.attn.w_msa.relative_position_bias_table:decay_mult=0.0
09/30 21:10:33 - mmengine - INFO - paramwise_options -- backbone.stages.2.blocks.4.attn.w_msa.qkv.weight:lr=1e-05
09/30 21:10:33 - mmengine - INFO - paramwise_options -- backbone.stages.2.blocks.4.attn.w_msa.qkv.weight:weight_decay=0.05
09/30 21:10:33 - mmengine - INFO - paramwise_options -- backbone.stages.2.blocks.4.attn.w_msa.qkv.weight:lr_mult=0.1
09/30 21:10:33 - mmengine - INFO - paramwise_options -- backbone.stages.2.blocks.4.attn.w_msa.qkv.weight:decay_mult=1.0
09/30 21:10:33 - mmengine - INFO - paramwise_options -- backbone.stages.2.blocks.4.attn.w_msa.qkv.bias:lr=1e-05
09/30 21:10:33 - mmengine - INFO - paramwise_options -- backbone.stages.2.blocks.4.attn.w_msa.qkv.bias:weight_decay=0.05
09/30 21:10:33 - mmengine - INFO - paramwise_options -- backbone.stages.2.blocks.4.attn.w_msa.qkv.bias:lr_mult=0.1
09/30 21:10:33 - mmengine - INFO - paramwise_options -- backbone.stages.2.blocks.4.attn.w_msa.qkv.bias:decay_mult=1.0
09/30 21:10:33 - mmengine - INFO - paramwise_options -- backbone.stages.2.blocks.4.attn.w_msa.proj.weight:lr=1e-05
09/30 21:10:33 - mmengine - INFO - paramwise_options -- backbone.stages.2.blocks.4.attn.w_msa.proj.weight:weight_decay=0.05
09/30 21:10:33 - mmengine - INFO - paramwise_options -- backbone.stages.2.blocks.4.attn.w_msa.proj.weight:lr_mult=0.1
09/30 21:10:33 - mmengine - INFO - paramwise_options -- backbone.stages.2.blocks.4.attn.w_msa.proj.weight:decay_mult=1.0
09/30 21:10:33 - mmengine - INFO - paramwise_options -- backbone.stages.2.blocks.4.attn.w_msa.proj.bias:lr=1e-05
09/30 21:10:33 - mmengine - INFO - paramwise_options -- backbone.stages.2.blocks.4.attn.w_msa.proj.bias:weight_decay=0.05
09/30 21:10:33 - mmengine - INFO - paramwise_options -- backbone.stages.2.blocks.4.attn.w_msa.proj.bias:lr_mult=0.1
09/30 21:10:33 - mmengine - INFO - paramwise_options -- backbone.stages.2.blocks.4.attn.w_msa.proj.bias:decay_mult=1.0
09/30 21:10:33 - mmengine - INFO - paramwise_options -- backbone.stages.2.blocks.4.norm2.weight:lr=1e-05
09/30 21:10:33 - mmengine - INFO - paramwise_options -- backbone.stages.2.blocks.4.norm2.weight:weight_decay=0.05
09/30 21:10:33 - mmengine - INFO - paramwise_options -- backbone.stages.2.blocks.4.norm2.weight:lr_mult=0.1
09/30 21:10:33 - mmengine - INFO - paramwise_options -- backbone.stages.2.blocks.4.norm2.weight:decay_mult=1.0
09/30 21:10:33 - mmengine - INFO - paramwise_options -- backbone.stages.2.blocks.4.norm2.bias:lr=1e-05
09/30 21:10:33 - mmengine - INFO - paramwise_options -- backbone.stages.2.blocks.4.norm2.bias:weight_decay=0.05
09/30 21:10:33 - mmengine - INFO - paramwise_options -- backbone.stages.2.blocks.4.norm2.bias:lr_mult=0.1
09/30 21:10:33 - mmengine - INFO - paramwise_options -- backbone.stages.2.blocks.4.norm2.bias:decay_mult=1.0
09/30 21:10:33 - mmengine - INFO - paramwise_options -- backbone.stages.2.blocks.4.ffn.layers.0.0.weight:lr=1e-05
09/30 21:10:33 - mmengine - INFO - paramwise_options -- backbone.stages.2.blocks.4.ffn.layers.0.0.weight:weight_decay=0.05
09/30 21:10:33 - mmengine - INFO - paramwise_options -- backbone.stages.2.blocks.4.ffn.layers.0.0.weight:lr_mult=0.1
09/30 21:10:33 - mmengine - INFO - paramwise_options -- backbone.stages.2.blocks.4.ffn.layers.0.0.weight:decay_mult=1.0
09/30 21:10:33 - mmengine - INFO - paramwise_options -- backbone.stages.2.blocks.4.ffn.layers.0.0.bias:lr=1e-05
09/30 21:10:33 - mmengine - INFO - paramwise_options -- backbone.stages.2.blocks.4.ffn.layers.0.0.bias:weight_decay=0.05
09/30 21:10:33 - mmengine - INFO - paramwise_options -- backbone.stages.2.blocks.4.ffn.layers.0.0.bias:lr_mult=0.1
09/30 21:10:33 - mmengine - INFO - paramwise_options -- backbone.stages.2.blocks.4.ffn.layers.0.0.bias:decay_mult=1.0
09/30 21:10:33 - mmengine - INFO - paramwise_options -- backbone.stages.2.blocks.4.ffn.layers.1.weight:lr=1e-05
09/30 21:10:33 - mmengine - INFO - paramwise_options -- backbone.stages.2.blocks.4.ffn.layers.1.weight:weight_decay=0.05
09/30 21:10:33 - mmengine - INFO - paramwise_options -- backbone.stages.2.blocks.4.ffn.layers.1.weight:lr_mult=0.1
09/30 21:10:33 - mmengine - INFO - paramwise_options -- backbone.stages.2.blocks.4.ffn.layers.1.weight:decay_mult=1.0
09/30 21:10:33 - mmengine - INFO - paramwise_options -- backbone.stages.2.blocks.4.ffn.layers.1.bias:lr=1e-05
09/30 21:10:33 - mmengine - INFO - paramwise_options -- backbone.stages.2.blocks.4.ffn.layers.1.bias:weight_decay=0.05
09/30 21:10:33 - mmengine - INFO - paramwise_options -- backbone.stages.2.blocks.4.ffn.layers.1.bias:lr_mult=0.1
09/30 21:10:33 - mmengine - INFO - paramwise_options -- backbone.stages.2.blocks.4.ffn.layers.1.bias:decay_mult=1.0
09/30 21:10:33 - mmengine - INFO - paramwise_options -- backbone.stages.2.blocks.5.norm1.weight:lr=1e-05
09/30 21:10:33 - mmengine - INFO - paramwise_options -- backbone.stages.2.blocks.5.norm1.weight:weight_decay=0.05
09/30 21:10:33 - mmengine - INFO - paramwise_options -- backbone.stages.2.blocks.5.norm1.weight:lr_mult=0.1
09/30 21:10:33 - mmengine - INFO - paramwise_options -- backbone.stages.2.blocks.5.norm1.weight:decay_mult=1.0
09/30 21:10:33 - mmengine - INFO - paramwise_options -- backbone.stages.2.blocks.5.norm1.bias:lr=1e-05
09/30 21:10:33 - mmengine - INFO - paramwise_options -- backbone.stages.2.blocks.5.norm1.bias:weight_decay=0.05
09/30 21:10:33 - mmengine - INFO - paramwise_options -- backbone.stages.2.blocks.5.norm1.bias:lr_mult=0.1
09/30 21:10:33 - mmengine - INFO - paramwise_options -- backbone.stages.2.blocks.5.norm1.bias:decay_mult=1.0
09/30 21:10:33 - mmengine - INFO - paramwise_options -- backbone.stages.2.blocks.5.attn.w_msa.relative_position_bias_table:lr=0.0001
09/30 21:10:33 - mmengine - INFO - paramwise_options -- backbone.stages.2.blocks.5.attn.w_msa.relative_position_bias_table:weight_decay=0.0
09/30 21:10:33 - mmengine - INFO - paramwise_options -- backbone.stages.2.blocks.5.attn.w_msa.relative_position_bias_table:decay_mult=0.0
09/30 21:10:33 - mmengine - INFO - paramwise_options -- backbone.stages.2.blocks.5.attn.w_msa.qkv.weight:lr=1e-05
09/30 21:10:33 - mmengine - INFO - paramwise_options -- backbone.stages.2.blocks.5.attn.w_msa.qkv.weight:weight_decay=0.05
09/30 21:10:33 - mmengine - INFO - paramwise_options -- backbone.stages.2.blocks.5.attn.w_msa.qkv.weight:lr_mult=0.1
09/30 21:10:33 - mmengine - INFO - paramwise_options -- backbone.stages.2.blocks.5.attn.w_msa.qkv.weight:decay_mult=1.0
09/30 21:10:33 - mmengine - INFO - paramwise_options -- backbone.stages.2.blocks.5.attn.w_msa.qkv.bias:lr=1e-05
09/30 21:10:33 - mmengine - INFO - paramwise_options -- backbone.stages.2.blocks.5.attn.w_msa.qkv.bias:weight_decay=0.05
09/30 21:10:33 - mmengine - INFO - paramwise_options -- backbone.stages.2.blocks.5.attn.w_msa.qkv.bias:lr_mult=0.1
09/30 21:10:33 - mmengine - INFO - paramwise_options -- backbone.stages.2.blocks.5.attn.w_msa.qkv.bias:decay_mult=1.0
09/30 21:10:33 - mmengine - INFO - paramwise_options -- backbone.stages.2.blocks.5.attn.w_msa.proj.weight:lr=1e-05
09/30 21:10:33 - mmengine - INFO - paramwise_options -- backbone.stages.2.blocks.5.attn.w_msa.proj.weight:weight_decay=0.05
09/30 21:10:33 - mmengine - INFO - paramwise_options -- backbone.stages.2.blocks.5.attn.w_msa.proj.weight:lr_mult=0.1
09/30 21:10:33 - mmengine - INFO - paramwise_options -- backbone.stages.2.blocks.5.attn.w_msa.proj.weight:decay_mult=1.0
09/30 21:10:33 - mmengine - INFO - paramwise_options -- backbone.stages.2.blocks.5.attn.w_msa.proj.bias:lr=1e-05
09/30 21:10:33 - mmengine - INFO - paramwise_options -- backbone.stages.2.blocks.5.attn.w_msa.proj.bias:weight_decay=0.05
09/30 21:10:33 - mmengine - INFO - paramwise_options -- backbone.stages.2.blocks.5.attn.w_msa.proj.bias:lr_mult=0.1
09/30 21:10:33 - mmengine - INFO - paramwise_options -- backbone.stages.2.blocks.5.attn.w_msa.proj.bias:decay_mult=1.0
09/30 21:10:33 - mmengine - INFO - paramwise_options -- backbone.stages.2.blocks.5.norm2.weight:lr=1e-05
09/30 21:10:33 - mmengine - INFO - paramwise_options -- backbone.stages.2.blocks.5.norm2.weight:weight_decay=0.05
09/30 21:10:33 - mmengine - INFO - paramwise_options -- backbone.stages.2.blocks.5.norm2.weight:lr_mult=0.1
09/30 21:10:33 - mmengine - INFO - paramwise_options -- backbone.stages.2.blocks.5.norm2.weight:decay_mult=1.0
09/30 21:10:33 - mmengine - INFO - paramwise_options -- backbone.stages.2.blocks.5.norm2.bias:lr=1e-05
09/30 21:10:33 - mmengine - INFO - paramwise_options -- backbone.stages.2.blocks.5.norm2.bias:weight_decay=0.05
09/30 21:10:33 - mmengine - INFO - paramwise_options -- backbone.stages.2.blocks.5.norm2.bias:lr_mult=0.1
09/30 21:10:33 - mmengine - INFO - paramwise_options -- backbone.stages.2.blocks.5.norm2.bias:decay_mult=1.0
09/30 21:10:33 - mmengine - INFO - paramwise_options -- backbone.stages.2.blocks.5.ffn.layers.0.0.weight:lr=1e-05
09/30 21:10:33 - mmengine - INFO - paramwise_options -- backbone.stages.2.blocks.5.ffn.layers.0.0.weight:weight_decay=0.05
09/30 21:10:33 - mmengine - INFO - paramwise_options -- backbone.stages.2.blocks.5.ffn.layers.0.0.weight:lr_mult=0.1
09/30 21:10:33 - mmengine - INFO - paramwise_options -- backbone.stages.2.blocks.5.ffn.layers.0.0.weight:decay_mult=1.0
09/30 21:10:33 - mmengine - INFO - paramwise_options -- backbone.stages.2.blocks.5.ffn.layers.0.0.bias:lr=1e-05
09/30 21:10:33 - mmengine - INFO - paramwise_options -- backbone.stages.2.blocks.5.ffn.layers.0.0.bias:weight_decay=0.05
09/30 21:10:33 - mmengine - INFO - paramwise_options -- backbone.stages.2.blocks.5.ffn.layers.0.0.bias:lr_mult=0.1
09/30 21:10:33 - mmengine - INFO - paramwise_options -- backbone.stages.2.blocks.5.ffn.layers.0.0.bias:decay_mult=1.0
09/30 21:10:33 - mmengine - INFO - paramwise_options -- backbone.stages.2.blocks.5.ffn.layers.1.weight:lr=1e-05
09/30 21:10:33 - mmengine - INFO - paramwise_options -- backbone.stages.2.blocks.5.ffn.layers.1.weight:weight_decay=0.05
09/30 21:10:33 - mmengine - INFO - paramwise_options -- backbone.stages.2.blocks.5.ffn.layers.1.weight:lr_mult=0.1
09/30 21:10:33 - mmengine - INFO - paramwise_options -- backbone.stages.2.blocks.5.ffn.layers.1.weight:decay_mult=1.0
09/30 21:10:33 - mmengine - INFO - paramwise_options -- backbone.stages.2.blocks.5.ffn.layers.1.bias:lr=1e-05
09/30 21:10:33 - mmengine - INFO - paramwise_options -- backbone.stages.2.blocks.5.ffn.layers.1.bias:weight_decay=0.05
09/30 21:10:33 - mmengine - INFO - paramwise_options -- backbone.stages.2.blocks.5.ffn.layers.1.bias:lr_mult=0.1
09/30 21:10:33 - mmengine - INFO - paramwise_options -- backbone.stages.2.blocks.5.ffn.layers.1.bias:decay_mult=1.0
09/30 21:10:33 - mmengine - INFO - paramwise_options -- backbone.stages.2.blocks.6.norm1.weight:lr=1e-05
09/30 21:10:33 - mmengine - INFO - paramwise_options -- backbone.stages.2.blocks.6.norm1.weight:weight_decay=0.05
09/30 21:10:33 - mmengine - INFO - paramwise_options -- backbone.stages.2.blocks.6.norm1.weight:lr_mult=0.1
09/30 21:10:33 - mmengine - INFO - paramwise_options -- backbone.stages.2.blocks.6.norm1.weight:decay_mult=1.0
09/30 21:10:33 - mmengine - INFO - paramwise_options -- backbone.stages.2.blocks.6.norm1.bias:lr=1e-05
09/30 21:10:33 - mmengine - INFO - paramwise_options -- backbone.stages.2.blocks.6.norm1.bias:weight_decay=0.05
09/30 21:10:33 - mmengine - INFO - paramwise_options -- backbone.stages.2.blocks.6.norm1.bias:lr_mult=0.1
09/30 21:10:33 - mmengine - INFO - paramwise_options -- backbone.stages.2.blocks.6.norm1.bias:decay_mult=1.0
09/30 21:10:33 - mmengine - INFO - paramwise_options -- backbone.stages.2.blocks.6.attn.w_msa.relative_position_bias_table:lr=0.0001
09/30 21:10:33 - mmengine - INFO - paramwise_options -- backbone.stages.2.blocks.6.attn.w_msa.relative_position_bias_table:weight_decay=0.0
09/30 21:10:33 - mmengine - INFO - paramwise_options -- backbone.stages.2.blocks.6.attn.w_msa.relative_position_bias_table:decay_mult=0.0
09/30 21:10:33 - mmengine - INFO - paramwise_options -- backbone.stages.2.blocks.6.attn.w_msa.qkv.weight:lr=1e-05
09/30 21:10:33 - mmengine - INFO - paramwise_options -- backbone.stages.2.blocks.6.attn.w_msa.qkv.weight:weight_decay=0.05
09/30 21:10:33 - mmengine - INFO - paramwise_options -- backbone.stages.2.blocks.6.attn.w_msa.qkv.weight:lr_mult=0.1
09/30 21:10:33 - mmengine - INFO - paramwise_options -- backbone.stages.2.blocks.6.attn.w_msa.qkv.weight:decay_mult=1.0
09/30 21:10:33 - mmengine - INFO - paramwise_options -- backbone.stages.2.blocks.6.attn.w_msa.qkv.bias:lr=1e-05
09/30 21:10:33 - mmengine - INFO - paramwise_options -- backbone.stages.2.blocks.6.attn.w_msa.qkv.bias:weight_decay=0.05
09/30 21:10:33 - mmengine - INFO - paramwise_options -- backbone.stages.2.blocks.6.attn.w_msa.qkv.bias:lr_mult=0.1
09/30 21:10:33 - mmengine - INFO - paramwise_options -- backbone.stages.2.blocks.6.attn.w_msa.qkv.bias:decay_mult=1.0
09/30 21:10:33 - mmengine - INFO - paramwise_options -- backbone.stages.2.blocks.6.attn.w_msa.proj.weight:lr=1e-05
09/30 21:10:33 - mmengine - INFO - paramwise_options -- backbone.stages.2.blocks.6.attn.w_msa.proj.weight:weight_decay=0.05
09/30 21:10:33 - mmengine - INFO - paramwise_options -- backbone.stages.2.blocks.6.attn.w_msa.proj.weight:lr_mult=0.1
09/30 21:10:33 - mmengine - INFO - paramwise_options -- backbone.stages.2.blocks.6.attn.w_msa.proj.weight:decay_mult=1.0
09/30 21:10:33 - mmengine - INFO - paramwise_options -- backbone.stages.2.blocks.6.attn.w_msa.proj.bias:lr=1e-05
09/30 21:10:33 - mmengine - INFO - paramwise_options -- backbone.stages.2.blocks.6.attn.w_msa.proj.bias:weight_decay=0.05
09/30 21:10:33 - mmengine - INFO - paramwise_options -- backbone.stages.2.blocks.6.attn.w_msa.proj.bias:lr_mult=0.1
09/30 21:10:33 - mmengine - INFO - paramwise_options -- backbone.stages.2.blocks.6.attn.w_msa.proj.bias:decay_mult=1.0
09/30 21:10:33 - mmengine - INFO - paramwise_options -- backbone.stages.2.blocks.6.norm2.weight:lr=1e-05
09/30 21:10:33 - mmengine - INFO - paramwise_options -- backbone.stages.2.blocks.6.norm2.weight:weight_decay=0.05
09/30 21:10:33 - mmengine - INFO - paramwise_options -- backbone.stages.2.blocks.6.norm2.weight:lr_mult=0.1
09/30 21:10:33 - mmengine - INFO - paramwise_options -- backbone.stages.2.blocks.6.norm2.weight:decay_mult=1.0
09/30 21:10:33 - mmengine - INFO - paramwise_options -- backbone.stages.2.blocks.6.norm2.bias:lr=1e-05
09/30 21:10:33 - mmengine - INFO - paramwise_options -- backbone.stages.2.blocks.6.norm2.bias:weight_decay=0.05
09/30 21:10:33 - mmengine - INFO - paramwise_options -- backbone.stages.2.blocks.6.norm2.bias:lr_mult=0.1
09/30 21:10:33 - mmengine - INFO - paramwise_options -- backbone.stages.2.blocks.6.norm2.bias:decay_mult=1.0
09/30 21:10:33 - mmengine - INFO - paramwise_options -- backbone.stages.2.blocks.6.ffn.layers.0.0.weight:lr=1e-05
09/30 21:10:33 - mmengine - INFO - paramwise_options -- backbone.stages.2.blocks.6.ffn.layers.0.0.weight:weight_decay=0.05
09/30 21:10:33 - mmengine - INFO - paramwise_options -- backbone.stages.2.blocks.6.ffn.layers.0.0.weight:lr_mult=0.1
09/30 21:10:33 - mmengine - INFO - paramwise_options -- backbone.stages.2.blocks.6.ffn.layers.0.0.weight:decay_mult=1.0
09/30 21:10:33 - mmengine - INFO - paramwise_options -- backbone.stages.2.blocks.6.ffn.layers.0.0.bias:lr=1e-05
09/30 21:10:33 - mmengine - INFO - paramwise_options -- backbone.stages.2.blocks.6.ffn.layers.0.0.bias:weight_decay=0.05
09/30 21:10:33 - mmengine - INFO - paramwise_options -- backbone.stages.2.blocks.6.ffn.layers.0.0.bias:lr_mult=0.1
09/30 21:10:33 - mmengine - INFO - paramwise_options -- backbone.stages.2.blocks.6.ffn.layers.0.0.bias:decay_mult=1.0
09/30 21:10:33 - mmengine - INFO - paramwise_options -- backbone.stages.2.blocks.6.ffn.layers.1.weight:lr=1e-05
09/30 21:10:33 - mmengine - INFO - paramwise_options -- backbone.stages.2.blocks.6.ffn.layers.1.weight:weight_decay=0.05
09/30 21:10:33 - mmengine - INFO - paramwise_options -- backbone.stages.2.blocks.6.ffn.layers.1.weight:lr_mult=0.1
09/30 21:10:33 - mmengine - INFO - paramwise_options -- backbone.stages.2.blocks.6.ffn.layers.1.weight:decay_mult=1.0
09/30 21:10:33 - mmengine - INFO - paramwise_options -- backbone.stages.2.blocks.6.ffn.layers.1.bias:lr=1e-05
09/30 21:10:33 - mmengine - INFO - paramwise_options -- backbone.stages.2.blocks.6.ffn.layers.1.bias:weight_decay=0.05
09/30 21:10:33 - mmengine - INFO - paramwise_options -- backbone.stages.2.blocks.6.ffn.layers.1.bias:lr_mult=0.1
09/30 21:10:33 - mmengine - INFO - paramwise_options -- backbone.stages.2.blocks.6.ffn.layers.1.bias:decay_mult=1.0
09/30 21:10:33 - mmengine - INFO - paramwise_options -- backbone.stages.2.blocks.7.norm1.weight:lr=1e-05
09/30 21:10:33 - mmengine - INFO - paramwise_options -- backbone.stages.2.blocks.7.norm1.weight:weight_decay=0.05
09/30 21:10:33 - mmengine - INFO - paramwise_options -- backbone.stages.2.blocks.7.norm1.weight:lr_mult=0.1
09/30 21:10:33 - mmengine - INFO - paramwise_options -- backbone.stages.2.blocks.7.norm1.weight:decay_mult=1.0
09/30 21:10:33 - mmengine - INFO - paramwise_options -- backbone.stages.2.blocks.7.norm1.bias:lr=1e-05
09/30 21:10:33 - mmengine - INFO - paramwise_options -- backbone.stages.2.blocks.7.norm1.bias:weight_decay=0.05
09/30 21:10:33 - mmengine - INFO - paramwise_options -- backbone.stages.2.blocks.7.norm1.bias:lr_mult=0.1
09/30 21:10:33 - mmengine - INFO - paramwise_options -- backbone.stages.2.blocks.7.norm1.bias:decay_mult=1.0
09/30 21:10:33 - mmengine - INFO - paramwise_options -- backbone.stages.2.blocks.7.attn.w_msa.relative_position_bias_table:lr=0.0001
09/30 21:10:33 - mmengine - INFO - paramwise_options -- backbone.stages.2.blocks.7.attn.w_msa.relative_position_bias_table:weight_decay=0.0
09/30 21:10:33 - mmengine - INFO - paramwise_options -- backbone.stages.2.blocks.7.attn.w_msa.relative_position_bias_table:decay_mult=0.0
09/30 21:10:33 - mmengine - INFO - paramwise_options -- backbone.stages.2.blocks.7.attn.w_msa.qkv.weight:lr=1e-05
09/30 21:10:33 - mmengine - INFO - paramwise_options -- backbone.stages.2.blocks.7.attn.w_msa.qkv.weight:weight_decay=0.05
09/30 21:10:33 - mmengine - INFO - paramwise_options -- backbone.stages.2.blocks.7.attn.w_msa.qkv.weight:lr_mult=0.1
09/30 21:10:33 - mmengine - INFO - paramwise_options -- backbone.stages.2.blocks.7.attn.w_msa.qkv.weight:decay_mult=1.0
09/30 21:10:33 - mmengine - INFO - paramwise_options -- backbone.stages.2.blocks.7.attn.w_msa.qkv.bias:lr=1e-05
09/30 21:10:33 - mmengine - INFO - paramwise_options -- backbone.stages.2.blocks.7.attn.w_msa.qkv.bias:weight_decay=0.05
09/30 21:10:33 - mmengine - INFO - paramwise_options -- backbone.stages.2.blocks.7.attn.w_msa.qkv.bias:lr_mult=0.1
09/30 21:10:33 - mmengine - INFO - paramwise_options -- backbone.stages.2.blocks.7.attn.w_msa.qkv.bias:decay_mult=1.0
09/30 21:10:33 - mmengine - INFO - paramwise_options -- backbone.stages.2.blocks.7.attn.w_msa.proj.weight:lr=1e-05
09/30 21:10:33 - mmengine - INFO - paramwise_options -- backbone.stages.2.blocks.7.attn.w_msa.proj.weight:weight_decay=0.05
09/30 21:10:33 - mmengine - INFO - paramwise_options -- backbone.stages.2.blocks.7.attn.w_msa.proj.weight:lr_mult=0.1
09/30 21:10:33 - mmengine - INFO - paramwise_options -- backbone.stages.2.blocks.7.attn.w_msa.proj.weight:decay_mult=1.0
09/30 21:10:33 - mmengine - INFO - paramwise_options -- backbone.stages.2.blocks.7.attn.w_msa.proj.bias:lr=1e-05
09/30 21:10:33 - mmengine - INFO - paramwise_options -- backbone.stages.2.blocks.7.attn.w_msa.proj.bias:weight_decay=0.05
09/30 21:10:33 - mmengine - INFO - paramwise_options -- backbone.stages.2.blocks.7.attn.w_msa.proj.bias:lr_mult=0.1
09/30 21:10:33 - mmengine - INFO - paramwise_options -- backbone.stages.2.blocks.7.attn.w_msa.proj.bias:decay_mult=1.0
09/30 21:10:33 - mmengine - INFO - paramwise_options -- backbone.stages.2.blocks.7.norm2.weight:lr=1e-05
09/30 21:10:33 - mmengine - INFO - paramwise_options -- backbone.stages.2.blocks.7.norm2.weight:weight_decay=0.05
09/30 21:10:33 - mmengine - INFO - paramwise_options -- backbone.stages.2.blocks.7.norm2.weight:lr_mult=0.1
09/30 21:10:33 - mmengine - INFO - paramwise_options -- backbone.stages.2.blocks.7.norm2.weight:decay_mult=1.0
09/30 21:10:33 - mmengine - INFO - paramwise_options -- backbone.stages.2.blocks.7.norm2.bias:lr=1e-05
09/30 21:10:33 - mmengine - INFO - paramwise_options -- backbone.stages.2.blocks.7.norm2.bias:weight_decay=0.05
09/30 21:10:33 - mmengine - INFO - paramwise_options -- backbone.stages.2.blocks.7.norm2.bias:lr_mult=0.1
09/30 21:10:33 - mmengine - INFO - paramwise_options -- backbone.stages.2.blocks.7.norm2.bias:decay_mult=1.0
09/30 21:10:33 - mmengine - INFO - paramwise_options -- backbone.stages.2.blocks.7.ffn.layers.0.0.weight:lr=1e-05
09/30 21:10:33 - mmengine - INFO - paramwise_options -- backbone.stages.2.blocks.7.ffn.layers.0.0.weight:weight_decay=0.05
09/30 21:10:33 - mmengine - INFO - paramwise_options -- backbone.stages.2.blocks.7.ffn.layers.0.0.weight:lr_mult=0.1
09/30 21:10:33 - mmengine - INFO - paramwise_options -- backbone.stages.2.blocks.7.ffn.layers.0.0.weight:decay_mult=1.0
09/30 21:10:33 - mmengine - INFO - paramwise_options -- backbone.stages.2.blocks.7.ffn.layers.0.0.bias:lr=1e-05
09/30 21:10:33 - mmengine - INFO - paramwise_options -- backbone.stages.2.blocks.7.ffn.layers.0.0.bias:weight_decay=0.05
09/30 21:10:33 - mmengine - INFO - paramwise_options -- backbone.stages.2.blocks.7.ffn.layers.0.0.bias:lr_mult=0.1
09/30 21:10:33 - mmengine - INFO - paramwise_options -- backbone.stages.2.blocks.7.ffn.layers.0.0.bias:decay_mult=1.0
09/30 21:10:33 - mmengine - INFO - paramwise_options -- backbone.stages.2.blocks.7.ffn.layers.1.weight:lr=1e-05
09/30 21:10:33 - mmengine - INFO - paramwise_options -- backbone.stages.2.blocks.7.ffn.layers.1.weight:weight_decay=0.05
09/30 21:10:33 - mmengine - INFO - paramwise_options -- backbone.stages.2.blocks.7.ffn.layers.1.weight:lr_mult=0.1
09/30 21:10:33 - mmengine - INFO - paramwise_options -- backbone.stages.2.blocks.7.ffn.layers.1.weight:decay_mult=1.0
09/30 21:10:33 - mmengine - INFO - paramwise_options -- backbone.stages.2.blocks.7.ffn.layers.1.bias:lr=1e-05
09/30 21:10:33 - mmengine - INFO - paramwise_options -- backbone.stages.2.blocks.7.ffn.layers.1.bias:weight_decay=0.05
09/30 21:10:33 - mmengine - INFO - paramwise_options -- backbone.stages.2.blocks.7.ffn.layers.1.bias:lr_mult=0.1
09/30 21:10:33 - mmengine - INFO - paramwise_options -- backbone.stages.2.blocks.7.ffn.layers.1.bias:decay_mult=1.0
09/30 21:10:33 - mmengine - INFO - paramwise_options -- backbone.stages.2.blocks.8.norm1.weight:lr=1e-05
09/30 21:10:33 - mmengine - INFO - paramwise_options -- backbone.stages.2.blocks.8.norm1.weight:weight_decay=0.05
09/30 21:10:33 - mmengine - INFO - paramwise_options -- backbone.stages.2.blocks.8.norm1.weight:lr_mult=0.1
09/30 21:10:33 - mmengine - INFO - paramwise_options -- backbone.stages.2.blocks.8.norm1.weight:decay_mult=1.0
09/30 21:10:33 - mmengine - INFO - paramwise_options -- backbone.stages.2.blocks.8.norm1.bias:lr=1e-05
09/30 21:10:33 - mmengine - INFO - paramwise_options -- backbone.stages.2.blocks.8.norm1.bias:weight_decay=0.05
09/30 21:10:33 - mmengine - INFO - paramwise_options -- backbone.stages.2.blocks.8.norm1.bias:lr_mult=0.1
09/30 21:10:33 - mmengine - INFO - paramwise_options -- backbone.stages.2.blocks.8.norm1.bias:decay_mult=1.0
09/30 21:10:33 - mmengine - INFO - paramwise_options -- backbone.stages.2.blocks.8.attn.w_msa.relative_position_bias_table:lr=0.0001
09/30 21:10:33 - mmengine - INFO - paramwise_options -- backbone.stages.2.blocks.8.attn.w_msa.relative_position_bias_table:weight_decay=0.0
09/30 21:10:33 - mmengine - INFO - paramwise_options -- backbone.stages.2.blocks.8.attn.w_msa.relative_position_bias_table:decay_mult=0.0
09/30 21:10:33 - mmengine - INFO - paramwise_options -- backbone.stages.2.blocks.8.attn.w_msa.qkv.weight:lr=1e-05
09/30 21:10:33 - mmengine - INFO - paramwise_options -- backbone.stages.2.blocks.8.attn.w_msa.qkv.weight:weight_decay=0.05
09/30 21:10:33 - mmengine - INFO - paramwise_options -- backbone.stages.2.blocks.8.attn.w_msa.qkv.weight:lr_mult=0.1
09/30 21:10:33 - mmengine - INFO - paramwise_options -- backbone.stages.2.blocks.8.attn.w_msa.qkv.weight:decay_mult=1.0
09/30 21:10:33 - mmengine - INFO - paramwise_options -- backbone.stages.2.blocks.8.attn.w_msa.qkv.bias:lr=1e-05
09/30 21:10:33 - mmengine - INFO - paramwise_options -- backbone.stages.2.blocks.8.attn.w_msa.qkv.bias:weight_decay=0.05
09/30 21:10:33 - mmengine - INFO - paramwise_options -- backbone.stages.2.blocks.8.attn.w_msa.qkv.bias:lr_mult=0.1
09/30 21:10:33 - mmengine - INFO - paramwise_options -- backbone.stages.2.blocks.8.attn.w_msa.qkv.bias:decay_mult=1.0
09/30 21:10:33 - mmengine - INFO - paramwise_options -- backbone.stages.2.blocks.8.attn.w_msa.proj.weight:lr=1e-05
09/30 21:10:33 - mmengine - INFO - paramwise_options -- backbone.stages.2.blocks.8.attn.w_msa.proj.weight:weight_decay=0.05
09/30 21:10:33 - mmengine - INFO - paramwise_options -- backbone.stages.2.blocks.8.attn.w_msa.proj.weight:lr_mult=0.1
09/30 21:10:33 - mmengine - INFO - paramwise_options -- backbone.stages.2.blocks.8.attn.w_msa.proj.weight:decay_mult=1.0
09/30 21:10:33 - mmengine - INFO - paramwise_options -- backbone.stages.2.blocks.8.attn.w_msa.proj.bias:lr=1e-05
09/30 21:10:33 - mmengine - INFO - paramwise_options -- backbone.stages.2.blocks.8.attn.w_msa.proj.bias:weight_decay=0.05
09/30 21:10:33 - mmengine - INFO - paramwise_options -- backbone.stages.2.blocks.8.attn.w_msa.proj.bias:lr_mult=0.1
09/30 21:10:33 - mmengine - INFO - paramwise_options -- backbone.stages.2.blocks.8.attn.w_msa.proj.bias:decay_mult=1.0
09/30 21:10:33 - mmengine - INFO - paramwise_options -- backbone.stages.2.blocks.8.norm2.weight:lr=1e-05
09/30 21:10:33 - mmengine - INFO - paramwise_options -- backbone.stages.2.blocks.8.norm2.weight:weight_decay=0.05
09/30 21:10:33 - mmengine - INFO - paramwise_options -- backbone.stages.2.blocks.8.norm2.weight:lr_mult=0.1
09/30 21:10:33 - mmengine - INFO - paramwise_options -- backbone.stages.2.blocks.8.norm2.weight:decay_mult=1.0
09/30 21:10:33 - mmengine - INFO - paramwise_options -- backbone.stages.2.blocks.8.norm2.bias:lr=1e-05
09/30 21:10:33 - mmengine - INFO - paramwise_options -- backbone.stages.2.blocks.8.norm2.bias:weight_decay=0.05
09/30 21:10:33 - mmengine - INFO - paramwise_options -- backbone.stages.2.blocks.8.norm2.bias:lr_mult=0.1
09/30 21:10:33 - mmengine - INFO - paramwise_options -- backbone.stages.2.blocks.8.norm2.bias:decay_mult=1.0
09/30 21:10:33 - mmengine - INFO - paramwise_options -- backbone.stages.2.blocks.8.ffn.layers.0.0.weight:lr=1e-05
09/30 21:10:33 - mmengine - INFO - paramwise_options -- backbone.stages.2.blocks.8.ffn.layers.0.0.weight:weight_decay=0.05
09/30 21:10:33 - mmengine - INFO - paramwise_options -- backbone.stages.2.blocks.8.ffn.layers.0.0.weight:lr_mult=0.1
09/30 21:10:33 - mmengine - INFO - paramwise_options -- backbone.stages.2.blocks.8.ffn.layers.0.0.weight:decay_mult=1.0
09/30 21:10:33 - mmengine - INFO - paramwise_options -- backbone.stages.2.blocks.8.ffn.layers.0.0.bias:lr=1e-05
09/30 21:10:33 - mmengine - INFO - paramwise_options -- backbone.stages.2.blocks.8.ffn.layers.0.0.bias:weight_decay=0.05
09/30 21:10:33 - mmengine - INFO - paramwise_options -- backbone.stages.2.blocks.8.ffn.layers.0.0.bias:lr_mult=0.1
09/30 21:10:33 - mmengine - INFO - paramwise_options -- backbone.stages.2.blocks.8.ffn.layers.0.0.bias:decay_mult=1.0
09/30 21:10:33 - mmengine - INFO - paramwise_options -- backbone.stages.2.blocks.8.ffn.layers.1.weight:lr=1e-05
09/30 21:10:33 - mmengine - INFO - paramwise_options -- backbone.stages.2.blocks.8.ffn.layers.1.weight:weight_decay=0.05
09/30 21:10:33 - mmengine - INFO - paramwise_options -- backbone.stages.2.blocks.8.ffn.layers.1.weight:lr_mult=0.1
09/30 21:10:33 - mmengine - INFO - paramwise_options -- backbone.stages.2.blocks.8.ffn.layers.1.weight:decay_mult=1.0
09/30 21:10:33 - mmengine - INFO - paramwise_options -- backbone.stages.2.blocks.8.ffn.layers.1.bias:lr=1e-05
09/30 21:10:33 - mmengine - INFO - paramwise_options -- backbone.stages.2.blocks.8.ffn.layers.1.bias:weight_decay=0.05
09/30 21:10:33 - mmengine - INFO - paramwise_options -- backbone.stages.2.blocks.8.ffn.layers.1.bias:lr_mult=0.1
09/30 21:10:33 - mmengine - INFO - paramwise_options -- backbone.stages.2.blocks.8.ffn.layers.1.bias:decay_mult=1.0
09/30 21:10:33 - mmengine - INFO - paramwise_options -- backbone.stages.2.blocks.9.norm1.weight:lr=1e-05
09/30 21:10:33 - mmengine - INFO - paramwise_options -- backbone.stages.2.blocks.9.norm1.weight:weight_decay=0.05
09/30 21:10:33 - mmengine - INFO - paramwise_options -- backbone.stages.2.blocks.9.norm1.weight:lr_mult=0.1
09/30 21:10:33 - mmengine - INFO - paramwise_options -- backbone.stages.2.blocks.9.norm1.weight:decay_mult=1.0
09/30 21:10:33 - mmengine - INFO - paramwise_options -- backbone.stages.2.blocks.9.norm1.bias:lr=1e-05
09/30 21:10:33 - mmengine - INFO - paramwise_options -- backbone.stages.2.blocks.9.norm1.bias:weight_decay=0.05
09/30 21:10:33 - mmengine - INFO - paramwise_options -- backbone.stages.2.blocks.9.norm1.bias:lr_mult=0.1
09/30 21:10:33 - mmengine - INFO - paramwise_options -- backbone.stages.2.blocks.9.norm1.bias:decay_mult=1.0
09/30 21:10:33 - mmengine - INFO - paramwise_options -- backbone.stages.2.blocks.9.attn.w_msa.relative_position_bias_table:lr=0.0001
09/30 21:10:33 - mmengine - INFO - paramwise_options -- backbone.stages.2.blocks.9.attn.w_msa.relative_position_bias_table:weight_decay=0.0
09/30 21:10:33 - mmengine - INFO - paramwise_options -- backbone.stages.2.blocks.9.attn.w_msa.relative_position_bias_table:decay_mult=0.0
09/30 21:10:33 - mmengine - INFO - paramwise_options -- backbone.stages.2.blocks.9.attn.w_msa.qkv.weight:lr=1e-05
09/30 21:10:33 - mmengine - INFO - paramwise_options -- backbone.stages.2.blocks.9.attn.w_msa.qkv.weight:weight_decay=0.05
09/30 21:10:33 - mmengine - INFO - paramwise_options -- backbone.stages.2.blocks.9.attn.w_msa.qkv.weight:lr_mult=0.1
09/30 21:10:33 - mmengine - INFO - paramwise_options -- backbone.stages.2.blocks.9.attn.w_msa.qkv.weight:decay_mult=1.0
09/30 21:10:33 - mmengine - INFO - paramwise_options -- backbone.stages.2.blocks.9.attn.w_msa.qkv.bias:lr=1e-05
09/30 21:10:33 - mmengine - INFO - paramwise_options -- backbone.stages.2.blocks.9.attn.w_msa.qkv.bias:weight_decay=0.05
09/30 21:10:33 - mmengine - INFO - paramwise_options -- backbone.stages.2.blocks.9.attn.w_msa.qkv.bias:lr_mult=0.1
09/30 21:10:33 - mmengine - INFO - paramwise_options -- backbone.stages.2.blocks.9.attn.w_msa.qkv.bias:decay_mult=1.0
09/30 21:10:33 - mmengine - INFO - paramwise_options -- backbone.stages.2.blocks.9.attn.w_msa.proj.weight:lr=1e-05
09/30 21:10:33 - mmengine - INFO - paramwise_options -- backbone.stages.2.blocks.9.attn.w_msa.proj.weight:weight_decay=0.05
09/30 21:10:33 - mmengine - INFO - paramwise_options -- backbone.stages.2.blocks.9.attn.w_msa.proj.weight:lr_mult=0.1
09/30 21:10:33 - mmengine - INFO - paramwise_options -- backbone.stages.2.blocks.9.attn.w_msa.proj.weight:decay_mult=1.0
09/30 21:10:33 - mmengine - INFO - paramwise_options -- backbone.stages.2.blocks.9.attn.w_msa.proj.bias:lr=1e-05
09/30 21:10:33 - mmengine - INFO - paramwise_options -- backbone.stages.2.blocks.9.attn.w_msa.proj.bias:weight_decay=0.05
09/30 21:10:33 - mmengine - INFO - paramwise_options -- backbone.stages.2.blocks.9.attn.w_msa.proj.bias:lr_mult=0.1
09/30 21:10:33 - mmengine - INFO - paramwise_options -- backbone.stages.2.blocks.9.attn.w_msa.proj.bias:decay_mult=1.0
09/30 21:10:33 - mmengine - INFO - paramwise_options -- backbone.stages.2.blocks.9.norm2.weight:lr=1e-05
09/30 21:10:33 - mmengine - INFO - paramwise_options -- backbone.stages.2.blocks.9.norm2.weight:weight_decay=0.05
09/30 21:10:33 - mmengine - INFO - paramwise_options -- backbone.stages.2.blocks.9.norm2.weight:lr_mult=0.1
09/30 21:10:33 - mmengine - INFO - paramwise_options -- backbone.stages.2.blocks.9.norm2.weight:decay_mult=1.0
09/30 21:10:33 - mmengine - INFO - paramwise_options -- backbone.stages.2.blocks.9.norm2.bias:lr=1e-05
09/30 21:10:33 - mmengine - INFO - paramwise_options -- backbone.stages.2.blocks.9.norm2.bias:weight_decay=0.05
09/30 21:10:33 - mmengine - INFO - paramwise_options -- backbone.stages.2.blocks.9.norm2.bias:lr_mult=0.1
09/30 21:10:33 - mmengine - INFO - paramwise_options -- backbone.stages.2.blocks.9.norm2.bias:decay_mult=1.0
09/30 21:10:33 - mmengine - INFO - paramwise_options -- backbone.stages.2.blocks.9.ffn.layers.0.0.weight:lr=1e-05
09/30 21:10:33 - mmengine - INFO - paramwise_options -- backbone.stages.2.blocks.9.ffn.layers.0.0.weight:weight_decay=0.05
09/30 21:10:33 - mmengine - INFO - paramwise_options -- backbone.stages.2.blocks.9.ffn.layers.0.0.weight:lr_mult=0.1
09/30 21:10:33 - mmengine - INFO - paramwise_options -- backbone.stages.2.blocks.9.ffn.layers.0.0.weight:decay_mult=1.0
09/30 21:10:33 - mmengine - INFO - paramwise_options -- backbone.stages.2.blocks.9.ffn.layers.0.0.bias:lr=1e-05
09/30 21:10:33 - mmengine - INFO - paramwise_options -- backbone.stages.2.blocks.9.ffn.layers.0.0.bias:weight_decay=0.05
09/30 21:10:33 - mmengine - INFO - paramwise_options -- backbone.stages.2.blocks.9.ffn.layers.0.0.bias:lr_mult=0.1
09/30 21:10:33 - mmengine - INFO - paramwise_options -- backbone.stages.2.blocks.9.ffn.layers.0.0.bias:decay_mult=1.0
09/30 21:10:33 - mmengine - INFO - paramwise_options -- backbone.stages.2.blocks.9.ffn.layers.1.weight:lr=1e-05
09/30 21:10:33 - mmengine - INFO - paramwise_options -- backbone.stages.2.blocks.9.ffn.layers.1.weight:weight_decay=0.05
09/30 21:10:33 - mmengine - INFO - paramwise_options -- backbone.stages.2.blocks.9.ffn.layers.1.weight:lr_mult=0.1
09/30 21:10:33 - mmengine - INFO - paramwise_options -- backbone.stages.2.blocks.9.ffn.layers.1.weight:decay_mult=1.0
09/30 21:10:33 - mmengine - INFO - paramwise_options -- backbone.stages.2.blocks.9.ffn.layers.1.bias:lr=1e-05
09/30 21:10:33 - mmengine - INFO - paramwise_options -- backbone.stages.2.blocks.9.ffn.layers.1.bias:weight_decay=0.05
09/30 21:10:33 - mmengine - INFO - paramwise_options -- backbone.stages.2.blocks.9.ffn.layers.1.bias:lr_mult=0.1
09/30 21:10:33 - mmengine - INFO - paramwise_options -- backbone.stages.2.blocks.9.ffn.layers.1.bias:decay_mult=1.0
09/30 21:10:33 - mmengine - INFO - paramwise_options -- backbone.stages.2.blocks.10.norm1.weight:lr=1e-05
09/30 21:10:33 - mmengine - INFO - paramwise_options -- backbone.stages.2.blocks.10.norm1.weight:weight_decay=0.05
09/30 21:10:33 - mmengine - INFO - paramwise_options -- backbone.stages.2.blocks.10.norm1.weight:lr_mult=0.1
09/30 21:10:33 - mmengine - INFO - paramwise_options -- backbone.stages.2.blocks.10.norm1.weight:decay_mult=1.0
09/30 21:10:33 - mmengine - INFO - paramwise_options -- backbone.stages.2.blocks.10.norm1.bias:lr=1e-05
09/30 21:10:33 - mmengine - INFO - paramwise_options -- backbone.stages.2.blocks.10.norm1.bias:weight_decay=0.05
09/30 21:10:33 - mmengine - INFO - paramwise_options -- backbone.stages.2.blocks.10.norm1.bias:lr_mult=0.1
09/30 21:10:33 - mmengine - INFO - paramwise_options -- backbone.stages.2.blocks.10.norm1.bias:decay_mult=1.0
09/30 21:10:33 - mmengine - INFO - paramwise_options -- backbone.stages.2.blocks.10.attn.w_msa.relative_position_bias_table:lr=0.0001
09/30 21:10:33 - mmengine - INFO - paramwise_options -- backbone.stages.2.blocks.10.attn.w_msa.relative_position_bias_table:weight_decay=0.0
09/30 21:10:33 - mmengine - INFO - paramwise_options -- backbone.stages.2.blocks.10.attn.w_msa.relative_position_bias_table:decay_mult=0.0
09/30 21:10:33 - mmengine - INFO - paramwise_options -- backbone.stages.2.blocks.10.attn.w_msa.qkv.weight:lr=1e-05
09/30 21:10:33 - mmengine - INFO - paramwise_options -- backbone.stages.2.blocks.10.attn.w_msa.qkv.weight:weight_decay=0.05
09/30 21:10:33 - mmengine - INFO - paramwise_options -- backbone.stages.2.blocks.10.attn.w_msa.qkv.weight:lr_mult=0.1
09/30 21:10:33 - mmengine - INFO - paramwise_options -- backbone.stages.2.blocks.10.attn.w_msa.qkv.weight:decay_mult=1.0
09/30 21:10:33 - mmengine - INFO - paramwise_options -- backbone.stages.2.blocks.10.attn.w_msa.qkv.bias:lr=1e-05
09/30 21:10:33 - mmengine - INFO - paramwise_options -- backbone.stages.2.blocks.10.attn.w_msa.qkv.bias:weight_decay=0.05
09/30 21:10:33 - mmengine - INFO - paramwise_options -- backbone.stages.2.blocks.10.attn.w_msa.qkv.bias:lr_mult=0.1
09/30 21:10:33 - mmengine - INFO - paramwise_options -- backbone.stages.2.blocks.10.attn.w_msa.qkv.bias:decay_mult=1.0
09/30 21:10:33 - mmengine - INFO - paramwise_options -- backbone.stages.2.blocks.10.attn.w_msa.proj.weight:lr=1e-05
09/30 21:10:33 - mmengine - INFO - paramwise_options -- backbone.stages.2.blocks.10.attn.w_msa.proj.weight:weight_decay=0.05
09/30 21:10:33 - mmengine - INFO - paramwise_options -- backbone.stages.2.blocks.10.attn.w_msa.proj.weight:lr_mult=0.1
09/30 21:10:33 - mmengine - INFO - paramwise_options -- backbone.stages.2.blocks.10.attn.w_msa.proj.weight:decay_mult=1.0
09/30 21:10:33 - mmengine - INFO - paramwise_options -- backbone.stages.2.blocks.10.attn.w_msa.proj.bias:lr=1e-05
09/30 21:10:33 - mmengine - INFO - paramwise_options -- backbone.stages.2.blocks.10.attn.w_msa.proj.bias:weight_decay=0.05
09/30 21:10:33 - mmengine - INFO - paramwise_options -- backbone.stages.2.blocks.10.attn.w_msa.proj.bias:lr_mult=0.1
09/30 21:10:33 - mmengine - INFO - paramwise_options -- backbone.stages.2.blocks.10.attn.w_msa.proj.bias:decay_mult=1.0
09/30 21:10:33 - mmengine - INFO - paramwise_options -- backbone.stages.2.blocks.10.norm2.weight:lr=1e-05
09/30 21:10:33 - mmengine - INFO - paramwise_options -- backbone.stages.2.blocks.10.norm2.weight:weight_decay=0.05
09/30 21:10:33 - mmengine - INFO - paramwise_options -- backbone.stages.2.blocks.10.norm2.weight:lr_mult=0.1
09/30 21:10:33 - mmengine - INFO - paramwise_options -- backbone.stages.2.blocks.10.norm2.weight:decay_mult=1.0
09/30 21:10:33 - mmengine - INFO - paramwise_options -- backbone.stages.2.blocks.10.norm2.bias:lr=1e-05
09/30 21:10:33 - mmengine - INFO - paramwise_options -- backbone.stages.2.blocks.10.norm2.bias:weight_decay=0.05
09/30 21:10:33 - mmengine - INFO - paramwise_options -- backbone.stages.2.blocks.10.norm2.bias:lr_mult=0.1
09/30 21:10:33 - mmengine - INFO - paramwise_options -- backbone.stages.2.blocks.10.norm2.bias:decay_mult=1.0
09/30 21:10:33 - mmengine - INFO - paramwise_options -- backbone.stages.2.blocks.10.ffn.layers.0.0.weight:lr=1e-05
09/30 21:10:33 - mmengine - INFO - paramwise_options -- backbone.stages.2.blocks.10.ffn.layers.0.0.weight:weight_decay=0.05
09/30 21:10:33 - mmengine - INFO - paramwise_options -- backbone.stages.2.blocks.10.ffn.layers.0.0.weight:lr_mult=0.1
09/30 21:10:33 - mmengine - INFO - paramwise_options -- backbone.stages.2.blocks.10.ffn.layers.0.0.weight:decay_mult=1.0
09/30 21:10:33 - mmengine - INFO - paramwise_options -- backbone.stages.2.blocks.10.ffn.layers.0.0.bias:lr=1e-05
09/30 21:10:33 - mmengine - INFO - paramwise_options -- backbone.stages.2.blocks.10.ffn.layers.0.0.bias:weight_decay=0.05
09/30 21:10:33 - mmengine - INFO - paramwise_options -- backbone.stages.2.blocks.10.ffn.layers.0.0.bias:lr_mult=0.1
09/30 21:10:33 - mmengine - INFO - paramwise_options -- backbone.stages.2.blocks.10.ffn.layers.0.0.bias:decay_mult=1.0
09/30 21:10:33 - mmengine - INFO - paramwise_options -- backbone.stages.2.blocks.10.ffn.layers.1.weight:lr=1e-05
09/30 21:10:33 - mmengine - INFO - paramwise_options -- backbone.stages.2.blocks.10.ffn.layers.1.weight:weight_decay=0.05
09/30 21:10:33 - mmengine - INFO - paramwise_options -- backbone.stages.2.blocks.10.ffn.layers.1.weight:lr_mult=0.1
09/30 21:10:33 - mmengine - INFO - paramwise_options -- backbone.stages.2.blocks.10.ffn.layers.1.weight:decay_mult=1.0
09/30 21:10:33 - mmengine - INFO - paramwise_options -- backbone.stages.2.blocks.10.ffn.layers.1.bias:lr=1e-05
09/30 21:10:33 - mmengine - INFO - paramwise_options -- backbone.stages.2.blocks.10.ffn.layers.1.bias:weight_decay=0.05
09/30 21:10:33 - mmengine - INFO - paramwise_options -- backbone.stages.2.blocks.10.ffn.layers.1.bias:lr_mult=0.1
09/30 21:10:33 - mmengine - INFO - paramwise_options -- backbone.stages.2.blocks.10.ffn.layers.1.bias:decay_mult=1.0
09/30 21:10:33 - mmengine - INFO - paramwise_options -- backbone.stages.2.blocks.11.norm1.weight:lr=1e-05
09/30 21:10:33 - mmengine - INFO - paramwise_options -- backbone.stages.2.blocks.11.norm1.weight:weight_decay=0.05
09/30 21:10:33 - mmengine - INFO - paramwise_options -- backbone.stages.2.blocks.11.norm1.weight:lr_mult=0.1
09/30 21:10:33 - mmengine - INFO - paramwise_options -- backbone.stages.2.blocks.11.norm1.weight:decay_mult=1.0
09/30 21:10:33 - mmengine - INFO - paramwise_options -- backbone.stages.2.blocks.11.norm1.bias:lr=1e-05
09/30 21:10:33 - mmengine - INFO - paramwise_options -- backbone.stages.2.blocks.11.norm1.bias:weight_decay=0.05
09/30 21:10:33 - mmengine - INFO - paramwise_options -- backbone.stages.2.blocks.11.norm1.bias:lr_mult=0.1
09/30 21:10:33 - mmengine - INFO - paramwise_options -- backbone.stages.2.blocks.11.norm1.bias:decay_mult=1.0
09/30 21:10:33 - mmengine - INFO - paramwise_options -- backbone.stages.2.blocks.11.attn.w_msa.relative_position_bias_table:lr=0.0001
09/30 21:10:33 - mmengine - INFO - paramwise_options -- backbone.stages.2.blocks.11.attn.w_msa.relative_position_bias_table:weight_decay=0.0
09/30 21:10:33 - mmengine - INFO - paramwise_options -- backbone.stages.2.blocks.11.attn.w_msa.relative_position_bias_table:decay_mult=0.0
09/30 21:10:33 - mmengine - INFO - paramwise_options -- backbone.stages.2.blocks.11.attn.w_msa.qkv.weight:lr=1e-05
09/30 21:10:33 - mmengine - INFO - paramwise_options -- backbone.stages.2.blocks.11.attn.w_msa.qkv.weight:weight_decay=0.05
09/30 21:10:33 - mmengine - INFO - paramwise_options -- backbone.stages.2.blocks.11.attn.w_msa.qkv.weight:lr_mult=0.1
09/30 21:10:33 - mmengine - INFO - paramwise_options -- backbone.stages.2.blocks.11.attn.w_msa.qkv.weight:decay_mult=1.0
09/30 21:10:33 - mmengine - INFO - paramwise_options -- backbone.stages.2.blocks.11.attn.w_msa.qkv.bias:lr=1e-05
09/30 21:10:33 - mmengine - INFO - paramwise_options -- backbone.stages.2.blocks.11.attn.w_msa.qkv.bias:weight_decay=0.05
09/30 21:10:33 - mmengine - INFO - paramwise_options -- backbone.stages.2.blocks.11.attn.w_msa.qkv.bias:lr_mult=0.1
09/30 21:10:33 - mmengine - INFO - paramwise_options -- backbone.stages.2.blocks.11.attn.w_msa.qkv.bias:decay_mult=1.0
09/30 21:10:33 - mmengine - INFO - paramwise_options -- backbone.stages.2.blocks.11.attn.w_msa.proj.weight:lr=1e-05
09/30 21:10:33 - mmengine - INFO - paramwise_options -- backbone.stages.2.blocks.11.attn.w_msa.proj.weight:weight_decay=0.05
09/30 21:10:33 - mmengine - INFO - paramwise_options -- backbone.stages.2.blocks.11.attn.w_msa.proj.weight:lr_mult=0.1
09/30 21:10:33 - mmengine - INFO - paramwise_options -- backbone.stages.2.blocks.11.attn.w_msa.proj.weight:decay_mult=1.0
09/30 21:10:33 - mmengine - INFO - paramwise_options -- backbone.stages.2.blocks.11.attn.w_msa.proj.bias:lr=1e-05
09/30 21:10:33 - mmengine - INFO - paramwise_options -- backbone.stages.2.blocks.11.attn.w_msa.proj.bias:weight_decay=0.05
09/30 21:10:33 - mmengine - INFO - paramwise_options -- backbone.stages.2.blocks.11.attn.w_msa.proj.bias:lr_mult=0.1
09/30 21:10:33 - mmengine - INFO - paramwise_options -- backbone.stages.2.blocks.11.attn.w_msa.proj.bias:decay_mult=1.0
09/30 21:10:33 - mmengine - INFO - paramwise_options -- backbone.stages.2.blocks.11.norm2.weight:lr=1e-05
09/30 21:10:33 - mmengine - INFO - paramwise_options -- backbone.stages.2.blocks.11.norm2.weight:weight_decay=0.05
09/30 21:10:33 - mmengine - INFO - paramwise_options -- backbone.stages.2.blocks.11.norm2.weight:lr_mult=0.1
09/30 21:10:33 - mmengine - INFO - paramwise_options -- backbone.stages.2.blocks.11.norm2.weight:decay_mult=1.0
09/30 21:10:33 - mmengine - INFO - paramwise_options -- backbone.stages.2.blocks.11.norm2.bias:lr=1e-05
09/30 21:10:33 - mmengine - INFO - paramwise_options -- backbone.stages.2.blocks.11.norm2.bias:weight_decay=0.05
09/30 21:10:33 - mmengine - INFO - paramwise_options -- backbone.stages.2.blocks.11.norm2.bias:lr_mult=0.1
09/30 21:10:33 - mmengine - INFO - paramwise_options -- backbone.stages.2.blocks.11.norm2.bias:decay_mult=1.0
09/30 21:10:33 - mmengine - INFO - paramwise_options -- backbone.stages.2.blocks.11.ffn.layers.0.0.weight:lr=1e-05
09/30 21:10:33 - mmengine - INFO - paramwise_options -- backbone.stages.2.blocks.11.ffn.layers.0.0.weight:weight_decay=0.05
09/30 21:10:33 - mmengine - INFO - paramwise_options -- backbone.stages.2.blocks.11.ffn.layers.0.0.weight:lr_mult=0.1
09/30 21:10:33 - mmengine - INFO - paramwise_options -- backbone.stages.2.blocks.11.ffn.layers.0.0.weight:decay_mult=1.0
09/30 21:10:33 - mmengine - INFO - paramwise_options -- backbone.stages.2.blocks.11.ffn.layers.0.0.bias:lr=1e-05
09/30 21:10:33 - mmengine - INFO - paramwise_options -- backbone.stages.2.blocks.11.ffn.layers.0.0.bias:weight_decay=0.05
09/30 21:10:33 - mmengine - INFO - paramwise_options -- backbone.stages.2.blocks.11.ffn.layers.0.0.bias:lr_mult=0.1
09/30 21:10:33 - mmengine - INFO - paramwise_options -- backbone.stages.2.blocks.11.ffn.layers.0.0.bias:decay_mult=1.0
09/30 21:10:33 - mmengine - INFO - paramwise_options -- backbone.stages.2.blocks.11.ffn.layers.1.weight:lr=1e-05
09/30 21:10:33 - mmengine - INFO - paramwise_options -- backbone.stages.2.blocks.11.ffn.layers.1.weight:weight_decay=0.05
09/30 21:10:33 - mmengine - INFO - paramwise_options -- backbone.stages.2.blocks.11.ffn.layers.1.weight:lr_mult=0.1
09/30 21:10:33 - mmengine - INFO - paramwise_options -- backbone.stages.2.blocks.11.ffn.layers.1.weight:decay_mult=1.0
09/30 21:10:33 - mmengine - INFO - paramwise_options -- backbone.stages.2.blocks.11.ffn.layers.1.bias:lr=1e-05
09/30 21:10:33 - mmengine - INFO - paramwise_options -- backbone.stages.2.blocks.11.ffn.layers.1.bias:weight_decay=0.05
09/30 21:10:33 - mmengine - INFO - paramwise_options -- backbone.stages.2.blocks.11.ffn.layers.1.bias:lr_mult=0.1
09/30 21:10:33 - mmengine - INFO - paramwise_options -- backbone.stages.2.blocks.11.ffn.layers.1.bias:decay_mult=1.0
09/30 21:10:33 - mmengine - INFO - paramwise_options -- backbone.stages.2.blocks.12.norm1.weight:lr=1e-05
09/30 21:10:33 - mmengine - INFO - paramwise_options -- backbone.stages.2.blocks.12.norm1.weight:weight_decay=0.05
09/30 21:10:33 - mmengine - INFO - paramwise_options -- backbone.stages.2.blocks.12.norm1.weight:lr_mult=0.1
09/30 21:10:33 - mmengine - INFO - paramwise_options -- backbone.stages.2.blocks.12.norm1.weight:decay_mult=1.0
09/30 21:10:33 - mmengine - INFO - paramwise_options -- backbone.stages.2.blocks.12.norm1.bias:lr=1e-05
09/30 21:10:33 - mmengine - INFO - paramwise_options -- backbone.stages.2.blocks.12.norm1.bias:weight_decay=0.05
09/30 21:10:33 - mmengine - INFO - paramwise_options -- backbone.stages.2.blocks.12.norm1.bias:lr_mult=0.1
09/30 21:10:33 - mmengine - INFO - paramwise_options -- backbone.stages.2.blocks.12.norm1.bias:decay_mult=1.0
09/30 21:10:33 - mmengine - INFO - paramwise_options -- backbone.stages.2.blocks.12.attn.w_msa.relative_position_bias_table:lr=0.0001
09/30 21:10:33 - mmengine - INFO - paramwise_options -- backbone.stages.2.blocks.12.attn.w_msa.relative_position_bias_table:weight_decay=0.0
09/30 21:10:33 - mmengine - INFO - paramwise_options -- backbone.stages.2.blocks.12.attn.w_msa.relative_position_bias_table:decay_mult=0.0
09/30 21:10:33 - mmengine - INFO - paramwise_options -- backbone.stages.2.blocks.12.attn.w_msa.qkv.weight:lr=1e-05
09/30 21:10:33 - mmengine - INFO - paramwise_options -- backbone.stages.2.blocks.12.attn.w_msa.qkv.weight:weight_decay=0.05
09/30 21:10:33 - mmengine - INFO - paramwise_options -- backbone.stages.2.blocks.12.attn.w_msa.qkv.weight:lr_mult=0.1
09/30 21:10:33 - mmengine - INFO - paramwise_options -- backbone.stages.2.blocks.12.attn.w_msa.qkv.weight:decay_mult=1.0
09/30 21:10:33 - mmengine - INFO - paramwise_options -- backbone.stages.2.blocks.12.attn.w_msa.qkv.bias:lr=1e-05
09/30 21:10:33 - mmengine - INFO - paramwise_options -- backbone.stages.2.blocks.12.attn.w_msa.qkv.bias:weight_decay=0.05
09/30 21:10:33 - mmengine - INFO - paramwise_options -- backbone.stages.2.blocks.12.attn.w_msa.qkv.bias:lr_mult=0.1
09/30 21:10:33 - mmengine - INFO - paramwise_options -- backbone.stages.2.blocks.12.attn.w_msa.qkv.bias:decay_mult=1.0
09/30 21:10:33 - mmengine - INFO - paramwise_options -- backbone.stages.2.blocks.12.attn.w_msa.proj.weight:lr=1e-05
09/30 21:10:33 - mmengine - INFO - paramwise_options -- backbone.stages.2.blocks.12.attn.w_msa.proj.weight:weight_decay=0.05
09/30 21:10:33 - mmengine - INFO - paramwise_options -- backbone.stages.2.blocks.12.attn.w_msa.proj.weight:lr_mult=0.1
09/30 21:10:33 - mmengine - INFO - paramwise_options -- backbone.stages.2.blocks.12.attn.w_msa.proj.weight:decay_mult=1.0
09/30 21:10:33 - mmengine - INFO - paramwise_options -- backbone.stages.2.blocks.12.attn.w_msa.proj.bias:lr=1e-05
09/30 21:10:33 - mmengine - INFO - paramwise_options -- backbone.stages.2.blocks.12.attn.w_msa.proj.bias:weight_decay=0.05
09/30 21:10:33 - mmengine - INFO - paramwise_options -- backbone.stages.2.blocks.12.attn.w_msa.proj.bias:lr_mult=0.1
09/30 21:10:33 - mmengine - INFO - paramwise_options -- backbone.stages.2.blocks.12.attn.w_msa.proj.bias:decay_mult=1.0
09/30 21:10:33 - mmengine - INFO - paramwise_options -- backbone.stages.2.blocks.12.norm2.weight:lr=1e-05
09/30 21:10:33 - mmengine - INFO - paramwise_options -- backbone.stages.2.blocks.12.norm2.weight:weight_decay=0.05
09/30 21:10:33 - mmengine - INFO - paramwise_options -- backbone.stages.2.blocks.12.norm2.weight:lr_mult=0.1
09/30 21:10:33 - mmengine - INFO - paramwise_options -- backbone.stages.2.blocks.12.norm2.weight:decay_mult=1.0
09/30 21:10:33 - mmengine - INFO - paramwise_options -- backbone.stages.2.blocks.12.norm2.bias:lr=1e-05
09/30 21:10:33 - mmengine - INFO - paramwise_options -- backbone.stages.2.blocks.12.norm2.bias:weight_decay=0.05
09/30 21:10:33 - mmengine - INFO - paramwise_options -- backbone.stages.2.blocks.12.norm2.bias:lr_mult=0.1
09/30 21:10:33 - mmengine - INFO - paramwise_options -- backbone.stages.2.blocks.12.norm2.bias:decay_mult=1.0
09/30 21:10:33 - mmengine - INFO - paramwise_options -- backbone.stages.2.blocks.12.ffn.layers.0.0.weight:lr=1e-05
09/30 21:10:33 - mmengine - INFO - paramwise_options -- backbone.stages.2.blocks.12.ffn.layers.0.0.weight:weight_decay=0.05
09/30 21:10:33 - mmengine - INFO - paramwise_options -- backbone.stages.2.blocks.12.ffn.layers.0.0.weight:lr_mult=0.1
09/30 21:10:33 - mmengine - INFO - paramwise_options -- backbone.stages.2.blocks.12.ffn.layers.0.0.weight:decay_mult=1.0
09/30 21:10:33 - mmengine - INFO - paramwise_options -- backbone.stages.2.blocks.12.ffn.layers.0.0.bias:lr=1e-05
09/30 21:10:33 - mmengine - INFO - paramwise_options -- backbone.stages.2.blocks.12.ffn.layers.0.0.bias:weight_decay=0.05
09/30 21:10:33 - mmengine - INFO - paramwise_options -- backbone.stages.2.blocks.12.ffn.layers.0.0.bias:lr_mult=0.1
09/30 21:10:33 - mmengine - INFO - paramwise_options -- backbone.stages.2.blocks.12.ffn.layers.0.0.bias:decay_mult=1.0
09/30 21:10:33 - mmengine - INFO - paramwise_options -- backbone.stages.2.blocks.12.ffn.layers.1.weight:lr=1e-05
09/30 21:10:33 - mmengine - INFO - paramwise_options -- backbone.stages.2.blocks.12.ffn.layers.1.weight:weight_decay=0.05
09/30 21:10:33 - mmengine - INFO - paramwise_options -- backbone.stages.2.blocks.12.ffn.layers.1.weight:lr_mult=0.1
09/30 21:10:33 - mmengine - INFO - paramwise_options -- backbone.stages.2.blocks.12.ffn.layers.1.weight:decay_mult=1.0
09/30 21:10:33 - mmengine - INFO - paramwise_options -- backbone.stages.2.blocks.12.ffn.layers.1.bias:lr=1e-05
09/30 21:10:33 - mmengine - INFO - paramwise_options -- backbone.stages.2.blocks.12.ffn.layers.1.bias:weight_decay=0.05
09/30 21:10:33 - mmengine - INFO - paramwise_options -- backbone.stages.2.blocks.12.ffn.layers.1.bias:lr_mult=0.1
09/30 21:10:33 - mmengine - INFO - paramwise_options -- backbone.stages.2.blocks.12.ffn.layers.1.bias:decay_mult=1.0
09/30 21:10:33 - mmengine - INFO - paramwise_options -- backbone.stages.2.blocks.13.norm1.weight:lr=1e-05
09/30 21:10:33 - mmengine - INFO - paramwise_options -- backbone.stages.2.blocks.13.norm1.weight:weight_decay=0.05
09/30 21:10:33 - mmengine - INFO - paramwise_options -- backbone.stages.2.blocks.13.norm1.weight:lr_mult=0.1
09/30 21:10:33 - mmengine - INFO - paramwise_options -- backbone.stages.2.blocks.13.norm1.weight:decay_mult=1.0
09/30 21:10:33 - mmengine - INFO - paramwise_options -- backbone.stages.2.blocks.13.norm1.bias:lr=1e-05
09/30 21:10:33 - mmengine - INFO - paramwise_options -- backbone.stages.2.blocks.13.norm1.bias:weight_decay=0.05
09/30 21:10:33 - mmengine - INFO - paramwise_options -- backbone.stages.2.blocks.13.norm1.bias:lr_mult=0.1
09/30 21:10:33 - mmengine - INFO - paramwise_options -- backbone.stages.2.blocks.13.norm1.bias:decay_mult=1.0
09/30 21:10:33 - mmengine - INFO - paramwise_options -- backbone.stages.2.blocks.13.attn.w_msa.relative_position_bias_table:lr=0.0001
09/30 21:10:33 - mmengine - INFO - paramwise_options -- backbone.stages.2.blocks.13.attn.w_msa.relative_position_bias_table:weight_decay=0.0
09/30 21:10:33 - mmengine - INFO - paramwise_options -- backbone.stages.2.blocks.13.attn.w_msa.relative_position_bias_table:decay_mult=0.0
09/30 21:10:33 - mmengine - INFO - paramwise_options -- backbone.stages.2.blocks.13.attn.w_msa.qkv.weight:lr=1e-05
09/30 21:10:33 - mmengine - INFO - paramwise_options -- backbone.stages.2.blocks.13.attn.w_msa.qkv.weight:weight_decay=0.05
09/30 21:10:33 - mmengine - INFO - paramwise_options -- backbone.stages.2.blocks.13.attn.w_msa.qkv.weight:lr_mult=0.1
09/30 21:10:33 - mmengine - INFO - paramwise_options -- backbone.stages.2.blocks.13.attn.w_msa.qkv.weight:decay_mult=1.0
09/30 21:10:33 - mmengine - INFO - paramwise_options -- backbone.stages.2.blocks.13.attn.w_msa.qkv.bias:lr=1e-05
09/30 21:10:33 - mmengine - INFO - paramwise_options -- backbone.stages.2.blocks.13.attn.w_msa.qkv.bias:weight_decay=0.05
09/30 21:10:33 - mmengine - INFO - paramwise_options -- backbone.stages.2.blocks.13.attn.w_msa.qkv.bias:lr_mult=0.1
09/30 21:10:33 - mmengine - INFO - paramwise_options -- backbone.stages.2.blocks.13.attn.w_msa.qkv.bias:decay_mult=1.0
09/30 21:10:33 - mmengine - INFO - paramwise_options -- backbone.stages.2.blocks.13.attn.w_msa.proj.weight:lr=1e-05
09/30 21:10:33 - mmengine - INFO - paramwise_options -- backbone.stages.2.blocks.13.attn.w_msa.proj.weight:weight_decay=0.05
09/30 21:10:33 - mmengine - INFO - paramwise_options -- backbone.stages.2.blocks.13.attn.w_msa.proj.weight:lr_mult=0.1
09/30 21:10:33 - mmengine - INFO - paramwise_options -- backbone.stages.2.blocks.13.attn.w_msa.proj.weight:decay_mult=1.0
09/30 21:10:33 - mmengine - INFO - paramwise_options -- backbone.stages.2.blocks.13.attn.w_msa.proj.bias:lr=1e-05
09/30 21:10:33 - mmengine - INFO - paramwise_options -- backbone.stages.2.blocks.13.attn.w_msa.proj.bias:weight_decay=0.05
09/30 21:10:33 - mmengine - INFO - paramwise_options -- backbone.stages.2.blocks.13.attn.w_msa.proj.bias:lr_mult=0.1
09/30 21:10:33 - mmengine - INFO - paramwise_options -- backbone.stages.2.blocks.13.attn.w_msa.proj.bias:decay_mult=1.0
09/30 21:10:33 - mmengine - INFO - paramwise_options -- backbone.stages.2.blocks.13.norm2.weight:lr=1e-05
09/30 21:10:33 - mmengine - INFO - paramwise_options -- backbone.stages.2.blocks.13.norm2.weight:weight_decay=0.05
09/30 21:10:33 - mmengine - INFO - paramwise_options -- backbone.stages.2.blocks.13.norm2.weight:lr_mult=0.1
09/30 21:10:33 - mmengine - INFO - paramwise_options -- backbone.stages.2.blocks.13.norm2.weight:decay_mult=1.0
09/30 21:10:33 - mmengine - INFO - paramwise_options -- backbone.stages.2.blocks.13.norm2.bias:lr=1e-05
09/30 21:10:33 - mmengine - INFO - paramwise_options -- backbone.stages.2.blocks.13.norm2.bias:weight_decay=0.05
09/30 21:10:33 - mmengine - INFO - paramwise_options -- backbone.stages.2.blocks.13.norm2.bias:lr_mult=0.1
09/30 21:10:33 - mmengine - INFO - paramwise_options -- backbone.stages.2.blocks.13.norm2.bias:decay_mult=1.0
09/30 21:10:33 - mmengine - INFO - paramwise_options -- backbone.stages.2.blocks.13.ffn.layers.0.0.weight:lr=1e-05
09/30 21:10:33 - mmengine - INFO - paramwise_options -- backbone.stages.2.blocks.13.ffn.layers.0.0.weight:weight_decay=0.05
09/30 21:10:33 - mmengine - INFO - paramwise_options -- backbone.stages.2.blocks.13.ffn.layers.0.0.weight:lr_mult=0.1
09/30 21:10:33 - mmengine - INFO - paramwise_options -- backbone.stages.2.blocks.13.ffn.layers.0.0.weight:decay_mult=1.0
09/30 21:10:33 - mmengine - INFO - paramwise_options -- backbone.stages.2.blocks.13.ffn.layers.0.0.bias:lr=1e-05
09/30 21:10:33 - mmengine - INFO - paramwise_options -- backbone.stages.2.blocks.13.ffn.layers.0.0.bias:weight_decay=0.05
09/30 21:10:33 - mmengine - INFO - paramwise_options -- backbone.stages.2.blocks.13.ffn.layers.0.0.bias:lr_mult=0.1
09/30 21:10:33 - mmengine - INFO - paramwise_options -- backbone.stages.2.blocks.13.ffn.layers.0.0.bias:decay_mult=1.0
09/30 21:10:33 - mmengine - INFO - paramwise_options -- backbone.stages.2.blocks.13.ffn.layers.1.weight:lr=1e-05
09/30 21:10:33 - mmengine - INFO - paramwise_options -- backbone.stages.2.blocks.13.ffn.layers.1.weight:weight_decay=0.05
09/30 21:10:33 - mmengine - INFO - paramwise_options -- backbone.stages.2.blocks.13.ffn.layers.1.weight:lr_mult=0.1
09/30 21:10:33 - mmengine - INFO - paramwise_options -- backbone.stages.2.blocks.13.ffn.layers.1.weight:decay_mult=1.0
09/30 21:10:33 - mmengine - INFO - paramwise_options -- backbone.stages.2.blocks.13.ffn.layers.1.bias:lr=1e-05
09/30 21:10:33 - mmengine - INFO - paramwise_options -- backbone.stages.2.blocks.13.ffn.layers.1.bias:weight_decay=0.05
09/30 21:10:33 - mmengine - INFO - paramwise_options -- backbone.stages.2.blocks.13.ffn.layers.1.bias:lr_mult=0.1
09/30 21:10:33 - mmengine - INFO - paramwise_options -- backbone.stages.2.blocks.13.ffn.layers.1.bias:decay_mult=1.0
09/30 21:10:33 - mmengine - INFO - paramwise_options -- backbone.stages.2.blocks.14.norm1.weight:lr=1e-05
09/30 21:10:33 - mmengine - INFO - paramwise_options -- backbone.stages.2.blocks.14.norm1.weight:weight_decay=0.05
09/30 21:10:33 - mmengine - INFO - paramwise_options -- backbone.stages.2.blocks.14.norm1.weight:lr_mult=0.1
09/30 21:10:33 - mmengine - INFO - paramwise_options -- backbone.stages.2.blocks.14.norm1.weight:decay_mult=1.0
09/30 21:10:33 - mmengine - INFO - paramwise_options -- backbone.stages.2.blocks.14.norm1.bias:lr=1e-05
09/30 21:10:33 - mmengine - INFO - paramwise_options -- backbone.stages.2.blocks.14.norm1.bias:weight_decay=0.05
09/30 21:10:33 - mmengine - INFO - paramwise_options -- backbone.stages.2.blocks.14.norm1.bias:lr_mult=0.1
09/30 21:10:33 - mmengine - INFO - paramwise_options -- backbone.stages.2.blocks.14.norm1.bias:decay_mult=1.0
09/30 21:10:33 - mmengine - INFO - paramwise_options -- backbone.stages.2.blocks.14.attn.w_msa.relative_position_bias_table:lr=0.0001
09/30 21:10:33 - mmengine - INFO - paramwise_options -- backbone.stages.2.blocks.14.attn.w_msa.relative_position_bias_table:weight_decay=0.0
09/30 21:10:33 - mmengine - INFO - paramwise_options -- backbone.stages.2.blocks.14.attn.w_msa.relative_position_bias_table:decay_mult=0.0
09/30 21:10:33 - mmengine - INFO - paramwise_options -- backbone.stages.2.blocks.14.attn.w_msa.qkv.weight:lr=1e-05
09/30 21:10:33 - mmengine - INFO - paramwise_options -- backbone.stages.2.blocks.14.attn.w_msa.qkv.weight:weight_decay=0.05
09/30 21:10:33 - mmengine - INFO - paramwise_options -- backbone.stages.2.blocks.14.attn.w_msa.qkv.weight:lr_mult=0.1
09/30 21:10:33 - mmengine - INFO - paramwise_options -- backbone.stages.2.blocks.14.attn.w_msa.qkv.weight:decay_mult=1.0
09/30 21:10:33 - mmengine - INFO - paramwise_options -- backbone.stages.2.blocks.14.attn.w_msa.qkv.bias:lr=1e-05
09/30 21:10:33 - mmengine - INFO - paramwise_options -- backbone.stages.2.blocks.14.attn.w_msa.qkv.bias:weight_decay=0.05
09/30 21:10:33 - mmengine - INFO - paramwise_options -- backbone.stages.2.blocks.14.attn.w_msa.qkv.bias:lr_mult=0.1
09/30 21:10:33 - mmengine - INFO - paramwise_options -- backbone.stages.2.blocks.14.attn.w_msa.qkv.bias:decay_mult=1.0
09/30 21:10:33 - mmengine - INFO - paramwise_options -- backbone.stages.2.blocks.14.attn.w_msa.proj.weight:lr=1e-05
09/30 21:10:33 - mmengine - INFO - paramwise_options -- backbone.stages.2.blocks.14.attn.w_msa.proj.weight:weight_decay=0.05
09/30 21:10:33 - mmengine - INFO - paramwise_options -- backbone.stages.2.blocks.14.attn.w_msa.proj.weight:lr_mult=0.1
09/30 21:10:33 - mmengine - INFO - paramwise_options -- backbone.stages.2.blocks.14.attn.w_msa.proj.weight:decay_mult=1.0
09/30 21:10:33 - mmengine - INFO - paramwise_options -- backbone.stages.2.blocks.14.attn.w_msa.proj.bias:lr=1e-05
09/30 21:10:33 - mmengine - INFO - paramwise_options -- backbone.stages.2.blocks.14.attn.w_msa.proj.bias:weight_decay=0.05
09/30 21:10:33 - mmengine - INFO - paramwise_options -- backbone.stages.2.blocks.14.attn.w_msa.proj.bias:lr_mult=0.1
09/30 21:10:33 - mmengine - INFO - paramwise_options -- backbone.stages.2.blocks.14.attn.w_msa.proj.bias:decay_mult=1.0
09/30 21:10:33 - mmengine - INFO - paramwise_options -- backbone.stages.2.blocks.14.norm2.weight:lr=1e-05
09/30 21:10:33 - mmengine - INFO - paramwise_options -- backbone.stages.2.blocks.14.norm2.weight:weight_decay=0.05
09/30 21:10:33 - mmengine - INFO - paramwise_options -- backbone.stages.2.blocks.14.norm2.weight:lr_mult=0.1
09/30 21:10:33 - mmengine - INFO - paramwise_options -- backbone.stages.2.blocks.14.norm2.weight:decay_mult=1.0
09/30 21:10:33 - mmengine - INFO - paramwise_options -- backbone.stages.2.blocks.14.norm2.bias:lr=1e-05
09/30 21:10:33 - mmengine - INFO - paramwise_options -- backbone.stages.2.blocks.14.norm2.bias:weight_decay=0.05
09/30 21:10:33 - mmengine - INFO - paramwise_options -- backbone.stages.2.blocks.14.norm2.bias:lr_mult=0.1
09/30 21:10:33 - mmengine - INFO - paramwise_options -- backbone.stages.2.blocks.14.norm2.bias:decay_mult=1.0
09/30 21:10:33 - mmengine - INFO - paramwise_options -- backbone.stages.2.blocks.14.ffn.layers.0.0.weight:lr=1e-05
09/30 21:10:33 - mmengine - INFO - paramwise_options -- backbone.stages.2.blocks.14.ffn.layers.0.0.weight:weight_decay=0.05
09/30 21:10:33 - mmengine - INFO - paramwise_options -- backbone.stages.2.blocks.14.ffn.layers.0.0.weight:lr_mult=0.1
09/30 21:10:33 - mmengine - INFO - paramwise_options -- backbone.stages.2.blocks.14.ffn.layers.0.0.weight:decay_mult=1.0
09/30 21:10:33 - mmengine - INFO - paramwise_options -- backbone.stages.2.blocks.14.ffn.layers.0.0.bias:lr=1e-05
09/30 21:10:33 - mmengine - INFO - paramwise_options -- backbone.stages.2.blocks.14.ffn.layers.0.0.bias:weight_decay=0.05
09/30 21:10:33 - mmengine - INFO - paramwise_options -- backbone.stages.2.blocks.14.ffn.layers.0.0.bias:lr_mult=0.1
09/30 21:10:33 - mmengine - INFO - paramwise_options -- backbone.stages.2.blocks.14.ffn.layers.0.0.bias:decay_mult=1.0
09/30 21:10:33 - mmengine - INFO - paramwise_options -- backbone.stages.2.blocks.14.ffn.layers.1.weight:lr=1e-05
09/30 21:10:33 - mmengine - INFO - paramwise_options -- backbone.stages.2.blocks.14.ffn.layers.1.weight:weight_decay=0.05
09/30 21:10:33 - mmengine - INFO - paramwise_options -- backbone.stages.2.blocks.14.ffn.layers.1.weight:lr_mult=0.1
09/30 21:10:33 - mmengine - INFO - paramwise_options -- backbone.stages.2.blocks.14.ffn.layers.1.weight:decay_mult=1.0
09/30 21:10:33 - mmengine - INFO - paramwise_options -- backbone.stages.2.blocks.14.ffn.layers.1.bias:lr=1e-05
09/30 21:10:33 - mmengine - INFO - paramwise_options -- backbone.stages.2.blocks.14.ffn.layers.1.bias:weight_decay=0.05
09/30 21:10:33 - mmengine - INFO - paramwise_options -- backbone.stages.2.blocks.14.ffn.layers.1.bias:lr_mult=0.1
09/30 21:10:33 - mmengine - INFO - paramwise_options -- backbone.stages.2.blocks.14.ffn.layers.1.bias:decay_mult=1.0
09/30 21:10:33 - mmengine - INFO - paramwise_options -- backbone.stages.2.blocks.15.norm1.weight:lr=1e-05
09/30 21:10:33 - mmengine - INFO - paramwise_options -- backbone.stages.2.blocks.15.norm1.weight:weight_decay=0.05
09/30 21:10:33 - mmengine - INFO - paramwise_options -- backbone.stages.2.blocks.15.norm1.weight:lr_mult=0.1
09/30 21:10:33 - mmengine - INFO - paramwise_options -- backbone.stages.2.blocks.15.norm1.weight:decay_mult=1.0
09/30 21:10:33 - mmengine - INFO - paramwise_options -- backbone.stages.2.blocks.15.norm1.bias:lr=1e-05
09/30 21:10:33 - mmengine - INFO - paramwise_options -- backbone.stages.2.blocks.15.norm1.bias:weight_decay=0.05
09/30 21:10:33 - mmengine - INFO - paramwise_options -- backbone.stages.2.blocks.15.norm1.bias:lr_mult=0.1
09/30 21:10:33 - mmengine - INFO - paramwise_options -- backbone.stages.2.blocks.15.norm1.bias:decay_mult=1.0
09/30 21:10:33 - mmengine - INFO - paramwise_options -- backbone.stages.2.blocks.15.attn.w_msa.relative_position_bias_table:lr=0.0001
09/30 21:10:33 - mmengine - INFO - paramwise_options -- backbone.stages.2.blocks.15.attn.w_msa.relative_position_bias_table:weight_decay=0.0
09/30 21:10:33 - mmengine - INFO - paramwise_options -- backbone.stages.2.blocks.15.attn.w_msa.relative_position_bias_table:decay_mult=0.0
09/30 21:10:33 - mmengine - INFO - paramwise_options -- backbone.stages.2.blocks.15.attn.w_msa.qkv.weight:lr=1e-05
09/30 21:10:33 - mmengine - INFO - paramwise_options -- backbone.stages.2.blocks.15.attn.w_msa.qkv.weight:weight_decay=0.05
09/30 21:10:33 - mmengine - INFO - paramwise_options -- backbone.stages.2.blocks.15.attn.w_msa.qkv.weight:lr_mult=0.1
09/30 21:10:33 - mmengine - INFO - paramwise_options -- backbone.stages.2.blocks.15.attn.w_msa.qkv.weight:decay_mult=1.0
09/30 21:10:33 - mmengine - INFO - paramwise_options -- backbone.stages.2.blocks.15.attn.w_msa.qkv.bias:lr=1e-05
09/30 21:10:33 - mmengine - INFO - paramwise_options -- backbone.stages.2.blocks.15.attn.w_msa.qkv.bias:weight_decay=0.05
09/30 21:10:33 - mmengine - INFO - paramwise_options -- backbone.stages.2.blocks.15.attn.w_msa.qkv.bias:lr_mult=0.1
09/30 21:10:33 - mmengine - INFO - paramwise_options -- backbone.stages.2.blocks.15.attn.w_msa.qkv.bias:decay_mult=1.0
09/30 21:10:33 - mmengine - INFO - paramwise_options -- backbone.stages.2.blocks.15.attn.w_msa.proj.weight:lr=1e-05
09/30 21:10:33 - mmengine - INFO - paramwise_options -- backbone.stages.2.blocks.15.attn.w_msa.proj.weight:weight_decay=0.05
09/30 21:10:33 - mmengine - INFO - paramwise_options -- backbone.stages.2.blocks.15.attn.w_msa.proj.weight:lr_mult=0.1
09/30 21:10:33 - mmengine - INFO - paramwise_options -- backbone.stages.2.blocks.15.attn.w_msa.proj.weight:decay_mult=1.0
09/30 21:10:33 - mmengine - INFO - paramwise_options -- backbone.stages.2.blocks.15.attn.w_msa.proj.bias:lr=1e-05
09/30 21:10:33 - mmengine - INFO - paramwise_options -- backbone.stages.2.blocks.15.attn.w_msa.proj.bias:weight_decay=0.05
09/30 21:10:33 - mmengine - INFO - paramwise_options -- backbone.stages.2.blocks.15.attn.w_msa.proj.bias:lr_mult=0.1
09/30 21:10:33 - mmengine - INFO - paramwise_options -- backbone.stages.2.blocks.15.attn.w_msa.proj.bias:decay_mult=1.0
09/30 21:10:33 - mmengine - INFO - paramwise_options -- backbone.stages.2.blocks.15.norm2.weight:lr=1e-05
09/30 21:10:33 - mmengine - INFO - paramwise_options -- backbone.stages.2.blocks.15.norm2.weight:weight_decay=0.05
09/30 21:10:33 - mmengine - INFO - paramwise_options -- backbone.stages.2.blocks.15.norm2.weight:lr_mult=0.1
09/30 21:10:33 - mmengine - INFO - paramwise_options -- backbone.stages.2.blocks.15.norm2.weight:decay_mult=1.0
09/30 21:10:33 - mmengine - INFO - paramwise_options -- backbone.stages.2.blocks.15.norm2.bias:lr=1e-05
09/30 21:10:33 - mmengine - INFO - paramwise_options -- backbone.stages.2.blocks.15.norm2.bias:weight_decay=0.05
09/30 21:10:33 - mmengine - INFO - paramwise_options -- backbone.stages.2.blocks.15.norm2.bias:lr_mult=0.1
09/30 21:10:33 - mmengine - INFO - paramwise_options -- backbone.stages.2.blocks.15.norm2.bias:decay_mult=1.0
09/30 21:10:33 - mmengine - INFO - paramwise_options -- backbone.stages.2.blocks.15.ffn.layers.0.0.weight:lr=1e-05
09/30 21:10:33 - mmengine - INFO - paramwise_options -- backbone.stages.2.blocks.15.ffn.layers.0.0.weight:weight_decay=0.05
09/30 21:10:33 - mmengine - INFO - paramwise_options -- backbone.stages.2.blocks.15.ffn.layers.0.0.weight:lr_mult=0.1
09/30 21:10:33 - mmengine - INFO - paramwise_options -- backbone.stages.2.blocks.15.ffn.layers.0.0.weight:decay_mult=1.0
09/30 21:10:33 - mmengine - INFO - paramwise_options -- backbone.stages.2.blocks.15.ffn.layers.0.0.bias:lr=1e-05
09/30 21:10:33 - mmengine - INFO - paramwise_options -- backbone.stages.2.blocks.15.ffn.layers.0.0.bias:weight_decay=0.05
09/30 21:10:33 - mmengine - INFO - paramwise_options -- backbone.stages.2.blocks.15.ffn.layers.0.0.bias:lr_mult=0.1
09/30 21:10:33 - mmengine - INFO - paramwise_options -- backbone.stages.2.blocks.15.ffn.layers.0.0.bias:decay_mult=1.0
09/30 21:10:33 - mmengine - INFO - paramwise_options -- backbone.stages.2.blocks.15.ffn.layers.1.weight:lr=1e-05
09/30 21:10:33 - mmengine - INFO - paramwise_options -- backbone.stages.2.blocks.15.ffn.layers.1.weight:weight_decay=0.05
09/30 21:10:33 - mmengine - INFO - paramwise_options -- backbone.stages.2.blocks.15.ffn.layers.1.weight:lr_mult=0.1
09/30 21:10:33 - mmengine - INFO - paramwise_options -- backbone.stages.2.blocks.15.ffn.layers.1.weight:decay_mult=1.0
09/30 21:10:33 - mmengine - INFO - paramwise_options -- backbone.stages.2.blocks.15.ffn.layers.1.bias:lr=1e-05
09/30 21:10:33 - mmengine - INFO - paramwise_options -- backbone.stages.2.blocks.15.ffn.layers.1.bias:weight_decay=0.05
09/30 21:10:33 - mmengine - INFO - paramwise_options -- backbone.stages.2.blocks.15.ffn.layers.1.bias:lr_mult=0.1
09/30 21:10:33 - mmengine - INFO - paramwise_options -- backbone.stages.2.blocks.15.ffn.layers.1.bias:decay_mult=1.0
09/30 21:10:33 - mmengine - INFO - paramwise_options -- backbone.stages.2.blocks.16.norm1.weight:lr=1e-05
09/30 21:10:33 - mmengine - INFO - paramwise_options -- backbone.stages.2.blocks.16.norm1.weight:weight_decay=0.05
09/30 21:10:33 - mmengine - INFO - paramwise_options -- backbone.stages.2.blocks.16.norm1.weight:lr_mult=0.1
09/30 21:10:33 - mmengine - INFO - paramwise_options -- backbone.stages.2.blocks.16.norm1.weight:decay_mult=1.0
09/30 21:10:33 - mmengine - INFO - paramwise_options -- backbone.stages.2.blocks.16.norm1.bias:lr=1e-05
09/30 21:10:33 - mmengine - INFO - paramwise_options -- backbone.stages.2.blocks.16.norm1.bias:weight_decay=0.05
09/30 21:10:33 - mmengine - INFO - paramwise_options -- backbone.stages.2.blocks.16.norm1.bias:lr_mult=0.1
09/30 21:10:33 - mmengine - INFO - paramwise_options -- backbone.stages.2.blocks.16.norm1.bias:decay_mult=1.0
09/30 21:10:33 - mmengine - INFO - paramwise_options -- backbone.stages.2.blocks.16.attn.w_msa.relative_position_bias_table:lr=0.0001
09/30 21:10:33 - mmengine - INFO - paramwise_options -- backbone.stages.2.blocks.16.attn.w_msa.relative_position_bias_table:weight_decay=0.0
09/30 21:10:33 - mmengine - INFO - paramwise_options -- backbone.stages.2.blocks.16.attn.w_msa.relative_position_bias_table:decay_mult=0.0
09/30 21:10:33 - mmengine - INFO - paramwise_options -- backbone.stages.2.blocks.16.attn.w_msa.qkv.weight:lr=1e-05
09/30 21:10:33 - mmengine - INFO - paramwise_options -- backbone.stages.2.blocks.16.attn.w_msa.qkv.weight:weight_decay=0.05
09/30 21:10:33 - mmengine - INFO - paramwise_options -- backbone.stages.2.blocks.16.attn.w_msa.qkv.weight:lr_mult=0.1
09/30 21:10:33 - mmengine - INFO - paramwise_options -- backbone.stages.2.blocks.16.attn.w_msa.qkv.weight:decay_mult=1.0
09/30 21:10:33 - mmengine - INFO - paramwise_options -- backbone.stages.2.blocks.16.attn.w_msa.qkv.bias:lr=1e-05
09/30 21:10:33 - mmengine - INFO - paramwise_options -- backbone.stages.2.blocks.16.attn.w_msa.qkv.bias:weight_decay=0.05
09/30 21:10:33 - mmengine - INFO - paramwise_options -- backbone.stages.2.blocks.16.attn.w_msa.qkv.bias:lr_mult=0.1
09/30 21:10:33 - mmengine - INFO - paramwise_options -- backbone.stages.2.blocks.16.attn.w_msa.qkv.bias:decay_mult=1.0
09/30 21:10:33 - mmengine - INFO - paramwise_options -- backbone.stages.2.blocks.16.attn.w_msa.proj.weight:lr=1e-05
09/30 21:10:33 - mmengine - INFO - paramwise_options -- backbone.stages.2.blocks.16.attn.w_msa.proj.weight:weight_decay=0.05
09/30 21:10:33 - mmengine - INFO - paramwise_options -- backbone.stages.2.blocks.16.attn.w_msa.proj.weight:lr_mult=0.1
09/30 21:10:33 - mmengine - INFO - paramwise_options -- backbone.stages.2.blocks.16.attn.w_msa.proj.weight:decay_mult=1.0
09/30 21:10:33 - mmengine - INFO - paramwise_options -- backbone.stages.2.blocks.16.attn.w_msa.proj.bias:lr=1e-05
09/30 21:10:33 - mmengine - INFO - paramwise_options -- backbone.stages.2.blocks.16.attn.w_msa.proj.bias:weight_decay=0.05
09/30 21:10:33 - mmengine - INFO - paramwise_options -- backbone.stages.2.blocks.16.attn.w_msa.proj.bias:lr_mult=0.1
09/30 21:10:33 - mmengine - INFO - paramwise_options -- backbone.stages.2.blocks.16.attn.w_msa.proj.bias:decay_mult=1.0
09/30 21:10:33 - mmengine - INFO - paramwise_options -- backbone.stages.2.blocks.16.norm2.weight:lr=1e-05
09/30 21:10:33 - mmengine - INFO - paramwise_options -- backbone.stages.2.blocks.16.norm2.weight:weight_decay=0.05
09/30 21:10:33 - mmengine - INFO - paramwise_options -- backbone.stages.2.blocks.16.norm2.weight:lr_mult=0.1
09/30 21:10:33 - mmengine - INFO - paramwise_options -- backbone.stages.2.blocks.16.norm2.weight:decay_mult=1.0
09/30 21:10:33 - mmengine - INFO - paramwise_options -- backbone.stages.2.blocks.16.norm2.bias:lr=1e-05
09/30 21:10:33 - mmengine - INFO - paramwise_options -- backbone.stages.2.blocks.16.norm2.bias:weight_decay=0.05
09/30 21:10:33 - mmengine - INFO - paramwise_options -- backbone.stages.2.blocks.16.norm2.bias:lr_mult=0.1
09/30 21:10:33 - mmengine - INFO - paramwise_options -- backbone.stages.2.blocks.16.norm2.bias:decay_mult=1.0
09/30 21:10:33 - mmengine - INFO - paramwise_options -- backbone.stages.2.blocks.16.ffn.layers.0.0.weight:lr=1e-05
09/30 21:10:33 - mmengine - INFO - paramwise_options -- backbone.stages.2.blocks.16.ffn.layers.0.0.weight:weight_decay=0.05
09/30 21:10:33 - mmengine - INFO - paramwise_options -- backbone.stages.2.blocks.16.ffn.layers.0.0.weight:lr_mult=0.1
09/30 21:10:33 - mmengine - INFO - paramwise_options -- backbone.stages.2.blocks.16.ffn.layers.0.0.weight:decay_mult=1.0
09/30 21:10:33 - mmengine - INFO - paramwise_options -- backbone.stages.2.blocks.16.ffn.layers.0.0.bias:lr=1e-05
09/30 21:10:33 - mmengine - INFO - paramwise_options -- backbone.stages.2.blocks.16.ffn.layers.0.0.bias:weight_decay=0.05
09/30 21:10:33 - mmengine - INFO - paramwise_options -- backbone.stages.2.blocks.16.ffn.layers.0.0.bias:lr_mult=0.1
09/30 21:10:33 - mmengine - INFO - paramwise_options -- backbone.stages.2.blocks.16.ffn.layers.0.0.bias:decay_mult=1.0
09/30 21:10:33 - mmengine - INFO - paramwise_options -- backbone.stages.2.blocks.16.ffn.layers.1.weight:lr=1e-05
09/30 21:10:33 - mmengine - INFO - paramwise_options -- backbone.stages.2.blocks.16.ffn.layers.1.weight:weight_decay=0.05
09/30 21:10:33 - mmengine - INFO - paramwise_options -- backbone.stages.2.blocks.16.ffn.layers.1.weight:lr_mult=0.1
09/30 21:10:33 - mmengine - INFO - paramwise_options -- backbone.stages.2.blocks.16.ffn.layers.1.weight:decay_mult=1.0
09/30 21:10:33 - mmengine - INFO - paramwise_options -- backbone.stages.2.blocks.16.ffn.layers.1.bias:lr=1e-05
09/30 21:10:33 - mmengine - INFO - paramwise_options -- backbone.stages.2.blocks.16.ffn.layers.1.bias:weight_decay=0.05
09/30 21:10:33 - mmengine - INFO - paramwise_options -- backbone.stages.2.blocks.16.ffn.layers.1.bias:lr_mult=0.1
09/30 21:10:33 - mmengine - INFO - paramwise_options -- backbone.stages.2.blocks.16.ffn.layers.1.bias:decay_mult=1.0
09/30 21:10:33 - mmengine - INFO - paramwise_options -- backbone.stages.2.blocks.17.norm1.weight:lr=1e-05
09/30 21:10:33 - mmengine - INFO - paramwise_options -- backbone.stages.2.blocks.17.norm1.weight:weight_decay=0.05
09/30 21:10:33 - mmengine - INFO - paramwise_options -- backbone.stages.2.blocks.17.norm1.weight:lr_mult=0.1
09/30 21:10:33 - mmengine - INFO - paramwise_options -- backbone.stages.2.blocks.17.norm1.weight:decay_mult=1.0
09/30 21:10:33 - mmengine - INFO - paramwise_options -- backbone.stages.2.blocks.17.norm1.bias:lr=1e-05
09/30 21:10:33 - mmengine - INFO - paramwise_options -- backbone.stages.2.blocks.17.norm1.bias:weight_decay=0.05
09/30 21:10:33 - mmengine - INFO - paramwise_options -- backbone.stages.2.blocks.17.norm1.bias:lr_mult=0.1
09/30 21:10:33 - mmengine - INFO - paramwise_options -- backbone.stages.2.blocks.17.norm1.bias:decay_mult=1.0
09/30 21:10:33 - mmengine - INFO - paramwise_options -- backbone.stages.2.blocks.17.attn.w_msa.relative_position_bias_table:lr=0.0001
09/30 21:10:33 - mmengine - INFO - paramwise_options -- backbone.stages.2.blocks.17.attn.w_msa.relative_position_bias_table:weight_decay=0.0
09/30 21:10:33 - mmengine - INFO - paramwise_options -- backbone.stages.2.blocks.17.attn.w_msa.relative_position_bias_table:decay_mult=0.0
09/30 21:10:33 - mmengine - INFO - paramwise_options -- backbone.stages.2.blocks.17.attn.w_msa.qkv.weight:lr=1e-05
09/30 21:10:33 - mmengine - INFO - paramwise_options -- backbone.stages.2.blocks.17.attn.w_msa.qkv.weight:weight_decay=0.05
09/30 21:10:33 - mmengine - INFO - paramwise_options -- backbone.stages.2.blocks.17.attn.w_msa.qkv.weight:lr_mult=0.1
09/30 21:10:33 - mmengine - INFO - paramwise_options -- backbone.stages.2.blocks.17.attn.w_msa.qkv.weight:decay_mult=1.0
09/30 21:10:33 - mmengine - INFO - paramwise_options -- backbone.stages.2.blocks.17.attn.w_msa.qkv.bias:lr=1e-05
09/30 21:10:33 - mmengine - INFO - paramwise_options -- backbone.stages.2.blocks.17.attn.w_msa.qkv.bias:weight_decay=0.05
09/30 21:10:33 - mmengine - INFO - paramwise_options -- backbone.stages.2.blocks.17.attn.w_msa.qkv.bias:lr_mult=0.1
09/30 21:10:33 - mmengine - INFO - paramwise_options -- backbone.stages.2.blocks.17.attn.w_msa.qkv.bias:decay_mult=1.0
09/30 21:10:33 - mmengine - INFO - paramwise_options -- backbone.stages.2.blocks.17.attn.w_msa.proj.weight:lr=1e-05
09/30 21:10:33 - mmengine - INFO - paramwise_options -- backbone.stages.2.blocks.17.attn.w_msa.proj.weight:weight_decay=0.05
09/30 21:10:33 - mmengine - INFO - paramwise_options -- backbone.stages.2.blocks.17.attn.w_msa.proj.weight:lr_mult=0.1
09/30 21:10:33 - mmengine - INFO - paramwise_options -- backbone.stages.2.blocks.17.attn.w_msa.proj.weight:decay_mult=1.0
09/30 21:10:33 - mmengine - INFO - paramwise_options -- backbone.stages.2.blocks.17.attn.w_msa.proj.bias:lr=1e-05
09/30 21:10:33 - mmengine - INFO - paramwise_options -- backbone.stages.2.blocks.17.attn.w_msa.proj.bias:weight_decay=0.05
09/30 21:10:33 - mmengine - INFO - paramwise_options -- backbone.stages.2.blocks.17.attn.w_msa.proj.bias:lr_mult=0.1
09/30 21:10:33 - mmengine - INFO - paramwise_options -- backbone.stages.2.blocks.17.attn.w_msa.proj.bias:decay_mult=1.0
09/30 21:10:33 - mmengine - INFO - paramwise_options -- backbone.stages.2.blocks.17.norm2.weight:lr=1e-05
09/30 21:10:33 - mmengine - INFO - paramwise_options -- backbone.stages.2.blocks.17.norm2.weight:weight_decay=0.05
09/30 21:10:33 - mmengine - INFO - paramwise_options -- backbone.stages.2.blocks.17.norm2.weight:lr_mult=0.1
09/30 21:10:33 - mmengine - INFO - paramwise_options -- backbone.stages.2.blocks.17.norm2.weight:decay_mult=1.0
09/30 21:10:33 - mmengine - INFO - paramwise_options -- backbone.stages.2.blocks.17.norm2.bias:lr=1e-05
09/30 21:10:33 - mmengine - INFO - paramwise_options -- backbone.stages.2.blocks.17.norm2.bias:weight_decay=0.05
09/30 21:10:33 - mmengine - INFO - paramwise_options -- backbone.stages.2.blocks.17.norm2.bias:lr_mult=0.1
09/30 21:10:33 - mmengine - INFO - paramwise_options -- backbone.stages.2.blocks.17.norm2.bias:decay_mult=1.0
09/30 21:10:33 - mmengine - INFO - paramwise_options -- backbone.stages.2.blocks.17.ffn.layers.0.0.weight:lr=1e-05
09/30 21:10:33 - mmengine - INFO - paramwise_options -- backbone.stages.2.blocks.17.ffn.layers.0.0.weight:weight_decay=0.05
09/30 21:10:33 - mmengine - INFO - paramwise_options -- backbone.stages.2.blocks.17.ffn.layers.0.0.weight:lr_mult=0.1
09/30 21:10:33 - mmengine - INFO - paramwise_options -- backbone.stages.2.blocks.17.ffn.layers.0.0.weight:decay_mult=1.0
09/30 21:10:33 - mmengine - INFO - paramwise_options -- backbone.stages.2.blocks.17.ffn.layers.0.0.bias:lr=1e-05
09/30 21:10:33 - mmengine - INFO - paramwise_options -- backbone.stages.2.blocks.17.ffn.layers.0.0.bias:weight_decay=0.05
09/30 21:10:33 - mmengine - INFO - paramwise_options -- backbone.stages.2.blocks.17.ffn.layers.0.0.bias:lr_mult=0.1
09/30 21:10:33 - mmengine - INFO - paramwise_options -- backbone.stages.2.blocks.17.ffn.layers.0.0.bias:decay_mult=1.0
09/30 21:10:33 - mmengine - INFO - paramwise_options -- backbone.stages.2.blocks.17.ffn.layers.1.weight:lr=1e-05
09/30 21:10:33 - mmengine - INFO - paramwise_options -- backbone.stages.2.blocks.17.ffn.layers.1.weight:weight_decay=0.05
09/30 21:10:33 - mmengine - INFO - paramwise_options -- backbone.stages.2.blocks.17.ffn.layers.1.weight:lr_mult=0.1
09/30 21:10:33 - mmengine - INFO - paramwise_options -- backbone.stages.2.blocks.17.ffn.layers.1.weight:decay_mult=1.0
09/30 21:10:33 - mmengine - INFO - paramwise_options -- backbone.stages.2.blocks.17.ffn.layers.1.bias:lr=1e-05
09/30 21:10:33 - mmengine - INFO - paramwise_options -- backbone.stages.2.blocks.17.ffn.layers.1.bias:weight_decay=0.05
09/30 21:10:33 - mmengine - INFO - paramwise_options -- backbone.stages.2.blocks.17.ffn.layers.1.bias:lr_mult=0.1
09/30 21:10:33 - mmengine - INFO - paramwise_options -- backbone.stages.2.blocks.17.ffn.layers.1.bias:decay_mult=1.0
09/30 21:10:33 - mmengine - INFO - paramwise_options -- backbone.stages.2.downsample.norm.weight:lr=1e-05
09/30 21:10:33 - mmengine - INFO - paramwise_options -- backbone.stages.2.downsample.norm.weight:weight_decay=0.05
09/30 21:10:33 - mmengine - INFO - paramwise_options -- backbone.stages.2.downsample.norm.weight:lr_mult=0.1
09/30 21:10:33 - mmengine - INFO - paramwise_options -- backbone.stages.2.downsample.norm.weight:decay_mult=1.0
09/30 21:10:33 - mmengine - INFO - paramwise_options -- backbone.stages.2.downsample.norm.bias:lr=1e-05
09/30 21:10:33 - mmengine - INFO - paramwise_options -- backbone.stages.2.downsample.norm.bias:weight_decay=0.05
09/30 21:10:33 - mmengine - INFO - paramwise_options -- backbone.stages.2.downsample.norm.bias:lr_mult=0.1
09/30 21:10:33 - mmengine - INFO - paramwise_options -- backbone.stages.2.downsample.norm.bias:decay_mult=1.0
09/30 21:10:33 - mmengine - INFO - paramwise_options -- backbone.stages.2.downsample.reduction.weight:lr=1e-05
09/30 21:10:33 - mmengine - INFO - paramwise_options -- backbone.stages.2.downsample.reduction.weight:weight_decay=0.05
09/30 21:10:33 - mmengine - INFO - paramwise_options -- backbone.stages.2.downsample.reduction.weight:lr_mult=0.1
09/30 21:10:33 - mmengine - INFO - paramwise_options -- backbone.stages.2.downsample.reduction.weight:decay_mult=1.0
09/30 21:10:33 - mmengine - INFO - paramwise_options -- backbone.stages.3.blocks.0.norm1.weight:lr=1e-05
09/30 21:10:33 - mmengine - INFO - paramwise_options -- backbone.stages.3.blocks.0.norm1.weight:weight_decay=0.05
09/30 21:10:33 - mmengine - INFO - paramwise_options -- backbone.stages.3.blocks.0.norm1.weight:lr_mult=0.1
09/30 21:10:33 - mmengine - INFO - paramwise_options -- backbone.stages.3.blocks.0.norm1.weight:decay_mult=1.0
09/30 21:10:33 - mmengine - INFO - paramwise_options -- backbone.stages.3.blocks.0.norm1.bias:lr=1e-05
09/30 21:10:33 - mmengine - INFO - paramwise_options -- backbone.stages.3.blocks.0.norm1.bias:weight_decay=0.05
09/30 21:10:33 - mmengine - INFO - paramwise_options -- backbone.stages.3.blocks.0.norm1.bias:lr_mult=0.1
09/30 21:10:33 - mmengine - INFO - paramwise_options -- backbone.stages.3.blocks.0.norm1.bias:decay_mult=1.0
09/30 21:10:33 - mmengine - INFO - paramwise_options -- backbone.stages.3.blocks.0.attn.w_msa.relative_position_bias_table:lr=0.0001
09/30 21:10:33 - mmengine - INFO - paramwise_options -- backbone.stages.3.blocks.0.attn.w_msa.relative_position_bias_table:weight_decay=0.0
09/30 21:10:33 - mmengine - INFO - paramwise_options -- backbone.stages.3.blocks.0.attn.w_msa.relative_position_bias_table:decay_mult=0.0
09/30 21:10:33 - mmengine - INFO - paramwise_options -- backbone.stages.3.blocks.0.attn.w_msa.qkv.weight:lr=1e-05
09/30 21:10:33 - mmengine - INFO - paramwise_options -- backbone.stages.3.blocks.0.attn.w_msa.qkv.weight:weight_decay=0.05
09/30 21:10:33 - mmengine - INFO - paramwise_options -- backbone.stages.3.blocks.0.attn.w_msa.qkv.weight:lr_mult=0.1
09/30 21:10:33 - mmengine - INFO - paramwise_options -- backbone.stages.3.blocks.0.attn.w_msa.qkv.weight:decay_mult=1.0
09/30 21:10:33 - mmengine - INFO - paramwise_options -- backbone.stages.3.blocks.0.attn.w_msa.qkv.bias:lr=1e-05
09/30 21:10:33 - mmengine - INFO - paramwise_options -- backbone.stages.3.blocks.0.attn.w_msa.qkv.bias:weight_decay=0.05
09/30 21:10:33 - mmengine - INFO - paramwise_options -- backbone.stages.3.blocks.0.attn.w_msa.qkv.bias:lr_mult=0.1
09/30 21:10:33 - mmengine - INFO - paramwise_options -- backbone.stages.3.blocks.0.attn.w_msa.qkv.bias:decay_mult=1.0
09/30 21:10:33 - mmengine - INFO - paramwise_options -- backbone.stages.3.blocks.0.attn.w_msa.proj.weight:lr=1e-05
09/30 21:10:33 - mmengine - INFO - paramwise_options -- backbone.stages.3.blocks.0.attn.w_msa.proj.weight:weight_decay=0.05
09/30 21:10:33 - mmengine - INFO - paramwise_options -- backbone.stages.3.blocks.0.attn.w_msa.proj.weight:lr_mult=0.1
09/30 21:10:33 - mmengine - INFO - paramwise_options -- backbone.stages.3.blocks.0.attn.w_msa.proj.weight:decay_mult=1.0
09/30 21:10:33 - mmengine - INFO - paramwise_options -- backbone.stages.3.blocks.0.attn.w_msa.proj.bias:lr=1e-05
09/30 21:10:33 - mmengine - INFO - paramwise_options -- backbone.stages.3.blocks.0.attn.w_msa.proj.bias:weight_decay=0.05
09/30 21:10:33 - mmengine - INFO - paramwise_options -- backbone.stages.3.blocks.0.attn.w_msa.proj.bias:lr_mult=0.1
09/30 21:10:33 - mmengine - INFO - paramwise_options -- backbone.stages.3.blocks.0.attn.w_msa.proj.bias:decay_mult=1.0
09/30 21:10:33 - mmengine - INFO - paramwise_options -- backbone.stages.3.blocks.0.norm2.weight:lr=1e-05
09/30 21:10:33 - mmengine - INFO - paramwise_options -- backbone.stages.3.blocks.0.norm2.weight:weight_decay=0.05
09/30 21:10:33 - mmengine - INFO - paramwise_options -- backbone.stages.3.blocks.0.norm2.weight:lr_mult=0.1
09/30 21:10:33 - mmengine - INFO - paramwise_options -- backbone.stages.3.blocks.0.norm2.weight:decay_mult=1.0
09/30 21:10:33 - mmengine - INFO - paramwise_options -- backbone.stages.3.blocks.0.norm2.bias:lr=1e-05
09/30 21:10:33 - mmengine - INFO - paramwise_options -- backbone.stages.3.blocks.0.norm2.bias:weight_decay=0.05
09/30 21:10:33 - mmengine - INFO - paramwise_options -- backbone.stages.3.blocks.0.norm2.bias:lr_mult=0.1
09/30 21:10:33 - mmengine - INFO - paramwise_options -- backbone.stages.3.blocks.0.norm2.bias:decay_mult=1.0
09/30 21:10:33 - mmengine - INFO - paramwise_options -- backbone.stages.3.blocks.0.ffn.layers.0.0.weight:lr=1e-05
09/30 21:10:33 - mmengine - INFO - paramwise_options -- backbone.stages.3.blocks.0.ffn.layers.0.0.weight:weight_decay=0.05
09/30 21:10:33 - mmengine - INFO - paramwise_options -- backbone.stages.3.blocks.0.ffn.layers.0.0.weight:lr_mult=0.1
09/30 21:10:33 - mmengine - INFO - paramwise_options -- backbone.stages.3.blocks.0.ffn.layers.0.0.weight:decay_mult=1.0
09/30 21:10:33 - mmengine - INFO - paramwise_options -- backbone.stages.3.blocks.0.ffn.layers.0.0.bias:lr=1e-05
09/30 21:10:33 - mmengine - INFO - paramwise_options -- backbone.stages.3.blocks.0.ffn.layers.0.0.bias:weight_decay=0.05
09/30 21:10:33 - mmengine - INFO - paramwise_options -- backbone.stages.3.blocks.0.ffn.layers.0.0.bias:lr_mult=0.1
09/30 21:10:33 - mmengine - INFO - paramwise_options -- backbone.stages.3.blocks.0.ffn.layers.0.0.bias:decay_mult=1.0
09/30 21:10:33 - mmengine - INFO - paramwise_options -- backbone.stages.3.blocks.0.ffn.layers.1.weight:lr=1e-05
09/30 21:10:33 - mmengine - INFO - paramwise_options -- backbone.stages.3.blocks.0.ffn.layers.1.weight:weight_decay=0.05
09/30 21:10:33 - mmengine - INFO - paramwise_options -- backbone.stages.3.blocks.0.ffn.layers.1.weight:lr_mult=0.1
09/30 21:10:33 - mmengine - INFO - paramwise_options -- backbone.stages.3.blocks.0.ffn.layers.1.weight:decay_mult=1.0
09/30 21:10:33 - mmengine - INFO - paramwise_options -- backbone.stages.3.blocks.0.ffn.layers.1.bias:lr=1e-05
09/30 21:10:33 - mmengine - INFO - paramwise_options -- backbone.stages.3.blocks.0.ffn.layers.1.bias:weight_decay=0.05
09/30 21:10:33 - mmengine - INFO - paramwise_options -- backbone.stages.3.blocks.0.ffn.layers.1.bias:lr_mult=0.1
09/30 21:10:33 - mmengine - INFO - paramwise_options -- backbone.stages.3.blocks.0.ffn.layers.1.bias:decay_mult=1.0
09/30 21:10:33 - mmengine - INFO - paramwise_options -- backbone.stages.3.blocks.1.norm1.weight:lr=1e-05
09/30 21:10:33 - mmengine - INFO - paramwise_options -- backbone.stages.3.blocks.1.norm1.weight:weight_decay=0.05
09/30 21:10:33 - mmengine - INFO - paramwise_options -- backbone.stages.3.blocks.1.norm1.weight:lr_mult=0.1
09/30 21:10:33 - mmengine - INFO - paramwise_options -- backbone.stages.3.blocks.1.norm1.weight:decay_mult=1.0
09/30 21:10:33 - mmengine - INFO - paramwise_options -- backbone.stages.3.blocks.1.norm1.bias:lr=1e-05
09/30 21:10:33 - mmengine - INFO - paramwise_options -- backbone.stages.3.blocks.1.norm1.bias:weight_decay=0.05
09/30 21:10:33 - mmengine - INFO - paramwise_options -- backbone.stages.3.blocks.1.norm1.bias:lr_mult=0.1
09/30 21:10:33 - mmengine - INFO - paramwise_options -- backbone.stages.3.blocks.1.norm1.bias:decay_mult=1.0
09/30 21:10:33 - mmengine - INFO - paramwise_options -- backbone.stages.3.blocks.1.attn.w_msa.relative_position_bias_table:lr=0.0001
09/30 21:10:33 - mmengine - INFO - paramwise_options -- backbone.stages.3.blocks.1.attn.w_msa.relative_position_bias_table:weight_decay=0.0
09/30 21:10:33 - mmengine - INFO - paramwise_options -- backbone.stages.3.blocks.1.attn.w_msa.relative_position_bias_table:decay_mult=0.0
09/30 21:10:33 - mmengine - INFO - paramwise_options -- backbone.stages.3.blocks.1.attn.w_msa.qkv.weight:lr=1e-05
09/30 21:10:33 - mmengine - INFO - paramwise_options -- backbone.stages.3.blocks.1.attn.w_msa.qkv.weight:weight_decay=0.05
09/30 21:10:33 - mmengine - INFO - paramwise_options -- backbone.stages.3.blocks.1.attn.w_msa.qkv.weight:lr_mult=0.1
09/30 21:10:33 - mmengine - INFO - paramwise_options -- backbone.stages.3.blocks.1.attn.w_msa.qkv.weight:decay_mult=1.0
09/30 21:10:33 - mmengine - INFO - paramwise_options -- backbone.stages.3.blocks.1.attn.w_msa.qkv.bias:lr=1e-05
09/30 21:10:33 - mmengine - INFO - paramwise_options -- backbone.stages.3.blocks.1.attn.w_msa.qkv.bias:weight_decay=0.05
09/30 21:10:33 - mmengine - INFO - paramwise_options -- backbone.stages.3.blocks.1.attn.w_msa.qkv.bias:lr_mult=0.1
09/30 21:10:33 - mmengine - INFO - paramwise_options -- backbone.stages.3.blocks.1.attn.w_msa.qkv.bias:decay_mult=1.0
09/30 21:10:33 - mmengine - INFO - paramwise_options -- backbone.stages.3.blocks.1.attn.w_msa.proj.weight:lr=1e-05
09/30 21:10:33 - mmengine - INFO - paramwise_options -- backbone.stages.3.blocks.1.attn.w_msa.proj.weight:weight_decay=0.05
09/30 21:10:33 - mmengine - INFO - paramwise_options -- backbone.stages.3.blocks.1.attn.w_msa.proj.weight:lr_mult=0.1
09/30 21:10:33 - mmengine - INFO - paramwise_options -- backbone.stages.3.blocks.1.attn.w_msa.proj.weight:decay_mult=1.0
09/30 21:10:33 - mmengine - INFO - paramwise_options -- backbone.stages.3.blocks.1.attn.w_msa.proj.bias:lr=1e-05
09/30 21:10:33 - mmengine - INFO - paramwise_options -- backbone.stages.3.blocks.1.attn.w_msa.proj.bias:weight_decay=0.05
09/30 21:10:33 - mmengine - INFO - paramwise_options -- backbone.stages.3.blocks.1.attn.w_msa.proj.bias:lr_mult=0.1
09/30 21:10:33 - mmengine - INFO - paramwise_options -- backbone.stages.3.blocks.1.attn.w_msa.proj.bias:decay_mult=1.0
09/30 21:10:33 - mmengine - INFO - paramwise_options -- backbone.stages.3.blocks.1.norm2.weight:lr=1e-05
09/30 21:10:33 - mmengine - INFO - paramwise_options -- backbone.stages.3.blocks.1.norm2.weight:weight_decay=0.05
09/30 21:10:33 - mmengine - INFO - paramwise_options -- backbone.stages.3.blocks.1.norm2.weight:lr_mult=0.1
09/30 21:10:33 - mmengine - INFO - paramwise_options -- backbone.stages.3.blocks.1.norm2.weight:decay_mult=1.0
09/30 21:10:33 - mmengine - INFO - paramwise_options -- backbone.stages.3.blocks.1.norm2.bias:lr=1e-05
09/30 21:10:33 - mmengine - INFO - paramwise_options -- backbone.stages.3.blocks.1.norm2.bias:weight_decay=0.05
09/30 21:10:33 - mmengine - INFO - paramwise_options -- backbone.stages.3.blocks.1.norm2.bias:lr_mult=0.1
09/30 21:10:33 - mmengine - INFO - paramwise_options -- backbone.stages.3.blocks.1.norm2.bias:decay_mult=1.0
09/30 21:10:33 - mmengine - INFO - paramwise_options -- backbone.stages.3.blocks.1.ffn.layers.0.0.weight:lr=1e-05
09/30 21:10:33 - mmengine - INFO - paramwise_options -- backbone.stages.3.blocks.1.ffn.layers.0.0.weight:weight_decay=0.05
09/30 21:10:33 - mmengine - INFO - paramwise_options -- backbone.stages.3.blocks.1.ffn.layers.0.0.weight:lr_mult=0.1
09/30 21:10:33 - mmengine - INFO - paramwise_options -- backbone.stages.3.blocks.1.ffn.layers.0.0.weight:decay_mult=1.0
09/30 21:10:33 - mmengine - INFO - paramwise_options -- backbone.stages.3.blocks.1.ffn.layers.0.0.bias:lr=1e-05
09/30 21:10:33 - mmengine - INFO - paramwise_options -- backbone.stages.3.blocks.1.ffn.layers.0.0.bias:weight_decay=0.05
09/30 21:10:33 - mmengine - INFO - paramwise_options -- backbone.stages.3.blocks.1.ffn.layers.0.0.bias:lr_mult=0.1
09/30 21:10:33 - mmengine - INFO - paramwise_options -- backbone.stages.3.blocks.1.ffn.layers.0.0.bias:decay_mult=1.0
09/30 21:10:33 - mmengine - INFO - paramwise_options -- backbone.stages.3.blocks.1.ffn.layers.1.weight:lr=1e-05
09/30 21:10:33 - mmengine - INFO - paramwise_options -- backbone.stages.3.blocks.1.ffn.layers.1.weight:weight_decay=0.05
09/30 21:10:33 - mmengine - INFO - paramwise_options -- backbone.stages.3.blocks.1.ffn.layers.1.weight:lr_mult=0.1
09/30 21:10:33 - mmengine - INFO - paramwise_options -- backbone.stages.3.blocks.1.ffn.layers.1.weight:decay_mult=1.0
09/30 21:10:33 - mmengine - INFO - paramwise_options -- backbone.stages.3.blocks.1.ffn.layers.1.bias:lr=1e-05
09/30 21:10:33 - mmengine - INFO - paramwise_options -- backbone.stages.3.blocks.1.ffn.layers.1.bias:weight_decay=0.05
09/30 21:10:33 - mmengine - INFO - paramwise_options -- backbone.stages.3.blocks.1.ffn.layers.1.bias:lr_mult=0.1
09/30 21:10:33 - mmengine - INFO - paramwise_options -- backbone.stages.3.blocks.1.ffn.layers.1.bias:decay_mult=1.0
09/30 21:10:33 - mmengine - INFO - paramwise_options -- backbone.norm0.weight:lr=1e-05
09/30 21:10:33 - mmengine - INFO - paramwise_options -- backbone.norm0.weight:weight_decay=0.05
09/30 21:10:33 - mmengine - INFO - paramwise_options -- backbone.norm0.weight:lr_mult=0.1
09/30 21:10:33 - mmengine - INFO - paramwise_options -- backbone.norm0.weight:decay_mult=1.0
09/30 21:10:33 - mmengine - INFO - paramwise_options -- backbone.norm0.bias:lr=1e-05
09/30 21:10:33 - mmengine - INFO - paramwise_options -- backbone.norm0.bias:weight_decay=0.05
09/30 21:10:33 - mmengine - INFO - paramwise_options -- backbone.norm0.bias:lr_mult=0.1
09/30 21:10:33 - mmengine - INFO - paramwise_options -- backbone.norm0.bias:decay_mult=1.0
09/30 21:10:33 - mmengine - INFO - paramwise_options -- backbone.norm1.weight:lr=1e-05
09/30 21:10:33 - mmengine - INFO - paramwise_options -- backbone.norm1.weight:weight_decay=0.05
09/30 21:10:33 - mmengine - INFO - paramwise_options -- backbone.norm1.weight:lr_mult=0.1
09/30 21:10:33 - mmengine - INFO - paramwise_options -- backbone.norm1.weight:decay_mult=1.0
09/30 21:10:33 - mmengine - INFO - paramwise_options -- backbone.norm1.bias:lr=1e-05
09/30 21:10:33 - mmengine - INFO - paramwise_options -- backbone.norm1.bias:weight_decay=0.05
09/30 21:10:33 - mmengine - INFO - paramwise_options -- backbone.norm1.bias:lr_mult=0.1
09/30 21:10:33 - mmengine - INFO - paramwise_options -- backbone.norm1.bias:decay_mult=1.0
09/30 21:10:33 - mmengine - INFO - paramwise_options -- backbone.norm2.weight:lr=1e-05
09/30 21:10:33 - mmengine - INFO - paramwise_options -- backbone.norm2.weight:weight_decay=0.05
09/30 21:10:33 - mmengine - INFO - paramwise_options -- backbone.norm2.weight:lr_mult=0.1
09/30 21:10:33 - mmengine - INFO - paramwise_options -- backbone.norm2.weight:decay_mult=1.0
09/30 21:10:33 - mmengine - INFO - paramwise_options -- backbone.norm2.bias:lr=1e-05
09/30 21:10:33 - mmengine - INFO - paramwise_options -- backbone.norm2.bias:weight_decay=0.05
09/30 21:10:33 - mmengine - INFO - paramwise_options -- backbone.norm2.bias:lr_mult=0.1
09/30 21:10:33 - mmengine - INFO - paramwise_options -- backbone.norm2.bias:decay_mult=1.0
09/30 21:10:33 - mmengine - INFO - paramwise_options -- backbone.norm3.weight:lr=1e-05
09/30 21:10:33 - mmengine - INFO - paramwise_options -- backbone.norm3.weight:weight_decay=0.05
09/30 21:10:33 - mmengine - INFO - paramwise_options -- backbone.norm3.weight:lr_mult=0.1
09/30 21:10:33 - mmengine - INFO - paramwise_options -- backbone.norm3.weight:decay_mult=1.0
09/30 21:10:33 - mmengine - INFO - paramwise_options -- backbone.norm3.bias:lr=1e-05
09/30 21:10:33 - mmengine - INFO - paramwise_options -- backbone.norm3.bias:weight_decay=0.05
09/30 21:10:33 - mmengine - INFO - paramwise_options -- backbone.norm3.bias:lr_mult=0.1
09/30 21:10:33 - mmengine - INFO - paramwise_options -- backbone.norm3.bias:decay_mult=1.0
09/30 21:10:33 - mmengine - INFO - paramwise_options -- decode_head.pixel_decoder.input_convs.0.gn.weight:weight_decay=0.0
09/30 21:10:33 - mmengine - INFO - paramwise_options -- decode_head.pixel_decoder.input_convs.0.gn.bias:weight_decay=0.0
09/30 21:10:33 - mmengine - INFO - paramwise_options -- decode_head.pixel_decoder.input_convs.1.gn.weight:weight_decay=0.0
09/30 21:10:33 - mmengine - INFO - paramwise_options -- decode_head.pixel_decoder.input_convs.1.gn.bias:weight_decay=0.0
09/30 21:10:33 - mmengine - INFO - paramwise_options -- decode_head.pixel_decoder.input_convs.2.gn.weight:weight_decay=0.0
09/30 21:10:33 - mmengine - INFO - paramwise_options -- decode_head.pixel_decoder.input_convs.2.gn.bias:weight_decay=0.0
09/30 21:10:33 - mmengine - INFO - paramwise_options -- decode_head.pixel_decoder.encoder.layers.0.norms.0.weight:weight_decay=0.0
09/30 21:10:33 - mmengine - INFO - paramwise_options -- decode_head.pixel_decoder.encoder.layers.0.norms.0.bias:weight_decay=0.0
09/30 21:10:33 - mmengine - INFO - paramwise_options -- decode_head.pixel_decoder.encoder.layers.0.norms.1.weight:weight_decay=0.0
09/30 21:10:33 - mmengine - INFO - paramwise_options -- decode_head.pixel_decoder.encoder.layers.0.norms.1.bias:weight_decay=0.0
09/30 21:10:33 - mmengine - INFO - paramwise_options -- decode_head.pixel_decoder.encoder.layers.1.norms.0.weight:weight_decay=0.0
09/30 21:10:33 - mmengine - INFO - paramwise_options -- decode_head.pixel_decoder.encoder.layers.1.norms.0.bias:weight_decay=0.0
09/30 21:10:33 - mmengine - INFO - paramwise_options -- decode_head.pixel_decoder.encoder.layers.1.norms.1.weight:weight_decay=0.0
09/30 21:10:33 - mmengine - INFO - paramwise_options -- decode_head.pixel_decoder.encoder.layers.1.norms.1.bias:weight_decay=0.0
09/30 21:10:33 - mmengine - INFO - paramwise_options -- decode_head.pixel_decoder.encoder.layers.2.norms.0.weight:weight_decay=0.0
09/30 21:10:33 - mmengine - INFO - paramwise_options -- decode_head.pixel_decoder.encoder.layers.2.norms.0.bias:weight_decay=0.0
09/30 21:10:33 - mmengine - INFO - paramwise_options -- decode_head.pixel_decoder.encoder.layers.2.norms.1.weight:weight_decay=0.0
09/30 21:10:33 - mmengine - INFO - paramwise_options -- decode_head.pixel_decoder.encoder.layers.2.norms.1.bias:weight_decay=0.0
09/30 21:10:33 - mmengine - INFO - paramwise_options -- decode_head.pixel_decoder.encoder.layers.3.norms.0.weight:weight_decay=0.0
09/30 21:10:33 - mmengine - INFO - paramwise_options -- decode_head.pixel_decoder.encoder.layers.3.norms.0.bias:weight_decay=0.0
09/30 21:10:33 - mmengine - INFO - paramwise_options -- decode_head.pixel_decoder.encoder.layers.3.norms.1.weight:weight_decay=0.0
09/30 21:10:33 - mmengine - INFO - paramwise_options -- decode_head.pixel_decoder.encoder.layers.3.norms.1.bias:weight_decay=0.0
09/30 21:10:33 - mmengine - INFO - paramwise_options -- decode_head.pixel_decoder.encoder.layers.4.norms.0.weight:weight_decay=0.0
09/30 21:10:33 - mmengine - INFO - paramwise_options -- decode_head.pixel_decoder.encoder.layers.4.norms.0.bias:weight_decay=0.0
09/30 21:10:33 - mmengine - INFO - paramwise_options -- decode_head.pixel_decoder.encoder.layers.4.norms.1.weight:weight_decay=0.0
09/30 21:10:33 - mmengine - INFO - paramwise_options -- decode_head.pixel_decoder.encoder.layers.4.norms.1.bias:weight_decay=0.0
09/30 21:10:33 - mmengine - INFO - paramwise_options -- decode_head.pixel_decoder.encoder.layers.5.norms.0.weight:weight_decay=0.0
09/30 21:10:33 - mmengine - INFO - paramwise_options -- decode_head.pixel_decoder.encoder.layers.5.norms.0.bias:weight_decay=0.0
09/30 21:10:33 - mmengine - INFO - paramwise_options -- decode_head.pixel_decoder.encoder.layers.5.norms.1.weight:weight_decay=0.0
09/30 21:10:33 - mmengine - INFO - paramwise_options -- decode_head.pixel_decoder.encoder.layers.5.norms.1.bias:weight_decay=0.0
09/30 21:10:33 - mmengine - INFO - paramwise_options -- decode_head.pixel_decoder.lateral_convs.0.gn.weight:weight_decay=0.0
09/30 21:10:33 - mmengine - INFO - paramwise_options -- decode_head.pixel_decoder.lateral_convs.0.gn.bias:weight_decay=0.0
09/30 21:10:33 - mmengine - INFO - paramwise_options -- decode_head.pixel_decoder.output_convs.0.gn.weight:weight_decay=0.0
09/30 21:10:33 - mmengine - INFO - paramwise_options -- decode_head.pixel_decoder.output_convs.0.gn.bias:weight_decay=0.0
09/30 21:10:33 - mmengine - INFO - paramwise_options -- decode_head.transformer_decoder.layers.0.norms.0.weight:weight_decay=0.0
09/30 21:10:33 - mmengine - INFO - paramwise_options -- decode_head.transformer_decoder.layers.0.norms.0.bias:weight_decay=0.0
09/30 21:10:33 - mmengine - INFO - paramwise_options -- decode_head.transformer_decoder.layers.0.norms.1.weight:weight_decay=0.0
09/30 21:10:33 - mmengine - INFO - paramwise_options -- decode_head.transformer_decoder.layers.0.norms.1.bias:weight_decay=0.0
09/30 21:10:33 - mmengine - INFO - paramwise_options -- decode_head.transformer_decoder.layers.0.norms.2.weight:weight_decay=0.0
09/30 21:10:33 - mmengine - INFO - paramwise_options -- decode_head.transformer_decoder.layers.0.norms.2.bias:weight_decay=0.0
09/30 21:10:33 - mmengine - INFO - paramwise_options -- decode_head.transformer_decoder.layers.1.norms.0.weight:weight_decay=0.0
09/30 21:10:33 - mmengine - INFO - paramwise_options -- decode_head.transformer_decoder.layers.1.norms.0.bias:weight_decay=0.0
09/30 21:10:33 - mmengine - INFO - paramwise_options -- decode_head.transformer_decoder.layers.1.norms.1.weight:weight_decay=0.0
09/30 21:10:33 - mmengine - INFO - paramwise_options -- decode_head.transformer_decoder.layers.1.norms.1.bias:weight_decay=0.0
09/30 21:10:33 - mmengine - INFO - paramwise_options -- decode_head.transformer_decoder.layers.1.norms.2.weight:weight_decay=0.0
09/30 21:10:33 - mmengine - INFO - paramwise_options -- decode_head.transformer_decoder.layers.1.norms.2.bias:weight_decay=0.0
09/30 21:10:33 - mmengine - INFO - paramwise_options -- decode_head.transformer_decoder.layers.2.norms.0.weight:weight_decay=0.0
09/30 21:10:33 - mmengine - INFO - paramwise_options -- decode_head.transformer_decoder.layers.2.norms.0.bias:weight_decay=0.0
09/30 21:10:33 - mmengine - INFO - paramwise_options -- decode_head.transformer_decoder.layers.2.norms.1.weight:weight_decay=0.0
09/30 21:10:33 - mmengine - INFO - paramwise_options -- decode_head.transformer_decoder.layers.2.norms.1.bias:weight_decay=0.0
09/30 21:10:33 - mmengine - INFO - paramwise_options -- decode_head.transformer_decoder.layers.2.norms.2.weight:weight_decay=0.0
09/30 21:10:33 - mmengine - INFO - paramwise_options -- decode_head.transformer_decoder.layers.2.norms.2.bias:weight_decay=0.0
09/30 21:10:33 - mmengine - INFO - paramwise_options -- decode_head.transformer_decoder.layers.3.norms.0.weight:weight_decay=0.0
09/30 21:10:33 - mmengine - INFO - paramwise_options -- decode_head.transformer_decoder.layers.3.norms.0.bias:weight_decay=0.0
09/30 21:10:33 - mmengine - INFO - paramwise_options -- decode_head.transformer_decoder.layers.3.norms.1.weight:weight_decay=0.0
09/30 21:10:33 - mmengine - INFO - paramwise_options -- decode_head.transformer_decoder.layers.3.norms.1.bias:weight_decay=0.0
09/30 21:10:33 - mmengine - INFO - paramwise_options -- decode_head.transformer_decoder.layers.3.norms.2.weight:weight_decay=0.0
09/30 21:10:33 - mmengine - INFO - paramwise_options -- decode_head.transformer_decoder.layers.3.norms.2.bias:weight_decay=0.0
09/30 21:10:33 - mmengine - INFO - paramwise_options -- decode_head.transformer_decoder.layers.4.norms.0.weight:weight_decay=0.0
09/30 21:10:33 - mmengine - INFO - paramwise_options -- decode_head.transformer_decoder.layers.4.norms.0.bias:weight_decay=0.0
09/30 21:10:33 - mmengine - INFO - paramwise_options -- decode_head.transformer_decoder.layers.4.norms.1.weight:weight_decay=0.0
09/30 21:10:33 - mmengine - INFO - paramwise_options -- decode_head.transformer_decoder.layers.4.norms.1.bias:weight_decay=0.0
09/30 21:10:33 - mmengine - INFO - paramwise_options -- decode_head.transformer_decoder.layers.4.norms.2.weight:weight_decay=0.0
09/30 21:10:33 - mmengine - INFO - paramwise_options -- decode_head.transformer_decoder.layers.4.norms.2.bias:weight_decay=0.0
09/30 21:10:33 - mmengine - INFO - paramwise_options -- decode_head.transformer_decoder.layers.5.norms.0.weight:weight_decay=0.0
09/30 21:10:33 - mmengine - INFO - paramwise_options -- decode_head.transformer_decoder.layers.5.norms.0.bias:weight_decay=0.0
09/30 21:10:33 - mmengine - INFO - paramwise_options -- decode_head.transformer_decoder.layers.5.norms.1.weight:weight_decay=0.0
09/30 21:10:33 - mmengine - INFO - paramwise_options -- decode_head.transformer_decoder.layers.5.norms.1.bias:weight_decay=0.0
09/30 21:10:33 - mmengine - INFO - paramwise_options -- decode_head.transformer_decoder.layers.5.norms.2.weight:weight_decay=0.0
09/30 21:10:33 - mmengine - INFO - paramwise_options -- decode_head.transformer_decoder.layers.5.norms.2.bias:weight_decay=0.0
09/30 21:10:33 - mmengine - INFO - paramwise_options -- decode_head.transformer_decoder.layers.6.norms.0.weight:weight_decay=0.0
09/30 21:10:33 - mmengine - INFO - paramwise_options -- decode_head.transformer_decoder.layers.6.norms.0.bias:weight_decay=0.0
09/30 21:10:33 - mmengine - INFO - paramwise_options -- decode_head.transformer_decoder.layers.6.norms.1.weight:weight_decay=0.0
09/30 21:10:33 - mmengine - INFO - paramwise_options -- decode_head.transformer_decoder.layers.6.norms.1.bias:weight_decay=0.0
09/30 21:10:33 - mmengine - INFO - paramwise_options -- decode_head.transformer_decoder.layers.6.norms.2.weight:weight_decay=0.0
09/30 21:10:33 - mmengine - INFO - paramwise_options -- decode_head.transformer_decoder.layers.6.norms.2.bias:weight_decay=0.0
09/30 21:10:33 - mmengine - INFO - paramwise_options -- decode_head.transformer_decoder.layers.7.norms.0.weight:weight_decay=0.0
09/30 21:10:33 - mmengine - INFO - paramwise_options -- decode_head.transformer_decoder.layers.7.norms.0.bias:weight_decay=0.0
09/30 21:10:33 - mmengine - INFO - paramwise_options -- decode_head.transformer_decoder.layers.7.norms.1.weight:weight_decay=0.0
09/30 21:10:33 - mmengine - INFO - paramwise_options -- decode_head.transformer_decoder.layers.7.norms.1.bias:weight_decay=0.0
09/30 21:10:33 - mmengine - INFO - paramwise_options -- decode_head.transformer_decoder.layers.7.norms.2.weight:weight_decay=0.0
09/30 21:10:33 - mmengine - INFO - paramwise_options -- decode_head.transformer_decoder.layers.7.norms.2.bias:weight_decay=0.0
09/30 21:10:33 - mmengine - INFO - paramwise_options -- decode_head.transformer_decoder.layers.8.norms.0.weight:weight_decay=0.0
09/30 21:10:33 - mmengine - INFO - paramwise_options -- decode_head.transformer_decoder.layers.8.norms.0.bias:weight_decay=0.0
09/30 21:10:33 - mmengine - INFO - paramwise_options -- decode_head.transformer_decoder.layers.8.norms.1.weight:weight_decay=0.0
09/30 21:10:33 - mmengine - INFO - paramwise_options -- decode_head.transformer_decoder.layers.8.norms.1.bias:weight_decay=0.0
09/30 21:10:33 - mmengine - INFO - paramwise_options -- decode_head.transformer_decoder.layers.8.norms.2.weight:weight_decay=0.0
09/30 21:10:33 - mmengine - INFO - paramwise_options -- decode_head.transformer_decoder.layers.8.norms.2.bias:weight_decay=0.0
09/30 21:10:33 - mmengine - INFO - paramwise_options -- decode_head.transformer_decoder.post_norm.weight:weight_decay=0.0
09/30 21:10:33 - mmengine - INFO - paramwise_options -- decode_head.transformer_decoder.post_norm.bias:weight_decay=0.0
09/30 21:10:33 - mmengine - INFO - paramwise_options -- decode_head.query_embed.weight:lr=0.0001
09/30 21:10:33 - mmengine - INFO - paramwise_options -- decode_head.query_embed.weight:weight_decay=0.0
09/30 21:10:33 - mmengine - INFO - paramwise_options -- decode_head.query_embed.weight:lr_mult=1.0
09/30 21:10:33 - mmengine - INFO - paramwise_options -- decode_head.query_embed.weight:decay_mult=0.0
09/30 21:10:33 - mmengine - INFO - paramwise_options -- decode_head.query_feat.weight:lr=0.0001
09/30 21:10:33 - mmengine - INFO - paramwise_options -- decode_head.query_feat.weight:weight_decay=0.0
09/30 21:10:33 - mmengine - INFO - paramwise_options -- decode_head.query_feat.weight:lr_mult=1.0
09/30 21:10:33 - mmengine - INFO - paramwise_options -- decode_head.query_feat.weight:decay_mult=0.0
09/30 21:10:33 - mmengine - INFO - paramwise_options -- decode_head.level_embed.weight:lr=0.0001
09/30 21:10:33 - mmengine - INFO - paramwise_options -- decode_head.level_embed.weight:weight_decay=0.0
09/30 21:10:33 - mmengine - INFO - paramwise_options -- decode_head.level_embed.weight:lr_mult=1.0
09/30 21:10:33 - mmengine - INFO - paramwise_options -- decode_head.level_embed.weight:decay_mult=0.0
09/30 21:10:34 - mmengine - WARNING - The prefix is not set in metric class IoUMetric.
Loads checkpoint by local backend from path: /root/hyperseg/models/swin_l/swin_large_patch4_window12_384_22k_20220412-6580f57d.pth
09/30 21:10:35 - mmengine - WARNING - "FileClient" will be deprecated in future. Please use io functions in https://mmengine.readthedocs.io/en/latest/api/fileio.html#file-io
09/30 21:10:35 - mmengine - WARNING - "HardDiskBackend" is the alias of "LocalBackend" and the former will be deprecated in future.
09/30 21:10:35 - mmengine - INFO - Checkpoints will be saved to /root/hyperseg/runs/mask2former_uav/h2_smoke_seed3407.
/root/miniconda3/lib/python3.12/site-packages/torch/functional.py:512: UserWarning: torch.meshgrid: in an upcoming release, it will be required to pass the indexing argument. (Triggered internally at ../aten/src/ATen/native/TensorShape.cpp:3587.)
  return _VF.meshgrid(tensors, **kwargs)  # type: ignore[attr-defined]
09/30 21:10:42 - mmengine - INFO - Saving checkpoint at 20 iterations
09/30 21:10:51 - mmengine - INFO - Iter(val) [ 50/699]    eta: 0:01:21  time: 0.1130  data_time: 0.0037  memory: 8443  
09/30 21:10:56 - mmengine - INFO - Iter(val) [100/699]    eta: 0:01:11  time: 0.1128  data_time: 0.0036  memory: 3694  
09/30 21:11:02 - mmengine - INFO - Iter(val) [150/699]    eta: 0:01:04  time: 0.1139  data_time: 0.0038  memory: 3694  
09/30 21:11:08 - mmengine - INFO - Iter(val) [200/699]    eta: 0:00:58  time: 0.1170  data_time: 0.0045  memory: 3694  
09/30 21:11:14 - mmengine - INFO - Iter(val) [250/699]    eta: 0:00:52  time: 0.1147  data_time: 0.0038  memory: 3694  
09/30 21:11:19 - mmengine - INFO - Iter(val) [300/699]    eta: 0:00:46  time: 0.1153  data_time: 0.0038  memory: 3694  
09/30 21:11:25 - mmengine - INFO - Iter(val) [350/699]    eta: 0:00:40  time: 0.1144  data_time: 0.0035  memory: 3694  
09/30 21:11:31 - mmengine - INFO - Iter(val) [400/699]    eta: 0:00:34  time: 0.1156  data_time: 0.0037  memory: 3694  
09/30 21:11:37 - mmengine - INFO - Iter(val) [450/699]    eta: 0:00:28  time: 0.1153  data_time: 0.0040  memory: 3694  
09/30 21:11:43 - mmengine - INFO - Iter(val) [500/699]    eta: 0:00:23  time: 0.1159  data_time: 0.0039  memory: 3694  
09/30 21:11:48 - mmengine - INFO - Iter(val) [550/699]    eta: 0:00:17  time: 0.1142  data_time: 0.0035  memory: 3694  
09/30 21:11:54 - mmengine - INFO - Iter(val) [600/699]    eta: 0:00:11  time: 0.1138  data_time: 0.0036  memory: 3694  
09/30 21:12:00 - mmengine - INFO - Iter(val) [650/699]    eta: 0:00:05  time: 0.1142  data_time: 0.0039  memory: 3694  
09/30 21:12:05 - mmengine - INFO - per class results:
09/30 21:12:05 - mmengine - INFO - 
+--------------+-------+-------+
|    Class     |  IoU  |  Acc  |
+--------------+-------+-------+
|  Background  | 25.88 | 77.48 |
|   Building   |  0.0  |  0.0  |
|     Road     |  0.0  |  0.0  |
|    Water     |  0.0  |  0.0  |
|    Barren    |  0.0  |  0.0  |
|  Vegetation  | 11.29 | 18.33 |
| Agricultural |  0.0  |  0.0  |
|   Vehicle    |  0.0  |  0.0  |
+--------------+-------+-------+
09/30 21:12:05 - mmengine - INFO - Iter(val) [699/699]    aAcc: 26.7000  mIoU: 4.6500  mAcc: 11.9800  data_time: 0.0043  time: 0.1157
09/30 21:12:08 - mmengine - INFO - The best checkpoint with 4.6500 mIoU at 20 iter is saved to best_mIoU_iter_20.pth.
smoke validation metrics:
(no val_metrics.json written)
=== starting 20k: val_interval=1000 max_iters=20000 ===
2026-09-30T21:12:11+08:00
5315f9f733de535be03f13ce2cc7f085b1da1d92b69a02fcdb6ffb64c2c6d40a  experiment/mask2former_uav/run.py
e947588132b79e4b32e55e531797c75c7867f0c9df9f329d36e4270438934c43  experiment/mask2former_uav/mask2former_swin_l_512.py
Dataset preflight OK: train=5598, val=699, test=699
runtime: torch=2.3.0+cu121 mmcv=2.1.0 mmengine=0.10.7 mmdet=3.3.0 mmseg=1.2.2
command: /root/hyperseg/.venv-mask2former/bin/python -u /root/hyperseg/../mmsegmentation/tools/train.py /root/hyperseg/experiment/mask2former_uav/mask2former_swin_l_512.py --work-dir /root/hyperseg/runs/mask2former_uav/h2_swin_l_mask2former_20k_seed3407_fp32 --cfg-options train_dataloader.batch_size=2 train_dataloader.num_workers=4 val_dataloader.num_workers=4 test_dataloader.num_workers=4 optim_wrapper.accumulative_counts=1 randomness.seed=3407 train_cfg.max_iters=20000 train_cfg.val_interval=1000 param_scheduler.0.end=20000 default_hooks.checkpoint.interval=1000 default_hooks.checkpoint.max_keep_ckpts=2 default_hooks.checkpoint.save_optimizer=False
HYPERSEG_PROJECT_ROOT=/root/hyperseg
HYPERSEG_DATA_ROOT=/root/autodl-tmp/data/low_altitude_2026
HYPERSEG_SPLIT_DIR=/root/hyperseg/runs/splits
HYPERSEG_MIT_B3_CHECKPOINT=/root/hyperseg/models/swin_l/swin_large_patch4_window12_384_22k_20220412-6580f57d.pth
09/30 21:12:16 - mmengine - INFO - Using env variable `HYPERSEG_PROJECT_ROOT` with value of /root/hyperseg to replace item in config.
09/30 21:12:16 - mmengine - INFO - Using env variable `HYPERSEG_DATA_ROOT` with value of /root/autodl-tmp/data/low_altitude_2026 to replace item in config.
09/30 21:12:16 - mmengine - INFO - Using env variable `HYPERSEG_SPLIT_DIR` with value of /root/hyperseg/runs/splits to replace item in config.
09/30 21:12:16 - mmengine - INFO - Using env variable `HYPERSEG_SWIN_L_CHECKPOINT` with value of /root/hyperseg/models/swin_l/swin_large_patch4_window12_384_22k_20220412-6580f57d.pth to replace item in config.
09/30 21:12:18 - mmengine - INFO - 
------------------------------------------------------------
System environment:
    sys.platform: linux
    Python: 3.12.3 | packaged by Anaconda, Inc. | (main, May  6 2024, 19:46:43) [GCC 11.2.0]
    CUDA available: True
    MUSA available: False
    numpy_random_seed: 3407
    GPU 0: NVIDIA GeForce RTX 4090
    CUDA_HOME: /usr/local/cuda
    NVCC: Cuda compilation tools, release 12.1, V12.1.105
    GCC: gcc (Ubuntu 11.4.0-1ubuntu1~22.04) 11.4.0
    PyTorch: 2.3.0+cu121
    PyTorch compiling details: PyTorch built with:
  - GCC 9.3
  - C++ Version: 201703
  - Intel(R) oneAPI Math Kernel Library Version 2022.2-Product Build 20220804 for Intel(R) 64 architecture applications
  - Intel(R) MKL-DNN v3.3.6 (Git Hash 86e6af5974177e513fd3fee58425e1063e7f1361)
  - OpenMP 201511 (a.k.a. OpenMP 4.5)
  - LAPACK is enabled (usually provided by MKL)
  - NNPACK is enabled
  - CPU capability usage: AVX512
  - CUDA Runtime 12.1
  - NVCC architecture flags: -gencode;arch=compute_50,code=sm_50;-gencode;arch=compute_60,code=sm_60;-gencode;arch=compute_70,code=sm_70;-gencode;arch=compute_75,code=sm_75;-gencode;arch=compute_80,code=sm_80;-gencode;arch=compute_86,code=sm_86;-gencode;arch=compute_90,code=sm_90
  - CuDNN 8.9.2
  - Magma 2.6.1
  - Build settings: BLAS_INFO=mkl, BUILD_TYPE=Release, CUDA_VERSION=12.1, CUDNN_VERSION=8.9.2, CXX_COMPILER=/opt/rh/devtoolset-9/root/usr/bin/c++, CXX_FLAGS= -D_GLIBCXX_USE_CXX11_ABI=0 -fabi-version=11 -fvisibility-inlines-hidden -DUSE_PTHREADPOOL -DNDEBUG -DUSE_KINETO -DLIBKINETO_NOROCTRACER -DUSE_FBGEMM -DUSE_QNNPACK -DUSE_PYTORCH_QNNPACK -DUSE_XNNPACK -DSYMBOLICATE_MOBILE_DEBUG_HANDLE -O2 -fPIC -Wall -Wextra -Werror=return-type -Werror=non-virtual-dtor -Werror=bool-operation -Wnarrowing -Wno-missing-field-initializers -Wno-type-limits -Wno-array-bounds -Wno-unknown-pragmas -Wno-unused-parameter -Wno-unused-function -Wno-unused-result -Wno-strict-overflow -Wno-strict-aliasing -Wno-stringop-overflow -Wsuggest-override -Wno-psabi -Wno-error=pedantic -Wno-error=old-style-cast -Wno-missing-braces -fdiagnostics-color=always -faligned-new -Wno-unused-but-set-variable -Wno-maybe-uninitialized -fno-math-errno -fno-trapping-math -Werror=format -Wno-stringop-overflow, LAPACK_INFO=mkl, PERF_WITH_AVX=1, PERF_WITH_AVX2=1, PERF_WITH_AVX512=1, TORCH_VERSION=2.3.0, USE_CUDA=ON, USE_CUDNN=ON, USE_CUSPARSELT=1, USE_EXCEPTION_PTR=1, USE_GFLAGS=OFF, USE_GLOG=OFF, USE_GLOO=ON, USE_MKL=ON, USE_MKLDNN=ON, USE_MPI=OFF, USE_NCCL=1, USE_NNPACK=ON, USE_OPENMP=ON, USE_ROCM=OFF, USE_ROCM_KERNEL_ASSERT=OFF, 

    TorchVision: 0.18.0+cu121
    OpenCV: 5.0.0
    MMEngine: 0.10.7

Runtime environment:
    cudnn_benchmark: True
    mp_cfg: {'mp_start_method': 'fork', 'opencv_num_threads': 0}
    dist_cfg: {'backend': 'nccl'}
    seed: 3407
    deterministic: False
    Distributed launcher: none
    Distributed training: False
    GPU number: 1
------------------------------------------------------------

09/30 21:12:19 - mmengine - INFO - Config:
auto_scale_lr = dict(base_batch_size=16, enable=False)
class_names = (
    'Background',
    'Building',
    'Road',
    'Water',
    'Barren',
    'Vegetation',
    'Agricultural',
    'Vehicle',
)
crop_size = (
    512,
    512,
)
custom_imports = dict(allow_failed_imports=False, imports='mmdet.models')
data_preprocessor = dict(
    bgr_to_rgb=True,
    mean=[
        123.675,
        116.28,
        103.53,
    ],
    pad_val=0,
    seg_pad_val=255,
    size=(
        512,
        512,
    ),
    std=[
        58.395,
        57.12,
        57.375,
    ],
    test_cfg=dict(size_divisor=32),
    type='SegDataPreProcessor')
data_root = '/root/autodl-tmp/data/low_altitude_2026'
dataset_common = dict(
    data_prefix=dict(
        img_path='/root/autodl-tmp/data/low_altitude_2026/train/images',
        seg_map_path='/root/autodl-tmp/data/low_altitude_2026/train/masks'),
    img_suffix='.png',
    metainfo=dict(
        classes=(
            'Background',
            'Building',
            'Road',
            'Water',
            'Barren',
            'Vegetation',
            'Agricultural',
            'Vehicle',
        ),
        palette=[
            [
                128,
                128,
                128,
            ],
            [
                220,
                20,
                60,
            ],
            [
                255,
                255,
                255,
            ],
            [
                0,
                0,
                255,
            ],
            [
                160,
                82,
                45,
            ],
            [
                0,
                128,
                0,
            ],
            [
                255,
                215,
                0,
            ],
            [
                255,
                0,
                255,
            ],
        ]),
    reduce_zero_label=True,
    seg_map_suffix='.png',
    type='BaseSegDataset')
dataset_type = 'ADE20KDataset'
default_hooks = dict(
    checkpoint=dict(
        by_epoch=False,
        interval=1000,
        max_keep_ckpts=2,
        rule='greater',
        save_best='mIoU',
        save_optimizer=False,
        type='CheckpointHook'),
    logger=dict(interval=50, log_metric_by_epoch=False, type='LoggerHook'),
    param_scheduler=dict(type='ParamSchedulerHook'),
    sampler_seed=dict(type='DistSamplerSeedHook'),
    timer=dict(type='IterTimerHook'),
    visualization=dict(type='SegVisualizationHook'))
default_scope = 'mmseg'
embed_multi = dict(decay_mult=0.0, lr_mult=1.0)
env_cfg = dict(
    cudnn_benchmark=True,
    dist_cfg=dict(backend='nccl'),
    mp_cfg=dict(mp_start_method='fork', opencv_num_threads=0))
img_ratios = [
    0.5,
    0.75,
    1.0,
    1.25,
    1.5,
    1.75,
]
launcher = 'none'
load_from = None
log_level = 'INFO'
log_processor = dict(by_epoch=False)
metainfo = dict(
    classes=(
        'Background',
        'Building',
        'Road',
        'Water',
        'Barren',
        'Vegetation',
        'Agricultural',
        'Vehicle',
    ),
    palette=[
        [
            128,
            128,
            128,
        ],
        [
            220,
            20,
            60,
        ],
        [
            255,
            255,
            255,
        ],
        [
            0,
            0,
            255,
        ],
        [
            160,
            82,
            45,
        ],
        [
            0,
            128,
            0,
        ],
        [
            255,
            215,
            0,
        ],
        [
            255,
            0,
            255,
        ],
    ])
model = dict(
    backbone=dict(
        attn_drop_rate=0.0,
        depths=[
            2,
            2,
            18,
            2,
        ],
        drop_path_rate=0.3,
        drop_rate=0.0,
        embed_dims=192,
        frozen_stages=-1,
        init_cfg=dict(
            checkpoint=
            '/root/hyperseg/models/swin_l/swin_large_patch4_window12_384_22k_20220412-6580f57d.pth',
            type='Pretrained'),
        mlp_ratio=4,
        num_heads=[
            6,
            12,
            24,
            48,
        ],
        out_indices=(
            0,
            1,
            2,
            3,
        ),
        patch_norm=True,
        pretrain_img_size=384,
        qk_scale=None,
        qkv_bias=True,
        type='SwinTransformer',
        window_size=12,
        with_cp=False),
    data_preprocessor=dict(
        bgr_to_rgb=True,
        mean=[
            123.675,
            116.28,
            103.53,
        ],
        pad_val=0,
        seg_pad_val=255,
        size=(
            512,
            512,
        ),
        std=[
            58.395,
            57.12,
            57.375,
        ],
        test_cfg=dict(size_divisor=32),
        type='SegDataPreProcessor'),
    decode_head=dict(
        align_corners=False,
        enforce_decoder_input_project=False,
        feat_channels=256,
        ignore_index=255,
        in_channels=[
            192,
            384,
            768,
            1536,
        ],
        loss_cls=dict(
            class_weight=[
                1.0,
                1.0,
                1.0,
                1.0,
                1.0,
                1.0,
                1.0,
                1.0,
                0.1,
            ],
            loss_weight=2.0,
            reduction='mean',
            type='mmdet.CrossEntropyLoss',
            use_sigmoid=False),
        loss_dice=dict(
            activate=True,
            eps=1.0,
            loss_weight=5.0,
            naive_dice=True,
            reduction='mean',
            type='mmdet.DiceLoss',
            use_sigmoid=True),
        loss_mask=dict(
            loss_weight=5.0,
            reduction='mean',
            type='mmdet.CrossEntropyLoss',
            use_sigmoid=True),
        num_classes=8,
        num_queries=100,
        num_transformer_feat_level=3,
        out_channels=256,
        pixel_decoder=dict(
            act_cfg=dict(type='ReLU'),
            encoder=dict(
                init_cfg=None,
                layer_cfg=dict(
                    ffn_cfg=dict(
                        act_cfg=dict(inplace=True, type='ReLU'),
                        embed_dims=256,
                        feedforward_channels=1024,
                        ffn_drop=0.0,
                        num_fcs=2),
                    self_attn_cfg=dict(
                        batch_first=True,
                        dropout=0.0,
                        embed_dims=256,
                        im2col_step=64,
                        init_cfg=None,
                        norm_cfg=None,
                        num_heads=8,
                        num_levels=3,
                        num_points=4)),
                num_layers=6),
            init_cfg=None,
            norm_cfg=dict(num_groups=32, type='GN'),
            num_outs=3,
            positional_encoding=dict(normalize=True, num_feats=128),
            type='mmdet.MSDeformAttnPixelDecoder'),
        positional_encoding=dict(normalize=True, num_feats=128),
        strides=[
            4,
            8,
            16,
            32,
        ],
        train_cfg=dict(
            assigner=dict(
                match_costs=[
                    dict(type='mmdet.ClassificationCost', weight=2.0),
                    dict(
                        type='mmdet.CrossEntropyLossCost',
                        use_sigmoid=True,
                        weight=5.0),
                    dict(
                        eps=1.0,
                        pred_act=True,
                        type='mmdet.DiceCost',
                        weight=5.0),
                ],
                type='mmdet.HungarianAssigner'),
            importance_sample_ratio=0.75,
            num_points=12544,
            oversample_ratio=3.0,
            sampler=dict(type='mmdet.MaskPseudoSampler')),
        transformer_decoder=dict(
            init_cfg=None,
            layer_cfg=dict(
                cross_attn_cfg=dict(
                    attn_drop=0.0,
                    batch_first=True,
                    dropout_layer=None,
                    embed_dims=256,
                    num_heads=8,
                    proj_drop=0.0),
                ffn_cfg=dict(
                    act_cfg=dict(inplace=True, type='ReLU'),
                    add_identity=True,
                    dropout_layer=None,
                    embed_dims=256,
                    feedforward_channels=2048,
                    ffn_drop=0.0,
                    num_fcs=2),
                self_attn_cfg=dict(
                    attn_drop=0.0,
                    batch_first=True,
                    dropout_layer=None,
                    embed_dims=256,
                    num_heads=8,
                    proj_drop=0.0)),
            num_layers=9,
            return_intermediate=True),
        type='Mask2FormerHead'),
    test_cfg=dict(mode='whole'),
    train_cfg=dict(),
    type='EncoderDecoder')
num_classes = 8
optim_wrapper = dict(
    accumulative_counts=1,
    clip_grad=dict(max_norm=0.01, norm_type=2),
    optimizer=dict(
        betas=(
            0.9,
            0.999,
        ),
        eps=1e-08,
        lr=0.0001,
        type='AdamW',
        weight_decay=0.05),
    paramwise_cfg=dict(
        custom_keys=dict(
            absolute_pos_embed=dict(decay_mult=0.0),
            backbone=dict(decay_mult=1.0, lr_mult=0.1),
            level_embed=dict(decay_mult=0.0, lr_mult=1.0),
            query_embed=dict(decay_mult=0.0, lr_mult=1.0),
            query_feat=dict(decay_mult=0.0, lr_mult=1.0),
            relative_position_bias_table=dict(decay_mult=0.0)),
        norm_decay_mult=0.0),
    type='OptimWrapper')
optimizer = dict(
    betas=(
        0.9,
        0.999,
    ),
    eps=1e-08,
    lr=0.0001,
    type='AdamW',
    weight_decay=0.05)
palette = [
    [
        128,
        128,
        128,
    ],
    [
        220,
        20,
        60,
    ],
    [
        255,
        255,
        255,
    ],
    [
        0,
        0,
        255,
    ],
    [
        160,
        82,
        45,
    ],
    [
        0,
        128,
        0,
    ],
    [
        255,
        215,
        0,
    ],
    [
        255,
        0,
        255,
    ],
]
param_scheduler = [
    dict(
        begin=0,
        by_epoch=False,
        end=20000,
        eta_min=0.0,
        power=0.9,
        type='PolyLR'),
]
pretrained_checkpoint = '/root/hyperseg/models/swin_l/swin_large_patch4_window12_384_22k_20220412-6580f57d.pth'
project_root = '/root/hyperseg'
randomness = dict(deterministic=False, seed=3407)
resume = False
split_dir = '/root/hyperseg/runs/splits'
test_cfg = dict(type='TestLoop')
test_dataloader = dict(
    batch_size=1,
    dataset=dict(
        ann_file='/root/hyperseg/runs/splits/test.txt',
        data_prefix=dict(
            img_path='/root/autodl-tmp/data/low_altitude_2026/train/images',
            seg_map_path='/root/autodl-tmp/data/low_altitude_2026/train/masks'
        ),
        img_suffix='.png',
        metainfo=dict(
            classes=(
                'Background',
                'Building',
                'Road',
                'Water',
                'Barren',
                'Vegetation',
                'Agricultural',
                'Vehicle',
            ),
            palette=[
                [
                    128,
                    128,
                    128,
                ],
                [
                    220,
                    20,
                    60,
                ],
                [
                    255,
                    255,
                    255,
                ],
                [
                    0,
                    0,
                    255,
                ],
                [
                    160,
                    82,
                    45,
                ],
                [
                    0,
                    128,
                    0,
                ],
                [
                    255,
                    215,
                    0,
                ],
                [
                    255,
                    0,
                    255,
                ],
            ]),
        pipeline=[
            dict(type='LoadImageFromFile'),
            dict(reduce_zero_label=True, type='LoadAnnotations'),
            dict(type='PackSegInputs'),
        ],
        reduce_zero_label=True,
        seg_map_suffix='.png',
        test_mode=True,
        type='BaseSegDataset'),
    num_workers=4,
    persistent_workers=True,
    sampler=dict(shuffle=False, type='DefaultSampler'))
test_evaluator = dict(
    ignore_index=255, iou_metrics=[
        'mIoU',
    ], type='IoUMetric')
test_pipeline = [
    dict(type='LoadImageFromFile'),
    dict(reduce_zero_label=True, type='LoadAnnotations'),
    dict(type='PackSegInputs'),
]
train_cfg = dict(max_iters=20000, type='IterBasedTrainLoop', val_interval=1000)
train_dataloader = dict(
    batch_size=2,
    dataset=dict(
        ann_file='/root/hyperseg/runs/splits/train.txt',
        data_prefix=dict(
            img_path='/root/autodl-tmp/data/low_altitude_2026/train/images',
            seg_map_path='/root/autodl-tmp/data/low_altitude_2026/train/masks'
        ),
        img_suffix='.png',
        metainfo=dict(
            classes=(
                'Background',
                'Building',
                'Road',
                'Water',
                'Barren',
                'Vegetation',
                'Agricultural',
                'Vehicle',
            ),
            palette=[
                [
                    128,
                    128,
                    128,
                ],
                [
                    220,
                    20,
                    60,
                ],
                [
                    255,
                    255,
                    255,
                ],
                [
                    0,
                    0,
                    255,
                ],
                [
                    160,
                    82,
                    45,
                ],
                [
                    0,
                    128,
                    0,
                ],
                [
                    255,
                    215,
                    0,
                ],
                [
                    255,
                    0,
                    255,
                ],
            ]),
        pipeline=[
            dict(type='LoadImageFromFile'),
            dict(reduce_zero_label=True, type='LoadAnnotations'),
            dict(
                keep_ratio=True,
                ratio_range=(
                    0.5,
                    1.5,
                ),
                scale=(
                    1024,
                    1024,
                ),
                type='RandomResize'),
            dict(cat_max_ratio=0.9, crop_size=(
                512,
                512,
            ), type='RandomCrop'),
            dict(direction='horizontal', prob=0.5, type='RandomFlip'),
            dict(direction='vertical', prob=0.5, type='RandomFlip'),
            dict(type='PhotoMetricDistortion'),
            dict(type='PackSegInputs'),
        ],
        reduce_zero_label=True,
        seg_map_suffix='.png',
        type='BaseSegDataset'),
    num_workers=4,
    persistent_workers=True,
    sampler=dict(shuffle=True, type='InfiniteSampler'))
train_pipeline = [
    dict(type='LoadImageFromFile'),
    dict(reduce_zero_label=True, type='LoadAnnotations'),
    dict(
        keep_ratio=True,
        ratio_range=(
            0.5,
            1.5,
        ),
        scale=(
            1024,
            1024,
        ),
        type='RandomResize'),
    dict(cat_max_ratio=0.9, crop_size=(
        512,
        512,
    ), type='RandomCrop'),
    dict(direction='horizontal', prob=0.5, type='RandomFlip'),
    dict(direction='vertical', prob=0.5, type='RandomFlip'),
    dict(type='PhotoMetricDistortion'),
    dict(type='PackSegInputs'),
]
tta_model = dict(type='SegTTAModel')
tta_pipeline = [
    dict(backend_args=None, type='LoadImageFromFile'),
    dict(
        transforms=[
            [
                dict(keep_ratio=True, scale_factor=0.5, type='Resize'),
                dict(keep_ratio=True, scale_factor=0.75, type='Resize'),
                dict(keep_ratio=True, scale_factor=1.0, type='Resize'),
                dict(keep_ratio=True, scale_factor=1.25, type='Resize'),
                dict(keep_ratio=True, scale_factor=1.5, type='Resize'),
                dict(keep_ratio=True, scale_factor=1.75, type='Resize'),
            ],
            [
                dict(direction='horizontal', prob=0.0, type='RandomFlip'),
                dict(direction='horizontal', prob=1.0, type='RandomFlip'),
            ],
            [
                dict(type='LoadAnnotations'),
            ],
            [
                dict(type='PackSegInputs'),
            ],
        ],
        type='TestTimeAug'),
]
val_cfg = dict(type='ValLoop')
val_dataloader = dict(
    batch_size=1,
    dataset=dict(
        ann_file='/root/hyperseg/runs/splits/val.txt',
        data_prefix=dict(
            img_path='/root/autodl-tmp/data/low_altitude_2026/train/images',
            seg_map_path='/root/autodl-tmp/data/low_altitude_2026/train/masks'
        ),
        img_suffix='.png',
        metainfo=dict(
            classes=(
                'Background',
                'Building',
                'Road',
                'Water',
                'Barren',
                'Vegetation',
                'Agricultural',
                'Vehicle',
            ),
            palette=[
                [
                    128,
                    128,
                    128,
                ],
                [
                    220,
                    20,
                    60,
                ],
                [
                    255,
                    255,
                    255,
                ],
                [
                    0,
                    0,
                    255,
                ],
                [
                    160,
                    82,
                    45,
                ],
                [
                    0,
                    128,
                    0,
                ],
                [
                    255,
                    215,
                    0,
                ],
                [
                    255,
                    0,
                    255,
                ],
            ]),
        pipeline=[
            dict(type='LoadImageFromFile'),
            dict(reduce_zero_label=True, type='LoadAnnotations'),
            dict(type='PackSegInputs'),
        ],
        reduce_zero_label=True,
        seg_map_suffix='.png',
        test_mode=True,
        type='BaseSegDataset'),
    num_workers=4,
    persistent_workers=True,
    sampler=dict(shuffle=False, type='DefaultSampler'))
val_evaluator = dict(
    ignore_index=255, iou_metrics=[
        'mIoU',
    ], type='IoUMetric')
vis_backends = [
    dict(type='LocalVisBackend'),
]
visualizer = dict(
    name='visualizer',
    type='SegLocalVisualizer',
    vis_backends=[
        dict(type='LocalVisBackend'),
    ])
work_dir = '/root/hyperseg/runs/mask2former_uav/h2_swin_l_mask2former_20k_seed3407_fp32'

09/30 21:12:22 - mmengine - INFO - Distributed training is not used, all SyncBatchNorm (SyncBN) layers in the model will be automatically reverted to BatchNormXd layers if they are used.
/root/mmsegmentation/mmseg/engine/hooks/visualization_hook.py:60: UserWarning: The draw is False, it means that the hook for visualization will not take effect. The results will NOT be visualized or stored.
  warnings.warn('The draw is False, it means that the '
09/30 21:12:22 - mmengine - INFO - Hooks will be executed in the following order:
before_run:
(VERY_HIGH   ) RuntimeInfoHook                    
(BELOW_NORMAL) LoggerHook                         
 -------------------- 
before_train:
(VERY_HIGH   ) RuntimeInfoHook                    
(NORMAL      ) IterTimerHook                      
(VERY_LOW    ) CheckpointHook                     
 -------------------- 
before_train_epoch:
(VERY_HIGH   ) RuntimeInfoHook                    
(NORMAL      ) IterTimerHook                      
(NORMAL      ) DistSamplerSeedHook                
 -------------------- 
before_train_iter:
(VERY_HIGH   ) RuntimeInfoHook                    
(NORMAL      ) IterTimerHook                      
 -------------------- 
after_train_iter:
(VERY_HIGH   ) RuntimeInfoHook                    
(NORMAL      ) IterTimerHook                      
(BELOW_NORMAL) LoggerHook                         
(LOW         ) ParamSchedulerHook                 
(VERY_LOW    ) CheckpointHook                     
 -------------------- 
after_train_epoch:
(NORMAL      ) IterTimerHook                      
(LOW         ) ParamSchedulerHook                 
(VERY_LOW    ) CheckpointHook                     
 -------------------- 
before_val:
(VERY_HIGH   ) RuntimeInfoHook                    
 -------------------- 
before_val_epoch:
(NORMAL      ) IterTimerHook                      
 -------------------- 
before_val_iter:
(NORMAL      ) IterTimerHook                      
 -------------------- 
after_val_iter:
(NORMAL      ) IterTimerHook                      
(NORMAL      ) SegVisualizationHook               
(BELOW_NORMAL) LoggerHook                         
 -------------------- 
after_val_epoch:
(VERY_HIGH   ) RuntimeInfoHook                    
(NORMAL      ) IterTimerHook                      
(BELOW_NORMAL) LoggerHook                         
(LOW         ) ParamSchedulerHook                 
(VERY_LOW    ) CheckpointHook                     
 -------------------- 
after_val:
(VERY_HIGH   ) RuntimeInfoHook                    
 -------------------- 
after_train:
(VERY_HIGH   ) RuntimeInfoHook                    
(VERY_LOW    ) CheckpointHook                     
 -------------------- 
before_test:
(VERY_HIGH   ) RuntimeInfoHook                    
 -------------------- 
before_test_epoch:
(NORMAL      ) IterTimerHook                      
 -------------------- 
before_test_iter:
(NORMAL      ) IterTimerHook                      
 -------------------- 
after_test_iter:
(NORMAL      ) IterTimerHook                      
(NORMAL      ) SegVisualizationHook               
(BELOW_NORMAL) LoggerHook                         
 -------------------- 
after_test_epoch:
(VERY_HIGH   ) RuntimeInfoHook                    
(NORMAL      ) IterTimerHook                      
(BELOW_NORMAL) LoggerHook                         
 -------------------- 
after_test:
(VERY_HIGH   ) RuntimeInfoHook                    
 -------------------- 
after_run:
(BELOW_NORMAL) LoggerHook                         
 -------------------- 
/root/mmsegmentation/mmseg/datasets/transforms/loading.py:84: UserWarning: `reduce_zero_label` will be deprecated, if you would like to ignore the zero label, please set `reduce_zero_label=True` when dataset initialized
  warnings.warn('`reduce_zero_label` will be deprecated, '
09/30 21:12:22 - mmengine - INFO - paramwise_options -- backbone.patch_embed.projection.weight:lr=1e-05
09/30 21:12:22 - mmengine - INFO - paramwise_options -- backbone.patch_embed.projection.weight:weight_decay=0.05
09/30 21:12:22 - mmengine - INFO - paramwise_options -- backbone.patch_embed.projection.weight:lr_mult=0.1
09/30 21:12:22 - mmengine - INFO - paramwise_options -- backbone.patch_embed.projection.weight:decay_mult=1.0
09/30 21:12:22 - mmengine - INFO - paramwise_options -- backbone.patch_embed.projection.bias:lr=1e-05
09/30 21:12:22 - mmengine - INFO - paramwise_options -- backbone.patch_embed.projection.bias:weight_decay=0.05
09/30 21:12:22 - mmengine - INFO - paramwise_options -- backbone.patch_embed.projection.bias:lr_mult=0.1
09/30 21:12:22 - mmengine - INFO - paramwise_options -- backbone.patch_embed.projection.bias:decay_mult=1.0
09/30 21:12:22 - mmengine - INFO - paramwise_options -- backbone.patch_embed.norm.weight:lr=1e-05
09/30 21:12:22 - mmengine - INFO - paramwise_options -- backbone.patch_embed.norm.weight:weight_decay=0.05
09/30 21:12:22 - mmengine - INFO - paramwise_options -- backbone.patch_embed.norm.weight:lr_mult=0.1
09/30 21:12:22 - mmengine - INFO - paramwise_options -- backbone.patch_embed.norm.weight:decay_mult=1.0
09/30 21:12:22 - mmengine - INFO - paramwise_options -- backbone.patch_embed.norm.bias:lr=1e-05
09/30 21:12:22 - mmengine - INFO - paramwise_options -- backbone.patch_embed.norm.bias:weight_decay=0.05
09/30 21:12:22 - mmengine - INFO - paramwise_options -- backbone.patch_embed.norm.bias:lr_mult=0.1
09/30 21:12:22 - mmengine - INFO - paramwise_options -- backbone.patch_embed.norm.bias:decay_mult=1.0
09/30 21:12:22 - mmengine - INFO - paramwise_options -- backbone.stages.0.blocks.0.norm1.weight:lr=1e-05
09/30 21:12:22 - mmengine - INFO - paramwise_options -- backbone.stages.0.blocks.0.norm1.weight:weight_decay=0.05
09/30 21:12:22 - mmengine - INFO - paramwise_options -- backbone.stages.0.blocks.0.norm1.weight:lr_mult=0.1
09/30 21:12:22 - mmengine - INFO - paramwise_options -- backbone.stages.0.blocks.0.norm1.weight:decay_mult=1.0
09/30 21:12:22 - mmengine - INFO - paramwise_options -- backbone.stages.0.blocks.0.norm1.bias:lr=1e-05
09/30 21:12:22 - mmengine - INFO - paramwise_options -- backbone.stages.0.blocks.0.norm1.bias:weight_decay=0.05
09/30 21:12:22 - mmengine - INFO - paramwise_options -- backbone.stages.0.blocks.0.norm1.bias:lr_mult=0.1
09/30 21:12:22 - mmengine - INFO - paramwise_options -- backbone.stages.0.blocks.0.norm1.bias:decay_mult=1.0
09/30 21:12:22 - mmengine - INFO - paramwise_options -- backbone.stages.0.blocks.0.attn.w_msa.relative_position_bias_table:lr=0.0001
09/30 21:12:22 - mmengine - INFO - paramwise_options -- backbone.stages.0.blocks.0.attn.w_msa.relative_position_bias_table:weight_decay=0.0
09/30 21:12:22 - mmengine - INFO - paramwise_options -- backbone.stages.0.blocks.0.attn.w_msa.relative_position_bias_table:decay_mult=0.0
09/30 21:12:22 - mmengine - INFO - paramwise_options -- backbone.stages.0.blocks.0.attn.w_msa.qkv.weight:lr=1e-05
09/30 21:12:22 - mmengine - INFO - paramwise_options -- backbone.stages.0.blocks.0.attn.w_msa.qkv.weight:weight_decay=0.05
09/30 21:12:22 - mmengine - INFO - paramwise_options -- backbone.stages.0.blocks.0.attn.w_msa.qkv.weight:lr_mult=0.1
09/30 21:12:22 - mmengine - INFO - paramwise_options -- backbone.stages.0.blocks.0.attn.w_msa.qkv.weight:decay_mult=1.0
09/30 21:12:22 - mmengine - INFO - paramwise_options -- backbone.stages.0.blocks.0.attn.w_msa.qkv.bias:lr=1e-05
09/30 21:12:22 - mmengine - INFO - paramwise_options -- backbone.stages.0.blocks.0.attn.w_msa.qkv.bias:weight_decay=0.05
09/30 21:12:22 - mmengine - INFO - paramwise_options -- backbone.stages.0.blocks.0.attn.w_msa.qkv.bias:lr_mult=0.1
09/30 21:12:22 - mmengine - INFO - paramwise_options -- backbone.stages.0.blocks.0.attn.w_msa.qkv.bias:decay_mult=1.0
09/30 21:12:22 - mmengine - INFO - paramwise_options -- backbone.stages.0.blocks.0.attn.w_msa.proj.weight:lr=1e-05
09/30 21:12:22 - mmengine - INFO - paramwise_options -- backbone.stages.0.blocks.0.attn.w_msa.proj.weight:weight_decay=0.05
09/30 21:12:22 - mmengine - INFO - paramwise_options -- backbone.stages.0.blocks.0.attn.w_msa.proj.weight:lr_mult=0.1
09/30 21:12:22 - mmengine - INFO - paramwise_options -- backbone.stages.0.blocks.0.attn.w_msa.proj.weight:decay_mult=1.0
09/30 21:12:22 - mmengine - INFO - paramwise_options -- backbone.stages.0.blocks.0.attn.w_msa.proj.bias:lr=1e-05
09/30 21:12:22 - mmengine - INFO - paramwise_options -- backbone.stages.0.blocks.0.attn.w_msa.proj.bias:weight_decay=0.05
09/30 21:12:22 - mmengine - INFO - paramwise_options -- backbone.stages.0.blocks.0.attn.w_msa.proj.bias:lr_mult=0.1
09/30 21:12:22 - mmengine - INFO - paramwise_options -- backbone.stages.0.blocks.0.attn.w_msa.proj.bias:decay_mult=1.0
09/30 21:12:22 - mmengine - INFO - paramwise_options -- backbone.stages.0.blocks.0.norm2.weight:lr=1e-05
09/30 21:12:22 - mmengine - INFO - paramwise_options -- backbone.stages.0.blocks.0.norm2.weight:weight_decay=0.05
09/30 21:12:22 - mmengine - INFO - paramwise_options -- backbone.stages.0.blocks.0.norm2.weight:lr_mult=0.1
09/30 21:12:22 - mmengine - INFO - paramwise_options -- backbone.stages.0.blocks.0.norm2.weight:decay_mult=1.0
09/30 21:12:22 - mmengine - INFO - paramwise_options -- backbone.stages.0.blocks.0.norm2.bias:lr=1e-05
09/30 21:12:22 - mmengine - INFO - paramwise_options -- backbone.stages.0.blocks.0.norm2.bias:weight_decay=0.05
09/30 21:12:22 - mmengine - INFO - paramwise_options -- backbone.stages.0.blocks.0.norm2.bias:lr_mult=0.1
09/30 21:12:22 - mmengine - INFO - paramwise_options -- backbone.stages.0.blocks.0.norm2.bias:decay_mult=1.0
09/30 21:12:22 - mmengine - INFO - paramwise_options -- backbone.stages.0.blocks.0.ffn.layers.0.0.weight:lr=1e-05
09/30 21:12:22 - mmengine - INFO - paramwise_options -- backbone.stages.0.blocks.0.ffn.layers.0.0.weight:weight_decay=0.05
09/30 21:12:22 - mmengine - INFO - paramwise_options -- backbone.stages.0.blocks.0.ffn.layers.0.0.weight:lr_mult=0.1
09/30 21:12:22 - mmengine - INFO - paramwise_options -- backbone.stages.0.blocks.0.ffn.layers.0.0.weight:decay_mult=1.0
09/30 21:12:22 - mmengine - INFO - paramwise_options -- backbone.stages.0.blocks.0.ffn.layers.0.0.bias:lr=1e-05
09/30 21:12:22 - mmengine - INFO - paramwise_options -- backbone.stages.0.blocks.0.ffn.layers.0.0.bias:weight_decay=0.05
09/30 21:12:22 - mmengine - INFO - paramwise_options -- backbone.stages.0.blocks.0.ffn.layers.0.0.bias:lr_mult=0.1
09/30 21:12:22 - mmengine - INFO - paramwise_options -- backbone.stages.0.blocks.0.ffn.layers.0.0.bias:decay_mult=1.0
09/30 21:12:22 - mmengine - INFO - paramwise_options -- backbone.stages.0.blocks.0.ffn.layers.1.weight:lr=1e-05
09/30 21:12:22 - mmengine - INFO - paramwise_options -- backbone.stages.0.blocks.0.ffn.layers.1.weight:weight_decay=0.05
09/30 21:12:22 - mmengine - INFO - paramwise_options -- backbone.stages.0.blocks.0.ffn.layers.1.weight:lr_mult=0.1
09/30 21:12:22 - mmengine - INFO - paramwise_options -- backbone.stages.0.blocks.0.ffn.layers.1.weight:decay_mult=1.0
09/30 21:12:22 - mmengine - INFO - paramwise_options -- backbone.stages.0.blocks.0.ffn.layers.1.bias:lr=1e-05
09/30 21:12:22 - mmengine - INFO - paramwise_options -- backbone.stages.0.blocks.0.ffn.layers.1.bias:weight_decay=0.05
09/30 21:12:22 - mmengine - INFO - paramwise_options -- backbone.stages.0.blocks.0.ffn.layers.1.bias:lr_mult=0.1
09/30 21:12:22 - mmengine - INFO - paramwise_options -- backbone.stages.0.blocks.0.ffn.layers.1.bias:decay_mult=1.0
09/30 21:12:22 - mmengine - INFO - paramwise_options -- backbone.stages.0.blocks.1.norm1.weight:lr=1e-05
09/30 21:12:22 - mmengine - INFO - paramwise_options -- backbone.stages.0.blocks.1.norm1.weight:weight_decay=0.05
09/30 21:12:22 - mmengine - INFO - paramwise_options -- backbone.stages.0.blocks.1.norm1.weight:lr_mult=0.1
09/30 21:12:22 - mmengine - INFO - paramwise_options -- backbone.stages.0.blocks.1.norm1.weight:decay_mult=1.0
09/30 21:12:22 - mmengine - INFO - paramwise_options -- backbone.stages.0.blocks.1.norm1.bias:lr=1e-05
09/30 21:12:22 - mmengine - INFO - paramwise_options -- backbone.stages.0.blocks.1.norm1.bias:weight_decay=0.05
09/30 21:12:22 - mmengine - INFO - paramwise_options -- backbone.stages.0.blocks.1.norm1.bias:lr_mult=0.1
09/30 21:12:22 - mmengine - INFO - paramwise_options -- backbone.stages.0.blocks.1.norm1.bias:decay_mult=1.0
09/30 21:12:22 - mmengine - INFO - paramwise_options -- backbone.stages.0.blocks.1.attn.w_msa.relative_position_bias_table:lr=0.0001
09/30 21:12:22 - mmengine - INFO - paramwise_options -- backbone.stages.0.blocks.1.attn.w_msa.relative_position_bias_table:weight_decay=0.0
09/30 21:12:22 - mmengine - INFO - paramwise_options -- backbone.stages.0.blocks.1.attn.w_msa.relative_position_bias_table:decay_mult=0.0
09/30 21:12:22 - mmengine - INFO - paramwise_options -- backbone.stages.0.blocks.1.attn.w_msa.qkv.weight:lr=1e-05
09/30 21:12:22 - mmengine - INFO - paramwise_options -- backbone.stages.0.blocks.1.attn.w_msa.qkv.weight:weight_decay=0.05
09/30 21:12:22 - mmengine - INFO - paramwise_options -- backbone.stages.0.blocks.1.attn.w_msa.qkv.weight:lr_mult=0.1
09/30 21:12:22 - mmengine - INFO - paramwise_options -- backbone.stages.0.blocks.1.attn.w_msa.qkv.weight:decay_mult=1.0
09/30 21:12:22 - mmengine - INFO - paramwise_options -- backbone.stages.0.blocks.1.attn.w_msa.qkv.bias:lr=1e-05
09/30 21:12:22 - mmengine - INFO - paramwise_options -- backbone.stages.0.blocks.1.attn.w_msa.qkv.bias:weight_decay=0.05
09/30 21:12:22 - mmengine - INFO - paramwise_options -- backbone.stages.0.blocks.1.attn.w_msa.qkv.bias:lr_mult=0.1
09/30 21:12:22 - mmengine - INFO - paramwise_options -- backbone.stages.0.blocks.1.attn.w_msa.qkv.bias:decay_mult=1.0
09/30 21:12:22 - mmengine - INFO - paramwise_options -- backbone.stages.0.blocks.1.attn.w_msa.proj.weight:lr=1e-05
09/30 21:12:22 - mmengine - INFO - paramwise_options -- backbone.stages.0.blocks.1.attn.w_msa.proj.weight:weight_decay=0.05
09/30 21:12:22 - mmengine - INFO - paramwise_options -- backbone.stages.0.blocks.1.attn.w_msa.proj.weight:lr_mult=0.1
09/30 21:12:22 - mmengine - INFO - paramwise_options -- backbone.stages.0.blocks.1.attn.w_msa.proj.weight:decay_mult=1.0
09/30 21:12:22 - mmengine - INFO - paramwise_options -- backbone.stages.0.blocks.1.attn.w_msa.proj.bias:lr=1e-05
09/30 21:12:22 - mmengine - INFO - paramwise_options -- backbone.stages.0.blocks.1.attn.w_msa.proj.bias:weight_decay=0.05
09/30 21:12:22 - mmengine - INFO - paramwise_options -- backbone.stages.0.blocks.1.attn.w_msa.proj.bias:lr_mult=0.1
09/30 21:12:22 - mmengine - INFO - paramwise_options -- backbone.stages.0.blocks.1.attn.w_msa.proj.bias:decay_mult=1.0
09/30 21:12:22 - mmengine - INFO - paramwise_options -- backbone.stages.0.blocks.1.norm2.weight:lr=1e-05
09/30 21:12:22 - mmengine - INFO - paramwise_options -- backbone.stages.0.blocks.1.norm2.weight:weight_decay=0.05
09/30 21:12:22 - mmengine - INFO - paramwise_options -- backbone.stages.0.blocks.1.norm2.weight:lr_mult=0.1
09/30 21:12:22 - mmengine - INFO - paramwise_options -- backbone.stages.0.blocks.1.norm2.weight:decay_mult=1.0
09/30 21:12:22 - mmengine - INFO - paramwise_options -- backbone.stages.0.blocks.1.norm2.bias:lr=1e-05
09/30 21:12:22 - mmengine - INFO - paramwise_options -- backbone.stages.0.blocks.1.norm2.bias:weight_decay=0.05
09/30 21:12:22 - mmengine - INFO - paramwise_options -- backbone.stages.0.blocks.1.norm2.bias:lr_mult=0.1
09/30 21:12:22 - mmengine - INFO - paramwise_options -- backbone.stages.0.blocks.1.norm2.bias:decay_mult=1.0
09/30 21:12:22 - mmengine - INFO - paramwise_options -- backbone.stages.0.blocks.1.ffn.layers.0.0.weight:lr=1e-05
09/30 21:12:22 - mmengine - INFO - paramwise_options -- backbone.stages.0.blocks.1.ffn.layers.0.0.weight:weight_decay=0.05
09/30 21:12:22 - mmengine - INFO - paramwise_options -- backbone.stages.0.blocks.1.ffn.layers.0.0.weight:lr_mult=0.1
09/30 21:12:22 - mmengine - INFO - paramwise_options -- backbone.stages.0.blocks.1.ffn.layers.0.0.weight:decay_mult=1.0
09/30 21:12:22 - mmengine - INFO - paramwise_options -- backbone.stages.0.blocks.1.ffn.layers.0.0.bias:lr=1e-05
09/30 21:12:22 - mmengine - INFO - paramwise_options -- backbone.stages.0.blocks.1.ffn.layers.0.0.bias:weight_decay=0.05
09/30 21:12:22 - mmengine - INFO - paramwise_options -- backbone.stages.0.blocks.1.ffn.layers.0.0.bias:lr_mult=0.1
09/30 21:12:22 - mmengine - INFO - paramwise_options -- backbone.stages.0.blocks.1.ffn.layers.0.0.bias:decay_mult=1.0
09/30 21:12:22 - mmengine - INFO - paramwise_options -- backbone.stages.0.blocks.1.ffn.layers.1.weight:lr=1e-05
09/30 21:12:22 - mmengine - INFO - paramwise_options -- backbone.stages.0.blocks.1.ffn.layers.1.weight:weight_decay=0.05
09/30 21:12:22 - mmengine - INFO - paramwise_options -- backbone.stages.0.blocks.1.ffn.layers.1.weight:lr_mult=0.1
09/30 21:12:22 - mmengine - INFO - paramwise_options -- backbone.stages.0.blocks.1.ffn.layers.1.weight:decay_mult=1.0
09/30 21:12:22 - mmengine - INFO - paramwise_options -- backbone.stages.0.blocks.1.ffn.layers.1.bias:lr=1e-05
09/30 21:12:22 - mmengine - INFO - paramwise_options -- backbone.stages.0.blocks.1.ffn.layers.1.bias:weight_decay=0.05
09/30 21:12:22 - mmengine - INFO - paramwise_options -- backbone.stages.0.blocks.1.ffn.layers.1.bias:lr_mult=0.1
09/30 21:12:22 - mmengine - INFO - paramwise_options -- backbone.stages.0.blocks.1.ffn.layers.1.bias:decay_mult=1.0
09/30 21:12:22 - mmengine - INFO - paramwise_options -- backbone.stages.0.downsample.norm.weight:lr=1e-05
09/30 21:12:22 - mmengine - INFO - paramwise_options -- backbone.stages.0.downsample.norm.weight:weight_decay=0.05
09/30 21:12:22 - mmengine - INFO - paramwise_options -- backbone.stages.0.downsample.norm.weight:lr_mult=0.1
09/30 21:12:22 - mmengine - INFO - paramwise_options -- backbone.stages.0.downsample.norm.weight:decay_mult=1.0
09/30 21:12:22 - mmengine - INFO - paramwise_options -- backbone.stages.0.downsample.norm.bias:lr=1e-05
09/30 21:12:22 - mmengine - INFO - paramwise_options -- backbone.stages.0.downsample.norm.bias:weight_decay=0.05
09/30 21:12:22 - mmengine - INFO - paramwise_options -- backbone.stages.0.downsample.norm.bias:lr_mult=0.1
09/30 21:12:22 - mmengine - INFO - paramwise_options -- backbone.stages.0.downsample.norm.bias:decay_mult=1.0
09/30 21:12:22 - mmengine - INFO - paramwise_options -- backbone.stages.0.downsample.reduction.weight:lr=1e-05
09/30 21:12:22 - mmengine - INFO - paramwise_options -- backbone.stages.0.downsample.reduction.weight:weight_decay=0.05
09/30 21:12:22 - mmengine - INFO - paramwise_options -- backbone.stages.0.downsample.reduction.weight:lr_mult=0.1
09/30 21:12:22 - mmengine - INFO - paramwise_options -- backbone.stages.0.downsample.reduction.weight:decay_mult=1.0
09/30 21:12:22 - mmengine - INFO - paramwise_options -- backbone.stages.1.blocks.0.norm1.weight:lr=1e-05
09/30 21:12:22 - mmengine - INFO - paramwise_options -- backbone.stages.1.blocks.0.norm1.weight:weight_decay=0.05
09/30 21:12:22 - mmengine - INFO - paramwise_options -- backbone.stages.1.blocks.0.norm1.weight:lr_mult=0.1
09/30 21:12:22 - mmengine - INFO - paramwise_options -- backbone.stages.1.blocks.0.norm1.weight:decay_mult=1.0
09/30 21:12:22 - mmengine - INFO - paramwise_options -- backbone.stages.1.blocks.0.norm1.bias:lr=1e-05
09/30 21:12:22 - mmengine - INFO - paramwise_options -- backbone.stages.1.blocks.0.norm1.bias:weight_decay=0.05
09/30 21:12:22 - mmengine - INFO - paramwise_options -- backbone.stages.1.blocks.0.norm1.bias:lr_mult=0.1
09/30 21:12:22 - mmengine - INFO - paramwise_options -- backbone.stages.1.blocks.0.norm1.bias:decay_mult=1.0
09/30 21:12:22 - mmengine - INFO - paramwise_options -- backbone.stages.1.blocks.0.attn.w_msa.relative_position_bias_table:lr=0.0001
09/30 21:12:22 - mmengine - INFO - paramwise_options -- backbone.stages.1.blocks.0.attn.w_msa.relative_position_bias_table:weight_decay=0.0
09/30 21:12:22 - mmengine - INFO - paramwise_options -- backbone.stages.1.blocks.0.attn.w_msa.relative_position_bias_table:decay_mult=0.0
09/30 21:12:22 - mmengine - INFO - paramwise_options -- backbone.stages.1.blocks.0.attn.w_msa.qkv.weight:lr=1e-05
09/30 21:12:22 - mmengine - INFO - paramwise_options -- backbone.stages.1.blocks.0.attn.w_msa.qkv.weight:weight_decay=0.05
09/30 21:12:22 - mmengine - INFO - paramwise_options -- backbone.stages.1.blocks.0.attn.w_msa.qkv.weight:lr_mult=0.1
09/30 21:12:22 - mmengine - INFO - paramwise_options -- backbone.stages.1.blocks.0.attn.w_msa.qkv.weight:decay_mult=1.0
09/30 21:12:22 - mmengine - INFO - paramwise_options -- backbone.stages.1.blocks.0.attn.w_msa.qkv.bias:lr=1e-05
09/30 21:12:22 - mmengine - INFO - paramwise_options -- backbone.stages.1.blocks.0.attn.w_msa.qkv.bias:weight_decay=0.05
09/30 21:12:22 - mmengine - INFO - paramwise_options -- backbone.stages.1.blocks.0.attn.w_msa.qkv.bias:lr_mult=0.1
09/30 21:12:22 - mmengine - INFO - paramwise_options -- backbone.stages.1.blocks.0.attn.w_msa.qkv.bias:decay_mult=1.0
09/30 21:12:22 - mmengine - INFO - paramwise_options -- backbone.stages.1.blocks.0.attn.w_msa.proj.weight:lr=1e-05
09/30 21:12:22 - mmengine - INFO - paramwise_options -- backbone.stages.1.blocks.0.attn.w_msa.proj.weight:weight_decay=0.05
09/30 21:12:22 - mmengine - INFO - paramwise_options -- backbone.stages.1.blocks.0.attn.w_msa.proj.weight:lr_mult=0.1
09/30 21:12:22 - mmengine - INFO - paramwise_options -- backbone.stages.1.blocks.0.attn.w_msa.proj.weight:decay_mult=1.0
09/30 21:12:22 - mmengine - INFO - paramwise_options -- backbone.stages.1.blocks.0.attn.w_msa.proj.bias:lr=1e-05
09/30 21:12:22 - mmengine - INFO - paramwise_options -- backbone.stages.1.blocks.0.attn.w_msa.proj.bias:weight_decay=0.05
09/30 21:12:22 - mmengine - INFO - paramwise_options -- backbone.stages.1.blocks.0.attn.w_msa.proj.bias:lr_mult=0.1
09/30 21:12:22 - mmengine - INFO - paramwise_options -- backbone.stages.1.blocks.0.attn.w_msa.proj.bias:decay_mult=1.0
09/30 21:12:22 - mmengine - INFO - paramwise_options -- backbone.stages.1.blocks.0.norm2.weight:lr=1e-05
09/30 21:12:22 - mmengine - INFO - paramwise_options -- backbone.stages.1.blocks.0.norm2.weight:weight_decay=0.05
09/30 21:12:22 - mmengine - INFO - paramwise_options -- backbone.stages.1.blocks.0.norm2.weight:lr_mult=0.1
09/30 21:12:22 - mmengine - INFO - paramwise_options -- backbone.stages.1.blocks.0.norm2.weight:decay_mult=1.0
09/30 21:12:22 - mmengine - INFO - paramwise_options -- backbone.stages.1.blocks.0.norm2.bias:lr=1e-05
09/30 21:12:22 - mmengine - INFO - paramwise_options -- backbone.stages.1.blocks.0.norm2.bias:weight_decay=0.05
09/30 21:12:22 - mmengine - INFO - paramwise_options -- backbone.stages.1.blocks.0.norm2.bias:lr_mult=0.1
09/30 21:12:22 - mmengine - INFO - paramwise_options -- backbone.stages.1.blocks.0.norm2.bias:decay_mult=1.0
09/30 21:12:22 - mmengine - INFO - paramwise_options -- backbone.stages.1.blocks.0.ffn.layers.0.0.weight:lr=1e-05
09/30 21:12:22 - mmengine - INFO - paramwise_options -- backbone.stages.1.blocks.0.ffn.layers.0.0.weight:weight_decay=0.05
09/30 21:12:22 - mmengine - INFO - paramwise_options -- backbone.stages.1.blocks.0.ffn.layers.0.0.weight:lr_mult=0.1
09/30 21:12:22 - mmengine - INFO - paramwise_options -- backbone.stages.1.blocks.0.ffn.layers.0.0.weight:decay_mult=1.0
09/30 21:12:22 - mmengine - INFO - paramwise_options -- backbone.stages.1.blocks.0.ffn.layers.0.0.bias:lr=1e-05
09/30 21:12:22 - mmengine - INFO - paramwise_options -- backbone.stages.1.blocks.0.ffn.layers.0.0.bias:weight_decay=0.05
09/30 21:12:22 - mmengine - INFO - paramwise_options -- backbone.stages.1.blocks.0.ffn.layers.0.0.bias:lr_mult=0.1
09/30 21:12:22 - mmengine - INFO - paramwise_options -- backbone.stages.1.blocks.0.ffn.layers.0.0.bias:decay_mult=1.0
09/30 21:12:22 - mmengine - INFO - paramwise_options -- backbone.stages.1.blocks.0.ffn.layers.1.weight:lr=1e-05
09/30 21:12:22 - mmengine - INFO - paramwise_options -- backbone.stages.1.blocks.0.ffn.layers.1.weight:weight_decay=0.05
09/30 21:12:22 - mmengine - INFO - paramwise_options -- backbone.stages.1.blocks.0.ffn.layers.1.weight:lr_mult=0.1
09/30 21:12:22 - mmengine - INFO - paramwise_options -- backbone.stages.1.blocks.0.ffn.layers.1.weight:decay_mult=1.0
09/30 21:12:22 - mmengine - INFO - paramwise_options -- backbone.stages.1.blocks.0.ffn.layers.1.bias:lr=1e-05
09/30 21:12:22 - mmengine - INFO - paramwise_options -- backbone.stages.1.blocks.0.ffn.layers.1.bias:weight_decay=0.05
09/30 21:12:22 - mmengine - INFO - paramwise_options -- backbone.stages.1.blocks.0.ffn.layers.1.bias:lr_mult=0.1
09/30 21:12:22 - mmengine - INFO - paramwise_options -- backbone.stages.1.blocks.0.ffn.layers.1.bias:decay_mult=1.0
09/30 21:12:22 - mmengine - INFO - paramwise_options -- backbone.stages.1.blocks.1.norm1.weight:lr=1e-05
09/30 21:12:22 - mmengine - INFO - paramwise_options -- backbone.stages.1.blocks.1.norm1.weight:weight_decay=0.05
09/30 21:12:22 - mmengine - INFO - paramwise_options -- backbone.stages.1.blocks.1.norm1.weight:lr_mult=0.1
09/30 21:12:22 - mmengine - INFO - paramwise_options -- backbone.stages.1.blocks.1.norm1.weight:decay_mult=1.0
09/30 21:12:22 - mmengine - INFO - paramwise_options -- backbone.stages.1.blocks.1.norm1.bias:lr=1e-05
09/30 21:12:22 - mmengine - INFO - paramwise_options -- backbone.stages.1.blocks.1.norm1.bias:weight_decay=0.05
09/30 21:12:22 - mmengine - INFO - paramwise_options -- backbone.stages.1.blocks.1.norm1.bias:lr_mult=0.1
09/30 21:12:22 - mmengine - INFO - paramwise_options -- backbone.stages.1.blocks.1.norm1.bias:decay_mult=1.0
09/30 21:12:22 - mmengine - INFO - paramwise_options -- backbone.stages.1.blocks.1.attn.w_msa.relative_position_bias_table:lr=0.0001
09/30 21:12:22 - mmengine - INFO - paramwise_options -- backbone.stages.1.blocks.1.attn.w_msa.relative_position_bias_table:weight_decay=0.0
09/30 21:12:22 - mmengine - INFO - paramwise_options -- backbone.stages.1.blocks.1.attn.w_msa.relative_position_bias_table:decay_mult=0.0
09/30 21:12:22 - mmengine - INFO - paramwise_options -- backbone.stages.1.blocks.1.attn.w_msa.qkv.weight:lr=1e-05
09/30 21:12:22 - mmengine - INFO - paramwise_options -- backbone.stages.1.blocks.1.attn.w_msa.qkv.weight:weight_decay=0.05
09/30 21:12:22 - mmengine - INFO - paramwise_options -- backbone.stages.1.blocks.1.attn.w_msa.qkv.weight:lr_mult=0.1
09/30 21:12:22 - mmengine - INFO - paramwise_options -- backbone.stages.1.blocks.1.attn.w_msa.qkv.weight:decay_mult=1.0
09/30 21:12:22 - mmengine - INFO - paramwise_options -- backbone.stages.1.blocks.1.attn.w_msa.qkv.bias:lr=1e-05
09/30 21:12:22 - mmengine - INFO - paramwise_options -- backbone.stages.1.blocks.1.attn.w_msa.qkv.bias:weight_decay=0.05
09/30 21:12:22 - mmengine - INFO - paramwise_options -- backbone.stages.1.blocks.1.attn.w_msa.qkv.bias:lr_mult=0.1
09/30 21:12:22 - mmengine - INFO - paramwise_options -- backbone.stages.1.blocks.1.attn.w_msa.qkv.bias:decay_mult=1.0
09/30 21:12:22 - mmengine - INFO - paramwise_options -- backbone.stages.1.blocks.1.attn.w_msa.proj.weight:lr=1e-05
09/30 21:12:22 - mmengine - INFO - paramwise_options -- backbone.stages.1.blocks.1.attn.w_msa.proj.weight:weight_decay=0.05
09/30 21:12:22 - mmengine - INFO - paramwise_options -- backbone.stages.1.blocks.1.attn.w_msa.proj.weight:lr_mult=0.1
09/30 21:12:22 - mmengine - INFO - paramwise_options -- backbone.stages.1.blocks.1.attn.w_msa.proj.weight:decay_mult=1.0
09/30 21:12:22 - mmengine - INFO - paramwise_options -- backbone.stages.1.blocks.1.attn.w_msa.proj.bias:lr=1e-05
09/30 21:12:22 - mmengine - INFO - paramwise_options -- backbone.stages.1.blocks.1.attn.w_msa.proj.bias:weight_decay=0.05
09/30 21:12:22 - mmengine - INFO - paramwise_options -- backbone.stages.1.blocks.1.attn.w_msa.proj.bias:lr_mult=0.1
09/30 21:12:22 - mmengine - INFO - paramwise_options -- backbone.stages.1.blocks.1.attn.w_msa.proj.bias:decay_mult=1.0
09/30 21:12:22 - mmengine - INFO - paramwise_options -- backbone.stages.1.blocks.1.norm2.weight:lr=1e-05
09/30 21:12:22 - mmengine - INFO - paramwise_options -- backbone.stages.1.blocks.1.norm2.weight:weight_decay=0.05
09/30 21:12:22 - mmengine - INFO - paramwise_options -- backbone.stages.1.blocks.1.norm2.weight:lr_mult=0.1
09/30 21:12:22 - mmengine - INFO - paramwise_options -- backbone.stages.1.blocks.1.norm2.weight:decay_mult=1.0
09/30 21:12:22 - mmengine - INFO - paramwise_options -- backbone.stages.1.blocks.1.norm2.bias:lr=1e-05
09/30 21:12:22 - mmengine - INFO - paramwise_options -- backbone.stages.1.blocks.1.norm2.bias:weight_decay=0.05
09/30 21:12:22 - mmengine - INFO - paramwise_options -- backbone.stages.1.blocks.1.norm2.bias:lr_mult=0.1
09/30 21:12:22 - mmengine - INFO - paramwise_options -- backbone.stages.1.blocks.1.norm2.bias:decay_mult=1.0
09/30 21:12:22 - mmengine - INFO - paramwise_options -- backbone.stages.1.blocks.1.ffn.layers.0.0.weight:lr=1e-05
09/30 21:12:22 - mmengine - INFO - paramwise_options -- backbone.stages.1.blocks.1.ffn.layers.0.0.weight:weight_decay=0.05
09/30 21:12:22 - mmengine - INFO - paramwise_options -- backbone.stages.1.blocks.1.ffn.layers.0.0.weight:lr_mult=0.1
09/30 21:12:22 - mmengine - INFO - paramwise_options -- backbone.stages.1.blocks.1.ffn.layers.0.0.weight:decay_mult=1.0
09/30 21:12:22 - mmengine - INFO - paramwise_options -- backbone.stages.1.blocks.1.ffn.layers.0.0.bias:lr=1e-05
09/30 21:12:22 - mmengine - INFO - paramwise_options -- backbone.stages.1.blocks.1.ffn.layers.0.0.bias:weight_decay=0.05
09/30 21:12:22 - mmengine - INFO - paramwise_options -- backbone.stages.1.blocks.1.ffn.layers.0.0.bias:lr_mult=0.1
09/30 21:12:22 - mmengine - INFO - paramwise_options -- backbone.stages.1.blocks.1.ffn.layers.0.0.bias:decay_mult=1.0
09/30 21:12:22 - mmengine - INFO - paramwise_options -- backbone.stages.1.blocks.1.ffn.layers.1.weight:lr=1e-05
09/30 21:12:23 - mmengine - INFO - paramwise_options -- backbone.stages.1.blocks.1.ffn.layers.1.weight:weight_decay=0.05
09/30 21:12:23 - mmengine - INFO - paramwise_options -- backbone.stages.1.blocks.1.ffn.layers.1.weight:lr_mult=0.1
09/30 21:12:23 - mmengine - INFO - paramwise_options -- backbone.stages.1.blocks.1.ffn.layers.1.weight:decay_mult=1.0
09/30 21:12:23 - mmengine - INFO - paramwise_options -- backbone.stages.1.blocks.1.ffn.layers.1.bias:lr=1e-05
09/30 21:12:23 - mmengine - INFO - paramwise_options -- backbone.stages.1.blocks.1.ffn.layers.1.bias:weight_decay=0.05
09/30 21:12:23 - mmengine - INFO - paramwise_options -- backbone.stages.1.blocks.1.ffn.layers.1.bias:lr_mult=0.1
09/30 21:12:23 - mmengine - INFO - paramwise_options -- backbone.stages.1.blocks.1.ffn.layers.1.bias:decay_mult=1.0
09/30 21:12:23 - mmengine - INFO - paramwise_options -- backbone.stages.1.downsample.norm.weight:lr=1e-05
09/30 21:12:23 - mmengine - INFO - paramwise_options -- backbone.stages.1.downsample.norm.weight:weight_decay=0.05
09/30 21:12:23 - mmengine - INFO - paramwise_options -- backbone.stages.1.downsample.norm.weight:lr_mult=0.1
09/30 21:12:23 - mmengine - INFO - paramwise_options -- backbone.stages.1.downsample.norm.weight:decay_mult=1.0
09/30 21:12:23 - mmengine - INFO - paramwise_options -- backbone.stages.1.downsample.norm.bias:lr=1e-05
09/30 21:12:23 - mmengine - INFO - paramwise_options -- backbone.stages.1.downsample.norm.bias:weight_decay=0.05
09/30 21:12:23 - mmengine - INFO - paramwise_options -- backbone.stages.1.downsample.norm.bias:lr_mult=0.1
09/30 21:12:23 - mmengine - INFO - paramwise_options -- backbone.stages.1.downsample.norm.bias:decay_mult=1.0
09/30 21:12:23 - mmengine - INFO - paramwise_options -- backbone.stages.1.downsample.reduction.weight:lr=1e-05
09/30 21:12:23 - mmengine - INFO - paramwise_options -- backbone.stages.1.downsample.reduction.weight:weight_decay=0.05
09/30 21:12:23 - mmengine - INFO - paramwise_options -- backbone.stages.1.downsample.reduction.weight:lr_mult=0.1
09/30 21:12:23 - mmengine - INFO - paramwise_options -- backbone.stages.1.downsample.reduction.weight:decay_mult=1.0
09/30 21:12:23 - mmengine - INFO - paramwise_options -- backbone.stages.2.blocks.0.norm1.weight:lr=1e-05
09/30 21:12:23 - mmengine - INFO - paramwise_options -- backbone.stages.2.blocks.0.norm1.weight:weight_decay=0.05
09/30 21:12:23 - mmengine - INFO - paramwise_options -- backbone.stages.2.blocks.0.norm1.weight:lr_mult=0.1
09/30 21:12:23 - mmengine - INFO - paramwise_options -- backbone.stages.2.blocks.0.norm1.weight:decay_mult=1.0
09/30 21:12:23 - mmengine - INFO - paramwise_options -- backbone.stages.2.blocks.0.norm1.bias:lr=1e-05
09/30 21:12:23 - mmengine - INFO - paramwise_options -- backbone.stages.2.blocks.0.norm1.bias:weight_decay=0.05
09/30 21:12:23 - mmengine - INFO - paramwise_options -- backbone.stages.2.blocks.0.norm1.bias:lr_mult=0.1
09/30 21:12:23 - mmengine - INFO - paramwise_options -- backbone.stages.2.blocks.0.norm1.bias:decay_mult=1.0
09/30 21:12:23 - mmengine - INFO - paramwise_options -- backbone.stages.2.blocks.0.attn.w_msa.relative_position_bias_table:lr=0.0001
09/30 21:12:23 - mmengine - INFO - paramwise_options -- backbone.stages.2.blocks.0.attn.w_msa.relative_position_bias_table:weight_decay=0.0
09/30 21:12:23 - mmengine - INFO - paramwise_options -- backbone.stages.2.blocks.0.attn.w_msa.relative_position_bias_table:decay_mult=0.0
09/30 21:12:23 - mmengine - INFO - paramwise_options -- backbone.stages.2.blocks.0.attn.w_msa.qkv.weight:lr=1e-05
09/30 21:12:23 - mmengine - INFO - paramwise_options -- backbone.stages.2.blocks.0.attn.w_msa.qkv.weight:weight_decay=0.05
09/30 21:12:23 - mmengine - INFO - paramwise_options -- backbone.stages.2.blocks.0.attn.w_msa.qkv.weight:lr_mult=0.1
09/30 21:12:23 - mmengine - INFO - paramwise_options -- backbone.stages.2.blocks.0.attn.w_msa.qkv.weight:decay_mult=1.0
09/30 21:12:23 - mmengine - INFO - paramwise_options -- backbone.stages.2.blocks.0.attn.w_msa.qkv.bias:lr=1e-05
09/30 21:12:23 - mmengine - INFO - paramwise_options -- backbone.stages.2.blocks.0.attn.w_msa.qkv.bias:weight_decay=0.05
09/30 21:12:23 - mmengine - INFO - paramwise_options -- backbone.stages.2.blocks.0.attn.w_msa.qkv.bias:lr_mult=0.1
09/30 21:12:23 - mmengine - INFO - paramwise_options -- backbone.stages.2.blocks.0.attn.w_msa.qkv.bias:decay_mult=1.0
09/30 21:12:23 - mmengine - INFO - paramwise_options -- backbone.stages.2.blocks.0.attn.w_msa.proj.weight:lr=1e-05
09/30 21:12:23 - mmengine - INFO - paramwise_options -- backbone.stages.2.blocks.0.attn.w_msa.proj.weight:weight_decay=0.05
09/30 21:12:23 - mmengine - INFO - paramwise_options -- backbone.stages.2.blocks.0.attn.w_msa.proj.weight:lr_mult=0.1
09/30 21:12:23 - mmengine - INFO - paramwise_options -- backbone.stages.2.blocks.0.attn.w_msa.proj.weight:decay_mult=1.0
09/30 21:12:23 - mmengine - INFO - paramwise_options -- backbone.stages.2.blocks.0.attn.w_msa.proj.bias:lr=1e-05
09/30 21:12:23 - mmengine - INFO - paramwise_options -- backbone.stages.2.blocks.0.attn.w_msa.proj.bias:weight_decay=0.05
09/30 21:12:23 - mmengine - INFO - paramwise_options -- backbone.stages.2.blocks.0.attn.w_msa.proj.bias:lr_mult=0.1
09/30 21:12:23 - mmengine - INFO - paramwise_options -- backbone.stages.2.blocks.0.attn.w_msa.proj.bias:decay_mult=1.0
09/30 21:12:23 - mmengine - INFO - paramwise_options -- backbone.stages.2.blocks.0.norm2.weight:lr=1e-05
09/30 21:12:23 - mmengine - INFO - paramwise_options -- backbone.stages.2.blocks.0.norm2.weight:weight_decay=0.05
09/30 21:12:23 - mmengine - INFO - paramwise_options -- backbone.stages.2.blocks.0.norm2.weight:lr_mult=0.1
09/30 21:12:23 - mmengine - INFO - paramwise_options -- backbone.stages.2.blocks.0.norm2.weight:decay_mult=1.0
09/30 21:12:23 - mmengine - INFO - paramwise_options -- backbone.stages.2.blocks.0.norm2.bias:lr=1e-05
09/30 21:12:23 - mmengine - INFO - paramwise_options -- backbone.stages.2.blocks.0.norm2.bias:weight_decay=0.05
09/30 21:12:23 - mmengine - INFO - paramwise_options -- backbone.stages.2.blocks.0.norm2.bias:lr_mult=0.1
09/30 21:12:23 - mmengine - INFO - paramwise_options -- backbone.stages.2.blocks.0.norm2.bias:decay_mult=1.0
09/30 21:12:23 - mmengine - INFO - paramwise_options -- backbone.stages.2.blocks.0.ffn.layers.0.0.weight:lr=1e-05
09/30 21:12:23 - mmengine - INFO - paramwise_options -- backbone.stages.2.blocks.0.ffn.layers.0.0.weight:weight_decay=0.05
09/30 21:12:23 - mmengine - INFO - paramwise_options -- backbone.stages.2.blocks.0.ffn.layers.0.0.weight:lr_mult=0.1
09/30 21:12:23 - mmengine - INFO - paramwise_options -- backbone.stages.2.blocks.0.ffn.layers.0.0.weight:decay_mult=1.0
09/30 21:12:23 - mmengine - INFO - paramwise_options -- backbone.stages.2.blocks.0.ffn.layers.0.0.bias:lr=1e-05
09/30 21:12:23 - mmengine - INFO - paramwise_options -- backbone.stages.2.blocks.0.ffn.layers.0.0.bias:weight_decay=0.05
09/30 21:12:23 - mmengine - INFO - paramwise_options -- backbone.stages.2.blocks.0.ffn.layers.0.0.bias:lr_mult=0.1
09/30 21:12:23 - mmengine - INFO - paramwise_options -- backbone.stages.2.blocks.0.ffn.layers.0.0.bias:decay_mult=1.0
09/30 21:12:23 - mmengine - INFO - paramwise_options -- backbone.stages.2.blocks.0.ffn.layers.1.weight:lr=1e-05
09/30 21:12:23 - mmengine - INFO - paramwise_options -- backbone.stages.2.blocks.0.ffn.layers.1.weight:weight_decay=0.05
09/30 21:12:23 - mmengine - INFO - paramwise_options -- backbone.stages.2.blocks.0.ffn.layers.1.weight:lr_mult=0.1
09/30 21:12:23 - mmengine - INFO - paramwise_options -- backbone.stages.2.blocks.0.ffn.layers.1.weight:decay_mult=1.0
09/30 21:12:23 - mmengine - INFO - paramwise_options -- backbone.stages.2.blocks.0.ffn.layers.1.bias:lr=1e-05
09/30 21:12:23 - mmengine - INFO - paramwise_options -- backbone.stages.2.blocks.0.ffn.layers.1.bias:weight_decay=0.05
09/30 21:12:23 - mmengine - INFO - paramwise_options -- backbone.stages.2.blocks.0.ffn.layers.1.bias:lr_mult=0.1
09/30 21:12:23 - mmengine - INFO - paramwise_options -- backbone.stages.2.blocks.0.ffn.layers.1.bias:decay_mult=1.0
09/30 21:12:23 - mmengine - INFO - paramwise_options -- backbone.stages.2.blocks.1.norm1.weight:lr=1e-05
09/30 21:12:23 - mmengine - INFO - paramwise_options -- backbone.stages.2.blocks.1.norm1.weight:weight_decay=0.05
09/30 21:12:23 - mmengine - INFO - paramwise_options -- backbone.stages.2.blocks.1.norm1.weight:lr_mult=0.1
09/30 21:12:23 - mmengine - INFO - paramwise_options -- backbone.stages.2.blocks.1.norm1.weight:decay_mult=1.0
09/30 21:12:23 - mmengine - INFO - paramwise_options -- backbone.stages.2.blocks.1.norm1.bias:lr=1e-05
09/30 21:12:23 - mmengine - INFO - paramwise_options -- backbone.stages.2.blocks.1.norm1.bias:weight_decay=0.05
09/30 21:12:23 - mmengine - INFO - paramwise_options -- backbone.stages.2.blocks.1.norm1.bias:lr_mult=0.1
09/30 21:12:23 - mmengine - INFO - paramwise_options -- backbone.stages.2.blocks.1.norm1.bias:decay_mult=1.0
09/30 21:12:23 - mmengine - INFO - paramwise_options -- backbone.stages.2.blocks.1.attn.w_msa.relative_position_bias_table:lr=0.0001
09/30 21:12:23 - mmengine - INFO - paramwise_options -- backbone.stages.2.blocks.1.attn.w_msa.relative_position_bias_table:weight_decay=0.0
09/30 21:12:23 - mmengine - INFO - paramwise_options -- backbone.stages.2.blocks.1.attn.w_msa.relative_position_bias_table:decay_mult=0.0
09/30 21:12:23 - mmengine - INFO - paramwise_options -- backbone.stages.2.blocks.1.attn.w_msa.qkv.weight:lr=1e-05
09/30 21:12:23 - mmengine - INFO - paramwise_options -- backbone.stages.2.blocks.1.attn.w_msa.qkv.weight:weight_decay=0.05
09/30 21:12:23 - mmengine - INFO - paramwise_options -- backbone.stages.2.blocks.1.attn.w_msa.qkv.weight:lr_mult=0.1
09/30 21:12:23 - mmengine - INFO - paramwise_options -- backbone.stages.2.blocks.1.attn.w_msa.qkv.weight:decay_mult=1.0
09/30 21:12:23 - mmengine - INFO - paramwise_options -- backbone.stages.2.blocks.1.attn.w_msa.qkv.bias:lr=1e-05
09/30 21:12:23 - mmengine - INFO - paramwise_options -- backbone.stages.2.blocks.1.attn.w_msa.qkv.bias:weight_decay=0.05
09/30 21:12:23 - mmengine - INFO - paramwise_options -- backbone.stages.2.blocks.1.attn.w_msa.qkv.bias:lr_mult=0.1
09/30 21:12:23 - mmengine - INFO - paramwise_options -- backbone.stages.2.blocks.1.attn.w_msa.qkv.bias:decay_mult=1.0
09/30 21:12:23 - mmengine - INFO - paramwise_options -- backbone.stages.2.blocks.1.attn.w_msa.proj.weight:lr=1e-05
09/30 21:12:23 - mmengine - INFO - paramwise_options -- backbone.stages.2.blocks.1.attn.w_msa.proj.weight:weight_decay=0.05
09/30 21:12:23 - mmengine - INFO - paramwise_options -- backbone.stages.2.blocks.1.attn.w_msa.proj.weight:lr_mult=0.1
09/30 21:12:23 - mmengine - INFO - paramwise_options -- backbone.stages.2.blocks.1.attn.w_msa.proj.weight:decay_mult=1.0
09/30 21:12:23 - mmengine - INFO - paramwise_options -- backbone.stages.2.blocks.1.attn.w_msa.proj.bias:lr=1e-05
09/30 21:12:23 - mmengine - INFO - paramwise_options -- backbone.stages.2.blocks.1.attn.w_msa.proj.bias:weight_decay=0.05
09/30 21:12:23 - mmengine - INFO - paramwise_options -- backbone.stages.2.blocks.1.attn.w_msa.proj.bias:lr_mult=0.1
09/30 21:12:23 - mmengine - INFO - paramwise_options -- backbone.stages.2.blocks.1.attn.w_msa.proj.bias:decay_mult=1.0
09/30 21:12:23 - mmengine - INFO - paramwise_options -- backbone.stages.2.blocks.1.norm2.weight:lr=1e-05
09/30 21:12:23 - mmengine - INFO - paramwise_options -- backbone.stages.2.blocks.1.norm2.weight:weight_decay=0.05
09/30 21:12:23 - mmengine - INFO - paramwise_options -- backbone.stages.2.blocks.1.norm2.weight:lr_mult=0.1
09/30 21:12:23 - mmengine - INFO - paramwise_options -- backbone.stages.2.blocks.1.norm2.weight:decay_mult=1.0
09/30 21:12:23 - mmengine - INFO - paramwise_options -- backbone.stages.2.blocks.1.norm2.bias:lr=1e-05
09/30 21:12:23 - mmengine - INFO - paramwise_options -- backbone.stages.2.blocks.1.norm2.bias:weight_decay=0.05
09/30 21:12:23 - mmengine - INFO - paramwise_options -- backbone.stages.2.blocks.1.norm2.bias:lr_mult=0.1
09/30 21:12:23 - mmengine - INFO - paramwise_options -- backbone.stages.2.blocks.1.norm2.bias:decay_mult=1.0
09/30 21:12:23 - mmengine - INFO - paramwise_options -- backbone.stages.2.blocks.1.ffn.layers.0.0.weight:lr=1e-05
09/30 21:12:23 - mmengine - INFO - paramwise_options -- backbone.stages.2.blocks.1.ffn.layers.0.0.weight:weight_decay=0.05
09/30 21:12:23 - mmengine - INFO - paramwise_options -- backbone.stages.2.blocks.1.ffn.layers.0.0.weight:lr_mult=0.1
09/30 21:12:23 - mmengine - INFO - paramwise_options -- backbone.stages.2.blocks.1.ffn.layers.0.0.weight:decay_mult=1.0
09/30 21:12:23 - mmengine - INFO - paramwise_options -- backbone.stages.2.blocks.1.ffn.layers.0.0.bias:lr=1e-05
09/30 21:12:23 - mmengine - INFO - paramwise_options -- backbone.stages.2.blocks.1.ffn.layers.0.0.bias:weight_decay=0.05
09/30 21:12:23 - mmengine - INFO - paramwise_options -- backbone.stages.2.blocks.1.ffn.layers.0.0.bias:lr_mult=0.1
09/30 21:12:23 - mmengine - INFO - paramwise_options -- backbone.stages.2.blocks.1.ffn.layers.0.0.bias:decay_mult=1.0
09/30 21:12:23 - mmengine - INFO - paramwise_options -- backbone.stages.2.blocks.1.ffn.layers.1.weight:lr=1e-05
09/30 21:12:23 - mmengine - INFO - paramwise_options -- backbone.stages.2.blocks.1.ffn.layers.1.weight:weight_decay=0.05
09/30 21:12:23 - mmengine - INFO - paramwise_options -- backbone.stages.2.blocks.1.ffn.layers.1.weight:lr_mult=0.1
09/30 21:12:23 - mmengine - INFO - paramwise_options -- backbone.stages.2.blocks.1.ffn.layers.1.weight:decay_mult=1.0
09/30 21:12:23 - mmengine - INFO - paramwise_options -- backbone.stages.2.blocks.1.ffn.layers.1.bias:lr=1e-05
09/30 21:12:23 - mmengine - INFO - paramwise_options -- backbone.stages.2.blocks.1.ffn.layers.1.bias:weight_decay=0.05
09/30 21:12:23 - mmengine - INFO - paramwise_options -- backbone.stages.2.blocks.1.ffn.layers.1.bias:lr_mult=0.1
09/30 21:12:23 - mmengine - INFO - paramwise_options -- backbone.stages.2.blocks.1.ffn.layers.1.bias:decay_mult=1.0
09/30 21:12:23 - mmengine - INFO - paramwise_options -- backbone.stages.2.blocks.2.norm1.weight:lr=1e-05
09/30 21:12:23 - mmengine - INFO - paramwise_options -- backbone.stages.2.blocks.2.norm1.weight:weight_decay=0.05
09/30 21:12:23 - mmengine - INFO - paramwise_options -- backbone.stages.2.blocks.2.norm1.weight:lr_mult=0.1
09/30 21:12:23 - mmengine - INFO - paramwise_options -- backbone.stages.2.blocks.2.norm1.weight:decay_mult=1.0
09/30 21:12:23 - mmengine - INFO - paramwise_options -- backbone.stages.2.blocks.2.norm1.bias:lr=1e-05
09/30 21:12:23 - mmengine - INFO - paramwise_options -- backbone.stages.2.blocks.2.norm1.bias:weight_decay=0.05
09/30 21:12:23 - mmengine - INFO - paramwise_options -- backbone.stages.2.blocks.2.norm1.bias:lr_mult=0.1
09/30 21:12:23 - mmengine - INFO - paramwise_options -- backbone.stages.2.blocks.2.norm1.bias:decay_mult=1.0
09/30 21:12:23 - mmengine - INFO - paramwise_options -- backbone.stages.2.blocks.2.attn.w_msa.relative_position_bias_table:lr=0.0001
09/30 21:12:23 - mmengine - INFO - paramwise_options -- backbone.stages.2.blocks.2.attn.w_msa.relative_position_bias_table:weight_decay=0.0
09/30 21:12:23 - mmengine - INFO - paramwise_options -- backbone.stages.2.blocks.2.attn.w_msa.relative_position_bias_table:decay_mult=0.0
09/30 21:12:23 - mmengine - INFO - paramwise_options -- backbone.stages.2.blocks.2.attn.w_msa.qkv.weight:lr=1e-05
09/30 21:12:23 - mmengine - INFO - paramwise_options -- backbone.stages.2.blocks.2.attn.w_msa.qkv.weight:weight_decay=0.05
09/30 21:12:23 - mmengine - INFO - paramwise_options -- backbone.stages.2.blocks.2.attn.w_msa.qkv.weight:lr_mult=0.1
09/30 21:12:23 - mmengine - INFO - paramwise_options -- backbone.stages.2.blocks.2.attn.w_msa.qkv.weight:decay_mult=1.0
09/30 21:12:23 - mmengine - INFO - paramwise_options -- backbone.stages.2.blocks.2.attn.w_msa.qkv.bias:lr=1e-05
09/30 21:12:23 - mmengine - INFO - paramwise_options -- backbone.stages.2.blocks.2.attn.w_msa.qkv.bias:weight_decay=0.05
09/30 21:12:23 - mmengine - INFO - paramwise_options -- backbone.stages.2.blocks.2.attn.w_msa.qkv.bias:lr_mult=0.1
09/30 21:12:23 - mmengine - INFO - paramwise_options -- backbone.stages.2.blocks.2.attn.w_msa.qkv.bias:decay_mult=1.0
09/30 21:12:23 - mmengine - INFO - paramwise_options -- backbone.stages.2.blocks.2.attn.w_msa.proj.weight:lr=1e-05
09/30 21:12:23 - mmengine - INFO - paramwise_options -- backbone.stages.2.blocks.2.attn.w_msa.proj.weight:weight_decay=0.05
09/30 21:12:23 - mmengine - INFO - paramwise_options -- backbone.stages.2.blocks.2.attn.w_msa.proj.weight:lr_mult=0.1
09/30 21:12:23 - mmengine - INFO - paramwise_options -- backbone.stages.2.blocks.2.attn.w_msa.proj.weight:decay_mult=1.0
09/30 21:12:23 - mmengine - INFO - paramwise_options -- backbone.stages.2.blocks.2.attn.w_msa.proj.bias:lr=1e-05
09/30 21:12:23 - mmengine - INFO - paramwise_options -- backbone.stages.2.blocks.2.attn.w_msa.proj.bias:weight_decay=0.05
09/30 21:12:23 - mmengine - INFO - paramwise_options -- backbone.stages.2.blocks.2.attn.w_msa.proj.bias:lr_mult=0.1
09/30 21:12:23 - mmengine - INFO - paramwise_options -- backbone.stages.2.blocks.2.attn.w_msa.proj.bias:decay_mult=1.0
09/30 21:12:23 - mmengine - INFO - paramwise_options -- backbone.stages.2.blocks.2.norm2.weight:lr=1e-05
09/30 21:12:23 - mmengine - INFO - paramwise_options -- backbone.stages.2.blocks.2.norm2.weight:weight_decay=0.05
09/30 21:12:23 - mmengine - INFO - paramwise_options -- backbone.stages.2.blocks.2.norm2.weight:lr_mult=0.1
09/30 21:12:23 - mmengine - INFO - paramwise_options -- backbone.stages.2.blocks.2.norm2.weight:decay_mult=1.0
09/30 21:12:23 - mmengine - INFO - paramwise_options -- backbone.stages.2.blocks.2.norm2.bias:lr=1e-05
09/30 21:12:23 - mmengine - INFO - paramwise_options -- backbone.stages.2.blocks.2.norm2.bias:weight_decay=0.05
09/30 21:12:23 - mmengine - INFO - paramwise_options -- backbone.stages.2.blocks.2.norm2.bias:lr_mult=0.1
09/30 21:12:23 - mmengine - INFO - paramwise_options -- backbone.stages.2.blocks.2.norm2.bias:decay_mult=1.0
09/30 21:12:23 - mmengine - INFO - paramwise_options -- backbone.stages.2.blocks.2.ffn.layers.0.0.weight:lr=1e-05
09/30 21:12:23 - mmengine - INFO - paramwise_options -- backbone.stages.2.blocks.2.ffn.layers.0.0.weight:weight_decay=0.05
09/30 21:12:23 - mmengine - INFO - paramwise_options -- backbone.stages.2.blocks.2.ffn.layers.0.0.weight:lr_mult=0.1
09/30 21:12:23 - mmengine - INFO - paramwise_options -- backbone.stages.2.blocks.2.ffn.layers.0.0.weight:decay_mult=1.0
09/30 21:12:23 - mmengine - INFO - paramwise_options -- backbone.stages.2.blocks.2.ffn.layers.0.0.bias:lr=1e-05
09/30 21:12:23 - mmengine - INFO - paramwise_options -- backbone.stages.2.blocks.2.ffn.layers.0.0.bias:weight_decay=0.05
09/30 21:12:23 - mmengine - INFO - paramwise_options -- backbone.stages.2.blocks.2.ffn.layers.0.0.bias:lr_mult=0.1
09/30 21:12:23 - mmengine - INFO - paramwise_options -- backbone.stages.2.blocks.2.ffn.layers.0.0.bias:decay_mult=1.0
09/30 21:12:23 - mmengine - INFO - paramwise_options -- backbone.stages.2.blocks.2.ffn.layers.1.weight:lr=1e-05
09/30 21:12:23 - mmengine - INFO - paramwise_options -- backbone.stages.2.blocks.2.ffn.layers.1.weight:weight_decay=0.05
09/30 21:12:23 - mmengine - INFO - paramwise_options -- backbone.stages.2.blocks.2.ffn.layers.1.weight:lr_mult=0.1
09/30 21:12:23 - mmengine - INFO - paramwise_options -- backbone.stages.2.blocks.2.ffn.layers.1.weight:decay_mult=1.0
09/30 21:12:23 - mmengine - INFO - paramwise_options -- backbone.stages.2.blocks.2.ffn.layers.1.bias:lr=1e-05
09/30 21:12:23 - mmengine - INFO - paramwise_options -- backbone.stages.2.blocks.2.ffn.layers.1.bias:weight_decay=0.05
09/30 21:12:23 - mmengine - INFO - paramwise_options -- backbone.stages.2.blocks.2.ffn.layers.1.bias:lr_mult=0.1
09/30 21:12:23 - mmengine - INFO - paramwise_options -- backbone.stages.2.blocks.2.ffn.layers.1.bias:decay_mult=1.0
09/30 21:12:23 - mmengine - INFO - paramwise_options -- backbone.stages.2.blocks.3.norm1.weight:lr=1e-05
09/30 21:12:23 - mmengine - INFO - paramwise_options -- backbone.stages.2.blocks.3.norm1.weight:weight_decay=0.05
09/30 21:12:23 - mmengine - INFO - paramwise_options -- backbone.stages.2.blocks.3.norm1.weight:lr_mult=0.1
09/30 21:12:23 - mmengine - INFO - paramwise_options -- backbone.stages.2.blocks.3.norm1.weight:decay_mult=1.0
09/30 21:12:23 - mmengine - INFO - paramwise_options -- backbone.stages.2.blocks.3.norm1.bias:lr=1e-05
09/30 21:12:23 - mmengine - INFO - paramwise_options -- backbone.stages.2.blocks.3.norm1.bias:weight_decay=0.05
09/30 21:12:23 - mmengine - INFO - paramwise_options -- backbone.stages.2.blocks.3.norm1.bias:lr_mult=0.1
09/30 21:12:23 - mmengine - INFO - paramwise_options -- backbone.stages.2.blocks.3.norm1.bias:decay_mult=1.0
09/30 21:12:23 - mmengine - INFO - paramwise_options -- backbone.stages.2.blocks.3.attn.w_msa.relative_position_bias_table:lr=0.0001
09/30 21:12:23 - mmengine - INFO - paramwise_options -- backbone.stages.2.blocks.3.attn.w_msa.relative_position_bias_table:weight_decay=0.0
09/30 21:12:23 - mmengine - INFO - paramwise_options -- backbone.stages.2.blocks.3.attn.w_msa.relative_position_bias_table:decay_mult=0.0
09/30 21:12:23 - mmengine - INFO - paramwise_options -- backbone.stages.2.blocks.3.attn.w_msa.qkv.weight:lr=1e-05
09/30 21:12:23 - mmengine - INFO - paramwise_options -- backbone.stages.2.blocks.3.attn.w_msa.qkv.weight:weight_decay=0.05
09/30 21:12:23 - mmengine - INFO - paramwise_options -- backbone.stages.2.blocks.3.attn.w_msa.qkv.weight:lr_mult=0.1
09/30 21:12:23 - mmengine - INFO - paramwise_options -- backbone.stages.2.blocks.3.attn.w_msa.qkv.weight:decay_mult=1.0
09/30 21:12:23 - mmengine - INFO - paramwise_options -- backbone.stages.2.blocks.3.attn.w_msa.qkv.bias:lr=1e-05
09/30 21:12:23 - mmengine - INFO - paramwise_options -- backbone.stages.2.blocks.3.attn.w_msa.qkv.bias:weight_decay=0.05
09/30 21:12:23 - mmengine - INFO - paramwise_options -- backbone.stages.2.blocks.3.attn.w_msa.qkv.bias:lr_mult=0.1
09/30 21:12:23 - mmengine - INFO - paramwise_options -- backbone.stages.2.blocks.3.attn.w_msa.qkv.bias:decay_mult=1.0
09/30 21:12:23 - mmengine - INFO - paramwise_options -- backbone.stages.2.blocks.3.attn.w_msa.proj.weight:lr=1e-05
09/30 21:12:23 - mmengine - INFO - paramwise_options -- backbone.stages.2.blocks.3.attn.w_msa.proj.weight:weight_decay=0.05
09/30 21:12:23 - mmengine - INFO - paramwise_options -- backbone.stages.2.blocks.3.attn.w_msa.proj.weight:lr_mult=0.1
09/30 21:12:23 - mmengine - INFO - paramwise_options -- backbone.stages.2.blocks.3.attn.w_msa.proj.weight:decay_mult=1.0
09/30 21:12:23 - mmengine - INFO - paramwise_options -- backbone.stages.2.blocks.3.attn.w_msa.proj.bias:lr=1e-05
09/30 21:12:23 - mmengine - INFO - paramwise_options -- backbone.stages.2.blocks.3.attn.w_msa.proj.bias:weight_decay=0.05
09/30 21:12:23 - mmengine - INFO - paramwise_options -- backbone.stages.2.blocks.3.attn.w_msa.proj.bias:lr_mult=0.1
09/30 21:12:23 - mmengine - INFO - paramwise_options -- backbone.stages.2.blocks.3.attn.w_msa.proj.bias:decay_mult=1.0
09/30 21:12:23 - mmengine - INFO - paramwise_options -- backbone.stages.2.blocks.3.norm2.weight:lr=1e-05
09/30 21:12:23 - mmengine - INFO - paramwise_options -- backbone.stages.2.blocks.3.norm2.weight:weight_decay=0.05
09/30 21:12:23 - mmengine - INFO - paramwise_options -- backbone.stages.2.blocks.3.norm2.weight:lr_mult=0.1
09/30 21:12:23 - mmengine - INFO - paramwise_options -- backbone.stages.2.blocks.3.norm2.weight:decay_mult=1.0
09/30 21:12:23 - mmengine - INFO - paramwise_options -- backbone.stages.2.blocks.3.norm2.bias:lr=1e-05
09/30 21:12:23 - mmengine - INFO - paramwise_options -- backbone.stages.2.blocks.3.norm2.bias:weight_decay=0.05
09/30 21:12:23 - mmengine - INFO - paramwise_options -- backbone.stages.2.blocks.3.norm2.bias:lr_mult=0.1
09/30 21:12:23 - mmengine - INFO - paramwise_options -- backbone.stages.2.blocks.3.norm2.bias:decay_mult=1.0
09/30 21:12:23 - mmengine - INFO - paramwise_options -- backbone.stages.2.blocks.3.ffn.layers.0.0.weight:lr=1e-05
09/30 21:12:23 - mmengine - INFO - paramwise_options -- backbone.stages.2.blocks.3.ffn.layers.0.0.weight:weight_decay=0.05
09/30 21:12:23 - mmengine - INFO - paramwise_options -- backbone.stages.2.blocks.3.ffn.layers.0.0.weight:lr_mult=0.1
09/30 21:12:23 - mmengine - INFO - paramwise_options -- backbone.stages.2.blocks.3.ffn.layers.0.0.weight:decay_mult=1.0
09/30 21:12:23 - mmengine - INFO - paramwise_options -- backbone.stages.2.blocks.3.ffn.layers.0.0.bias:lr=1e-05
09/30 21:12:23 - mmengine - INFO - paramwise_options -- backbone.stages.2.blocks.3.ffn.layers.0.0.bias:weight_decay=0.05
09/30 21:12:23 - mmengine - INFO - paramwise_options -- backbone.stages.2.blocks.3.ffn.layers.0.0.bias:lr_mult=0.1
09/30 21:12:23 - mmengine - INFO - paramwise_options -- backbone.stages.2.blocks.3.ffn.layers.0.0.bias:decay_mult=1.0
09/30 21:12:23 - mmengine - INFO - paramwise_options -- backbone.stages.2.blocks.3.ffn.layers.1.weight:lr=1e-05
09/30 21:12:23 - mmengine - INFO - paramwise_options -- backbone.stages.2.blocks.3.ffn.layers.1.weight:weight_decay=0.05
09/30 21:12:23 - mmengine - INFO - paramwise_options -- backbone.stages.2.blocks.3.ffn.layers.1.weight:lr_mult=0.1
09/30 21:12:23 - mmengine - INFO - paramwise_options -- backbone.stages.2.blocks.3.ffn.layers.1.weight:decay_mult=1.0
09/30 21:12:23 - mmengine - INFO - paramwise_options -- backbone.stages.2.blocks.3.ffn.layers.1.bias:lr=1e-05
09/30 21:12:23 - mmengine - INFO - paramwise_options -- backbone.stages.2.blocks.3.ffn.layers.1.bias:weight_decay=0.05
09/30 21:12:23 - mmengine - INFO - paramwise_options -- backbone.stages.2.blocks.3.ffn.layers.1.bias:lr_mult=0.1
09/30 21:12:23 - mmengine - INFO - paramwise_options -- backbone.stages.2.blocks.3.ffn.layers.1.bias:decay_mult=1.0
09/30 21:12:23 - mmengine - INFO - paramwise_options -- backbone.stages.2.blocks.4.norm1.weight:lr=1e-05
09/30 21:12:23 - mmengine - INFO - paramwise_options -- backbone.stages.2.blocks.4.norm1.weight:weight_decay=0.05
09/30 21:12:23 - mmengine - INFO - paramwise_options -- backbone.stages.2.blocks.4.norm1.weight:lr_mult=0.1
09/30 21:12:23 - mmengine - INFO - paramwise_options -- backbone.stages.2.blocks.4.norm1.weight:decay_mult=1.0
09/30 21:12:23 - mmengine - INFO - paramwise_options -- backbone.stages.2.blocks.4.norm1.bias:lr=1e-05
09/30 21:12:23 - mmengine - INFO - paramwise_options -- backbone.stages.2.blocks.4.norm1.bias:weight_decay=0.05
09/30 21:12:23 - mmengine - INFO - paramwise_options -- backbone.stages.2.blocks.4.norm1.bias:lr_mult=0.1
09/30 21:12:23 - mmengine - INFO - paramwise_options -- backbone.stages.2.blocks.4.norm1.bias:decay_mult=1.0
09/30 21:12:23 - mmengine - INFO - paramwise_options -- backbone.stages.2.blocks.4.attn.w_msa.relative_position_bias_table:lr=0.0001
09/30 21:12:23 - mmengine - INFO - paramwise_options -- backbone.stages.2.blocks.4.attn.w_msa.relative_position_bias_table:weight_decay=0.0
09/30 21:12:23 - mmengine - INFO - paramwise_options -- backbone.stages.2.blocks.4.attn.w_msa.relative_position_bias_table:decay_mult=0.0
09/30 21:12:23 - mmengine - INFO - paramwise_options -- backbone.stages.2.blocks.4.attn.w_msa.qkv.weight:lr=1e-05
09/30 21:12:23 - mmengine - INFO - paramwise_options -- backbone.stages.2.blocks.4.attn.w_msa.qkv.weight:weight_decay=0.05
09/30 21:12:23 - mmengine - INFO - paramwise_options -- backbone.stages.2.blocks.4.attn.w_msa.qkv.weight:lr_mult=0.1
09/30 21:12:23 - mmengine - INFO - paramwise_options -- backbone.stages.2.blocks.4.attn.w_msa.qkv.weight:decay_mult=1.0
09/30 21:12:23 - mmengine - INFO - paramwise_options -- backbone.stages.2.blocks.4.attn.w_msa.qkv.bias:lr=1e-05
09/30 21:12:23 - mmengine - INFO - paramwise_options -- backbone.stages.2.blocks.4.attn.w_msa.qkv.bias:weight_decay=0.05
09/30 21:12:23 - mmengine - INFO - paramwise_options -- backbone.stages.2.blocks.4.attn.w_msa.qkv.bias:lr_mult=0.1
09/30 21:12:23 - mmengine - INFO - paramwise_options -- backbone.stages.2.blocks.4.attn.w_msa.qkv.bias:decay_mult=1.0
09/30 21:12:23 - mmengine - INFO - paramwise_options -- backbone.stages.2.blocks.4.attn.w_msa.proj.weight:lr=1e-05
09/30 21:12:23 - mmengine - INFO - paramwise_options -- backbone.stages.2.blocks.4.attn.w_msa.proj.weight:weight_decay=0.05
09/30 21:12:23 - mmengine - INFO - paramwise_options -- backbone.stages.2.blocks.4.attn.w_msa.proj.weight:lr_mult=0.1
09/30 21:12:23 - mmengine - INFO - paramwise_options -- backbone.stages.2.blocks.4.attn.w_msa.proj.weight:decay_mult=1.0
09/30 21:12:23 - mmengine - INFO - paramwise_options -- backbone.stages.2.blocks.4.attn.w_msa.proj.bias:lr=1e-05
09/30 21:12:23 - mmengine - INFO - paramwise_options -- backbone.stages.2.blocks.4.attn.w_msa.proj.bias:weight_decay=0.05
09/30 21:12:23 - mmengine - INFO - paramwise_options -- backbone.stages.2.blocks.4.attn.w_msa.proj.bias:lr_mult=0.1
09/30 21:12:23 - mmengine - INFO - paramwise_options -- backbone.stages.2.blocks.4.attn.w_msa.proj.bias:decay_mult=1.0
09/30 21:12:23 - mmengine - INFO - paramwise_options -- backbone.stages.2.blocks.4.norm2.weight:lr=1e-05
09/30 21:12:23 - mmengine - INFO - paramwise_options -- backbone.stages.2.blocks.4.norm2.weight:weight_decay=0.05
09/30 21:12:23 - mmengine - INFO - paramwise_options -- backbone.stages.2.blocks.4.norm2.weight:lr_mult=0.1
09/30 21:12:23 - mmengine - INFO - paramwise_options -- backbone.stages.2.blocks.4.norm2.weight:decay_mult=1.0
09/30 21:12:23 - mmengine - INFO - paramwise_options -- backbone.stages.2.blocks.4.norm2.bias:lr=1e-05
09/30 21:12:23 - mmengine - INFO - paramwise_options -- backbone.stages.2.blocks.4.norm2.bias:weight_decay=0.05
09/30 21:12:23 - mmengine - INFO - paramwise_options -- backbone.stages.2.blocks.4.norm2.bias:lr_mult=0.1
09/30 21:12:23 - mmengine - INFO - paramwise_options -- backbone.stages.2.blocks.4.norm2.bias:decay_mult=1.0
09/30 21:12:23 - mmengine - INFO - paramwise_options -- backbone.stages.2.blocks.4.ffn.layers.0.0.weight:lr=1e-05
09/30 21:12:23 - mmengine - INFO - paramwise_options -- backbone.stages.2.blocks.4.ffn.layers.0.0.weight:weight_decay=0.05
09/30 21:12:23 - mmengine - INFO - paramwise_options -- backbone.stages.2.blocks.4.ffn.layers.0.0.weight:lr_mult=0.1
09/30 21:12:23 - mmengine - INFO - paramwise_options -- backbone.stages.2.blocks.4.ffn.layers.0.0.weight:decay_mult=1.0
09/30 21:12:23 - mmengine - INFO - paramwise_options -- backbone.stages.2.blocks.4.ffn.layers.0.0.bias:lr=1e-05
09/30 21:12:23 - mmengine - INFO - paramwise_options -- backbone.stages.2.blocks.4.ffn.layers.0.0.bias:weight_decay=0.05
09/30 21:12:23 - mmengine - INFO - paramwise_options -- backbone.stages.2.blocks.4.ffn.layers.0.0.bias:lr_mult=0.1
09/30 21:12:23 - mmengine - INFO - paramwise_options -- backbone.stages.2.blocks.4.ffn.layers.0.0.bias:decay_mult=1.0
09/30 21:12:23 - mmengine - INFO - paramwise_options -- backbone.stages.2.blocks.4.ffn.layers.1.weight:lr=1e-05
09/30 21:12:23 - mmengine - INFO - paramwise_options -- backbone.stages.2.blocks.4.ffn.layers.1.weight:weight_decay=0.05
09/30 21:12:23 - mmengine - INFO - paramwise_options -- backbone.stages.2.blocks.4.ffn.layers.1.weight:lr_mult=0.1
09/30 21:12:23 - mmengine - INFO - paramwise_options -- backbone.stages.2.blocks.4.ffn.layers.1.weight:decay_mult=1.0
09/30 21:12:23 - mmengine - INFO - paramwise_options -- backbone.stages.2.blocks.4.ffn.layers.1.bias:lr=1e-05
09/30 21:12:23 - mmengine - INFO - paramwise_options -- backbone.stages.2.blocks.4.ffn.layers.1.bias:weight_decay=0.05
09/30 21:12:23 - mmengine - INFO - paramwise_options -- backbone.stages.2.blocks.4.ffn.layers.1.bias:lr_mult=0.1
09/30 21:12:23 - mmengine - INFO - paramwise_options -- backbone.stages.2.blocks.4.ffn.layers.1.bias:decay_mult=1.0
09/30 21:12:23 - mmengine - INFO - paramwise_options -- backbone.stages.2.blocks.5.norm1.weight:lr=1e-05
09/30 21:12:23 - mmengine - INFO - paramwise_options -- backbone.stages.2.blocks.5.norm1.weight:weight_decay=0.05
09/30 21:12:23 - mmengine - INFO - paramwise_options -- backbone.stages.2.blocks.5.norm1.weight:lr_mult=0.1
09/30 21:12:23 - mmengine - INFO - paramwise_options -- backbone.stages.2.blocks.5.norm1.weight:decay_mult=1.0
09/30 21:12:23 - mmengine - INFO - paramwise_options -- backbone.stages.2.blocks.5.norm1.bias:lr=1e-05
09/30 21:12:23 - mmengine - INFO - paramwise_options -- backbone.stages.2.blocks.5.norm1.bias:weight_decay=0.05
09/30 21:12:23 - mmengine - INFO - paramwise_options -- backbone.stages.2.blocks.5.norm1.bias:lr_mult=0.1
09/30 21:12:23 - mmengine - INFO - paramwise_options -- backbone.stages.2.blocks.5.norm1.bias:decay_mult=1.0
09/30 21:12:23 - mmengine - INFO - paramwise_options -- backbone.stages.2.blocks.5.attn.w_msa.relative_position_bias_table:lr=0.0001
09/30 21:12:23 - mmengine - INFO - paramwise_options -- backbone.stages.2.blocks.5.attn.w_msa.relative_position_bias_table:weight_decay=0.0
09/30 21:12:23 - mmengine - INFO - paramwise_options -- backbone.stages.2.blocks.5.attn.w_msa.relative_position_bias_table:decay_mult=0.0
09/30 21:12:23 - mmengine - INFO - paramwise_options -- backbone.stages.2.blocks.5.attn.w_msa.qkv.weight:lr=1e-05
09/30 21:12:23 - mmengine - INFO - paramwise_options -- backbone.stages.2.blocks.5.attn.w_msa.qkv.weight:weight_decay=0.05
09/30 21:12:23 - mmengine - INFO - paramwise_options -- backbone.stages.2.blocks.5.attn.w_msa.qkv.weight:lr_mult=0.1
09/30 21:12:23 - mmengine - INFO - paramwise_options -- backbone.stages.2.blocks.5.attn.w_msa.qkv.weight:decay_mult=1.0
09/30 21:12:23 - mmengine - INFO - paramwise_options -- backbone.stages.2.blocks.5.attn.w_msa.qkv.bias:lr=1e-05
09/30 21:12:23 - mmengine - INFO - paramwise_options -- backbone.stages.2.blocks.5.attn.w_msa.qkv.bias:weight_decay=0.05
09/30 21:12:23 - mmengine - INFO - paramwise_options -- backbone.stages.2.blocks.5.attn.w_msa.qkv.bias:lr_mult=0.1
09/30 21:12:23 - mmengine - INFO - paramwise_options -- backbone.stages.2.blocks.5.attn.w_msa.qkv.bias:decay_mult=1.0
09/30 21:12:23 - mmengine - INFO - paramwise_options -- backbone.stages.2.blocks.5.attn.w_msa.proj.weight:lr=1e-05
09/30 21:12:23 - mmengine - INFO - paramwise_options -- backbone.stages.2.blocks.5.attn.w_msa.proj.weight:weight_decay=0.05
09/30 21:12:23 - mmengine - INFO - paramwise_options -- backbone.stages.2.blocks.5.attn.w_msa.proj.weight:lr_mult=0.1
09/30 21:12:23 - mmengine - INFO - paramwise_options -- backbone.stages.2.blocks.5.attn.w_msa.proj.weight:decay_mult=1.0
09/30 21:12:23 - mmengine - INFO - paramwise_options -- backbone.stages.2.blocks.5.attn.w_msa.proj.bias:lr=1e-05
09/30 21:12:23 - mmengine - INFO - paramwise_options -- backbone.stages.2.blocks.5.attn.w_msa.proj.bias:weight_decay=0.05
09/30 21:12:23 - mmengine - INFO - paramwise_options -- backbone.stages.2.blocks.5.attn.w_msa.proj.bias:lr_mult=0.1
09/30 21:12:23 - mmengine - INFO - paramwise_options -- backbone.stages.2.blocks.5.attn.w_msa.proj.bias:decay_mult=1.0
09/30 21:12:23 - mmengine - INFO - paramwise_options -- backbone.stages.2.blocks.5.norm2.weight:lr=1e-05
09/30 21:12:23 - mmengine - INFO - paramwise_options -- backbone.stages.2.blocks.5.norm2.weight:weight_decay=0.05
09/30 21:12:23 - mmengine - INFO - paramwise_options -- backbone.stages.2.blocks.5.norm2.weight:lr_mult=0.1
09/30 21:12:23 - mmengine - INFO - paramwise_options -- backbone.stages.2.blocks.5.norm2.weight:decay_mult=1.0
09/30 21:12:23 - mmengine - INFO - paramwise_options -- backbone.stages.2.blocks.5.norm2.bias:lr=1e-05
09/30 21:12:23 - mmengine - INFO - paramwise_options -- backbone.stages.2.blocks.5.norm2.bias:weight_decay=0.05
09/30 21:12:23 - mmengine - INFO - paramwise_options -- backbone.stages.2.blocks.5.norm2.bias:lr_mult=0.1
09/30 21:12:23 - mmengine - INFO - paramwise_options -- backbone.stages.2.blocks.5.norm2.bias:decay_mult=1.0
09/30 21:12:23 - mmengine - INFO - paramwise_options -- backbone.stages.2.blocks.5.ffn.layers.0.0.weight:lr=1e-05
09/30 21:12:23 - mmengine - INFO - paramwise_options -- backbone.stages.2.blocks.5.ffn.layers.0.0.weight:weight_decay=0.05
09/30 21:12:23 - mmengine - INFO - paramwise_options -- backbone.stages.2.blocks.5.ffn.layers.0.0.weight:lr_mult=0.1
09/30 21:12:23 - mmengine - INFO - paramwise_options -- backbone.stages.2.blocks.5.ffn.layers.0.0.weight:decay_mult=1.0
09/30 21:12:23 - mmengine - INFO - paramwise_options -- backbone.stages.2.blocks.5.ffn.layers.0.0.bias:lr=1e-05
09/30 21:12:23 - mmengine - INFO - paramwise_options -- backbone.stages.2.blocks.5.ffn.layers.0.0.bias:weight_decay=0.05
09/30 21:12:23 - mmengine - INFO - paramwise_options -- backbone.stages.2.blocks.5.ffn.layers.0.0.bias:lr_mult=0.1
09/30 21:12:23 - mmengine - INFO - paramwise_options -- backbone.stages.2.blocks.5.ffn.layers.0.0.bias:decay_mult=1.0
09/30 21:12:23 - mmengine - INFO - paramwise_options -- backbone.stages.2.blocks.5.ffn.layers.1.weight:lr=1e-05
09/30 21:12:23 - mmengine - INFO - paramwise_options -- backbone.stages.2.blocks.5.ffn.layers.1.weight:weight_decay=0.05
09/30 21:12:23 - mmengine - INFO - paramwise_options -- backbone.stages.2.blocks.5.ffn.layers.1.weight:lr_mult=0.1
09/30 21:12:23 - mmengine - INFO - paramwise_options -- backbone.stages.2.blocks.5.ffn.layers.1.weight:decay_mult=1.0
09/30 21:12:23 - mmengine - INFO - paramwise_options -- backbone.stages.2.blocks.5.ffn.layers.1.bias:lr=1e-05
09/30 21:12:23 - mmengine - INFO - paramwise_options -- backbone.stages.2.blocks.5.ffn.layers.1.bias:weight_decay=0.05
09/30 21:12:23 - mmengine - INFO - paramwise_options -- backbone.stages.2.blocks.5.ffn.layers.1.bias:lr_mult=0.1
09/30 21:12:23 - mmengine - INFO - paramwise_options -- backbone.stages.2.blocks.5.ffn.layers.1.bias:decay_mult=1.0
09/30 21:12:23 - mmengine - INFO - paramwise_options -- backbone.stages.2.blocks.6.norm1.weight:lr=1e-05
09/30 21:12:23 - mmengine - INFO - paramwise_options -- backbone.stages.2.blocks.6.norm1.weight:weight_decay=0.05
09/30 21:12:23 - mmengine - INFO - paramwise_options -- backbone.stages.2.blocks.6.norm1.weight:lr_mult=0.1
09/30 21:12:23 - mmengine - INFO - paramwise_options -- backbone.stages.2.blocks.6.norm1.weight:decay_mult=1.0
09/30 21:12:23 - mmengine - INFO - paramwise_options -- backbone.stages.2.blocks.6.norm1.bias:lr=1e-05
09/30 21:12:23 - mmengine - INFO - paramwise_options -- backbone.stages.2.blocks.6.norm1.bias:weight_decay=0.05
09/30 21:12:23 - mmengine - INFO - paramwise_options -- backbone.stages.2.blocks.6.norm1.bias:lr_mult=0.1
09/30 21:12:23 - mmengine - INFO - paramwise_options -- backbone.stages.2.blocks.6.norm1.bias:decay_mult=1.0
09/30 21:12:23 - mmengine - INFO - paramwise_options -- backbone.stages.2.blocks.6.attn.w_msa.relative_position_bias_table:lr=0.0001
09/30 21:12:23 - mmengine - INFO - paramwise_options -- backbone.stages.2.blocks.6.attn.w_msa.relative_position_bias_table:weight_decay=0.0
09/30 21:12:23 - mmengine - INFO - paramwise_options -- backbone.stages.2.blocks.6.attn.w_msa.relative_position_bias_table:decay_mult=0.0
09/30 21:12:23 - mmengine - INFO - paramwise_options -- backbone.stages.2.blocks.6.attn.w_msa.qkv.weight:lr=1e-05
09/30 21:12:23 - mmengine - INFO - paramwise_options -- backbone.stages.2.blocks.6.attn.w_msa.qkv.weight:weight_decay=0.05
09/30 21:12:23 - mmengine - INFO - paramwise_options -- backbone.stages.2.blocks.6.attn.w_msa.qkv.weight:lr_mult=0.1
09/30 21:12:23 - mmengine - INFO - paramwise_options -- backbone.stages.2.blocks.6.attn.w_msa.qkv.weight:decay_mult=1.0
09/30 21:12:23 - mmengine - INFO - paramwise_options -- backbone.stages.2.blocks.6.attn.w_msa.qkv.bias:lr=1e-05
09/30 21:12:23 - mmengine - INFO - paramwise_options -- backbone.stages.2.blocks.6.attn.w_msa.qkv.bias:weight_decay=0.05
09/30 21:12:23 - mmengine - INFO - paramwise_options -- backbone.stages.2.blocks.6.attn.w_msa.qkv.bias:lr_mult=0.1
09/30 21:12:23 - mmengine - INFO - paramwise_options -- backbone.stages.2.blocks.6.attn.w_msa.qkv.bias:decay_mult=1.0
09/30 21:12:23 - mmengine - INFO - paramwise_options -- backbone.stages.2.blocks.6.attn.w_msa.proj.weight:lr=1e-05
09/30 21:12:23 - mmengine - INFO - paramwise_options -- backbone.stages.2.blocks.6.attn.w_msa.proj.weight:weight_decay=0.05
09/30 21:12:23 - mmengine - INFO - paramwise_options -- backbone.stages.2.blocks.6.attn.w_msa.proj.weight:lr_mult=0.1
09/30 21:12:23 - mmengine - INFO - paramwise_options -- backbone.stages.2.blocks.6.attn.w_msa.proj.weight:decay_mult=1.0
09/30 21:12:23 - mmengine - INFO - paramwise_options -- backbone.stages.2.blocks.6.attn.w_msa.proj.bias:lr=1e-05
09/30 21:12:23 - mmengine - INFO - paramwise_options -- backbone.stages.2.blocks.6.attn.w_msa.proj.bias:weight_decay=0.05
09/30 21:12:23 - mmengine - INFO - paramwise_options -- backbone.stages.2.blocks.6.attn.w_msa.proj.bias:lr_mult=0.1
09/30 21:12:23 - mmengine - INFO - paramwise_options -- backbone.stages.2.blocks.6.attn.w_msa.proj.bias:decay_mult=1.0
09/30 21:12:23 - mmengine - INFO - paramwise_options -- backbone.stages.2.blocks.6.norm2.weight:lr=1e-05
09/30 21:12:23 - mmengine - INFO - paramwise_options -- backbone.stages.2.blocks.6.norm2.weight:weight_decay=0.05
09/30 21:12:23 - mmengine - INFO - paramwise_options -- backbone.stages.2.blocks.6.norm2.weight:lr_mult=0.1
09/30 21:12:23 - mmengine - INFO - paramwise_options -- backbone.stages.2.blocks.6.norm2.weight:decay_mult=1.0
09/30 21:12:23 - mmengine - INFO - paramwise_options -- backbone.stages.2.blocks.6.norm2.bias:lr=1e-05
09/30 21:12:23 - mmengine - INFO - paramwise_options -- backbone.stages.2.blocks.6.norm2.bias:weight_decay=0.05
09/30 21:12:23 - mmengine - INFO - paramwise_options -- backbone.stages.2.blocks.6.norm2.bias:lr_mult=0.1
09/30 21:12:23 - mmengine - INFO - paramwise_options -- backbone.stages.2.blocks.6.norm2.bias:decay_mult=1.0
09/30 21:12:23 - mmengine - INFO - paramwise_options -- backbone.stages.2.blocks.6.ffn.layers.0.0.weight:lr=1e-05
09/30 21:12:23 - mmengine - INFO - paramwise_options -- backbone.stages.2.blocks.6.ffn.layers.0.0.weight:weight_decay=0.05
09/30 21:12:23 - mmengine - INFO - paramwise_options -- backbone.stages.2.blocks.6.ffn.layers.0.0.weight:lr_mult=0.1
09/30 21:12:23 - mmengine - INFO - paramwise_options -- backbone.stages.2.blocks.6.ffn.layers.0.0.weight:decay_mult=1.0
09/30 21:12:23 - mmengine - INFO - paramwise_options -- backbone.stages.2.blocks.6.ffn.layers.0.0.bias:lr=1e-05
09/30 21:12:23 - mmengine - INFO - paramwise_options -- backbone.stages.2.blocks.6.ffn.layers.0.0.bias:weight_decay=0.05
09/30 21:12:23 - mmengine - INFO - paramwise_options -- backbone.stages.2.blocks.6.ffn.layers.0.0.bias:lr_mult=0.1
09/30 21:12:23 - mmengine - INFO - paramwise_options -- backbone.stages.2.blocks.6.ffn.layers.0.0.bias:decay_mult=1.0
09/30 21:12:23 - mmengine - INFO - paramwise_options -- backbone.stages.2.blocks.6.ffn.layers.1.weight:lr=1e-05
09/30 21:12:23 - mmengine - INFO - paramwise_options -- backbone.stages.2.blocks.6.ffn.layers.1.weight:weight_decay=0.05
09/30 21:12:23 - mmengine - INFO - paramwise_options -- backbone.stages.2.blocks.6.ffn.layers.1.weight:lr_mult=0.1
09/30 21:12:23 - mmengine - INFO - paramwise_options -- backbone.stages.2.blocks.6.ffn.layers.1.weight:decay_mult=1.0
09/30 21:12:23 - mmengine - INFO - paramwise_options -- backbone.stages.2.blocks.6.ffn.layers.1.bias:lr=1e-05
09/30 21:12:23 - mmengine - INFO - paramwise_options -- backbone.stages.2.blocks.6.ffn.layers.1.bias:weight_decay=0.05
09/30 21:12:23 - mmengine - INFO - paramwise_options -- backbone.stages.2.blocks.6.ffn.layers.1.bias:lr_mult=0.1
09/30 21:12:23 - mmengine - INFO - paramwise_options -- backbone.stages.2.blocks.6.ffn.layers.1.bias:decay_mult=1.0
09/30 21:12:23 - mmengine - INFO - paramwise_options -- backbone.stages.2.blocks.7.norm1.weight:lr=1e-05
09/30 21:12:23 - mmengine - INFO - paramwise_options -- backbone.stages.2.blocks.7.norm1.weight:weight_decay=0.05
09/30 21:12:23 - mmengine - INFO - paramwise_options -- backbone.stages.2.blocks.7.norm1.weight:lr_mult=0.1
09/30 21:12:23 - mmengine - INFO - paramwise_options -- backbone.stages.2.blocks.7.norm1.weight:decay_mult=1.0
09/30 21:12:23 - mmengine - INFO - paramwise_options -- backbone.stages.2.blocks.7.norm1.bias:lr=1e-05
09/30 21:12:23 - mmengine - INFO - paramwise_options -- backbone.stages.2.blocks.7.norm1.bias:weight_decay=0.05
09/30 21:12:23 - mmengine - INFO - paramwise_options -- backbone.stages.2.blocks.7.norm1.bias:lr_mult=0.1
09/30 21:12:23 - mmengine - INFO - paramwise_options -- backbone.stages.2.blocks.7.norm1.bias:decay_mult=1.0
09/30 21:12:23 - mmengine - INFO - paramwise_options -- backbone.stages.2.blocks.7.attn.w_msa.relative_position_bias_table:lr=0.0001
09/30 21:12:23 - mmengine - INFO - paramwise_options -- backbone.stages.2.blocks.7.attn.w_msa.relative_position_bias_table:weight_decay=0.0
09/30 21:12:23 - mmengine - INFO - paramwise_options -- backbone.stages.2.blocks.7.attn.w_msa.relative_position_bias_table:decay_mult=0.0
09/30 21:12:23 - mmengine - INFO - paramwise_options -- backbone.stages.2.blocks.7.attn.w_msa.qkv.weight:lr=1e-05
09/30 21:12:23 - mmengine - INFO - paramwise_options -- backbone.stages.2.blocks.7.attn.w_msa.qkv.weight:weight_decay=0.05
09/30 21:12:23 - mmengine - INFO - paramwise_options -- backbone.stages.2.blocks.7.attn.w_msa.qkv.weight:lr_mult=0.1
09/30 21:12:23 - mmengine - INFO - paramwise_options -- backbone.stages.2.blocks.7.attn.w_msa.qkv.weight:decay_mult=1.0
09/30 21:12:23 - mmengine - INFO - paramwise_options -- backbone.stages.2.blocks.7.attn.w_msa.qkv.bias:lr=1e-05
09/30 21:12:23 - mmengine - INFO - paramwise_options -- backbone.stages.2.blocks.7.attn.w_msa.qkv.bias:weight_decay=0.05
09/30 21:12:23 - mmengine - INFO - paramwise_options -- backbone.stages.2.blocks.7.attn.w_msa.qkv.bias:lr_mult=0.1
09/30 21:12:23 - mmengine - INFO - paramwise_options -- backbone.stages.2.blocks.7.attn.w_msa.qkv.bias:decay_mult=1.0
09/30 21:12:23 - mmengine - INFO - paramwise_options -- backbone.stages.2.blocks.7.attn.w_msa.proj.weight:lr=1e-05
09/30 21:12:23 - mmengine - INFO - paramwise_options -- backbone.stages.2.blocks.7.attn.w_msa.proj.weight:weight_decay=0.05
09/30 21:12:23 - mmengine - INFO - paramwise_options -- backbone.stages.2.blocks.7.attn.w_msa.proj.weight:lr_mult=0.1
09/30 21:12:23 - mmengine - INFO - paramwise_options -- backbone.stages.2.blocks.7.attn.w_msa.proj.weight:decay_mult=1.0
09/30 21:12:23 - mmengine - INFO - paramwise_options -- backbone.stages.2.blocks.7.attn.w_msa.proj.bias:lr=1e-05
09/30 21:12:23 - mmengine - INFO - paramwise_options -- backbone.stages.2.blocks.7.attn.w_msa.proj.bias:weight_decay=0.05
09/30 21:12:23 - mmengine - INFO - paramwise_options -- backbone.stages.2.blocks.7.attn.w_msa.proj.bias:lr_mult=0.1
09/30 21:12:23 - mmengine - INFO - paramwise_options -- backbone.stages.2.blocks.7.attn.w_msa.proj.bias:decay_mult=1.0
09/30 21:12:23 - mmengine - INFO - paramwise_options -- backbone.stages.2.blocks.7.norm2.weight:lr=1e-05
09/30 21:12:23 - mmengine - INFO - paramwise_options -- backbone.stages.2.blocks.7.norm2.weight:weight_decay=0.05
09/30 21:12:23 - mmengine - INFO - paramwise_options -- backbone.stages.2.blocks.7.norm2.weight:lr_mult=0.1
09/30 21:12:23 - mmengine - INFO - paramwise_options -- backbone.stages.2.blocks.7.norm2.weight:decay_mult=1.0
09/30 21:12:23 - mmengine - INFO - paramwise_options -- backbone.stages.2.blocks.7.norm2.bias:lr=1e-05
09/30 21:12:23 - mmengine - INFO - paramwise_options -- backbone.stages.2.blocks.7.norm2.bias:weight_decay=0.05
09/30 21:12:23 - mmengine - INFO - paramwise_options -- backbone.stages.2.blocks.7.norm2.bias:lr_mult=0.1
09/30 21:12:23 - mmengine - INFO - paramwise_options -- backbone.stages.2.blocks.7.norm2.bias:decay_mult=1.0
09/30 21:12:23 - mmengine - INFO - paramwise_options -- backbone.stages.2.blocks.7.ffn.layers.0.0.weight:lr=1e-05
09/30 21:12:23 - mmengine - INFO - paramwise_options -- backbone.stages.2.blocks.7.ffn.layers.0.0.weight:weight_decay=0.05
09/30 21:12:23 - mmengine - INFO - paramwise_options -- backbone.stages.2.blocks.7.ffn.layers.0.0.weight:lr_mult=0.1
09/30 21:12:23 - mmengine - INFO - paramwise_options -- backbone.stages.2.blocks.7.ffn.layers.0.0.weight:decay_mult=1.0
09/30 21:12:23 - mmengine - INFO - paramwise_options -- backbone.stages.2.blocks.7.ffn.layers.0.0.bias:lr=1e-05
09/30 21:12:23 - mmengine - INFO - paramwise_options -- backbone.stages.2.blocks.7.ffn.layers.0.0.bias:weight_decay=0.05
09/30 21:12:23 - mmengine - INFO - paramwise_options -- backbone.stages.2.blocks.7.ffn.layers.0.0.bias:lr_mult=0.1
09/30 21:12:23 - mmengine - INFO - paramwise_options -- backbone.stages.2.blocks.7.ffn.layers.0.0.bias:decay_mult=1.0
09/30 21:12:23 - mmengine - INFO - paramwise_options -- backbone.stages.2.blocks.7.ffn.layers.1.weight:lr=1e-05
09/30 21:12:23 - mmengine - INFO - paramwise_options -- backbone.stages.2.blocks.7.ffn.layers.1.weight:weight_decay=0.05
09/30 21:12:23 - mmengine - INFO - paramwise_options -- backbone.stages.2.blocks.7.ffn.layers.1.weight:lr_mult=0.1
09/30 21:12:23 - mmengine - INFO - paramwise_options -- backbone.stages.2.blocks.7.ffn.layers.1.weight:decay_mult=1.0
09/30 21:12:23 - mmengine - INFO - paramwise_options -- backbone.stages.2.blocks.7.ffn.layers.1.bias:lr=1e-05
09/30 21:12:23 - mmengine - INFO - paramwise_options -- backbone.stages.2.blocks.7.ffn.layers.1.bias:weight_decay=0.05
09/30 21:12:23 - mmengine - INFO - paramwise_options -- backbone.stages.2.blocks.7.ffn.layers.1.bias:lr_mult=0.1
09/30 21:12:23 - mmengine - INFO - paramwise_options -- backbone.stages.2.blocks.7.ffn.layers.1.bias:decay_mult=1.0
09/30 21:12:23 - mmengine - INFO - paramwise_options -- backbone.stages.2.blocks.8.norm1.weight:lr=1e-05
09/30 21:12:23 - mmengine - INFO - paramwise_options -- backbone.stages.2.blocks.8.norm1.weight:weight_decay=0.05
09/30 21:12:23 - mmengine - INFO - paramwise_options -- backbone.stages.2.blocks.8.norm1.weight:lr_mult=0.1
09/30 21:12:23 - mmengine - INFO - paramwise_options -- backbone.stages.2.blocks.8.norm1.weight:decay_mult=1.0
09/30 21:12:23 - mmengine - INFO - paramwise_options -- backbone.stages.2.blocks.8.norm1.bias:lr=1e-05
09/30 21:12:23 - mmengine - INFO - paramwise_options -- backbone.stages.2.blocks.8.norm1.bias:weight_decay=0.05
09/30 21:12:23 - mmengine - INFO - paramwise_options -- backbone.stages.2.blocks.8.norm1.bias:lr_mult=0.1
09/30 21:12:23 - mmengine - INFO - paramwise_options -- backbone.stages.2.blocks.8.norm1.bias:decay_mult=1.0
09/30 21:12:23 - mmengine - INFO - paramwise_options -- backbone.stages.2.blocks.8.attn.w_msa.relative_position_bias_table:lr=0.0001
09/30 21:12:23 - mmengine - INFO - paramwise_options -- backbone.stages.2.blocks.8.attn.w_msa.relative_position_bias_table:weight_decay=0.0
09/30 21:12:23 - mmengine - INFO - paramwise_options -- backbone.stages.2.blocks.8.attn.w_msa.relative_position_bias_table:decay_mult=0.0
09/30 21:12:23 - mmengine - INFO - paramwise_options -- backbone.stages.2.blocks.8.attn.w_msa.qkv.weight:lr=1e-05
09/30 21:12:23 - mmengine - INFO - paramwise_options -- backbone.stages.2.blocks.8.attn.w_msa.qkv.weight:weight_decay=0.05
09/30 21:12:23 - mmengine - INFO - paramwise_options -- backbone.stages.2.blocks.8.attn.w_msa.qkv.weight:lr_mult=0.1
09/30 21:12:23 - mmengine - INFO - paramwise_options -- backbone.stages.2.blocks.8.attn.w_msa.qkv.weight:decay_mult=1.0
09/30 21:12:23 - mmengine - INFO - paramwise_options -- backbone.stages.2.blocks.8.attn.w_msa.qkv.bias:lr=1e-05
09/30 21:12:23 - mmengine - INFO - paramwise_options -- backbone.stages.2.blocks.8.attn.w_msa.qkv.bias:weight_decay=0.05
09/30 21:12:23 - mmengine - INFO - paramwise_options -- backbone.stages.2.blocks.8.attn.w_msa.qkv.bias:lr_mult=0.1
09/30 21:12:23 - mmengine - INFO - paramwise_options -- backbone.stages.2.blocks.8.attn.w_msa.qkv.bias:decay_mult=1.0
09/30 21:12:23 - mmengine - INFO - paramwise_options -- backbone.stages.2.blocks.8.attn.w_msa.proj.weight:lr=1e-05
09/30 21:12:23 - mmengine - INFO - paramwise_options -- backbone.stages.2.blocks.8.attn.w_msa.proj.weight:weight_decay=0.05
09/30 21:12:23 - mmengine - INFO - paramwise_options -- backbone.stages.2.blocks.8.attn.w_msa.proj.weight:lr_mult=0.1
09/30 21:12:23 - mmengine - INFO - paramwise_options -- backbone.stages.2.blocks.8.attn.w_msa.proj.weight:decay_mult=1.0
09/30 21:12:23 - mmengine - INFO - paramwise_options -- backbone.stages.2.blocks.8.attn.w_msa.proj.bias:lr=1e-05
09/30 21:12:23 - mmengine - INFO - paramwise_options -- backbone.stages.2.blocks.8.attn.w_msa.proj.bias:weight_decay=0.05
09/30 21:12:23 - mmengine - INFO - paramwise_options -- backbone.stages.2.blocks.8.attn.w_msa.proj.bias:lr_mult=0.1
09/30 21:12:23 - mmengine - INFO - paramwise_options -- backbone.stages.2.blocks.8.attn.w_msa.proj.bias:decay_mult=1.0
09/30 21:12:23 - mmengine - INFO - paramwise_options -- backbone.stages.2.blocks.8.norm2.weight:lr=1e-05
09/30 21:12:23 - mmengine - INFO - paramwise_options -- backbone.stages.2.blocks.8.norm2.weight:weight_decay=0.05
09/30 21:12:23 - mmengine - INFO - paramwise_options -- backbone.stages.2.blocks.8.norm2.weight:lr_mult=0.1
09/30 21:12:23 - mmengine - INFO - paramwise_options -- backbone.stages.2.blocks.8.norm2.weight:decay_mult=1.0
09/30 21:12:23 - mmengine - INFO - paramwise_options -- backbone.stages.2.blocks.8.norm2.bias:lr=1e-05
09/30 21:12:23 - mmengine - INFO - paramwise_options -- backbone.stages.2.blocks.8.norm2.bias:weight_decay=0.05
09/30 21:12:23 - mmengine - INFO - paramwise_options -- backbone.stages.2.blocks.8.norm2.bias:lr_mult=0.1
09/30 21:12:23 - mmengine - INFO - paramwise_options -- backbone.stages.2.blocks.8.norm2.bias:decay_mult=1.0
09/30 21:12:23 - mmengine - INFO - paramwise_options -- backbone.stages.2.blocks.8.ffn.layers.0.0.weight:lr=1e-05
09/30 21:12:23 - mmengine - INFO - paramwise_options -- backbone.stages.2.blocks.8.ffn.layers.0.0.weight:weight_decay=0.05
09/30 21:12:23 - mmengine - INFO - paramwise_options -- backbone.stages.2.blocks.8.ffn.layers.0.0.weight:lr_mult=0.1
09/30 21:12:23 - mmengine - INFO - paramwise_options -- backbone.stages.2.blocks.8.ffn.layers.0.0.weight:decay_mult=1.0
09/30 21:12:23 - mmengine - INFO - paramwise_options -- backbone.stages.2.blocks.8.ffn.layers.0.0.bias:lr=1e-05
09/30 21:12:23 - mmengine - INFO - paramwise_options -- backbone.stages.2.blocks.8.ffn.layers.0.0.bias:weight_decay=0.05
09/30 21:12:23 - mmengine - INFO - paramwise_options -- backbone.stages.2.blocks.8.ffn.layers.0.0.bias:lr_mult=0.1
09/30 21:12:23 - mmengine - INFO - paramwise_options -- backbone.stages.2.blocks.8.ffn.layers.0.0.bias:decay_mult=1.0
09/30 21:12:23 - mmengine - INFO - paramwise_options -- backbone.stages.2.blocks.8.ffn.layers.1.weight:lr=1e-05
09/30 21:12:23 - mmengine - INFO - paramwise_options -- backbone.stages.2.blocks.8.ffn.layers.1.weight:weight_decay=0.05
09/30 21:12:23 - mmengine - INFO - paramwise_options -- backbone.stages.2.blocks.8.ffn.layers.1.weight:lr_mult=0.1
09/30 21:12:23 - mmengine - INFO - paramwise_options -- backbone.stages.2.blocks.8.ffn.layers.1.weight:decay_mult=1.0
09/30 21:12:23 - mmengine - INFO - paramwise_options -- backbone.stages.2.blocks.8.ffn.layers.1.bias:lr=1e-05
09/30 21:12:23 - mmengine - INFO - paramwise_options -- backbone.stages.2.blocks.8.ffn.layers.1.bias:weight_decay=0.05
09/30 21:12:23 - mmengine - INFO - paramwise_options -- backbone.stages.2.blocks.8.ffn.layers.1.bias:lr_mult=0.1
09/30 21:12:23 - mmengine - INFO - paramwise_options -- backbone.stages.2.blocks.8.ffn.layers.1.bias:decay_mult=1.0
09/30 21:12:23 - mmengine - INFO - paramwise_options -- backbone.stages.2.blocks.9.norm1.weight:lr=1e-05
09/30 21:12:23 - mmengine - INFO - paramwise_options -- backbone.stages.2.blocks.9.norm1.weight:weight_decay=0.05
09/30 21:12:23 - mmengine - INFO - paramwise_options -- backbone.stages.2.blocks.9.norm1.weight:lr_mult=0.1
09/30 21:12:23 - mmengine - INFO - paramwise_options -- backbone.stages.2.blocks.9.norm1.weight:decay_mult=1.0
09/30 21:12:23 - mmengine - INFO - paramwise_options -- backbone.stages.2.blocks.9.norm1.bias:lr=1e-05
09/30 21:12:23 - mmengine - INFO - paramwise_options -- backbone.stages.2.blocks.9.norm1.bias:weight_decay=0.05
09/30 21:12:23 - mmengine - INFO - paramwise_options -- backbone.stages.2.blocks.9.norm1.bias:lr_mult=0.1
09/30 21:12:23 - mmengine - INFO - paramwise_options -- backbone.stages.2.blocks.9.norm1.bias:decay_mult=1.0
09/30 21:12:23 - mmengine - INFO - paramwise_options -- backbone.stages.2.blocks.9.attn.w_msa.relative_position_bias_table:lr=0.0001
09/30 21:12:23 - mmengine - INFO - paramwise_options -- backbone.stages.2.blocks.9.attn.w_msa.relative_position_bias_table:weight_decay=0.0
09/30 21:12:23 - mmengine - INFO - paramwise_options -- backbone.stages.2.blocks.9.attn.w_msa.relative_position_bias_table:decay_mult=0.0
09/30 21:12:23 - mmengine - INFO - paramwise_options -- backbone.stages.2.blocks.9.attn.w_msa.qkv.weight:lr=1e-05
09/30 21:12:23 - mmengine - INFO - paramwise_options -- backbone.stages.2.blocks.9.attn.w_msa.qkv.weight:weight_decay=0.05
09/30 21:12:23 - mmengine - INFO - paramwise_options -- backbone.stages.2.blocks.9.attn.w_msa.qkv.weight:lr_mult=0.1
09/30 21:12:23 - mmengine - INFO - paramwise_options -- backbone.stages.2.blocks.9.attn.w_msa.qkv.weight:decay_mult=1.0
09/30 21:12:23 - mmengine - INFO - paramwise_options -- backbone.stages.2.blocks.9.attn.w_msa.qkv.bias:lr=1e-05
09/30 21:12:23 - mmengine - INFO - paramwise_options -- backbone.stages.2.blocks.9.attn.w_msa.qkv.bias:weight_decay=0.05
09/30 21:12:23 - mmengine - INFO - paramwise_options -- backbone.stages.2.blocks.9.attn.w_msa.qkv.bias:lr_mult=0.1
09/30 21:12:23 - mmengine - INFO - paramwise_options -- backbone.stages.2.blocks.9.attn.w_msa.qkv.bias:decay_mult=1.0
09/30 21:12:23 - mmengine - INFO - paramwise_options -- backbone.stages.2.blocks.9.attn.w_msa.proj.weight:lr=1e-05
09/30 21:12:23 - mmengine - INFO - paramwise_options -- backbone.stages.2.blocks.9.attn.w_msa.proj.weight:weight_decay=0.05
09/30 21:12:23 - mmengine - INFO - paramwise_options -- backbone.stages.2.blocks.9.attn.w_msa.proj.weight:lr_mult=0.1
09/30 21:12:23 - mmengine - INFO - paramwise_options -- backbone.stages.2.blocks.9.attn.w_msa.proj.weight:decay_mult=1.0
09/30 21:12:23 - mmengine - INFO - paramwise_options -- backbone.stages.2.blocks.9.attn.w_msa.proj.bias:lr=1e-05
09/30 21:12:23 - mmengine - INFO - paramwise_options -- backbone.stages.2.blocks.9.attn.w_msa.proj.bias:weight_decay=0.05
09/30 21:12:23 - mmengine - INFO - paramwise_options -- backbone.stages.2.blocks.9.attn.w_msa.proj.bias:lr_mult=0.1
09/30 21:12:23 - mmengine - INFO - paramwise_options -- backbone.stages.2.blocks.9.attn.w_msa.proj.bias:decay_mult=1.0
09/30 21:12:23 - mmengine - INFO - paramwise_options -- backbone.stages.2.blocks.9.norm2.weight:lr=1e-05
09/30 21:12:23 - mmengine - INFO - paramwise_options -- backbone.stages.2.blocks.9.norm2.weight:weight_decay=0.05
09/30 21:12:23 - mmengine - INFO - paramwise_options -- backbone.stages.2.blocks.9.norm2.weight:lr_mult=0.1
09/30 21:12:23 - mmengine - INFO - paramwise_options -- backbone.stages.2.blocks.9.norm2.weight:decay_mult=1.0
09/30 21:12:23 - mmengine - INFO - paramwise_options -- backbone.stages.2.blocks.9.norm2.bias:lr=1e-05
09/30 21:12:23 - mmengine - INFO - paramwise_options -- backbone.stages.2.blocks.9.norm2.bias:weight_decay=0.05
09/30 21:12:23 - mmengine - INFO - paramwise_options -- backbone.stages.2.blocks.9.norm2.bias:lr_mult=0.1
09/30 21:12:23 - mmengine - INFO - paramwise_options -- backbone.stages.2.blocks.9.norm2.bias:decay_mult=1.0
09/30 21:12:23 - mmengine - INFO - paramwise_options -- backbone.stages.2.blocks.9.ffn.layers.0.0.weight:lr=1e-05
09/30 21:12:23 - mmengine - INFO - paramwise_options -- backbone.stages.2.blocks.9.ffn.layers.0.0.weight:weight_decay=0.05
09/30 21:12:23 - mmengine - INFO - paramwise_options -- backbone.stages.2.blocks.9.ffn.layers.0.0.weight:lr_mult=0.1
09/30 21:12:23 - mmengine - INFO - paramwise_options -- backbone.stages.2.blocks.9.ffn.layers.0.0.weight:decay_mult=1.0
09/30 21:12:23 - mmengine - INFO - paramwise_options -- backbone.stages.2.blocks.9.ffn.layers.0.0.bias:lr=1e-05
09/30 21:12:23 - mmengine - INFO - paramwise_options -- backbone.stages.2.blocks.9.ffn.layers.0.0.bias:weight_decay=0.05
09/30 21:12:23 - mmengine - INFO - paramwise_options -- backbone.stages.2.blocks.9.ffn.layers.0.0.bias:lr_mult=0.1
09/30 21:12:23 - mmengine - INFO - paramwise_options -- backbone.stages.2.blocks.9.ffn.layers.0.0.bias:decay_mult=1.0
09/30 21:12:23 - mmengine - INFO - paramwise_options -- backbone.stages.2.blocks.9.ffn.layers.1.weight:lr=1e-05
09/30 21:12:23 - mmengine - INFO - paramwise_options -- backbone.stages.2.blocks.9.ffn.layers.1.weight:weight_decay=0.05
09/30 21:12:23 - mmengine - INFO - paramwise_options -- backbone.stages.2.blocks.9.ffn.layers.1.weight:lr_mult=0.1
09/30 21:12:23 - mmengine - INFO - paramwise_options -- backbone.stages.2.blocks.9.ffn.layers.1.weight:decay_mult=1.0
09/30 21:12:23 - mmengine - INFO - paramwise_options -- backbone.stages.2.blocks.9.ffn.layers.1.bias:lr=1e-05
09/30 21:12:23 - mmengine - INFO - paramwise_options -- backbone.stages.2.blocks.9.ffn.layers.1.bias:weight_decay=0.05
09/30 21:12:23 - mmengine - INFO - paramwise_options -- backbone.stages.2.blocks.9.ffn.layers.1.bias:lr_mult=0.1
09/30 21:12:23 - mmengine - INFO - paramwise_options -- backbone.stages.2.blocks.9.ffn.layers.1.bias:decay_mult=1.0
09/30 21:12:23 - mmengine - INFO - paramwise_options -- backbone.stages.2.blocks.10.norm1.weight:lr=1e-05
09/30 21:12:23 - mmengine - INFO - paramwise_options -- backbone.stages.2.blocks.10.norm1.weight:weight_decay=0.05
09/30 21:12:23 - mmengine - INFO - paramwise_options -- backbone.stages.2.blocks.10.norm1.weight:lr_mult=0.1
09/30 21:12:23 - mmengine - INFO - paramwise_options -- backbone.stages.2.blocks.10.norm1.weight:decay_mult=1.0
09/30 21:12:23 - mmengine - INFO - paramwise_options -- backbone.stages.2.blocks.10.norm1.bias:lr=1e-05
09/30 21:12:23 - mmengine - INFO - paramwise_options -- backbone.stages.2.blocks.10.norm1.bias:weight_decay=0.05
09/30 21:12:23 - mmengine - INFO - paramwise_options -- backbone.stages.2.blocks.10.norm1.bias:lr_mult=0.1
09/30 21:12:23 - mmengine - INFO - paramwise_options -- backbone.stages.2.blocks.10.norm1.bias:decay_mult=1.0
09/30 21:12:23 - mmengine - INFO - paramwise_options -- backbone.stages.2.blocks.10.attn.w_msa.relative_position_bias_table:lr=0.0001
09/30 21:12:23 - mmengine - INFO - paramwise_options -- backbone.stages.2.blocks.10.attn.w_msa.relative_position_bias_table:weight_decay=0.0
09/30 21:12:23 - mmengine - INFO - paramwise_options -- backbone.stages.2.blocks.10.attn.w_msa.relative_position_bias_table:decay_mult=0.0
09/30 21:12:23 - mmengine - INFO - paramwise_options -- backbone.stages.2.blocks.10.attn.w_msa.qkv.weight:lr=1e-05
09/30 21:12:23 - mmengine - INFO - paramwise_options -- backbone.stages.2.blocks.10.attn.w_msa.qkv.weight:weight_decay=0.05
09/30 21:12:23 - mmengine - INFO - paramwise_options -- backbone.stages.2.blocks.10.attn.w_msa.qkv.weight:lr_mult=0.1
09/30 21:12:23 - mmengine - INFO - paramwise_options -- backbone.stages.2.blocks.10.attn.w_msa.qkv.weight:decay_mult=1.0
09/30 21:12:23 - mmengine - INFO - paramwise_options -- backbone.stages.2.blocks.10.attn.w_msa.qkv.bias:lr=1e-05
09/30 21:12:23 - mmengine - INFO - paramwise_options -- backbone.stages.2.blocks.10.attn.w_msa.qkv.bias:weight_decay=0.05
09/30 21:12:23 - mmengine - INFO - paramwise_options -- backbone.stages.2.blocks.10.attn.w_msa.qkv.bias:lr_mult=0.1
09/30 21:12:23 - mmengine - INFO - paramwise_options -- backbone.stages.2.blocks.10.attn.w_msa.qkv.bias:decay_mult=1.0
09/30 21:12:23 - mmengine - INFO - paramwise_options -- backbone.stages.2.blocks.10.attn.w_msa.proj.weight:lr=1e-05
09/30 21:12:23 - mmengine - INFO - paramwise_options -- backbone.stages.2.blocks.10.attn.w_msa.proj.weight:weight_decay=0.05
09/30 21:12:23 - mmengine - INFO - paramwise_options -- backbone.stages.2.blocks.10.attn.w_msa.proj.weight:lr_mult=0.1
09/30 21:12:23 - mmengine - INFO - paramwise_options -- backbone.stages.2.blocks.10.attn.w_msa.proj.weight:decay_mult=1.0
09/30 21:12:23 - mmengine - INFO - paramwise_options -- backbone.stages.2.blocks.10.attn.w_msa.proj.bias:lr=1e-05
09/30 21:12:23 - mmengine - INFO - paramwise_options -- backbone.stages.2.blocks.10.attn.w_msa.proj.bias:weight_decay=0.05
09/30 21:12:23 - mmengine - INFO - paramwise_options -- backbone.stages.2.blocks.10.attn.w_msa.proj.bias:lr_mult=0.1
09/30 21:12:23 - mmengine - INFO - paramwise_options -- backbone.stages.2.blocks.10.attn.w_msa.proj.bias:decay_mult=1.0
09/30 21:12:23 - mmengine - INFO - paramwise_options -- backbone.stages.2.blocks.10.norm2.weight:lr=1e-05
09/30 21:12:23 - mmengine - INFO - paramwise_options -- backbone.stages.2.blocks.10.norm2.weight:weight_decay=0.05
09/30 21:12:23 - mmengine - INFO - paramwise_options -- backbone.stages.2.blocks.10.norm2.weight:lr_mult=0.1
09/30 21:12:23 - mmengine - INFO - paramwise_options -- backbone.stages.2.blocks.10.norm2.weight:decay_mult=1.0
09/30 21:12:23 - mmengine - INFO - paramwise_options -- backbone.stages.2.blocks.10.norm2.bias:lr=1e-05
09/30 21:12:23 - mmengine - INFO - paramwise_options -- backbone.stages.2.blocks.10.norm2.bias:weight_decay=0.05
09/30 21:12:23 - mmengine - INFO - paramwise_options -- backbone.stages.2.blocks.10.norm2.bias:lr_mult=0.1
09/30 21:12:23 - mmengine - INFO - paramwise_options -- backbone.stages.2.blocks.10.norm2.bias:decay_mult=1.0
09/30 21:12:23 - mmengine - INFO - paramwise_options -- backbone.stages.2.blocks.10.ffn.layers.0.0.weight:lr=1e-05
09/30 21:12:23 - mmengine - INFO - paramwise_options -- backbone.stages.2.blocks.10.ffn.layers.0.0.weight:weight_decay=0.05
09/30 21:12:23 - mmengine - INFO - paramwise_options -- backbone.stages.2.blocks.10.ffn.layers.0.0.weight:lr_mult=0.1
09/30 21:12:23 - mmengine - INFO - paramwise_options -- backbone.stages.2.blocks.10.ffn.layers.0.0.weight:decay_mult=1.0
09/30 21:12:23 - mmengine - INFO - paramwise_options -- backbone.stages.2.blocks.10.ffn.layers.0.0.bias:lr=1e-05
09/30 21:12:23 - mmengine - INFO - paramwise_options -- backbone.stages.2.blocks.10.ffn.layers.0.0.bias:weight_decay=0.05
09/30 21:12:23 - mmengine - INFO - paramwise_options -- backbone.stages.2.blocks.10.ffn.layers.0.0.bias:lr_mult=0.1
09/30 21:12:23 - mmengine - INFO - paramwise_options -- backbone.stages.2.blocks.10.ffn.layers.0.0.bias:decay_mult=1.0
09/30 21:12:23 - mmengine - INFO - paramwise_options -- backbone.stages.2.blocks.10.ffn.layers.1.weight:lr=1e-05
09/30 21:12:23 - mmengine - INFO - paramwise_options -- backbone.stages.2.blocks.10.ffn.layers.1.weight:weight_decay=0.05
09/30 21:12:23 - mmengine - INFO - paramwise_options -- backbone.stages.2.blocks.10.ffn.layers.1.weight:lr_mult=0.1
09/30 21:12:23 - mmengine - INFO - paramwise_options -- backbone.stages.2.blocks.10.ffn.layers.1.weight:decay_mult=1.0
09/30 21:12:23 - mmengine - INFO - paramwise_options -- backbone.stages.2.blocks.10.ffn.layers.1.bias:lr=1e-05
09/30 21:12:23 - mmengine - INFO - paramwise_options -- backbone.stages.2.blocks.10.ffn.layers.1.bias:weight_decay=0.05
09/30 21:12:23 - mmengine - INFO - paramwise_options -- backbone.stages.2.blocks.10.ffn.layers.1.bias:lr_mult=0.1
09/30 21:12:23 - mmengine - INFO - paramwise_options -- backbone.stages.2.blocks.10.ffn.layers.1.bias:decay_mult=1.0
09/30 21:12:23 - mmengine - INFO - paramwise_options -- backbone.stages.2.blocks.11.norm1.weight:lr=1e-05
09/30 21:12:23 - mmengine - INFO - paramwise_options -- backbone.stages.2.blocks.11.norm1.weight:weight_decay=0.05
09/30 21:12:23 - mmengine - INFO - paramwise_options -- backbone.stages.2.blocks.11.norm1.weight:lr_mult=0.1
09/30 21:12:23 - mmengine - INFO - paramwise_options -- backbone.stages.2.blocks.11.norm1.weight:decay_mult=1.0
09/30 21:12:23 - mmengine - INFO - paramwise_options -- backbone.stages.2.blocks.11.norm1.bias:lr=1e-05
09/30 21:12:23 - mmengine - INFO - paramwise_options -- backbone.stages.2.blocks.11.norm1.bias:weight_decay=0.05
09/30 21:12:23 - mmengine - INFO - paramwise_options -- backbone.stages.2.blocks.11.norm1.bias:lr_mult=0.1
09/30 21:12:23 - mmengine - INFO - paramwise_options -- backbone.stages.2.blocks.11.norm1.bias:decay_mult=1.0
09/30 21:12:23 - mmengine - INFO - paramwise_options -- backbone.stages.2.blocks.11.attn.w_msa.relative_position_bias_table:lr=0.0001
09/30 21:12:23 - mmengine - INFO - paramwise_options -- backbone.stages.2.blocks.11.attn.w_msa.relative_position_bias_table:weight_decay=0.0
09/30 21:12:23 - mmengine - INFO - paramwise_options -- backbone.stages.2.blocks.11.attn.w_msa.relative_position_bias_table:decay_mult=0.0
09/30 21:12:23 - mmengine - INFO - paramwise_options -- backbone.stages.2.blocks.11.attn.w_msa.qkv.weight:lr=1e-05
09/30 21:12:23 - mmengine - INFO - paramwise_options -- backbone.stages.2.blocks.11.attn.w_msa.qkv.weight:weight_decay=0.05
09/30 21:12:23 - mmengine - INFO - paramwise_options -- backbone.stages.2.blocks.11.attn.w_msa.qkv.weight:lr_mult=0.1
09/30 21:12:23 - mmengine - INFO - paramwise_options -- backbone.stages.2.blocks.11.attn.w_msa.qkv.weight:decay_mult=1.0
09/30 21:12:23 - mmengine - INFO - paramwise_options -- backbone.stages.2.blocks.11.attn.w_msa.qkv.bias:lr=1e-05
09/30 21:12:23 - mmengine - INFO - paramwise_options -- backbone.stages.2.blocks.11.attn.w_msa.qkv.bias:weight_decay=0.05
09/30 21:12:23 - mmengine - INFO - paramwise_options -- backbone.stages.2.blocks.11.attn.w_msa.qkv.bias:lr_mult=0.1
09/30 21:12:23 - mmengine - INFO - paramwise_options -- backbone.stages.2.blocks.11.attn.w_msa.qkv.bias:decay_mult=1.0
09/30 21:12:23 - mmengine - INFO - paramwise_options -- backbone.stages.2.blocks.11.attn.w_msa.proj.weight:lr=1e-05
09/30 21:12:23 - mmengine - INFO - paramwise_options -- backbone.stages.2.blocks.11.attn.w_msa.proj.weight:weight_decay=0.05
09/30 21:12:23 - mmengine - INFO - paramwise_options -- backbone.stages.2.blocks.11.attn.w_msa.proj.weight:lr_mult=0.1
09/30 21:12:23 - mmengine - INFO - paramwise_options -- backbone.stages.2.blocks.11.attn.w_msa.proj.weight:decay_mult=1.0
09/30 21:12:23 - mmengine - INFO - paramwise_options -- backbone.stages.2.blocks.11.attn.w_msa.proj.bias:lr=1e-05
09/30 21:12:23 - mmengine - INFO - paramwise_options -- backbone.stages.2.blocks.11.attn.w_msa.proj.bias:weight_decay=0.05
09/30 21:12:23 - mmengine - INFO - paramwise_options -- backbone.stages.2.blocks.11.attn.w_msa.proj.bias:lr_mult=0.1
09/30 21:12:23 - mmengine - INFO - paramwise_options -- backbone.stages.2.blocks.11.attn.w_msa.proj.bias:decay_mult=1.0
09/30 21:12:23 - mmengine - INFO - paramwise_options -- backbone.stages.2.blocks.11.norm2.weight:lr=1e-05
09/30 21:12:23 - mmengine - INFO - paramwise_options -- backbone.stages.2.blocks.11.norm2.weight:weight_decay=0.05
09/30 21:12:23 - mmengine - INFO - paramwise_options -- backbone.stages.2.blocks.11.norm2.weight:lr_mult=0.1
09/30 21:12:23 - mmengine - INFO - paramwise_options -- backbone.stages.2.blocks.11.norm2.weight:decay_mult=1.0
09/30 21:12:23 - mmengine - INFO - paramwise_options -- backbone.stages.2.blocks.11.norm2.bias:lr=1e-05
09/30 21:12:23 - mmengine - INFO - paramwise_options -- backbone.stages.2.blocks.11.norm2.bias:weight_decay=0.05
09/30 21:12:23 - mmengine - INFO - paramwise_options -- backbone.stages.2.blocks.11.norm2.bias:lr_mult=0.1
09/30 21:12:23 - mmengine - INFO - paramwise_options -- backbone.stages.2.blocks.11.norm2.bias:decay_mult=1.0
09/30 21:12:23 - mmengine - INFO - paramwise_options -- backbone.stages.2.blocks.11.ffn.layers.0.0.weight:lr=1e-05
09/30 21:12:23 - mmengine - INFO - paramwise_options -- backbone.stages.2.blocks.11.ffn.layers.0.0.weight:weight_decay=0.05
09/30 21:12:23 - mmengine - INFO - paramwise_options -- backbone.stages.2.blocks.11.ffn.layers.0.0.weight:lr_mult=0.1
09/30 21:12:23 - mmengine - INFO - paramwise_options -- backbone.stages.2.blocks.11.ffn.layers.0.0.weight:decay_mult=1.0
09/30 21:12:23 - mmengine - INFO - paramwise_options -- backbone.stages.2.blocks.11.ffn.layers.0.0.bias:lr=1e-05
09/30 21:12:23 - mmengine - INFO - paramwise_options -- backbone.stages.2.blocks.11.ffn.layers.0.0.bias:weight_decay=0.05
09/30 21:12:23 - mmengine - INFO - paramwise_options -- backbone.stages.2.blocks.11.ffn.layers.0.0.bias:lr_mult=0.1
09/30 21:12:23 - mmengine - INFO - paramwise_options -- backbone.stages.2.blocks.11.ffn.layers.0.0.bias:decay_mult=1.0
09/30 21:12:23 - mmengine - INFO - paramwise_options -- backbone.stages.2.blocks.11.ffn.layers.1.weight:lr=1e-05
09/30 21:12:23 - mmengine - INFO - paramwise_options -- backbone.stages.2.blocks.11.ffn.layers.1.weight:weight_decay=0.05
09/30 21:12:23 - mmengine - INFO - paramwise_options -- backbone.stages.2.blocks.11.ffn.layers.1.weight:lr_mult=0.1
09/30 21:12:23 - mmengine - INFO - paramwise_options -- backbone.stages.2.blocks.11.ffn.layers.1.weight:decay_mult=1.0
09/30 21:12:23 - mmengine - INFO - paramwise_options -- backbone.stages.2.blocks.11.ffn.layers.1.bias:lr=1e-05
09/30 21:12:23 - mmengine - INFO - paramwise_options -- backbone.stages.2.blocks.11.ffn.layers.1.bias:weight_decay=0.05
09/30 21:12:23 - mmengine - INFO - paramwise_options -- backbone.stages.2.blocks.11.ffn.layers.1.bias:lr_mult=0.1
09/30 21:12:23 - mmengine - INFO - paramwise_options -- backbone.stages.2.blocks.11.ffn.layers.1.bias:decay_mult=1.0
09/30 21:12:23 - mmengine - INFO - paramwise_options -- backbone.stages.2.blocks.12.norm1.weight:lr=1e-05
09/30 21:12:23 - mmengine - INFO - paramwise_options -- backbone.stages.2.blocks.12.norm1.weight:weight_decay=0.05
09/30 21:12:23 - mmengine - INFO - paramwise_options -- backbone.stages.2.blocks.12.norm1.weight:lr_mult=0.1
09/30 21:12:23 - mmengine - INFO - paramwise_options -- backbone.stages.2.blocks.12.norm1.weight:decay_mult=1.0
09/30 21:12:23 - mmengine - INFO - paramwise_options -- backbone.stages.2.blocks.12.norm1.bias:lr=1e-05
09/30 21:12:23 - mmengine - INFO - paramwise_options -- backbone.stages.2.blocks.12.norm1.bias:weight_decay=0.05
09/30 21:12:23 - mmengine - INFO - paramwise_options -- backbone.stages.2.blocks.12.norm1.bias:lr_mult=0.1
09/30 21:12:23 - mmengine - INFO - paramwise_options -- backbone.stages.2.blocks.12.norm1.bias:decay_mult=1.0
09/30 21:12:23 - mmengine - INFO - paramwise_options -- backbone.stages.2.blocks.12.attn.w_msa.relative_position_bias_table:lr=0.0001
09/30 21:12:23 - mmengine - INFO - paramwise_options -- backbone.stages.2.blocks.12.attn.w_msa.relative_position_bias_table:weight_decay=0.0
09/30 21:12:23 - mmengine - INFO - paramwise_options -- backbone.stages.2.blocks.12.attn.w_msa.relative_position_bias_table:decay_mult=0.0
09/30 21:12:23 - mmengine - INFO - paramwise_options -- backbone.stages.2.blocks.12.attn.w_msa.qkv.weight:lr=1e-05
09/30 21:12:23 - mmengine - INFO - paramwise_options -- backbone.stages.2.blocks.12.attn.w_msa.qkv.weight:weight_decay=0.05
09/30 21:12:23 - mmengine - INFO - paramwise_options -- backbone.stages.2.blocks.12.attn.w_msa.qkv.weight:lr_mult=0.1
09/30 21:12:23 - mmengine - INFO - paramwise_options -- backbone.stages.2.blocks.12.attn.w_msa.qkv.weight:decay_mult=1.0
09/30 21:12:23 - mmengine - INFO - paramwise_options -- backbone.stages.2.blocks.12.attn.w_msa.qkv.bias:lr=1e-05
09/30 21:12:23 - mmengine - INFO - paramwise_options -- backbone.stages.2.blocks.12.attn.w_msa.qkv.bias:weight_decay=0.05
09/30 21:12:23 - mmengine - INFO - paramwise_options -- backbone.stages.2.blocks.12.attn.w_msa.qkv.bias:lr_mult=0.1
09/30 21:12:23 - mmengine - INFO - paramwise_options -- backbone.stages.2.blocks.12.attn.w_msa.qkv.bias:decay_mult=1.0
09/30 21:12:23 - mmengine - INFO - paramwise_options -- backbone.stages.2.blocks.12.attn.w_msa.proj.weight:lr=1e-05
09/30 21:12:23 - mmengine - INFO - paramwise_options -- backbone.stages.2.blocks.12.attn.w_msa.proj.weight:weight_decay=0.05
09/30 21:12:23 - mmengine - INFO - paramwise_options -- backbone.stages.2.blocks.12.attn.w_msa.proj.weight:lr_mult=0.1
09/30 21:12:23 - mmengine - INFO - paramwise_options -- backbone.stages.2.blocks.12.attn.w_msa.proj.weight:decay_mult=1.0
09/30 21:12:23 - mmengine - INFO - paramwise_options -- backbone.stages.2.blocks.12.attn.w_msa.proj.bias:lr=1e-05
09/30 21:12:23 - mmengine - INFO - paramwise_options -- backbone.stages.2.blocks.12.attn.w_msa.proj.bias:weight_decay=0.05
09/30 21:12:23 - mmengine - INFO - paramwise_options -- backbone.stages.2.blocks.12.attn.w_msa.proj.bias:lr_mult=0.1
09/30 21:12:23 - mmengine - INFO - paramwise_options -- backbone.stages.2.blocks.12.attn.w_msa.proj.bias:decay_mult=1.0
09/30 21:12:23 - mmengine - INFO - paramwise_options -- backbone.stages.2.blocks.12.norm2.weight:lr=1e-05
09/30 21:12:23 - mmengine - INFO - paramwise_options -- backbone.stages.2.blocks.12.norm2.weight:weight_decay=0.05
09/30 21:12:23 - mmengine - INFO - paramwise_options -- backbone.stages.2.blocks.12.norm2.weight:lr_mult=0.1
09/30 21:12:23 - mmengine - INFO - paramwise_options -- backbone.stages.2.blocks.12.norm2.weight:decay_mult=1.0
09/30 21:12:23 - mmengine - INFO - paramwise_options -- backbone.stages.2.blocks.12.norm2.bias:lr=1e-05
09/30 21:12:23 - mmengine - INFO - paramwise_options -- backbone.stages.2.blocks.12.norm2.bias:weight_decay=0.05
09/30 21:12:23 - mmengine - INFO - paramwise_options -- backbone.stages.2.blocks.12.norm2.bias:lr_mult=0.1
09/30 21:12:23 - mmengine - INFO - paramwise_options -- backbone.stages.2.blocks.12.norm2.bias:decay_mult=1.0
09/30 21:12:23 - mmengine - INFO - paramwise_options -- backbone.stages.2.blocks.12.ffn.layers.0.0.weight:lr=1e-05
09/30 21:12:23 - mmengine - INFO - paramwise_options -- backbone.stages.2.blocks.12.ffn.layers.0.0.weight:weight_decay=0.05
09/30 21:12:23 - mmengine - INFO - paramwise_options -- backbone.stages.2.blocks.12.ffn.layers.0.0.weight:lr_mult=0.1
09/30 21:12:23 - mmengine - INFO - paramwise_options -- backbone.stages.2.blocks.12.ffn.layers.0.0.weight:decay_mult=1.0
09/30 21:12:23 - mmengine - INFO - paramwise_options -- backbone.stages.2.blocks.12.ffn.layers.0.0.bias:lr=1e-05
09/30 21:12:23 - mmengine - INFO - paramwise_options -- backbone.stages.2.blocks.12.ffn.layers.0.0.bias:weight_decay=0.05
09/30 21:12:23 - mmengine - INFO - paramwise_options -- backbone.stages.2.blocks.12.ffn.layers.0.0.bias:lr_mult=0.1
09/30 21:12:23 - mmengine - INFO - paramwise_options -- backbone.stages.2.blocks.12.ffn.layers.0.0.bias:decay_mult=1.0
09/30 21:12:23 - mmengine - INFO - paramwise_options -- backbone.stages.2.blocks.12.ffn.layers.1.weight:lr=1e-05
09/30 21:12:23 - mmengine - INFO - paramwise_options -- backbone.stages.2.blocks.12.ffn.layers.1.weight:weight_decay=0.05
09/30 21:12:23 - mmengine - INFO - paramwise_options -- backbone.stages.2.blocks.12.ffn.layers.1.weight:lr_mult=0.1
09/30 21:12:23 - mmengine - INFO - paramwise_options -- backbone.stages.2.blocks.12.ffn.layers.1.weight:decay_mult=1.0
09/30 21:12:23 - mmengine - INFO - paramwise_options -- backbone.stages.2.blocks.12.ffn.layers.1.bias:lr=1e-05
09/30 21:12:23 - mmengine - INFO - paramwise_options -- backbone.stages.2.blocks.12.ffn.layers.1.bias:weight_decay=0.05
09/30 21:12:23 - mmengine - INFO - paramwise_options -- backbone.stages.2.blocks.12.ffn.layers.1.bias:lr_mult=0.1
09/30 21:12:23 - mmengine - INFO - paramwise_options -- backbone.stages.2.blocks.12.ffn.layers.1.bias:decay_mult=1.0
09/30 21:12:23 - mmengine - INFO - paramwise_options -- backbone.stages.2.blocks.13.norm1.weight:lr=1e-05
09/30 21:12:23 - mmengine - INFO - paramwise_options -- backbone.stages.2.blocks.13.norm1.weight:weight_decay=0.05
09/30 21:12:23 - mmengine - INFO - paramwise_options -- backbone.stages.2.blocks.13.norm1.weight:lr_mult=0.1
09/30 21:12:23 - mmengine - INFO - paramwise_options -- backbone.stages.2.blocks.13.norm1.weight:decay_mult=1.0
09/30 21:12:23 - mmengine - INFO - paramwise_options -- backbone.stages.2.blocks.13.norm1.bias:lr=1e-05
09/30 21:12:23 - mmengine - INFO - paramwise_options -- backbone.stages.2.blocks.13.norm1.bias:weight_decay=0.05
09/30 21:12:23 - mmengine - INFO - paramwise_options -- backbone.stages.2.blocks.13.norm1.bias:lr_mult=0.1
09/30 21:12:23 - mmengine - INFO - paramwise_options -- backbone.stages.2.blocks.13.norm1.bias:decay_mult=1.0
09/30 21:12:23 - mmengine - INFO - paramwise_options -- backbone.stages.2.blocks.13.attn.w_msa.relative_position_bias_table:lr=0.0001
09/30 21:12:23 - mmengine - INFO - paramwise_options -- backbone.stages.2.blocks.13.attn.w_msa.relative_position_bias_table:weight_decay=0.0
09/30 21:12:23 - mmengine - INFO - paramwise_options -- backbone.stages.2.blocks.13.attn.w_msa.relative_position_bias_table:decay_mult=0.0
09/30 21:12:23 - mmengine - INFO - paramwise_options -- backbone.stages.2.blocks.13.attn.w_msa.qkv.weight:lr=1e-05
09/30 21:12:23 - mmengine - INFO - paramwise_options -- backbone.stages.2.blocks.13.attn.w_msa.qkv.weight:weight_decay=0.05
09/30 21:12:23 - mmengine - INFO - paramwise_options -- backbone.stages.2.blocks.13.attn.w_msa.qkv.weight:lr_mult=0.1
09/30 21:12:23 - mmengine - INFO - paramwise_options -- backbone.stages.2.blocks.13.attn.w_msa.qkv.weight:decay_mult=1.0
09/30 21:12:23 - mmengine - INFO - paramwise_options -- backbone.stages.2.blocks.13.attn.w_msa.qkv.bias:lr=1e-05
09/30 21:12:23 - mmengine - INFO - paramwise_options -- backbone.stages.2.blocks.13.attn.w_msa.qkv.bias:weight_decay=0.05
09/30 21:12:23 - mmengine - INFO - paramwise_options -- backbone.stages.2.blocks.13.attn.w_msa.qkv.bias:lr_mult=0.1
09/30 21:12:23 - mmengine - INFO - paramwise_options -- backbone.stages.2.blocks.13.attn.w_msa.qkv.bias:decay_mult=1.0
09/30 21:12:23 - mmengine - INFO - paramwise_options -- backbone.stages.2.blocks.13.attn.w_msa.proj.weight:lr=1e-05
09/30 21:12:23 - mmengine - INFO - paramwise_options -- backbone.stages.2.blocks.13.attn.w_msa.proj.weight:weight_decay=0.05
09/30 21:12:23 - mmengine - INFO - paramwise_options -- backbone.stages.2.blocks.13.attn.w_msa.proj.weight:lr_mult=0.1
09/30 21:12:23 - mmengine - INFO - paramwise_options -- backbone.stages.2.blocks.13.attn.w_msa.proj.weight:decay_mult=1.0
09/30 21:12:23 - mmengine - INFO - paramwise_options -- backbone.stages.2.blocks.13.attn.w_msa.proj.bias:lr=1e-05
09/30 21:12:23 - mmengine - INFO - paramwise_options -- backbone.stages.2.blocks.13.attn.w_msa.proj.bias:weight_decay=0.05
09/30 21:12:23 - mmengine - INFO - paramwise_options -- backbone.stages.2.blocks.13.attn.w_msa.proj.bias:lr_mult=0.1
09/30 21:12:23 - mmengine - INFO - paramwise_options -- backbone.stages.2.blocks.13.attn.w_msa.proj.bias:decay_mult=1.0
09/30 21:12:23 - mmengine - INFO - paramwise_options -- backbone.stages.2.blocks.13.norm2.weight:lr=1e-05
09/30 21:12:23 - mmengine - INFO - paramwise_options -- backbone.stages.2.blocks.13.norm2.weight:weight_decay=0.05
09/30 21:12:23 - mmengine - INFO - paramwise_options -- backbone.stages.2.blocks.13.norm2.weight:lr_mult=0.1
09/30 21:12:23 - mmengine - INFO - paramwise_options -- backbone.stages.2.blocks.13.norm2.weight:decay_mult=1.0
09/30 21:12:23 - mmengine - INFO - paramwise_options -- backbone.stages.2.blocks.13.norm2.bias:lr=1e-05
09/30 21:12:23 - mmengine - INFO - paramwise_options -- backbone.stages.2.blocks.13.norm2.bias:weight_decay=0.05
09/30 21:12:23 - mmengine - INFO - paramwise_options -- backbone.stages.2.blocks.13.norm2.bias:lr_mult=0.1
09/30 21:12:23 - mmengine - INFO - paramwise_options -- backbone.stages.2.blocks.13.norm2.bias:decay_mult=1.0
09/30 21:12:23 - mmengine - INFO - paramwise_options -- backbone.stages.2.blocks.13.ffn.layers.0.0.weight:lr=1e-05
09/30 21:12:23 - mmengine - INFO - paramwise_options -- backbone.stages.2.blocks.13.ffn.layers.0.0.weight:weight_decay=0.05
09/30 21:12:23 - mmengine - INFO - paramwise_options -- backbone.stages.2.blocks.13.ffn.layers.0.0.weight:lr_mult=0.1
09/30 21:12:23 - mmengine - INFO - paramwise_options -- backbone.stages.2.blocks.13.ffn.layers.0.0.weight:decay_mult=1.0
09/30 21:12:23 - mmengine - INFO - paramwise_options -- backbone.stages.2.blocks.13.ffn.layers.0.0.bias:lr=1e-05
09/30 21:12:23 - mmengine - INFO - paramwise_options -- backbone.stages.2.blocks.13.ffn.layers.0.0.bias:weight_decay=0.05
09/30 21:12:23 - mmengine - INFO - paramwise_options -- backbone.stages.2.blocks.13.ffn.layers.0.0.bias:lr_mult=0.1
09/30 21:12:23 - mmengine - INFO - paramwise_options -- backbone.stages.2.blocks.13.ffn.layers.0.0.bias:decay_mult=1.0
09/30 21:12:23 - mmengine - INFO - paramwise_options -- backbone.stages.2.blocks.13.ffn.layers.1.weight:lr=1e-05
09/30 21:12:23 - mmengine - INFO - paramwise_options -- backbone.stages.2.blocks.13.ffn.layers.1.weight:weight_decay=0.05
09/30 21:12:23 - mmengine - INFO - paramwise_options -- backbone.stages.2.blocks.13.ffn.layers.1.weight:lr_mult=0.1
09/30 21:12:23 - mmengine - INFO - paramwise_options -- backbone.stages.2.blocks.13.ffn.layers.1.weight:decay_mult=1.0
09/30 21:12:23 - mmengine - INFO - paramwise_options -- backbone.stages.2.blocks.13.ffn.layers.1.bias:lr=1e-05
09/30 21:12:23 - mmengine - INFO - paramwise_options -- backbone.stages.2.blocks.13.ffn.layers.1.bias:weight_decay=0.05
09/30 21:12:23 - mmengine - INFO - paramwise_options -- backbone.stages.2.blocks.13.ffn.layers.1.bias:lr_mult=0.1
09/30 21:12:23 - mmengine - INFO - paramwise_options -- backbone.stages.2.blocks.13.ffn.layers.1.bias:decay_mult=1.0
09/30 21:12:23 - mmengine - INFO - paramwise_options -- backbone.stages.2.blocks.14.norm1.weight:lr=1e-05
09/30 21:12:23 - mmengine - INFO - paramwise_options -- backbone.stages.2.blocks.14.norm1.weight:weight_decay=0.05
09/30 21:12:23 - mmengine - INFO - paramwise_options -- backbone.stages.2.blocks.14.norm1.weight:lr_mult=0.1
09/30 21:12:23 - mmengine - INFO - paramwise_options -- backbone.stages.2.blocks.14.norm1.weight:decay_mult=1.0
09/30 21:12:23 - mmengine - INFO - paramwise_options -- backbone.stages.2.blocks.14.norm1.bias:lr=1e-05
09/30 21:12:23 - mmengine - INFO - paramwise_options -- backbone.stages.2.blocks.14.norm1.bias:weight_decay=0.05
09/30 21:12:23 - mmengine - INFO - paramwise_options -- backbone.stages.2.blocks.14.norm1.bias:lr_mult=0.1
09/30 21:12:23 - mmengine - INFO - paramwise_options -- backbone.stages.2.blocks.14.norm1.bias:decay_mult=1.0
09/30 21:12:23 - mmengine - INFO - paramwise_options -- backbone.stages.2.blocks.14.attn.w_msa.relative_position_bias_table:lr=0.0001
09/30 21:12:23 - mmengine - INFO - paramwise_options -- backbone.stages.2.blocks.14.attn.w_msa.relative_position_bias_table:weight_decay=0.0
09/30 21:12:23 - mmengine - INFO - paramwise_options -- backbone.stages.2.blocks.14.attn.w_msa.relative_position_bias_table:decay_mult=0.0
09/30 21:12:23 - mmengine - INFO - paramwise_options -- backbone.stages.2.blocks.14.attn.w_msa.qkv.weight:lr=1e-05
09/30 21:12:23 - mmengine - INFO - paramwise_options -- backbone.stages.2.blocks.14.attn.w_msa.qkv.weight:weight_decay=0.05
09/30 21:12:23 - mmengine - INFO - paramwise_options -- backbone.stages.2.blocks.14.attn.w_msa.qkv.weight:lr_mult=0.1
09/30 21:12:23 - mmengine - INFO - paramwise_options -- backbone.stages.2.blocks.14.attn.w_msa.qkv.weight:decay_mult=1.0
09/30 21:12:23 - mmengine - INFO - paramwise_options -- backbone.stages.2.blocks.14.attn.w_msa.qkv.bias:lr=1e-05
09/30 21:12:23 - mmengine - INFO - paramwise_options -- backbone.stages.2.blocks.14.attn.w_msa.qkv.bias:weight_decay=0.05
09/30 21:12:23 - mmengine - INFO - paramwise_options -- backbone.stages.2.blocks.14.attn.w_msa.qkv.bias:lr_mult=0.1
09/30 21:12:23 - mmengine - INFO - paramwise_options -- backbone.stages.2.blocks.14.attn.w_msa.qkv.bias:decay_mult=1.0
09/30 21:12:23 - mmengine - INFO - paramwise_options -- backbone.stages.2.blocks.14.attn.w_msa.proj.weight:lr=1e-05
09/30 21:12:23 - mmengine - INFO - paramwise_options -- backbone.stages.2.blocks.14.attn.w_msa.proj.weight:weight_decay=0.05
09/30 21:12:23 - mmengine - INFO - paramwise_options -- backbone.stages.2.blocks.14.attn.w_msa.proj.weight:lr_mult=0.1
09/30 21:12:23 - mmengine - INFO - paramwise_options -- backbone.stages.2.blocks.14.attn.w_msa.proj.weight:decay_mult=1.0
09/30 21:12:23 - mmengine - INFO - paramwise_options -- backbone.stages.2.blocks.14.attn.w_msa.proj.bias:lr=1e-05
09/30 21:12:23 - mmengine - INFO - paramwise_options -- backbone.stages.2.blocks.14.attn.w_msa.proj.bias:weight_decay=0.05
09/30 21:12:23 - mmengine - INFO - paramwise_options -- backbone.stages.2.blocks.14.attn.w_msa.proj.bias:lr_mult=0.1
09/30 21:12:23 - mmengine - INFO - paramwise_options -- backbone.stages.2.blocks.14.attn.w_msa.proj.bias:decay_mult=1.0
09/30 21:12:23 - mmengine - INFO - paramwise_options -- backbone.stages.2.blocks.14.norm2.weight:lr=1e-05
09/30 21:12:23 - mmengine - INFO - paramwise_options -- backbone.stages.2.blocks.14.norm2.weight:weight_decay=0.05
09/30 21:12:23 - mmengine - INFO - paramwise_options -- backbone.stages.2.blocks.14.norm2.weight:lr_mult=0.1
09/30 21:12:23 - mmengine - INFO - paramwise_options -- backbone.stages.2.blocks.14.norm2.weight:decay_mult=1.0
09/30 21:12:23 - mmengine - INFO - paramwise_options -- backbone.stages.2.blocks.14.norm2.bias:lr=1e-05
09/30 21:12:23 - mmengine - INFO - paramwise_options -- backbone.stages.2.blocks.14.norm2.bias:weight_decay=0.05
09/30 21:12:23 - mmengine - INFO - paramwise_options -- backbone.stages.2.blocks.14.norm2.bias:lr_mult=0.1
09/30 21:12:23 - mmengine - INFO - paramwise_options -- backbone.stages.2.blocks.14.norm2.bias:decay_mult=1.0
09/30 21:12:23 - mmengine - INFO - paramwise_options -- backbone.stages.2.blocks.14.ffn.layers.0.0.weight:lr=1e-05
09/30 21:12:23 - mmengine - INFO - paramwise_options -- backbone.stages.2.blocks.14.ffn.layers.0.0.weight:weight_decay=0.05
09/30 21:12:23 - mmengine - INFO - paramwise_options -- backbone.stages.2.blocks.14.ffn.layers.0.0.weight:lr_mult=0.1
09/30 21:12:23 - mmengine - INFO - paramwise_options -- backbone.stages.2.blocks.14.ffn.layers.0.0.weight:decay_mult=1.0
09/30 21:12:23 - mmengine - INFO - paramwise_options -- backbone.stages.2.blocks.14.ffn.layers.0.0.bias:lr=1e-05
09/30 21:12:23 - mmengine - INFO - paramwise_options -- backbone.stages.2.blocks.14.ffn.layers.0.0.bias:weight_decay=0.05
09/30 21:12:23 - mmengine - INFO - paramwise_options -- backbone.stages.2.blocks.14.ffn.layers.0.0.bias:lr_mult=0.1
09/30 21:12:23 - mmengine - INFO - paramwise_options -- backbone.stages.2.blocks.14.ffn.layers.0.0.bias:decay_mult=1.0
09/30 21:12:23 - mmengine - INFO - paramwise_options -- backbone.stages.2.blocks.14.ffn.layers.1.weight:lr=1e-05
09/30 21:12:23 - mmengine - INFO - paramwise_options -- backbone.stages.2.blocks.14.ffn.layers.1.weight:weight_decay=0.05
09/30 21:12:23 - mmengine - INFO - paramwise_options -- backbone.stages.2.blocks.14.ffn.layers.1.weight:lr_mult=0.1
09/30 21:12:23 - mmengine - INFO - paramwise_options -- backbone.stages.2.blocks.14.ffn.layers.1.weight:decay_mult=1.0
09/30 21:12:23 - mmengine - INFO - paramwise_options -- backbone.stages.2.blocks.14.ffn.layers.1.bias:lr=1e-05
09/30 21:12:23 - mmengine - INFO - paramwise_options -- backbone.stages.2.blocks.14.ffn.layers.1.bias:weight_decay=0.05
09/30 21:12:23 - mmengine - INFO - paramwise_options -- backbone.stages.2.blocks.14.ffn.layers.1.bias:lr_mult=0.1
09/30 21:12:23 - mmengine - INFO - paramwise_options -- backbone.stages.2.blocks.14.ffn.layers.1.bias:decay_mult=1.0
09/30 21:12:23 - mmengine - INFO - paramwise_options -- backbone.stages.2.blocks.15.norm1.weight:lr=1e-05
09/30 21:12:23 - mmengine - INFO - paramwise_options -- backbone.stages.2.blocks.15.norm1.weight:weight_decay=0.05
09/30 21:12:23 - mmengine - INFO - paramwise_options -- backbone.stages.2.blocks.15.norm1.weight:lr_mult=0.1
09/30 21:12:23 - mmengine - INFO - paramwise_options -- backbone.stages.2.blocks.15.norm1.weight:decay_mult=1.0
09/30 21:12:23 - mmengine - INFO - paramwise_options -- backbone.stages.2.blocks.15.norm1.bias:lr=1e-05
09/30 21:12:23 - mmengine - INFO - paramwise_options -- backbone.stages.2.blocks.15.norm1.bias:weight_decay=0.05
09/30 21:12:23 - mmengine - INFO - paramwise_options -- backbone.stages.2.blocks.15.norm1.bias:lr_mult=0.1
09/30 21:12:23 - mmengine - INFO - paramwise_options -- backbone.stages.2.blocks.15.norm1.bias:decay_mult=1.0
09/30 21:12:23 - mmengine - INFO - paramwise_options -- backbone.stages.2.blocks.15.attn.w_msa.relative_position_bias_table:lr=0.0001
09/30 21:12:23 - mmengine - INFO - paramwise_options -- backbone.stages.2.blocks.15.attn.w_msa.relative_position_bias_table:weight_decay=0.0
09/30 21:12:23 - mmengine - INFO - paramwise_options -- backbone.stages.2.blocks.15.attn.w_msa.relative_position_bias_table:decay_mult=0.0
09/30 21:12:23 - mmengine - INFO - paramwise_options -- backbone.stages.2.blocks.15.attn.w_msa.qkv.weight:lr=1e-05
09/30 21:12:23 - mmengine - INFO - paramwise_options -- backbone.stages.2.blocks.15.attn.w_msa.qkv.weight:weight_decay=0.05
09/30 21:12:23 - mmengine - INFO - paramwise_options -- backbone.stages.2.blocks.15.attn.w_msa.qkv.weight:lr_mult=0.1
09/30 21:12:23 - mmengine - INFO - paramwise_options -- backbone.stages.2.blocks.15.attn.w_msa.qkv.weight:decay_mult=1.0
09/30 21:12:23 - mmengine - INFO - paramwise_options -- backbone.stages.2.blocks.15.attn.w_msa.qkv.bias:lr=1e-05
09/30 21:12:23 - mmengine - INFO - paramwise_options -- backbone.stages.2.blocks.15.attn.w_msa.qkv.bias:weight_decay=0.05
09/30 21:12:23 - mmengine - INFO - paramwise_options -- backbone.stages.2.blocks.15.attn.w_msa.qkv.bias:lr_mult=0.1
09/30 21:12:23 - mmengine - INFO - paramwise_options -- backbone.stages.2.blocks.15.attn.w_msa.qkv.bias:decay_mult=1.0
09/30 21:12:23 - mmengine - INFO - paramwise_options -- backbone.stages.2.blocks.15.attn.w_msa.proj.weight:lr=1e-05
09/30 21:12:23 - mmengine - INFO - paramwise_options -- backbone.stages.2.blocks.15.attn.w_msa.proj.weight:weight_decay=0.05
09/30 21:12:23 - mmengine - INFO - paramwise_options -- backbone.stages.2.blocks.15.attn.w_msa.proj.weight:lr_mult=0.1
09/30 21:12:23 - mmengine - INFO - paramwise_options -- backbone.stages.2.blocks.15.attn.w_msa.proj.weight:decay_mult=1.0
09/30 21:12:23 - mmengine - INFO - paramwise_options -- backbone.stages.2.blocks.15.attn.w_msa.proj.bias:lr=1e-05
09/30 21:12:23 - mmengine - INFO - paramwise_options -- backbone.stages.2.blocks.15.attn.w_msa.proj.bias:weight_decay=0.05
09/30 21:12:23 - mmengine - INFO - paramwise_options -- backbone.stages.2.blocks.15.attn.w_msa.proj.bias:lr_mult=0.1
09/30 21:12:23 - mmengine - INFO - paramwise_options -- backbone.stages.2.blocks.15.attn.w_msa.proj.bias:decay_mult=1.0
09/30 21:12:23 - mmengine - INFO - paramwise_options -- backbone.stages.2.blocks.15.norm2.weight:lr=1e-05
09/30 21:12:23 - mmengine - INFO - paramwise_options -- backbone.stages.2.blocks.15.norm2.weight:weight_decay=0.05
09/30 21:12:23 - mmengine - INFO - paramwise_options -- backbone.stages.2.blocks.15.norm2.weight:lr_mult=0.1
09/30 21:12:23 - mmengine - INFO - paramwise_options -- backbone.stages.2.blocks.15.norm2.weight:decay_mult=1.0
09/30 21:12:23 - mmengine - INFO - paramwise_options -- backbone.stages.2.blocks.15.norm2.bias:lr=1e-05
09/30 21:12:23 - mmengine - INFO - paramwise_options -- backbone.stages.2.blocks.15.norm2.bias:weight_decay=0.05
09/30 21:12:23 - mmengine - INFO - paramwise_options -- backbone.stages.2.blocks.15.norm2.bias:lr_mult=0.1
09/30 21:12:23 - mmengine - INFO - paramwise_options -- backbone.stages.2.blocks.15.norm2.bias:decay_mult=1.0
09/30 21:12:23 - mmengine - INFO - paramwise_options -- backbone.stages.2.blocks.15.ffn.layers.0.0.weight:lr=1e-05
09/30 21:12:23 - mmengine - INFO - paramwise_options -- backbone.stages.2.blocks.15.ffn.layers.0.0.weight:weight_decay=0.05
09/30 21:12:23 - mmengine - INFO - paramwise_options -- backbone.stages.2.blocks.15.ffn.layers.0.0.weight:lr_mult=0.1
09/30 21:12:23 - mmengine - INFO - paramwise_options -- backbone.stages.2.blocks.15.ffn.layers.0.0.weight:decay_mult=1.0
09/30 21:12:23 - mmengine - INFO - paramwise_options -- backbone.stages.2.blocks.15.ffn.layers.0.0.bias:lr=1e-05
09/30 21:12:23 - mmengine - INFO - paramwise_options -- backbone.stages.2.blocks.15.ffn.layers.0.0.bias:weight_decay=0.05
09/30 21:12:23 - mmengine - INFO - paramwise_options -- backbone.stages.2.blocks.15.ffn.layers.0.0.bias:lr_mult=0.1
09/30 21:12:23 - mmengine - INFO - paramwise_options -- backbone.stages.2.blocks.15.ffn.layers.0.0.bias:decay_mult=1.0
09/30 21:12:23 - mmengine - INFO - paramwise_options -- backbone.stages.2.blocks.15.ffn.layers.1.weight:lr=1e-05
09/30 21:12:23 - mmengine - INFO - paramwise_options -- backbone.stages.2.blocks.15.ffn.layers.1.weight:weight_decay=0.05
09/30 21:12:23 - mmengine - INFO - paramwise_options -- backbone.stages.2.blocks.15.ffn.layers.1.weight:lr_mult=0.1
09/30 21:12:23 - mmengine - INFO - paramwise_options -- backbone.stages.2.blocks.15.ffn.layers.1.weight:decay_mult=1.0
09/30 21:12:23 - mmengine - INFO - paramwise_options -- backbone.stages.2.blocks.15.ffn.layers.1.bias:lr=1e-05
09/30 21:12:23 - mmengine - INFO - paramwise_options -- backbone.stages.2.blocks.15.ffn.layers.1.bias:weight_decay=0.05
09/30 21:12:23 - mmengine - INFO - paramwise_options -- backbone.stages.2.blocks.15.ffn.layers.1.bias:lr_mult=0.1
09/30 21:12:23 - mmengine - INFO - paramwise_options -- backbone.stages.2.blocks.15.ffn.layers.1.bias:decay_mult=1.0
09/30 21:12:23 - mmengine - INFO - paramwise_options -- backbone.stages.2.blocks.16.norm1.weight:lr=1e-05
09/30 21:12:23 - mmengine - INFO - paramwise_options -- backbone.stages.2.blocks.16.norm1.weight:weight_decay=0.05
09/30 21:12:23 - mmengine - INFO - paramwise_options -- backbone.stages.2.blocks.16.norm1.weight:lr_mult=0.1
09/30 21:12:23 - mmengine - INFO - paramwise_options -- backbone.stages.2.blocks.16.norm1.weight:decay_mult=1.0
09/30 21:12:23 - mmengine - INFO - paramwise_options -- backbone.stages.2.blocks.16.norm1.bias:lr=1e-05
09/30 21:12:23 - mmengine - INFO - paramwise_options -- backbone.stages.2.blocks.16.norm1.bias:weight_decay=0.05
09/30 21:12:23 - mmengine - INFO - paramwise_options -- backbone.stages.2.blocks.16.norm1.bias:lr_mult=0.1
09/30 21:12:23 - mmengine - INFO - paramwise_options -- backbone.stages.2.blocks.16.norm1.bias:decay_mult=1.0
09/30 21:12:23 - mmengine - INFO - paramwise_options -- backbone.stages.2.blocks.16.attn.w_msa.relative_position_bias_table:lr=0.0001
09/30 21:12:23 - mmengine - INFO - paramwise_options -- backbone.stages.2.blocks.16.attn.w_msa.relative_position_bias_table:weight_decay=0.0
09/30 21:12:23 - mmengine - INFO - paramwise_options -- backbone.stages.2.blocks.16.attn.w_msa.relative_position_bias_table:decay_mult=0.0
09/30 21:12:23 - mmengine - INFO - paramwise_options -- backbone.stages.2.blocks.16.attn.w_msa.qkv.weight:lr=1e-05
09/30 21:12:23 - mmengine - INFO - paramwise_options -- backbone.stages.2.blocks.16.attn.w_msa.qkv.weight:weight_decay=0.05
09/30 21:12:23 - mmengine - INFO - paramwise_options -- backbone.stages.2.blocks.16.attn.w_msa.qkv.weight:lr_mult=0.1
09/30 21:12:23 - mmengine - INFO - paramwise_options -- backbone.stages.2.blocks.16.attn.w_msa.qkv.weight:decay_mult=1.0
09/30 21:12:23 - mmengine - INFO - paramwise_options -- backbone.stages.2.blocks.16.attn.w_msa.qkv.bias:lr=1e-05
09/30 21:12:23 - mmengine - INFO - paramwise_options -- backbone.stages.2.blocks.16.attn.w_msa.qkv.bias:weight_decay=0.05
09/30 21:12:23 - mmengine - INFO - paramwise_options -- backbone.stages.2.blocks.16.attn.w_msa.qkv.bias:lr_mult=0.1
09/30 21:12:23 - mmengine - INFO - paramwise_options -- backbone.stages.2.blocks.16.attn.w_msa.qkv.bias:decay_mult=1.0
09/30 21:12:23 - mmengine - INFO - paramwise_options -- backbone.stages.2.blocks.16.attn.w_msa.proj.weight:lr=1e-05
09/30 21:12:23 - mmengine - INFO - paramwise_options -- backbone.stages.2.blocks.16.attn.w_msa.proj.weight:weight_decay=0.05
09/30 21:12:23 - mmengine - INFO - paramwise_options -- backbone.stages.2.blocks.16.attn.w_msa.proj.weight:lr_mult=0.1
09/30 21:12:23 - mmengine - INFO - paramwise_options -- backbone.stages.2.blocks.16.attn.w_msa.proj.weight:decay_mult=1.0
09/30 21:12:23 - mmengine - INFO - paramwise_options -- backbone.stages.2.blocks.16.attn.w_msa.proj.bias:lr=1e-05
09/30 21:12:23 - mmengine - INFO - paramwise_options -- backbone.stages.2.blocks.16.attn.w_msa.proj.bias:weight_decay=0.05
09/30 21:12:23 - mmengine - INFO - paramwise_options -- backbone.stages.2.blocks.16.attn.w_msa.proj.bias:lr_mult=0.1
09/30 21:12:23 - mmengine - INFO - paramwise_options -- backbone.stages.2.blocks.16.attn.w_msa.proj.bias:decay_mult=1.0
09/30 21:12:23 - mmengine - INFO - paramwise_options -- backbone.stages.2.blocks.16.norm2.weight:lr=1e-05
09/30 21:12:23 - mmengine - INFO - paramwise_options -- backbone.stages.2.blocks.16.norm2.weight:weight_decay=0.05
09/30 21:12:23 - mmengine - INFO - paramwise_options -- backbone.stages.2.blocks.16.norm2.weight:lr_mult=0.1
09/30 21:12:23 - mmengine - INFO - paramwise_options -- backbone.stages.2.blocks.16.norm2.weight:decay_mult=1.0
09/30 21:12:23 - mmengine - INFO - paramwise_options -- backbone.stages.2.blocks.16.norm2.bias:lr=1e-05
09/30 21:12:23 - mmengine - INFO - paramwise_options -- backbone.stages.2.blocks.16.norm2.bias:weight_decay=0.05
09/30 21:12:23 - mmengine - INFO - paramwise_options -- backbone.stages.2.blocks.16.norm2.bias:lr_mult=0.1
09/30 21:12:23 - mmengine - INFO - paramwise_options -- backbone.stages.2.blocks.16.norm2.bias:decay_mult=1.0
09/30 21:12:23 - mmengine - INFO - paramwise_options -- backbone.stages.2.blocks.16.ffn.layers.0.0.weight:lr=1e-05
09/30 21:12:23 - mmengine - INFO - paramwise_options -- backbone.stages.2.blocks.16.ffn.layers.0.0.weight:weight_decay=0.05
09/30 21:12:23 - mmengine - INFO - paramwise_options -- backbone.stages.2.blocks.16.ffn.layers.0.0.weight:lr_mult=0.1
09/30 21:12:23 - mmengine - INFO - paramwise_options -- backbone.stages.2.blocks.16.ffn.layers.0.0.weight:decay_mult=1.0
09/30 21:12:23 - mmengine - INFO - paramwise_options -- backbone.stages.2.blocks.16.ffn.layers.0.0.bias:lr=1e-05
09/30 21:12:23 - mmengine - INFO - paramwise_options -- backbone.stages.2.blocks.16.ffn.layers.0.0.bias:weight_decay=0.05
09/30 21:12:23 - mmengine - INFO - paramwise_options -- backbone.stages.2.blocks.16.ffn.layers.0.0.bias:lr_mult=0.1
09/30 21:12:23 - mmengine - INFO - paramwise_options -- backbone.stages.2.blocks.16.ffn.layers.0.0.bias:decay_mult=1.0
09/30 21:12:23 - mmengine - INFO - paramwise_options -- backbone.stages.2.blocks.16.ffn.layers.1.weight:lr=1e-05
09/30 21:12:23 - mmengine - INFO - paramwise_options -- backbone.stages.2.blocks.16.ffn.layers.1.weight:weight_decay=0.05
09/30 21:12:23 - mmengine - INFO - paramwise_options -- backbone.stages.2.blocks.16.ffn.layers.1.weight:lr_mult=0.1
09/30 21:12:23 - mmengine - INFO - paramwise_options -- backbone.stages.2.blocks.16.ffn.layers.1.weight:decay_mult=1.0
09/30 21:12:23 - mmengine - INFO - paramwise_options -- backbone.stages.2.blocks.16.ffn.layers.1.bias:lr=1e-05
09/30 21:12:23 - mmengine - INFO - paramwise_options -- backbone.stages.2.blocks.16.ffn.layers.1.bias:weight_decay=0.05
09/30 21:12:23 - mmengine - INFO - paramwise_options -- backbone.stages.2.blocks.16.ffn.layers.1.bias:lr_mult=0.1
09/30 21:12:23 - mmengine - INFO - paramwise_options -- backbone.stages.2.blocks.16.ffn.layers.1.bias:decay_mult=1.0
09/30 21:12:23 - mmengine - INFO - paramwise_options -- backbone.stages.2.blocks.17.norm1.weight:lr=1e-05
09/30 21:12:23 - mmengine - INFO - paramwise_options -- backbone.stages.2.blocks.17.norm1.weight:weight_decay=0.05
09/30 21:12:23 - mmengine - INFO - paramwise_options -- backbone.stages.2.blocks.17.norm1.weight:lr_mult=0.1
09/30 21:12:23 - mmengine - INFO - paramwise_options -- backbone.stages.2.blocks.17.norm1.weight:decay_mult=1.0
09/30 21:12:23 - mmengine - INFO - paramwise_options -- backbone.stages.2.blocks.17.norm1.bias:lr=1e-05
09/30 21:12:23 - mmengine - INFO - paramwise_options -- backbone.stages.2.blocks.17.norm1.bias:weight_decay=0.05
09/30 21:12:23 - mmengine - INFO - paramwise_options -- backbone.stages.2.blocks.17.norm1.bias:lr_mult=0.1
09/30 21:12:23 - mmengine - INFO - paramwise_options -- backbone.stages.2.blocks.17.norm1.bias:decay_mult=1.0
09/30 21:12:23 - mmengine - INFO - paramwise_options -- backbone.stages.2.blocks.17.attn.w_msa.relative_position_bias_table:lr=0.0001
09/30 21:12:23 - mmengine - INFO - paramwise_options -- backbone.stages.2.blocks.17.attn.w_msa.relative_position_bias_table:weight_decay=0.0
09/30 21:12:23 - mmengine - INFO - paramwise_options -- backbone.stages.2.blocks.17.attn.w_msa.relative_position_bias_table:decay_mult=0.0
09/30 21:12:23 - mmengine - INFO - paramwise_options -- backbone.stages.2.blocks.17.attn.w_msa.qkv.weight:lr=1e-05
09/30 21:12:23 - mmengine - INFO - paramwise_options -- backbone.stages.2.blocks.17.attn.w_msa.qkv.weight:weight_decay=0.05
09/30 21:12:23 - mmengine - INFO - paramwise_options -- backbone.stages.2.blocks.17.attn.w_msa.qkv.weight:lr_mult=0.1
09/30 21:12:23 - mmengine - INFO - paramwise_options -- backbone.stages.2.blocks.17.attn.w_msa.qkv.weight:decay_mult=1.0
09/30 21:12:23 - mmengine - INFO - paramwise_options -- backbone.stages.2.blocks.17.attn.w_msa.qkv.bias:lr=1e-05
09/30 21:12:23 - mmengine - INFO - paramwise_options -- backbone.stages.2.blocks.17.attn.w_msa.qkv.bias:weight_decay=0.05
09/30 21:12:23 - mmengine - INFO - paramwise_options -- backbone.stages.2.blocks.17.attn.w_msa.qkv.bias:lr_mult=0.1
09/30 21:12:23 - mmengine - INFO - paramwise_options -- backbone.stages.2.blocks.17.attn.w_msa.qkv.bias:decay_mult=1.0
09/30 21:12:23 - mmengine - INFO - paramwise_options -- backbone.stages.2.blocks.17.attn.w_msa.proj.weight:lr=1e-05
09/30 21:12:23 - mmengine - INFO - paramwise_options -- backbone.stages.2.blocks.17.attn.w_msa.proj.weight:weight_decay=0.05
09/30 21:12:23 - mmengine - INFO - paramwise_options -- backbone.stages.2.blocks.17.attn.w_msa.proj.weight:lr_mult=0.1
09/30 21:12:23 - mmengine - INFO - paramwise_options -- backbone.stages.2.blocks.17.attn.w_msa.proj.weight:decay_mult=1.0
09/30 21:12:23 - mmengine - INFO - paramwise_options -- backbone.stages.2.blocks.17.attn.w_msa.proj.bias:lr=1e-05
09/30 21:12:23 - mmengine - INFO - paramwise_options -- backbone.stages.2.blocks.17.attn.w_msa.proj.bias:weight_decay=0.05
09/30 21:12:23 - mmengine - INFO - paramwise_options -- backbone.stages.2.blocks.17.attn.w_msa.proj.bias:lr_mult=0.1
09/30 21:12:23 - mmengine - INFO - paramwise_options -- backbone.stages.2.blocks.17.attn.w_msa.proj.bias:decay_mult=1.0
09/30 21:12:23 - mmengine - INFO - paramwise_options -- backbone.stages.2.blocks.17.norm2.weight:lr=1e-05
09/30 21:12:23 - mmengine - INFO - paramwise_options -- backbone.stages.2.blocks.17.norm2.weight:weight_decay=0.05
09/30 21:12:23 - mmengine - INFO - paramwise_options -- backbone.stages.2.blocks.17.norm2.weight:lr_mult=0.1
09/30 21:12:23 - mmengine - INFO - paramwise_options -- backbone.stages.2.blocks.17.norm2.weight:decay_mult=1.0
09/30 21:12:23 - mmengine - INFO - paramwise_options -- backbone.stages.2.blocks.17.norm2.bias:lr=1e-05
09/30 21:12:23 - mmengine - INFO - paramwise_options -- backbone.stages.2.blocks.17.norm2.bias:weight_decay=0.05
09/30 21:12:23 - mmengine - INFO - paramwise_options -- backbone.stages.2.blocks.17.norm2.bias:lr_mult=0.1
09/30 21:12:23 - mmengine - INFO - paramwise_options -- backbone.stages.2.blocks.17.norm2.bias:decay_mult=1.0
09/30 21:12:23 - mmengine - INFO - paramwise_options -- backbone.stages.2.blocks.17.ffn.layers.0.0.weight:lr=1e-05
09/30 21:12:23 - mmengine - INFO - paramwise_options -- backbone.stages.2.blocks.17.ffn.layers.0.0.weight:weight_decay=0.05
09/30 21:12:23 - mmengine - INFO - paramwise_options -- backbone.stages.2.blocks.17.ffn.layers.0.0.weight:lr_mult=0.1
09/30 21:12:23 - mmengine - INFO - paramwise_options -- backbone.stages.2.blocks.17.ffn.layers.0.0.weight:decay_mult=1.0
09/30 21:12:23 - mmengine - INFO - paramwise_options -- backbone.stages.2.blocks.17.ffn.layers.0.0.bias:lr=1e-05
09/30 21:12:23 - mmengine - INFO - paramwise_options -- backbone.stages.2.blocks.17.ffn.layers.0.0.bias:weight_decay=0.05
09/30 21:12:23 - mmengine - INFO - paramwise_options -- backbone.stages.2.blocks.17.ffn.layers.0.0.bias:lr_mult=0.1
09/30 21:12:23 - mmengine - INFO - paramwise_options -- backbone.stages.2.blocks.17.ffn.layers.0.0.bias:decay_mult=1.0
09/30 21:12:23 - mmengine - INFO - paramwise_options -- backbone.stages.2.blocks.17.ffn.layers.1.weight:lr=1e-05
09/30 21:12:23 - mmengine - INFO - paramwise_options -- backbone.stages.2.blocks.17.ffn.layers.1.weight:weight_decay=0.05
09/30 21:12:23 - mmengine - INFO - paramwise_options -- backbone.stages.2.blocks.17.ffn.layers.1.weight:lr_mult=0.1
09/30 21:12:23 - mmengine - INFO - paramwise_options -- backbone.stages.2.blocks.17.ffn.layers.1.weight:decay_mult=1.0
09/30 21:12:23 - mmengine - INFO - paramwise_options -- backbone.stages.2.blocks.17.ffn.layers.1.bias:lr=1e-05
09/30 21:12:23 - mmengine - INFO - paramwise_options -- backbone.stages.2.blocks.17.ffn.layers.1.bias:weight_decay=0.05
09/30 21:12:23 - mmengine - INFO - paramwise_options -- backbone.stages.2.blocks.17.ffn.layers.1.bias:lr_mult=0.1
09/30 21:12:23 - mmengine - INFO - paramwise_options -- backbone.stages.2.blocks.17.ffn.layers.1.bias:decay_mult=1.0
09/30 21:12:23 - mmengine - INFO - paramwise_options -- backbone.stages.2.downsample.norm.weight:lr=1e-05
09/30 21:12:23 - mmengine - INFO - paramwise_options -- backbone.stages.2.downsample.norm.weight:weight_decay=0.05
09/30 21:12:23 - mmengine - INFO - paramwise_options -- backbone.stages.2.downsample.norm.weight:lr_mult=0.1
09/30 21:12:23 - mmengine - INFO - paramwise_options -- backbone.stages.2.downsample.norm.weight:decay_mult=1.0
09/30 21:12:23 - mmengine - INFO - paramwise_options -- backbone.stages.2.downsample.norm.bias:lr=1e-05
09/30 21:12:23 - mmengine - INFO - paramwise_options -- backbone.stages.2.downsample.norm.bias:weight_decay=0.05
09/30 21:12:23 - mmengine - INFO - paramwise_options -- backbone.stages.2.downsample.norm.bias:lr_mult=0.1
09/30 21:12:23 - mmengine - INFO - paramwise_options -- backbone.stages.2.downsample.norm.bias:decay_mult=1.0
09/30 21:12:23 - mmengine - INFO - paramwise_options -- backbone.stages.2.downsample.reduction.weight:lr=1e-05
09/30 21:12:23 - mmengine - INFO - paramwise_options -- backbone.stages.2.downsample.reduction.weight:weight_decay=0.05
09/30 21:12:23 - mmengine - INFO - paramwise_options -- backbone.stages.2.downsample.reduction.weight:lr_mult=0.1
09/30 21:12:23 - mmengine - INFO - paramwise_options -- backbone.stages.2.downsample.reduction.weight:decay_mult=1.0
09/30 21:12:23 - mmengine - INFO - paramwise_options -- backbone.stages.3.blocks.0.norm1.weight:lr=1e-05
09/30 21:12:23 - mmengine - INFO - paramwise_options -- backbone.stages.3.blocks.0.norm1.weight:weight_decay=0.05
09/30 21:12:23 - mmengine - INFO - paramwise_options -- backbone.stages.3.blocks.0.norm1.weight:lr_mult=0.1
09/30 21:12:23 - mmengine - INFO - paramwise_options -- backbone.stages.3.blocks.0.norm1.weight:decay_mult=1.0
09/30 21:12:23 - mmengine - INFO - paramwise_options -- backbone.stages.3.blocks.0.norm1.bias:lr=1e-05
09/30 21:12:23 - mmengine - INFO - paramwise_options -- backbone.stages.3.blocks.0.norm1.bias:weight_decay=0.05
09/30 21:12:23 - mmengine - INFO - paramwise_options -- backbone.stages.3.blocks.0.norm1.bias:lr_mult=0.1
09/30 21:12:23 - mmengine - INFO - paramwise_options -- backbone.stages.3.blocks.0.norm1.bias:decay_mult=1.0
09/30 21:12:23 - mmengine - INFO - paramwise_options -- backbone.stages.3.blocks.0.attn.w_msa.relative_position_bias_table:lr=0.0001
09/30 21:12:23 - mmengine - INFO - paramwise_options -- backbone.stages.3.blocks.0.attn.w_msa.relative_position_bias_table:weight_decay=0.0
09/30 21:12:23 - mmengine - INFO - paramwise_options -- backbone.stages.3.blocks.0.attn.w_msa.relative_position_bias_table:decay_mult=0.0
09/30 21:12:23 - mmengine - INFO - paramwise_options -- backbone.stages.3.blocks.0.attn.w_msa.qkv.weight:lr=1e-05
09/30 21:12:23 - mmengine - INFO - paramwise_options -- backbone.stages.3.blocks.0.attn.w_msa.qkv.weight:weight_decay=0.05
09/30 21:12:23 - mmengine - INFO - paramwise_options -- backbone.stages.3.blocks.0.attn.w_msa.qkv.weight:lr_mult=0.1
09/30 21:12:23 - mmengine - INFO - paramwise_options -- backbone.stages.3.blocks.0.attn.w_msa.qkv.weight:decay_mult=1.0
09/30 21:12:23 - mmengine - INFO - paramwise_options -- backbone.stages.3.blocks.0.attn.w_msa.qkv.bias:lr=1e-05
09/30 21:12:23 - mmengine - INFO - paramwise_options -- backbone.stages.3.blocks.0.attn.w_msa.qkv.bias:weight_decay=0.05
09/30 21:12:23 - mmengine - INFO - paramwise_options -- backbone.stages.3.blocks.0.attn.w_msa.qkv.bias:lr_mult=0.1
09/30 21:12:23 - mmengine - INFO - paramwise_options -- backbone.stages.3.blocks.0.attn.w_msa.qkv.bias:decay_mult=1.0
09/30 21:12:23 - mmengine - INFO - paramwise_options -- backbone.stages.3.blocks.0.attn.w_msa.proj.weight:lr=1e-05
09/30 21:12:23 - mmengine - INFO - paramwise_options -- backbone.stages.3.blocks.0.attn.w_msa.proj.weight:weight_decay=0.05
09/30 21:12:23 - mmengine - INFO - paramwise_options -- backbone.stages.3.blocks.0.attn.w_msa.proj.weight:lr_mult=0.1
09/30 21:12:23 - mmengine - INFO - paramwise_options -- backbone.stages.3.blocks.0.attn.w_msa.proj.weight:decay_mult=1.0
09/30 21:12:23 - mmengine - INFO - paramwise_options -- backbone.stages.3.blocks.0.attn.w_msa.proj.bias:lr=1e-05
09/30 21:12:23 - mmengine - INFO - paramwise_options -- backbone.stages.3.blocks.0.attn.w_msa.proj.bias:weight_decay=0.05
09/30 21:12:23 - mmengine - INFO - paramwise_options -- backbone.stages.3.blocks.0.attn.w_msa.proj.bias:lr_mult=0.1
09/30 21:12:23 - mmengine - INFO - paramwise_options -- backbone.stages.3.blocks.0.attn.w_msa.proj.bias:decay_mult=1.0
09/30 21:12:23 - mmengine - INFO - paramwise_options -- backbone.stages.3.blocks.0.norm2.weight:lr=1e-05
09/30 21:12:23 - mmengine - INFO - paramwise_options -- backbone.stages.3.blocks.0.norm2.weight:weight_decay=0.05
09/30 21:12:23 - mmengine - INFO - paramwise_options -- backbone.stages.3.blocks.0.norm2.weight:lr_mult=0.1
09/30 21:12:23 - mmengine - INFO - paramwise_options -- backbone.stages.3.blocks.0.norm2.weight:decay_mult=1.0
09/30 21:12:23 - mmengine - INFO - paramwise_options -- backbone.stages.3.blocks.0.norm2.bias:lr=1e-05
09/30 21:12:23 - mmengine - INFO - paramwise_options -- backbone.stages.3.blocks.0.norm2.bias:weight_decay=0.05
09/30 21:12:23 - mmengine - INFO - paramwise_options -- backbone.stages.3.blocks.0.norm2.bias:lr_mult=0.1
09/30 21:12:23 - mmengine - INFO - paramwise_options -- backbone.stages.3.blocks.0.norm2.bias:decay_mult=1.0
09/30 21:12:23 - mmengine - INFO - paramwise_options -- backbone.stages.3.blocks.0.ffn.layers.0.0.weight:lr=1e-05
09/30 21:12:23 - mmengine - INFO - paramwise_options -- backbone.stages.3.blocks.0.ffn.layers.0.0.weight:weight_decay=0.05
09/30 21:12:23 - mmengine - INFO - paramwise_options -- backbone.stages.3.blocks.0.ffn.layers.0.0.weight:lr_mult=0.1
09/30 21:12:23 - mmengine - INFO - paramwise_options -- backbone.stages.3.blocks.0.ffn.layers.0.0.weight:decay_mult=1.0
09/30 21:12:23 - mmengine - INFO - paramwise_options -- backbone.stages.3.blocks.0.ffn.layers.0.0.bias:lr=1e-05
09/30 21:12:23 - mmengine - INFO - paramwise_options -- backbone.stages.3.blocks.0.ffn.layers.0.0.bias:weight_decay=0.05
09/30 21:12:23 - mmengine - INFO - paramwise_options -- backbone.stages.3.blocks.0.ffn.layers.0.0.bias:lr_mult=0.1
09/30 21:12:23 - mmengine - INFO - paramwise_options -- backbone.stages.3.blocks.0.ffn.layers.0.0.bias:decay_mult=1.0
09/30 21:12:23 - mmengine - INFO - paramwise_options -- backbone.stages.3.blocks.0.ffn.layers.1.weight:lr=1e-05
09/30 21:12:23 - mmengine - INFO - paramwise_options -- backbone.stages.3.blocks.0.ffn.layers.1.weight:weight_decay=0.05
09/30 21:12:23 - mmengine - INFO - paramwise_options -- backbone.stages.3.blocks.0.ffn.layers.1.weight:lr_mult=0.1
09/30 21:12:23 - mmengine - INFO - paramwise_options -- backbone.stages.3.blocks.0.ffn.layers.1.weight:decay_mult=1.0
09/30 21:12:23 - mmengine - INFO - paramwise_options -- backbone.stages.3.blocks.0.ffn.layers.1.bias:lr=1e-05
09/30 21:12:23 - mmengine - INFO - paramwise_options -- backbone.stages.3.blocks.0.ffn.layers.1.bias:weight_decay=0.05
09/30 21:12:23 - mmengine - INFO - paramwise_options -- backbone.stages.3.blocks.0.ffn.layers.1.bias:lr_mult=0.1
09/30 21:12:23 - mmengine - INFO - paramwise_options -- backbone.stages.3.blocks.0.ffn.layers.1.bias:decay_mult=1.0
09/30 21:12:23 - mmengine - INFO - paramwise_options -- backbone.stages.3.blocks.1.norm1.weight:lr=1e-05
09/30 21:12:23 - mmengine - INFO - paramwise_options -- backbone.stages.3.blocks.1.norm1.weight:weight_decay=0.05
09/30 21:12:23 - mmengine - INFO - paramwise_options -- backbone.stages.3.blocks.1.norm1.weight:lr_mult=0.1
09/30 21:12:23 - mmengine - INFO - paramwise_options -- backbone.stages.3.blocks.1.norm1.weight:decay_mult=1.0
09/30 21:12:23 - mmengine - INFO - paramwise_options -- backbone.stages.3.blocks.1.norm1.bias:lr=1e-05
09/30 21:12:23 - mmengine - INFO - paramwise_options -- backbone.stages.3.blocks.1.norm1.bias:weight_decay=0.05
09/30 21:12:23 - mmengine - INFO - paramwise_options -- backbone.stages.3.blocks.1.norm1.bias:lr_mult=0.1
09/30 21:12:23 - mmengine - INFO - paramwise_options -- backbone.stages.3.blocks.1.norm1.bias:decay_mult=1.0
09/30 21:12:23 - mmengine - INFO - paramwise_options -- backbone.stages.3.blocks.1.attn.w_msa.relative_position_bias_table:lr=0.0001
09/30 21:12:23 - mmengine - INFO - paramwise_options -- backbone.stages.3.blocks.1.attn.w_msa.relative_position_bias_table:weight_decay=0.0
09/30 21:12:23 - mmengine - INFO - paramwise_options -- backbone.stages.3.blocks.1.attn.w_msa.relative_position_bias_table:decay_mult=0.0
09/30 21:12:23 - mmengine - INFO - paramwise_options -- backbone.stages.3.blocks.1.attn.w_msa.qkv.weight:lr=1e-05
09/30 21:12:23 - mmengine - INFO - paramwise_options -- backbone.stages.3.blocks.1.attn.w_msa.qkv.weight:weight_decay=0.05
09/30 21:12:23 - mmengine - INFO - paramwise_options -- backbone.stages.3.blocks.1.attn.w_msa.qkv.weight:lr_mult=0.1
09/30 21:12:23 - mmengine - INFO - paramwise_options -- backbone.stages.3.blocks.1.attn.w_msa.qkv.weight:decay_mult=1.0
09/30 21:12:23 - mmengine - INFO - paramwise_options -- backbone.stages.3.blocks.1.attn.w_msa.qkv.bias:lr=1e-05
09/30 21:12:23 - mmengine - INFO - paramwise_options -- backbone.stages.3.blocks.1.attn.w_msa.qkv.bias:weight_decay=0.05
09/30 21:12:23 - mmengine - INFO - paramwise_options -- backbone.stages.3.blocks.1.attn.w_msa.qkv.bias:lr_mult=0.1
09/30 21:12:23 - mmengine - INFO - paramwise_options -- backbone.stages.3.blocks.1.attn.w_msa.qkv.bias:decay_mult=1.0
09/30 21:12:23 - mmengine - INFO - paramwise_options -- backbone.stages.3.blocks.1.attn.w_msa.proj.weight:lr=1e-05
09/30 21:12:23 - mmengine - INFO - paramwise_options -- backbone.stages.3.blocks.1.attn.w_msa.proj.weight:weight_decay=0.05
09/30 21:12:23 - mmengine - INFO - paramwise_options -- backbone.stages.3.blocks.1.attn.w_msa.proj.weight:lr_mult=0.1
09/30 21:12:23 - mmengine - INFO - paramwise_options -- backbone.stages.3.blocks.1.attn.w_msa.proj.weight:decay_mult=1.0
09/30 21:12:23 - mmengine - INFO - paramwise_options -- backbone.stages.3.blocks.1.attn.w_msa.proj.bias:lr=1e-05
09/30 21:12:23 - mmengine - INFO - paramwise_options -- backbone.stages.3.blocks.1.attn.w_msa.proj.bias:weight_decay=0.05
09/30 21:12:23 - mmengine - INFO - paramwise_options -- backbone.stages.3.blocks.1.attn.w_msa.proj.bias:lr_mult=0.1
09/30 21:12:23 - mmengine - INFO - paramwise_options -- backbone.stages.3.blocks.1.attn.w_msa.proj.bias:decay_mult=1.0
09/30 21:12:23 - mmengine - INFO - paramwise_options -- backbone.stages.3.blocks.1.norm2.weight:lr=1e-05
09/30 21:12:23 - mmengine - INFO - paramwise_options -- backbone.stages.3.blocks.1.norm2.weight:weight_decay=0.05
09/30 21:12:23 - mmengine - INFO - paramwise_options -- backbone.stages.3.blocks.1.norm2.weight:lr_mult=0.1
09/30 21:12:23 - mmengine - INFO - paramwise_options -- backbone.stages.3.blocks.1.norm2.weight:decay_mult=1.0
09/30 21:12:23 - mmengine - INFO - paramwise_options -- backbone.stages.3.blocks.1.norm2.bias:lr=1e-05
09/30 21:12:23 - mmengine - INFO - paramwise_options -- backbone.stages.3.blocks.1.norm2.bias:weight_decay=0.05
09/30 21:12:23 - mmengine - INFO - paramwise_options -- backbone.stages.3.blocks.1.norm2.bias:lr_mult=0.1
09/30 21:12:23 - mmengine - INFO - paramwise_options -- backbone.stages.3.blocks.1.norm2.bias:decay_mult=1.0
09/30 21:12:23 - mmengine - INFO - paramwise_options -- backbone.stages.3.blocks.1.ffn.layers.0.0.weight:lr=1e-05
09/30 21:12:23 - mmengine - INFO - paramwise_options -- backbone.stages.3.blocks.1.ffn.layers.0.0.weight:weight_decay=0.05
09/30 21:12:23 - mmengine - INFO - paramwise_options -- backbone.stages.3.blocks.1.ffn.layers.0.0.weight:lr_mult=0.1
09/30 21:12:23 - mmengine - INFO - paramwise_options -- backbone.stages.3.blocks.1.ffn.layers.0.0.weight:decay_mult=1.0
09/30 21:12:23 - mmengine - INFO - paramwise_options -- backbone.stages.3.blocks.1.ffn.layers.0.0.bias:lr=1e-05
09/30 21:12:23 - mmengine - INFO - paramwise_options -- backbone.stages.3.blocks.1.ffn.layers.0.0.bias:weight_decay=0.05
09/30 21:12:23 - mmengine - INFO - paramwise_options -- backbone.stages.3.blocks.1.ffn.layers.0.0.bias:lr_mult=0.1
09/30 21:12:23 - mmengine - INFO - paramwise_options -- backbone.stages.3.blocks.1.ffn.layers.0.0.bias:decay_mult=1.0
09/30 21:12:23 - mmengine - INFO - paramwise_options -- backbone.stages.3.blocks.1.ffn.layers.1.weight:lr=1e-05
09/30 21:12:23 - mmengine - INFO - paramwise_options -- backbone.stages.3.blocks.1.ffn.layers.1.weight:weight_decay=0.05
09/30 21:12:23 - mmengine - INFO - paramwise_options -- backbone.stages.3.blocks.1.ffn.layers.1.weight:lr_mult=0.1
09/30 21:12:23 - mmengine - INFO - paramwise_options -- backbone.stages.3.blocks.1.ffn.layers.1.weight:decay_mult=1.0
09/30 21:12:23 - mmengine - INFO - paramwise_options -- backbone.stages.3.blocks.1.ffn.layers.1.bias:lr=1e-05
09/30 21:12:23 - mmengine - INFO - paramwise_options -- backbone.stages.3.blocks.1.ffn.layers.1.bias:weight_decay=0.05
09/30 21:12:23 - mmengine - INFO - paramwise_options -- backbone.stages.3.blocks.1.ffn.layers.1.bias:lr_mult=0.1
09/30 21:12:23 - mmengine - INFO - paramwise_options -- backbone.stages.3.blocks.1.ffn.layers.1.bias:decay_mult=1.0
09/30 21:12:23 - mmengine - INFO - paramwise_options -- backbone.norm0.weight:lr=1e-05
09/30 21:12:23 - mmengine - INFO - paramwise_options -- backbone.norm0.weight:weight_decay=0.05
09/30 21:12:23 - mmengine - INFO - paramwise_options -- backbone.norm0.weight:lr_mult=0.1
09/30 21:12:23 - mmengine - INFO - paramwise_options -- backbone.norm0.weight:decay_mult=1.0
09/30 21:12:23 - mmengine - INFO - paramwise_options -- backbone.norm0.bias:lr=1e-05
09/30 21:12:23 - mmengine - INFO - paramwise_options -- backbone.norm0.bias:weight_decay=0.05
09/30 21:12:23 - mmengine - INFO - paramwise_options -- backbone.norm0.bias:lr_mult=0.1
09/30 21:12:23 - mmengine - INFO - paramwise_options -- backbone.norm0.bias:decay_mult=1.0
09/30 21:12:23 - mmengine - INFO - paramwise_options -- backbone.norm1.weight:lr=1e-05
09/30 21:12:23 - mmengine - INFO - paramwise_options -- backbone.norm1.weight:weight_decay=0.05
09/30 21:12:23 - mmengine - INFO - paramwise_options -- backbone.norm1.weight:lr_mult=0.1
09/30 21:12:23 - mmengine - INFO - paramwise_options -- backbone.norm1.weight:decay_mult=1.0
09/30 21:12:23 - mmengine - INFO - paramwise_options -- backbone.norm1.bias:lr=1e-05
09/30 21:12:23 - mmengine - INFO - paramwise_options -- backbone.norm1.bias:weight_decay=0.05
09/30 21:12:23 - mmengine - INFO - paramwise_options -- backbone.norm1.bias:lr_mult=0.1
09/30 21:12:23 - mmengine - INFO - paramwise_options -- backbone.norm1.bias:decay_mult=1.0
09/30 21:12:23 - mmengine - INFO - paramwise_options -- backbone.norm2.weight:lr=1e-05
09/30 21:12:23 - mmengine - INFO - paramwise_options -- backbone.norm2.weight:weight_decay=0.05
09/30 21:12:23 - mmengine - INFO - paramwise_options -- backbone.norm2.weight:lr_mult=0.1
09/30 21:12:23 - mmengine - INFO - paramwise_options -- backbone.norm2.weight:decay_mult=1.0
09/30 21:12:23 - mmengine - INFO - paramwise_options -- backbone.norm2.bias:lr=1e-05
09/30 21:12:23 - mmengine - INFO - paramwise_options -- backbone.norm2.bias:weight_decay=0.05
09/30 21:12:23 - mmengine - INFO - paramwise_options -- backbone.norm2.bias:lr_mult=0.1
09/30 21:12:23 - mmengine - INFO - paramwise_options -- backbone.norm2.bias:decay_mult=1.0
09/30 21:12:23 - mmengine - INFO - paramwise_options -- backbone.norm3.weight:lr=1e-05
09/30 21:12:23 - mmengine - INFO - paramwise_options -- backbone.norm3.weight:weight_decay=0.05
09/30 21:12:23 - mmengine - INFO - paramwise_options -- backbone.norm3.weight:lr_mult=0.1
09/30 21:12:23 - mmengine - INFO - paramwise_options -- backbone.norm3.weight:decay_mult=1.0
09/30 21:12:23 - mmengine - INFO - paramwise_options -- backbone.norm3.bias:lr=1e-05
09/30 21:12:23 - mmengine - INFO - paramwise_options -- backbone.norm3.bias:weight_decay=0.05
09/30 21:12:23 - mmengine - INFO - paramwise_options -- backbone.norm3.bias:lr_mult=0.1
09/30 21:12:23 - mmengine - INFO - paramwise_options -- backbone.norm3.bias:decay_mult=1.0
09/30 21:12:23 - mmengine - INFO - paramwise_options -- decode_head.pixel_decoder.input_convs.0.gn.weight:weight_decay=0.0
09/30 21:12:23 - mmengine - INFO - paramwise_options -- decode_head.pixel_decoder.input_convs.0.gn.bias:weight_decay=0.0
09/30 21:12:23 - mmengine - INFO - paramwise_options -- decode_head.pixel_decoder.input_convs.1.gn.weight:weight_decay=0.0
09/30 21:12:23 - mmengine - INFO - paramwise_options -- decode_head.pixel_decoder.input_convs.1.gn.bias:weight_decay=0.0
09/30 21:12:23 - mmengine - INFO - paramwise_options -- decode_head.pixel_decoder.input_convs.2.gn.weight:weight_decay=0.0
09/30 21:12:23 - mmengine - INFO - paramwise_options -- decode_head.pixel_decoder.input_convs.2.gn.bias:weight_decay=0.0
09/30 21:12:23 - mmengine - INFO - paramwise_options -- decode_head.pixel_decoder.encoder.layers.0.norms.0.weight:weight_decay=0.0
09/30 21:12:23 - mmengine - INFO - paramwise_options -- decode_head.pixel_decoder.encoder.layers.0.norms.0.bias:weight_decay=0.0
09/30 21:12:23 - mmengine - INFO - paramwise_options -- decode_head.pixel_decoder.encoder.layers.0.norms.1.weight:weight_decay=0.0
09/30 21:12:23 - mmengine - INFO - paramwise_options -- decode_head.pixel_decoder.encoder.layers.0.norms.1.bias:weight_decay=0.0
09/30 21:12:23 - mmengine - INFO - paramwise_options -- decode_head.pixel_decoder.encoder.layers.1.norms.0.weight:weight_decay=0.0
09/30 21:12:23 - mmengine - INFO - paramwise_options -- decode_head.pixel_decoder.encoder.layers.1.norms.0.bias:weight_decay=0.0
09/30 21:12:23 - mmengine - INFO - paramwise_options -- decode_head.pixel_decoder.encoder.layers.1.norms.1.weight:weight_decay=0.0
09/30 21:12:23 - mmengine - INFO - paramwise_options -- decode_head.pixel_decoder.encoder.layers.1.norms.1.bias:weight_decay=0.0
09/30 21:12:23 - mmengine - INFO - paramwise_options -- decode_head.pixel_decoder.encoder.layers.2.norms.0.weight:weight_decay=0.0
09/30 21:12:23 - mmengine - INFO - paramwise_options -- decode_head.pixel_decoder.encoder.layers.2.norms.0.bias:weight_decay=0.0
09/30 21:12:23 - mmengine - INFO - paramwise_options -- decode_head.pixel_decoder.encoder.layers.2.norms.1.weight:weight_decay=0.0
09/30 21:12:23 - mmengine - INFO - paramwise_options -- decode_head.pixel_decoder.encoder.layers.2.norms.1.bias:weight_decay=0.0
09/30 21:12:23 - mmengine - INFO - paramwise_options -- decode_head.pixel_decoder.encoder.layers.3.norms.0.weight:weight_decay=0.0
09/30 21:12:23 - mmengine - INFO - paramwise_options -- decode_head.pixel_decoder.encoder.layers.3.norms.0.bias:weight_decay=0.0
09/30 21:12:23 - mmengine - INFO - paramwise_options -- decode_head.pixel_decoder.encoder.layers.3.norms.1.weight:weight_decay=0.0
09/30 21:12:23 - mmengine - INFO - paramwise_options -- decode_head.pixel_decoder.encoder.layers.3.norms.1.bias:weight_decay=0.0
09/30 21:12:23 - mmengine - INFO - paramwise_options -- decode_head.pixel_decoder.encoder.layers.4.norms.0.weight:weight_decay=0.0
09/30 21:12:23 - mmengine - INFO - paramwise_options -- decode_head.pixel_decoder.encoder.layers.4.norms.0.bias:weight_decay=0.0
09/30 21:12:23 - mmengine - INFO - paramwise_options -- decode_head.pixel_decoder.encoder.layers.4.norms.1.weight:weight_decay=0.0
09/30 21:12:23 - mmengine - INFO - paramwise_options -- decode_head.pixel_decoder.encoder.layers.4.norms.1.bias:weight_decay=0.0
09/30 21:12:23 - mmengine - INFO - paramwise_options -- decode_head.pixel_decoder.encoder.layers.5.norms.0.weight:weight_decay=0.0
09/30 21:12:23 - mmengine - INFO - paramwise_options -- decode_head.pixel_decoder.encoder.layers.5.norms.0.bias:weight_decay=0.0
09/30 21:12:23 - mmengine - INFO - paramwise_options -- decode_head.pixel_decoder.encoder.layers.5.norms.1.weight:weight_decay=0.0
09/30 21:12:23 - mmengine - INFO - paramwise_options -- decode_head.pixel_decoder.encoder.layers.5.norms.1.bias:weight_decay=0.0
09/30 21:12:23 - mmengine - INFO - paramwise_options -- decode_head.pixel_decoder.lateral_convs.0.gn.weight:weight_decay=0.0
09/30 21:12:23 - mmengine - INFO - paramwise_options -- decode_head.pixel_decoder.lateral_convs.0.gn.bias:weight_decay=0.0
09/30 21:12:23 - mmengine - INFO - paramwise_options -- decode_head.pixel_decoder.output_convs.0.gn.weight:weight_decay=0.0
09/30 21:12:23 - mmengine - INFO - paramwise_options -- decode_head.pixel_decoder.output_convs.0.gn.bias:weight_decay=0.0
09/30 21:12:23 - mmengine - INFO - paramwise_options -- decode_head.transformer_decoder.layers.0.norms.0.weight:weight_decay=0.0
09/30 21:12:23 - mmengine - INFO - paramwise_options -- decode_head.transformer_decoder.layers.0.norms.0.bias:weight_decay=0.0
09/30 21:12:23 - mmengine - INFO - paramwise_options -- decode_head.transformer_decoder.layers.0.norms.1.weight:weight_decay=0.0
09/30 21:12:23 - mmengine - INFO - paramwise_options -- decode_head.transformer_decoder.layers.0.norms.1.bias:weight_decay=0.0
09/30 21:12:23 - mmengine - INFO - paramwise_options -- decode_head.transformer_decoder.layers.0.norms.2.weight:weight_decay=0.0
09/30 21:12:23 - mmengine - INFO - paramwise_options -- decode_head.transformer_decoder.layers.0.norms.2.bias:weight_decay=0.0
09/30 21:12:23 - mmengine - INFO - paramwise_options -- decode_head.transformer_decoder.layers.1.norms.0.weight:weight_decay=0.0
09/30 21:12:23 - mmengine - INFO - paramwise_options -- decode_head.transformer_decoder.layers.1.norms.0.bias:weight_decay=0.0
09/30 21:12:23 - mmengine - INFO - paramwise_options -- decode_head.transformer_decoder.layers.1.norms.1.weight:weight_decay=0.0
09/30 21:12:23 - mmengine - INFO - paramwise_options -- decode_head.transformer_decoder.layers.1.norms.1.bias:weight_decay=0.0
09/30 21:12:23 - mmengine - INFO - paramwise_options -- decode_head.transformer_decoder.layers.1.norms.2.weight:weight_decay=0.0
09/30 21:12:23 - mmengine - INFO - paramwise_options -- decode_head.transformer_decoder.layers.1.norms.2.bias:weight_decay=0.0
09/30 21:12:23 - mmengine - INFO - paramwise_options -- decode_head.transformer_decoder.layers.2.norms.0.weight:weight_decay=0.0
09/30 21:12:23 - mmengine - INFO - paramwise_options -- decode_head.transformer_decoder.layers.2.norms.0.bias:weight_decay=0.0
09/30 21:12:23 - mmengine - INFO - paramwise_options -- decode_head.transformer_decoder.layers.2.norms.1.weight:weight_decay=0.0
09/30 21:12:23 - mmengine - INFO - paramwise_options -- decode_head.transformer_decoder.layers.2.norms.1.bias:weight_decay=0.0
09/30 21:12:23 - mmengine - INFO - paramwise_options -- decode_head.transformer_decoder.layers.2.norms.2.weight:weight_decay=0.0
09/30 21:12:23 - mmengine - INFO - paramwise_options -- decode_head.transformer_decoder.layers.2.norms.2.bias:weight_decay=0.0
09/30 21:12:23 - mmengine - INFO - paramwise_options -- decode_head.transformer_decoder.layers.3.norms.0.weight:weight_decay=0.0
09/30 21:12:23 - mmengine - INFO - paramwise_options -- decode_head.transformer_decoder.layers.3.norms.0.bias:weight_decay=0.0
09/30 21:12:23 - mmengine - INFO - paramwise_options -- decode_head.transformer_decoder.layers.3.norms.1.weight:weight_decay=0.0
09/30 21:12:23 - mmengine - INFO - paramwise_options -- decode_head.transformer_decoder.layers.3.norms.1.bias:weight_decay=0.0
09/30 21:12:23 - mmengine - INFO - paramwise_options -- decode_head.transformer_decoder.layers.3.norms.2.weight:weight_decay=0.0
09/30 21:12:23 - mmengine - INFO - paramwise_options -- decode_head.transformer_decoder.layers.3.norms.2.bias:weight_decay=0.0
09/30 21:12:23 - mmengine - INFO - paramwise_options -- decode_head.transformer_decoder.layers.4.norms.0.weight:weight_decay=0.0
09/30 21:12:23 - mmengine - INFO - paramwise_options -- decode_head.transformer_decoder.layers.4.norms.0.bias:weight_decay=0.0
09/30 21:12:23 - mmengine - INFO - paramwise_options -- decode_head.transformer_decoder.layers.4.norms.1.weight:weight_decay=0.0
09/30 21:12:23 - mmengine - INFO - paramwise_options -- decode_head.transformer_decoder.layers.4.norms.1.bias:weight_decay=0.0
09/30 21:12:23 - mmengine - INFO - paramwise_options -- decode_head.transformer_decoder.layers.4.norms.2.weight:weight_decay=0.0
09/30 21:12:23 - mmengine - INFO - paramwise_options -- decode_head.transformer_decoder.layers.4.norms.2.bias:weight_decay=0.0
09/30 21:12:23 - mmengine - INFO - paramwise_options -- decode_head.transformer_decoder.layers.5.norms.0.weight:weight_decay=0.0
09/30 21:12:23 - mmengine - INFO - paramwise_options -- decode_head.transformer_decoder.layers.5.norms.0.bias:weight_decay=0.0
09/30 21:12:23 - mmengine - INFO - paramwise_options -- decode_head.transformer_decoder.layers.5.norms.1.weight:weight_decay=0.0
09/30 21:12:23 - mmengine - INFO - paramwise_options -- decode_head.transformer_decoder.layers.5.norms.1.bias:weight_decay=0.0
09/30 21:12:23 - mmengine - INFO - paramwise_options -- decode_head.transformer_decoder.layers.5.norms.2.weight:weight_decay=0.0
09/30 21:12:23 - mmengine - INFO - paramwise_options -- decode_head.transformer_decoder.layers.5.norms.2.bias:weight_decay=0.0
09/30 21:12:23 - mmengine - INFO - paramwise_options -- decode_head.transformer_decoder.layers.6.norms.0.weight:weight_decay=0.0
09/30 21:12:23 - mmengine - INFO - paramwise_options -- decode_head.transformer_decoder.layers.6.norms.0.bias:weight_decay=0.0
09/30 21:12:23 - mmengine - INFO - paramwise_options -- decode_head.transformer_decoder.layers.6.norms.1.weight:weight_decay=0.0
09/30 21:12:23 - mmengine - INFO - paramwise_options -- decode_head.transformer_decoder.layers.6.norms.1.bias:weight_decay=0.0
09/30 21:12:23 - mmengine - INFO - paramwise_options -- decode_head.transformer_decoder.layers.6.norms.2.weight:weight_decay=0.0
09/30 21:12:23 - mmengine - INFO - paramwise_options -- decode_head.transformer_decoder.layers.6.norms.2.bias:weight_decay=0.0
09/30 21:12:23 - mmengine - INFO - paramwise_options -- decode_head.transformer_decoder.layers.7.norms.0.weight:weight_decay=0.0
09/30 21:12:23 - mmengine - INFO - paramwise_options -- decode_head.transformer_decoder.layers.7.norms.0.bias:weight_decay=0.0
09/30 21:12:23 - mmengine - INFO - paramwise_options -- decode_head.transformer_decoder.layers.7.norms.1.weight:weight_decay=0.0
09/30 21:12:23 - mmengine - INFO - paramwise_options -- decode_head.transformer_decoder.layers.7.norms.1.bias:weight_decay=0.0
09/30 21:12:23 - mmengine - INFO - paramwise_options -- decode_head.transformer_decoder.layers.7.norms.2.weight:weight_decay=0.0
09/30 21:12:23 - mmengine - INFO - paramwise_options -- decode_head.transformer_decoder.layers.7.norms.2.bias:weight_decay=0.0
09/30 21:12:23 - mmengine - INFO - paramwise_options -- decode_head.transformer_decoder.layers.8.norms.0.weight:weight_decay=0.0
09/30 21:12:23 - mmengine - INFO - paramwise_options -- decode_head.transformer_decoder.layers.8.norms.0.bias:weight_decay=0.0
09/30 21:12:23 - mmengine - INFO - paramwise_options -- decode_head.transformer_decoder.layers.8.norms.1.weight:weight_decay=0.0
09/30 21:12:23 - mmengine - INFO - paramwise_options -- decode_head.transformer_decoder.layers.8.norms.1.bias:weight_decay=0.0
09/30 21:12:23 - mmengine - INFO - paramwise_options -- decode_head.transformer_decoder.layers.8.norms.2.weight:weight_decay=0.0
09/30 21:12:23 - mmengine - INFO - paramwise_options -- decode_head.transformer_decoder.layers.8.norms.2.bias:weight_decay=0.0
09/30 21:12:23 - mmengine - INFO - paramwise_options -- decode_head.transformer_decoder.post_norm.weight:weight_decay=0.0
09/30 21:12:23 - mmengine - INFO - paramwise_options -- decode_head.transformer_decoder.post_norm.bias:weight_decay=0.0
09/30 21:12:23 - mmengine - INFO - paramwise_options -- decode_head.query_embed.weight:lr=0.0001
09/30 21:12:23 - mmengine - INFO - paramwise_options -- decode_head.query_embed.weight:weight_decay=0.0
09/30 21:12:23 - mmengine - INFO - paramwise_options -- decode_head.query_embed.weight:lr_mult=1.0
09/30 21:12:23 - mmengine - INFO - paramwise_options -- decode_head.query_embed.weight:decay_mult=0.0
09/30 21:12:23 - mmengine - INFO - paramwise_options -- decode_head.query_feat.weight:lr=0.0001
09/30 21:12:23 - mmengine - INFO - paramwise_options -- decode_head.query_feat.weight:weight_decay=0.0
09/30 21:12:23 - mmengine - INFO - paramwise_options -- decode_head.query_feat.weight:lr_mult=1.0
09/30 21:12:23 - mmengine - INFO - paramwise_options -- decode_head.query_feat.weight:decay_mult=0.0
09/30 21:12:23 - mmengine - INFO - paramwise_options -- decode_head.level_embed.weight:lr=0.0001
09/30 21:12:23 - mmengine - INFO - paramwise_options -- decode_head.level_embed.weight:weight_decay=0.0
09/30 21:12:23 - mmengine - INFO - paramwise_options -- decode_head.level_embed.weight:lr_mult=1.0
09/30 21:12:23 - mmengine - INFO - paramwise_options -- decode_head.level_embed.weight:decay_mult=0.0
09/30 21:12:23 - mmengine - WARNING - The prefix is not set in metric class IoUMetric.
Loads checkpoint by local backend from path: /root/hyperseg/models/swin_l/swin_large_patch4_window12_384_22k_20220412-6580f57d.pth
09/30 21:12:24 - mmengine - WARNING - "FileClient" will be deprecated in future. Please use io functions in https://mmengine.readthedocs.io/en/latest/api/fileio.html#file-io
09/30 21:12:24 - mmengine - WARNING - "HardDiskBackend" is the alias of "LocalBackend" and the former will be deprecated in future.
09/30 21:12:24 - mmengine - INFO - Checkpoints will be saved to /root/hyperseg/runs/mask2former_uav/h2_swin_l_mask2former_20k_seed3407_fp32.
/root/miniconda3/lib/python3.12/site-packages/torch/functional.py:512: UserWarning: torch.meshgrid: in an upcoming release, it will be required to pass the indexing argument. (Triggered internally at ../aten/src/ATen/native/TensorShape.cpp:3587.)
  return _VF.meshgrid(tensors, **kwargs)  # type: ignore[attr-defined]
09/30 21:12:40 - mmengine - INFO - Iter(train) [   50/20000]  base_lr: 9.9779e-05 lr: 9.9779e-06  eta: 1:46:43  time: 0.2971  data_time: 0.0110  memory: 8441  grad_norm: 181.6094  loss: 80.2807  decode.loss_cls: 1.9925  decode.loss_mask: 3.1260  decode.loss_dice: 3.3060  decode.d0.loss_cls: 4.1739  decode.d0.loss_mask: 2.6969  decode.d0.loss_dice: 3.0418  decode.d1.loss_cls: 1.7006  decode.d1.loss_mask: 2.7373  decode.d1.loss_dice: 3.1665  decode.d2.loss_cls: 1.5231  decode.d2.loss_mask: 2.7935  decode.d2.loss_dice: 3.1189  decode.d3.loss_cls: 1.5996  decode.d3.loss_mask: 2.7759  decode.d3.loss_dice: 3.1244  decode.d4.loss_cls: 1.8318  decode.d4.loss_mask: 2.7734  decode.d4.loss_dice: 3.1326  decode.d5.loss_cls: 1.9007  decode.d5.loss_mask: 2.7034  decode.d5.loss_dice: 3.1616  decode.d6.loss_cls: 1.8994  decode.d6.loss_mask: 2.6706  decode.d6.loss_dice: 3.2883  decode.d7.loss_cls: 1.9284  decode.d7.loss_mask: 2.7110  decode.d7.loss_dice: 3.2988  decode.d8.loss_cls: 1.9722  decode.d8.loss_mask: 2.9003  decode.d8.loss_dice: 3.2313
09/30 21:12:55 - mmengine - INFO - Iter(train) [  100/20000]  base_lr: 9.9554e-05 lr: 9.9554e-06  eta: 1:42:17  time: 0.2953  data_time: 0.0109  memory: 8445  grad_norm: 319.1196  loss: 68.9364  decode.loss_cls: 1.8747  decode.loss_mask: 2.2152  decode.loss_dice: 2.8385  decode.d0.loss_cls: 4.2628  decode.d0.loss_mask: 2.2950  decode.d0.loss_dice: 2.7848  decode.d1.loss_cls: 1.5874  decode.d1.loss_mask: 2.2292  decode.d1.loss_dice: 2.6995  decode.d2.loss_cls: 1.5831  decode.d2.loss_mask: 2.2801  decode.d2.loss_dice: 2.6488  decode.d3.loss_cls: 1.5929  decode.d3.loss_mask: 2.2592  decode.d3.loss_dice: 2.6210  decode.d4.loss_cls: 1.5141  decode.d4.loss_mask: 2.3144  decode.d4.loss_dice: 2.6516  decode.d5.loss_cls: 1.6211  decode.d5.loss_mask: 2.2247  decode.d5.loss_dice: 2.6818  decode.d6.loss_cls: 1.6548  decode.d6.loss_mask: 2.2415  decode.d6.loss_dice: 2.7393  decode.d7.loss_cls: 1.6956  decode.d7.loss_mask: 2.2592  decode.d7.loss_dice: 2.7825  decode.d8.loss_cls: 1.6971  decode.d8.loss_mask: 2.2727  decode.d8.loss_dice: 2.8138
09/30 21:13:10 - mmengine - INFO - Iter(train) [  150/20000]  base_lr: 9.9329e-05 lr: 9.9329e-06  eta: 1:40:34  time: 0.2939  data_time: 0.0106  memory: 8434  grad_norm: 277.7988  loss: 71.4061  decode.loss_cls: 2.0045  decode.loss_mask: 2.0467  decode.loss_dice: 2.8743  decode.d0.loss_cls: 4.1503  decode.d0.loss_mask: 2.1345  decode.d0.loss_dice: 3.0207  decode.d1.loss_cls: 1.6114  decode.d1.loss_mask: 2.0502  decode.d1.loss_dice: 2.9297  decode.d2.loss_cls: 1.7831  decode.d2.loss_mask: 2.1152  decode.d2.loss_dice: 2.9035  decode.d3.loss_cls: 1.8970  decode.d3.loss_mask: 2.1124  decode.d3.loss_dice: 2.9302  decode.d4.loss_cls: 1.8646  decode.d4.loss_mask: 2.1402  decode.d4.loss_dice: 2.9570  decode.d5.loss_cls: 1.9035  decode.d5.loss_mask: 2.0944  decode.d5.loss_dice: 2.9602  decode.d6.loss_cls: 1.9419  decode.d6.loss_mask: 2.0923  decode.d6.loss_dice: 2.9383  decode.d7.loss_cls: 1.9821  decode.d7.loss_mask: 2.0493  decode.d7.loss_dice: 2.8870  decode.d8.loss_cls: 2.0006  decode.d8.loss_mask: 2.1362  decode.d8.loss_dice: 2.8946
09/30 21:13:25 - mmengine - INFO - Iter(train) [  200/20000]  base_lr: 9.9104e-05 lr: 9.9104e-06  eta: 1:40:06  time: 0.3191  data_time: 0.0124  memory: 8445  grad_norm: 364.9738  loss: 63.2551  decode.loss_cls: 1.5055  decode.loss_mask: 2.2714  decode.loss_dice: 2.3149  decode.d0.loss_cls: 3.9893  decode.d0.loss_mask: 2.1610  decode.d0.loss_dice: 2.4315  decode.d1.loss_cls: 1.2244  decode.d1.loss_mask: 2.2780  decode.d1.loss_dice: 2.3684  decode.d2.loss_cls: 1.2375  decode.d2.loss_mask: 2.3597  decode.d2.loss_dice: 2.3365  decode.d3.loss_cls: 1.4225  decode.d3.loss_mask: 2.2520  decode.d3.loss_dice: 2.3079  decode.d4.loss_cls: 1.5318  decode.d4.loss_mask: 2.3146  decode.d4.loss_dice: 2.3207  decode.d5.loss_cls: 1.5751  decode.d5.loss_mask: 2.2404  decode.d5.loss_dice: 2.3631  decode.d6.loss_cls: 1.5823  decode.d6.loss_mask: 2.2044  decode.d6.loss_dice: 2.3016  decode.d7.loss_cls: 1.6226  decode.d7.loss_mask: 2.2782  decode.d7.loss_dice: 2.3427  decode.d8.loss_cls: 1.5614  decode.d8.loss_mask: 2.2309  decode.d8.loss_dice: 2.3247
09/30 21:13:40 - mmengine - INFO - Iter(train) [  250/20000]  base_lr: 9.8879e-05 lr: 9.8879e-06  eta: 1:39:37  time: 0.2961  data_time: 0.0109  memory: 8455  grad_norm: 535.6106  loss: 64.1015  decode.loss_cls: 1.6479  decode.loss_mask: 2.2034  decode.loss_dice: 2.2967  decode.d0.loss_cls: 4.0489  decode.d0.loss_mask: 2.1921  decode.d0.loss_dice: 2.4720  decode.d1.loss_cls: 1.3885  decode.d1.loss_mask: 2.1946  decode.d1.loss_dice: 2.3578  decode.d2.loss_cls: 1.5924  decode.d2.loss_mask: 2.2882  decode.d2.loss_dice: 2.4229  decode.d3.loss_cls: 1.5433  decode.d3.loss_mask: 2.2440  decode.d3.loss_dice: 2.3549  decode.d4.loss_cls: 1.6259  decode.d4.loss_mask: 2.1933  decode.d4.loss_dice: 2.3198  decode.d5.loss_cls: 1.6684  decode.d5.loss_mask: 2.2440  decode.d5.loss_dice: 2.3079  decode.d6.loss_cls: 1.6611  decode.d6.loss_mask: 2.1836  decode.d6.loss_dice: 2.2963  decode.d7.loss_cls: 1.6653  decode.d7.loss_mask: 2.2094  decode.d7.loss_dice: 2.3544  decode.d8.loss_cls: 1.6112  decode.d8.loss_mask: 2.2203  decode.d8.loss_dice: 2.2928
09/30 21:13:55 - mmengine - INFO - Iter(train) [  300/20000]  base_lr: 9.8653e-05 lr: 9.8653e-06  eta: 1:39:30  time: 0.3124  data_time: 0.0120  memory: 8435  grad_norm: 308.7460  loss: 64.3417  decode.loss_cls: 1.9505  decode.loss_mask: 2.0575  decode.loss_dice: 2.4360  decode.d0.loss_cls: 4.0483  decode.d0.loss_mask: 2.0548  decode.d0.loss_dice: 2.5742  decode.d1.loss_cls: 1.5266  decode.d1.loss_mask: 2.0963  decode.d1.loss_dice: 2.4044  decode.d2.loss_cls: 1.5515  decode.d2.loss_mask: 2.1158  decode.d2.loss_dice: 2.4025  decode.d3.loss_cls: 1.4724  decode.d3.loss_mask: 2.1154  decode.d3.loss_dice: 2.4128  decode.d4.loss_cls: 1.6013  decode.d4.loss_mask: 2.1056  decode.d4.loss_dice: 2.4857  decode.d5.loss_cls: 1.6758  decode.d5.loss_mask: 2.0683  decode.d5.loss_dice: 2.4136  decode.d6.loss_cls: 1.6853  decode.d6.loss_mask: 2.0241  decode.d6.loss_dice: 2.4133  decode.d7.loss_cls: 1.9546  decode.d7.loss_mask: 2.1001  decode.d7.loss_dice: 2.3815  decode.d8.loss_cls: 1.7461  decode.d8.loss_mask: 2.0384  decode.d8.loss_dice: 2.4292
09/30 21:14:10 - mmengine - INFO - Iter(train) [  350/20000]  base_lr: 9.8428e-05 lr: 9.8428e-06  eta: 1:39:13  time: 0.2991  data_time: 0.0110  memory: 8435  grad_norm: 528.3329  loss: 53.6571  decode.loss_cls: 1.3138  decode.loss_mask: 2.0869  decode.loss_dice: 1.8479  decode.d0.loss_cls: 3.8736  decode.d0.loss_mask: 2.0184  decode.d0.loss_dice: 1.9657  decode.d1.loss_cls: 1.0881  decode.d1.loss_mask: 2.0785  decode.d1.loss_dice: 1.8561  decode.d2.loss_cls: 1.1387  decode.d2.loss_mask: 2.0463  decode.d2.loss_dice: 1.8532  decode.d3.loss_cls: 1.0480  decode.d3.loss_mask: 2.0499  decode.d3.loss_dice: 1.8225  decode.d4.loss_cls: 1.1811  decode.d4.loss_mask: 2.0539  decode.d4.loss_dice: 1.8120  decode.d5.loss_cls: 1.2548  decode.d5.loss_mask: 2.1023  decode.d5.loss_dice: 1.8331  decode.d6.loss_cls: 1.3414  decode.d6.loss_mask: 1.9005  decode.d6.loss_dice: 1.7412  decode.d7.loss_cls: 1.3071  decode.d7.loss_mask: 2.0502  decode.d7.loss_dice: 1.7742  decode.d8.loss_cls: 1.3857  decode.d8.loss_mask: 2.0241  decode.d8.loss_dice: 1.8079
09/30 21:14:25 - mmengine - INFO - Iter(train) [  400/20000]  base_lr: 9.8203e-05 lr: 9.8203e-06  eta: 1:38:43  time: 0.2934  data_time: 0.0107  memory: 8465  grad_norm: 469.0770  loss: 60.0401  decode.loss_cls: 1.4735  decode.loss_mask: 2.1094  decode.loss_dice: 2.3663  decode.d0.loss_cls: 3.7624  decode.d0.loss_mask: 2.0683  decode.d0.loss_dice: 2.3582  decode.d1.loss_cls: 1.2797  decode.d1.loss_mask: 1.9919  decode.d1.loss_dice: 2.2603  decode.d2.loss_cls: 1.4289  decode.d2.loss_mask: 2.1424  decode.d2.loss_dice: 2.2744  decode.d3.loss_cls: 1.3540  decode.d3.loss_mask: 2.1685  decode.d3.loss_dice: 2.2984  decode.d4.loss_cls: 1.3473  decode.d4.loss_mask: 2.1256  decode.d4.loss_dice: 2.2225  decode.d5.loss_cls: 1.3230  decode.d5.loss_mask: 2.0756  decode.d5.loss_dice: 2.2403  decode.d6.loss_cls: 1.3687  decode.d6.loss_mask: 2.1193  decode.d6.loss_dice: 2.3122  decode.d7.loss_cls: 1.3936  decode.d7.loss_mask: 2.0778  decode.d7.loss_dice: 2.2202  decode.d8.loss_cls: 1.5251  decode.d8.loss_mask: 2.1205  decode.d8.loss_dice: 2.2319
09/30 21:14:40 - mmengine - INFO - Iter(train) [  450/20000]  base_lr: 9.7977e-05 lr: 9.7977e-06  eta: 1:38:22  time: 0.2958  data_time: 0.0109  memory: 8445  grad_norm: 607.9983  loss: 60.1981  decode.loss_cls: 1.6369  decode.loss_mask: 2.1183  decode.loss_dice: 1.9809  decode.d0.loss_cls: 3.7462  decode.d0.loss_mask: 2.0997  decode.d0.loss_dice: 2.2745  decode.d1.loss_cls: 1.4982  decode.d1.loss_mask: 2.1478  decode.d1.loss_dice: 2.2123  decode.d2.loss_cls: 1.5395  decode.d2.loss_mask: 2.0419  decode.d2.loss_dice: 2.0603  decode.d3.loss_cls: 1.6930  decode.d3.loss_mask: 2.0199  decode.d3.loss_dice: 1.9770  decode.d4.loss_cls: 1.6482  decode.d4.loss_mask: 2.1592  decode.d4.loss_dice: 2.0552  decode.d5.loss_cls: 1.7201  decode.d5.loss_mask: 2.1090  decode.d5.loss_dice: 1.9891  decode.d6.loss_cls: 1.8638  decode.d6.loss_mask: 2.0581  decode.d6.loss_dice: 1.9552  decode.d7.loss_cls: 1.7159  decode.d7.loss_mask: 2.0951  decode.d7.loss_dice: 1.9942  decode.d8.loss_cls: 1.6266  decode.d8.loss_mask: 2.1623  decode.d8.loss_dice: 1.9995
09/30 21:14:55 - mmengine - INFO - Iter(train) [  500/20000]  base_lr: 9.7752e-05 lr: 9.7752e-06  eta: 1:37:58  time: 0.3051  data_time: 0.0115  memory: 8428  grad_norm: 452.5139  loss: 59.9360  decode.loss_cls: 1.5860  decode.loss_mask: 2.0959  decode.loss_dice: 2.1095  decode.d0.loss_cls: 3.7639  decode.d0.loss_mask: 2.0211  decode.d0.loss_dice: 2.3843  decode.d1.loss_cls: 1.3015  decode.d1.loss_mask: 2.0742  decode.d1.loss_dice: 2.2422  decode.d2.loss_cls: 1.3353  decode.d2.loss_mask: 2.0430  decode.d2.loss_dice: 2.1845  decode.d3.loss_cls: 1.3773  decode.d3.loss_mask: 2.0925  decode.d3.loss_dice: 2.1657  decode.d4.loss_cls: 1.5742  decode.d4.loss_mask: 2.0686  decode.d4.loss_dice: 2.1248  decode.d5.loss_cls: 1.4802  decode.d5.loss_mask: 2.2580  decode.d5.loss_dice: 2.2127  decode.d6.loss_cls: 1.4682  decode.d6.loss_mask: 2.1008  decode.d6.loss_dice: 2.1936  decode.d7.loss_cls: 1.6234  decode.d7.loss_mask: 2.1167  decode.d7.loss_dice: 2.0766  decode.d8.loss_cls: 1.6717  decode.d8.loss_mask: 2.0805  decode.d8.loss_dice: 2.1091
09/30 21:15:10 - mmengine - INFO - Iter(train) [  550/20000]  base_lr: 9.7526e-05 lr: 9.7526e-06  eta: 1:37:36  time: 0.2928  data_time: 0.0106  memory: 8448  grad_norm: 436.9154  loss: 59.0413  decode.loss_cls: 1.6267  decode.loss_mask: 2.1451  decode.loss_dice: 2.0424  decode.d0.loss_cls: 3.7283  decode.d0.loss_mask: 2.1463  decode.d0.loss_dice: 2.0951  decode.d1.loss_cls: 1.3828  decode.d1.loss_mask: 2.1372  decode.d1.loss_dice: 2.0005  decode.d2.loss_cls: 1.4610  decode.d2.loss_mask: 2.1220  decode.d2.loss_dice: 1.9810  decode.d3.loss_cls: 1.4785  decode.d3.loss_mask: 2.1593  decode.d3.loss_dice: 2.0291  decode.d4.loss_cls: 1.5851  decode.d4.loss_mask: 2.1862  decode.d4.loss_dice: 2.1300  decode.d5.loss_cls: 1.5501  decode.d5.loss_mask: 2.1265  decode.d5.loss_dice: 2.0869  decode.d6.loss_cls: 1.5212  decode.d6.loss_mask: 2.0597  decode.d6.loss_dice: 1.9526  decode.d7.loss_cls: 1.5515  decode.d7.loss_mask: 2.0220  decode.d7.loss_dice: 1.9338  decode.d8.loss_cls: 1.5640  decode.d8.loss_mask: 2.1551  decode.d8.loss_dice: 2.0814
09/30 21:15:25 - mmengine - INFO - Iter(train) [  600/20000]  base_lr: 9.7300e-05 lr: 9.7300e-06  eta: 1:37:17  time: 0.3094  data_time: 0.0123  memory: 8455  grad_norm: 494.4558  loss: 54.6772  decode.loss_cls: 1.5232  decode.loss_mask: 1.7727  decode.loss_dice: 2.1296  decode.d0.loss_cls: 3.5605  decode.d0.loss_mask: 1.6816  decode.d0.loss_dice: 2.2848  decode.d1.loss_cls: 1.3140  decode.d1.loss_mask: 1.7112  decode.d1.loss_dice: 2.1782  decode.d2.loss_cls: 1.3547  decode.d2.loss_mask: 1.6836  decode.d2.loss_dice: 2.0860  decode.d3.loss_cls: 1.3696  decode.d3.loss_mask: 1.6855  decode.d3.loss_dice: 2.1111  decode.d4.loss_cls: 1.3929  decode.d4.loss_mask: 1.6921  decode.d4.loss_dice: 2.0878  decode.d5.loss_cls: 1.4672  decode.d5.loss_mask: 1.6894  decode.d5.loss_dice: 2.0751  decode.d6.loss_cls: 1.4130  decode.d6.loss_mask: 1.6866  decode.d6.loss_dice: 2.1265  decode.d7.loss_cls: 1.4182  decode.d7.loss_mask: 1.6713  decode.d7.loss_dice: 2.1189  decode.d8.loss_cls: 1.5157  decode.d8.loss_mask: 1.7458  decode.d8.loss_dice: 2.1306
09/30 21:15:40 - mmengine - INFO - Iter(train) [  650/20000]  base_lr: 9.7075e-05 lr: 9.7075e-06  eta: 1:37:06  time: 0.3145  data_time: 0.0122  memory: 8456  grad_norm: 364.3415  loss: 55.5966  decode.loss_cls: 1.4509  decode.loss_mask: 2.0642  decode.loss_dice: 1.9666  decode.d0.loss_cls: 3.5249  decode.d0.loss_mask: 2.0454  decode.d0.loss_dice: 2.0630  decode.d1.loss_cls: 1.2246  decode.d1.loss_mask: 2.0016  decode.d1.loss_dice: 1.8761  decode.d2.loss_cls: 1.2203  decode.d2.loss_mask: 2.0615  decode.d2.loss_dice: 1.8919  decode.d3.loss_cls: 1.2653  decode.d3.loss_mask: 2.0710  decode.d3.loss_dice: 1.9009  decode.d4.loss_cls: 1.2690  decode.d4.loss_mask: 2.0916  decode.d4.loss_dice: 1.9364  decode.d5.loss_cls: 1.2453  decode.d5.loss_mask: 2.1841  decode.d5.loss_dice: 2.0649  decode.d6.loss_cls: 1.2365  decode.d6.loss_mask: 2.1342  decode.d6.loss_dice: 2.0157  decode.d7.loss_cls: 1.2041  decode.d7.loss_mask: 2.1037  decode.d7.loss_dice: 1.9883  decode.d8.loss_cls: 1.3848  decode.d8.loss_mask: 2.1222  decode.d8.loss_dice: 1.9877
09/30 21:15:55 - mmengine - INFO - Iter(train) [  700/20000]  base_lr: 9.6849e-05 lr: 9.6849e-06  eta: 1:36:51  time: 0.3001  data_time: 0.0109  memory: 8441  grad_norm: 515.6075  loss: 56.2675  decode.loss_cls: 1.5831  decode.loss_mask: 1.9275  decode.loss_dice: 2.0560  decode.d0.loss_cls: 3.4837  decode.d0.loss_mask: 1.8350  decode.d0.loss_dice: 1.9958  decode.d1.loss_cls: 1.4399  decode.d1.loss_mask: 1.9866  decode.d1.loss_dice: 1.9808  decode.d2.loss_cls: 1.4891  decode.d2.loss_mask: 1.9712  decode.d2.loss_dice: 2.0084  decode.d3.loss_cls: 1.4044  decode.d3.loss_mask: 1.9979  decode.d3.loss_dice: 2.0527  decode.d4.loss_cls: 1.2501  decode.d4.loss_mask: 2.0249  decode.d4.loss_dice: 2.0025  decode.d5.loss_cls: 1.2675  decode.d5.loss_mask: 2.0136  decode.d5.loss_dice: 2.0157  decode.d6.loss_cls: 1.2772  decode.d6.loss_mask: 2.0881  decode.d6.loss_dice: 2.0973  decode.d7.loss_cls: 1.3907  decode.d7.loss_mask: 2.0394  decode.d7.loss_dice: 2.0329  decode.d8.loss_cls: 1.4428  decode.d8.loss_mask: 2.0273  decode.d8.loss_dice: 2.0852
09/30 21:16:10 - mmengine - INFO - Iter(train) [  750/20000]  base_lr: 9.6623e-05 lr: 9.6623e-06  eta: 1:36:34  time: 0.2978  data_time: 0.0109  memory: 8441  grad_norm: 415.6521  loss: 53.7921  decode.loss_cls: 1.2276  decode.loss_mask: 2.0101  decode.loss_dice: 2.0960  decode.d0.loss_cls: 3.4506  decode.d0.loss_mask: 1.7939  decode.d0.loss_dice: 2.1209  decode.d1.loss_cls: 1.3332  decode.d1.loss_mask: 1.7733  decode.d1.loss_dice: 1.9948  decode.d2.loss_cls: 1.3430  decode.d2.loss_mask: 1.8011  decode.d2.loss_dice: 1.9273  decode.d3.loss_cls: 1.3783  decode.d3.loss_mask: 1.7442  decode.d3.loss_dice: 1.8912  decode.d4.loss_cls: 1.3733  decode.d4.loss_mask: 1.7506  decode.d4.loss_dice: 1.8568  decode.d5.loss_cls: 1.2308  decode.d5.loss_mask: 1.8504  decode.d5.loss_dice: 1.9452  decode.d6.loss_cls: 1.2075  decode.d6.loss_mask: 1.9548  decode.d6.loss_dice: 2.1109  decode.d7.loss_cls: 1.1703  decode.d7.loss_mask: 2.0696  decode.d7.loss_dice: 2.1235  decode.d8.loss_cls: 1.1963  decode.d8.loss_mask: 2.0274  decode.d8.loss_dice: 2.0393
09/30 21:16:25 - mmengine - INFO - Iter(train) [  800/20000]  base_lr: 9.6397e-05 lr: 9.6397e-06  eta: 1:36:18  time: 0.3076  data_time: 0.0111  memory: 8447  grad_norm: 353.1131  loss: 53.6344  decode.loss_cls: 1.2126  decode.loss_mask: 1.7871  decode.loss_dice: 2.1861  decode.d0.loss_cls: 3.3025  decode.d0.loss_mask: 1.7337  decode.d0.loss_dice: 2.2244  decode.d1.loss_cls: 1.2344  decode.d1.loss_mask: 1.7636  decode.d1.loss_dice: 2.1783  decode.d2.loss_cls: 1.2037  decode.d2.loss_mask: 1.7778  decode.d2.loss_dice: 2.1474  decode.d3.loss_cls: 1.2406  decode.d3.loss_mask: 1.7565  decode.d3.loss_dice: 2.1625  decode.d4.loss_cls: 1.2428  decode.d4.loss_mask: 1.7679  decode.d4.loss_dice: 2.1772  decode.d5.loss_cls: 1.1758  decode.d5.loss_mask: 1.7255  decode.d5.loss_dice: 2.0796  decode.d6.loss_cls: 1.2039  decode.d6.loss_mask: 1.8437  decode.d6.loss_dice: 2.1377  decode.d7.loss_cls: 1.1781  decode.d7.loss_mask: 1.8547  decode.d7.loss_dice: 2.1736  decode.d8.loss_cls: 1.0974  decode.d8.loss_mask: 1.8594  decode.d8.loss_dice: 2.2057
09/30 21:16:40 - mmengine - INFO - Iter(train) [  850/20000]  base_lr: 9.6171e-05 lr: 9.6171e-06  eta: 1:36:06  time: 0.3022  data_time: 0.0108  memory: 8456  grad_norm: 735.4299  loss: 58.1896  decode.loss_cls: 1.3427  decode.loss_mask: 2.2251  decode.loss_dice: 2.1549  decode.d0.loss_cls: 3.3231  decode.d0.loss_mask: 2.0579  decode.d0.loss_dice: 2.1992  decode.d1.loss_cls: 1.2971  decode.d1.loss_mask: 2.0918  decode.d1.loss_dice: 2.2160  decode.d2.loss_cls: 1.3436  decode.d2.loss_mask: 2.1285  decode.d2.loss_dice: 2.1046  decode.d3.loss_cls: 1.4379  decode.d3.loss_mask: 2.1513  decode.d3.loss_dice: 2.1202  decode.d4.loss_cls: 1.3497  decode.d4.loss_mask: 2.1316  decode.d4.loss_dice: 2.1330  decode.d5.loss_cls: 1.4083  decode.d5.loss_mask: 2.1271  decode.d5.loss_dice: 2.0868  decode.d6.loss_cls: 1.2367  decode.d6.loss_mask: 2.2155  decode.d6.loss_dice: 2.1687  decode.d7.loss_cls: 1.2210  decode.d7.loss_mask: 2.2410  decode.d7.loss_dice: 2.1359  decode.d8.loss_cls: 1.3127  decode.d8.loss_mask: 2.1433  decode.d8.loss_dice: 2.0846
09/30 21:16:55 - mmengine - INFO - Iter(train) [  900/20000]  base_lr: 9.5945e-05 lr: 9.5945e-06  eta: 1:35:55  time: 0.2934  data_time: 0.0104  memory: 8456  grad_norm: 641.6377  loss: 57.4477  decode.loss_cls: 1.1661  decode.loss_mask: 2.2143  decode.loss_dice: 2.1417  decode.d0.loss_cls: 3.2635  decode.d0.loss_mask: 1.9708  decode.d0.loss_dice: 2.2242  decode.d1.loss_cls: 1.1108  decode.d1.loss_mask: 2.1698  decode.d1.loss_dice: 2.2208  decode.d2.loss_cls: 1.1480  decode.d2.loss_mask: 2.3115  decode.d2.loss_dice: 2.1707  decode.d3.loss_cls: 1.1611  decode.d3.loss_mask: 2.3798  decode.d3.loss_dice: 2.2474  decode.d4.loss_cls: 1.1507  decode.d4.loss_mask: 2.2910  decode.d4.loss_dice: 2.1795  decode.d5.loss_cls: 1.0516  decode.d5.loss_mask: 2.2061  decode.d5.loss_dice: 2.1993  decode.d6.loss_cls: 1.0870  decode.d6.loss_mask: 2.1879  decode.d6.loss_dice: 2.2430  decode.d7.loss_cls: 1.0885  decode.d7.loss_mask: 2.1729  decode.d7.loss_dice: 2.1523  decode.d8.loss_cls: 1.1634  decode.d8.loss_mask: 2.2209  decode.d8.loss_dice: 2.1530
09/30 21:17:10 - mmengine - INFO - Iter(train) [  950/20000]  base_lr: 9.5719e-05 lr: 9.5719e-06  eta: 1:35:38  time: 0.2948  data_time: 0.0106  memory: 8434  grad_norm: 468.6242  loss: 47.5369  decode.loss_cls: 0.9192  decode.loss_mask: 1.8704  decode.loss_dice: 2.0026  decode.d0.loss_cls: 3.0067  decode.d0.loss_mask: 1.7061  decode.d0.loss_dice: 2.0906  decode.d1.loss_cls: 0.7832  decode.d1.loss_mask: 1.6805  decode.d1.loss_dice: 1.9143  decode.d2.loss_cls: 0.8114  decode.d2.loss_mask: 1.7766  decode.d2.loss_dice: 1.9124  decode.d3.loss_cls: 0.8065  decode.d3.loss_mask: 1.6785  decode.d3.loss_dice: 1.8518  decode.d4.loss_cls: 0.8511  decode.d4.loss_mask: 1.7221  decode.d4.loss_dice: 1.9232  decode.d5.loss_cls: 0.9053  decode.d5.loss_mask: 1.7650  decode.d5.loss_dice: 1.9543  decode.d6.loss_cls: 0.8056  decode.d6.loss_mask: 1.6749  decode.d6.loss_dice: 1.9500  decode.d7.loss_cls: 0.7925  decode.d7.loss_mask: 1.8105  decode.d7.loss_dice: 1.9719  decode.d8.loss_cls: 0.7801  decode.d8.loss_mask: 1.7947  decode.d8.loss_dice: 2.0247
09/30 21:17:25 - mmengine - INFO - Exp name: mask2former_swin_l_512_20260930_211218
09/30 21:17:25 - mmengine - INFO - Iter(train) [ 1000/20000]  base_lr: 9.5493e-05 lr: 9.5493e-06  eta: 1:35:19  time: 0.3064  data_time: 0.0117  memory: 8448  grad_norm: 781.0034  loss: 50.3628  decode.loss_cls: 1.1013  decode.loss_mask: 1.9255  decode.loss_dice: 1.8078  decode.d0.loss_cls: 3.1709  decode.d0.loss_mask: 1.9199  decode.d0.loss_dice: 1.9870  decode.d1.loss_cls: 1.0523  decode.d1.loss_mask: 1.9842  decode.d1.loss_dice: 1.8871  decode.d2.loss_cls: 1.1020  decode.d2.loss_mask: 1.9164  decode.d2.loss_dice: 1.7914  decode.d3.loss_cls: 0.9988  decode.d3.loss_mask: 1.9581  decode.d3.loss_dice: 1.8456  decode.d4.loss_cls: 1.1286  decode.d4.loss_mask: 1.9038  decode.d4.loss_dice: 1.8258  decode.d5.loss_cls: 1.1030  decode.d5.loss_mask: 1.8409  decode.d5.loss_dice: 1.8060  decode.d6.loss_cls: 0.9794  decode.d6.loss_mask: 1.9487  decode.d6.loss_dice: 1.8348  decode.d7.loss_cls: 0.9962  decode.d7.loss_mask: 1.8917  decode.d7.loss_dice: 1.8219  decode.d8.loss_cls: 1.0589  decode.d8.loss_mask: 1.9251  decode.d8.loss_dice: 1.8497
09/30 21:17:25 - mmengine - INFO - Saving checkpoint at 1000 iterations
09/30 21:17:34 - mmengine - INFO - Iter(val) [ 50/699]    eta: 0:01:19  time: 0.1130  data_time: 0.0033  memory: 3694  
09/30 21:17:39 - mmengine - INFO - Iter(val) [100/699]    eta: 0:01:10  time: 0.1131  data_time: 0.0033  memory: 3694  
09/30 21:17:45 - mmengine - INFO - Iter(val) [150/699]    eta: 0:01:04  time: 0.1164  data_time: 0.0040  memory: 3694  
09/30 21:17:51 - mmengine - INFO - Iter(val) [200/699]    eta: 0:00:57  time: 0.1148  data_time: 0.0035  memory: 3694  
09/30 21:17:57 - mmengine - INFO - Iter(val) [250/699]    eta: 0:00:51  time: 0.1135  data_time: 0.0034  memory: 3694  
09/30 21:18:02 - mmengine - INFO - Iter(val) [300/699]    eta: 0:00:46  time: 0.1145  data_time: 0.0038  memory: 3694  
09/30 21:18:08 - mmengine - INFO - Iter(val) [350/699]    eta: 0:00:40  time: 0.1135  data_time: 0.0034  memory: 3694  
09/30 21:18:14 - mmengine - INFO - Iter(val) [400/699]    eta: 0:00:34  time: 0.1139  data_time: 0.0034  memory: 3694  
09/30 21:18:19 - mmengine - INFO - Iter(val) [450/699]    eta: 0:00:28  time: 0.1139  data_time: 0.0034  memory: 3694  
09/30 21:18:25 - mmengine - INFO - Iter(val) [500/699]    eta: 0:00:22  time: 0.1147  data_time: 0.0036  memory: 3694  
09/30 21:18:31 - mmengine - INFO - Iter(val) [550/699]    eta: 0:00:17  time: 0.1150  data_time: 0.0035  memory: 3694  
09/30 21:18:37 - mmengine - INFO - Iter(val) [600/699]    eta: 0:00:11  time: 0.1147  data_time: 0.0039  memory: 3694  
09/30 21:18:42 - mmengine - INFO - Iter(val) [650/699]    eta: 0:00:05  time: 0.1149  data_time: 0.0036  memory: 3694  
09/30 21:18:48 - mmengine - INFO - per class results:
09/30 21:18:48 - mmengine - INFO - 
+--------------+-------+-------+
|    Class     |  IoU  |  Acc  |
+--------------+-------+-------+
|  Background  | 39.41 | 76.85 |
|   Building   | 30.18 | 31.46 |
|     Road     | 38.06 | 67.69 |
|    Water     | 46.89 | 59.52 |
|    Barren    |  0.0  |  0.0  |
|  Vegetation  | 78.14 | 85.25 |
| Agricultural |  0.0  |  0.0  |
|   Vehicle    | 55.97 | 70.59 |
+--------------+-------+-------+
09/30 21:18:48 - mmengine - INFO - Iter(val) [699/699]    aAcc: 62.1700  mIoU: 36.0800  mAcc: 48.9200  data_time: 0.0039  time: 0.1149
09/30 21:18:51 - mmengine - INFO - The best checkpoint with 36.0800 mIoU at 1000 iter is saved to best_mIoU_iter_1000.pth.
09/30 21:19:08 - mmengine - INFO - Iter(train) [ 1050/20000]  base_lr: 9.5267e-05 lr: 9.5267e-06  eta: 1:36:42  time: 0.3017  data_time: 0.0109  memory: 8437  grad_norm: 604.8733  loss: 47.0734  decode.loss_cls: 1.0556  decode.loss_mask: 1.9531  decode.loss_dice: 1.6115  decode.d0.loss_cls: 3.0938  decode.d0.loss_mask: 1.6569  decode.d0.loss_dice: 1.6676  decode.d1.loss_cls: 0.9333  decode.d1.loss_mask: 1.9569  decode.d1.loss_dice: 1.6559  decode.d2.loss_cls: 0.9284  decode.d2.loss_mask: 1.9234  decode.d2.loss_dice: 1.5664  decode.d3.loss_cls: 0.9578  decode.d3.loss_mask: 1.9815  decode.d3.loss_dice: 1.6027  decode.d4.loss_cls: 0.9225  decode.d4.loss_mask: 1.9149  decode.d4.loss_dice: 1.5567  decode.d5.loss_cls: 0.9002  decode.d5.loss_mask: 2.0529  decode.d5.loss_dice: 1.5825  decode.d6.loss_cls: 0.9217  decode.d6.loss_mask: 1.9950  decode.d6.loss_dice: 1.6176  decode.d7.loss_cls: 0.9139  decode.d7.loss_mask: 1.9834  decode.d7.loss_dice: 1.6540  decode.d8.loss_cls: 0.9722  decode.d8.loss_mask: 1.9267  decode.d8.loss_dice: 1.6142
09/30 21:19:24 - mmengine - INFO - Iter(train) [ 1100/20000]  base_lr: 9.5040e-05 lr: 9.5040e-06  eta: 1:36:26  time: 0.2989  data_time: 0.0109  memory: 8457  grad_norm: 453.1296  loss: 49.2402  decode.loss_cls: 1.1214  decode.loss_mask: 1.8174  decode.loss_dice: 1.9771  decode.d0.loss_cls: 2.8917  decode.d0.loss_mask: 1.7334  decode.d0.loss_dice: 2.0817  decode.d1.loss_cls: 0.8143  decode.d1.loss_mask: 1.7769  decode.d1.loss_dice: 1.9923  decode.d2.loss_cls: 0.8612  decode.d2.loss_mask: 1.7584  decode.d2.loss_dice: 2.0077  decode.d3.loss_cls: 0.9081  decode.d3.loss_mask: 1.7723  decode.d3.loss_dice: 2.0129  decode.d4.loss_cls: 0.9956  decode.d4.loss_mask: 1.7267  decode.d4.loss_dice: 1.9597  decode.d5.loss_cls: 0.9934  decode.d5.loss_mask: 1.7690  decode.d5.loss_dice: 2.0185  decode.d6.loss_cls: 0.9627  decode.d6.loss_mask: 1.7777  decode.d6.loss_dice: 2.0300  decode.d7.loss_cls: 0.9218  decode.d7.loss_mask: 1.7578  decode.d7.loss_dice: 2.0780  decode.d8.loss_cls: 0.9916  decode.d8.loss_mask: 1.7611  decode.d8.loss_dice: 1.9699
09/30 21:19:39 - mmengine - INFO - Iter(train) [ 1150/20000]  base_lr: 9.4814e-05 lr: 9.4814e-06  eta: 1:36:02  time: 0.2986  data_time: 0.0115  memory: 8457  grad_norm: 330.6964  loss: 50.7586  decode.loss_cls: 1.1273  decode.loss_mask: 1.7960  decode.loss_dice: 1.9818  decode.d0.loss_cls: 2.9201  decode.d0.loss_mask: 1.8345  decode.d0.loss_dice: 2.1151  decode.d1.loss_cls: 0.9577  decode.d1.loss_mask: 1.8581  decode.d1.loss_dice: 2.0327  decode.d2.loss_cls: 0.9708  decode.d2.loss_mask: 1.7829  decode.d2.loss_dice: 1.9939  decode.d3.loss_cls: 1.0524  decode.d3.loss_mask: 1.7713  decode.d3.loss_dice: 1.9552  decode.d4.loss_cls: 1.0869  decode.d4.loss_mask: 1.7884  decode.d4.loss_dice: 1.9654  decode.d5.loss_cls: 1.1078  decode.d5.loss_mask: 1.7877  decode.d5.loss_dice: 2.0356  decode.d6.loss_cls: 1.0619  decode.d6.loss_mask: 1.8884  decode.d6.loss_dice: 2.0856  decode.d7.loss_cls: 1.1773  decode.d7.loss_mask: 1.7735  decode.d7.loss_dice: 1.9780  decode.d8.loss_cls: 1.0747  decode.d8.loss_mask: 1.8390  decode.d8.loss_dice: 1.9587
09/30 21:19:53 - mmengine - INFO - Iter(train) [ 1200/20000]  base_lr: 9.4588e-05 lr: 9.4588e-06  eta: 1:35:38  time: 0.2940  data_time: 0.0105  memory: 8436  grad_norm: 640.8739  loss: 53.2415  decode.loss_cls: 1.0375  decode.loss_mask: 1.9680  decode.loss_dice: 2.1916  decode.d0.loss_cls: 2.8392  decode.d0.loss_mask: 1.9414  decode.d0.loss_dice: 2.1918  decode.d1.loss_cls: 0.8228  decode.d1.loss_mask: 2.0623  decode.d1.loss_dice: 2.1980  decode.d2.loss_cls: 0.9469  decode.d2.loss_mask: 1.9448  decode.d2.loss_dice: 2.1836  decode.d3.loss_cls: 0.8882  decode.d3.loss_mask: 1.9783  decode.d3.loss_dice: 2.1412  decode.d4.loss_cls: 0.9545  decode.d4.loss_mask: 1.9730  decode.d4.loss_dice: 2.1326  decode.d5.loss_cls: 0.9049  decode.d5.loss_mask: 2.0243  decode.d5.loss_dice: 2.1841  decode.d6.loss_cls: 1.0337  decode.d6.loss_mask: 1.9891  decode.d6.loss_dice: 2.1366  decode.d7.loss_cls: 0.9461  decode.d7.loss_mask: 2.1091  decode.d7.loss_dice: 2.1253  decode.d8.loss_cls: 1.1280  decode.d8.loss_mask: 2.0779  decode.d8.loss_dice: 2.1867
09/30 21:20:08 - mmengine - INFO - Iter(train) [ 1250/20000]  base_lr: 9.4361e-05 lr: 9.4361e-06  eta: 1:35:18  time: 0.2934  data_time: 0.0106  memory: 8442  grad_norm: 618.6160  loss: 45.1169  decode.loss_cls: 0.7899  decode.loss_mask: 2.0667  decode.loss_dice: 1.5226  decode.d0.loss_cls: 2.7900  decode.d0.loss_mask: 1.8471  decode.d0.loss_dice: 1.6396  decode.d1.loss_cls: 0.9034  decode.d1.loss_mask: 1.9251  decode.d1.loss_dice: 1.5509  decode.d2.loss_cls: 0.8801  decode.d2.loss_mask: 1.9558  decode.d2.loss_dice: 1.5141  decode.d3.loss_cls: 0.8709  decode.d3.loss_mask: 1.8417  decode.d3.loss_dice: 1.4426  decode.d4.loss_cls: 0.9484  decode.d4.loss_mask: 1.8405  decode.d4.loss_dice: 1.4950  decode.d5.loss_cls: 0.9088  decode.d5.loss_mask: 1.8669  decode.d5.loss_dice: 1.4966  decode.d6.loss_cls: 0.9090  decode.d6.loss_mask: 1.8718  decode.d6.loss_dice: 1.4576  decode.d7.loss_cls: 0.7810  decode.d7.loss_mask: 2.0307  decode.d7.loss_dice: 1.5357  decode.d8.loss_cls: 0.8684  decode.d8.loss_mask: 2.0618  decode.d8.loss_dice: 1.5043
09/30 21:20:23 - mmengine - INFO - Iter(train) [ 1300/20000]  base_lr: 9.4135e-05 lr: 9.4135e-06  eta: 1:34:59  time: 0.2947  data_time: 0.0106  memory: 8457  grad_norm: 384.5447  loss: 44.0640  decode.loss_cls: 0.8260  decode.loss_mask: 1.7272  decode.loss_dice: 1.6926  decode.d0.loss_cls: 2.7232  decode.d0.loss_mask: 1.7794  decode.d0.loss_dice: 1.7424  decode.d1.loss_cls: 0.6684  decode.d1.loss_mask: 1.8294  decode.d1.loss_dice: 1.6487  decode.d2.loss_cls: 0.8195  decode.d2.loss_mask: 1.7830  decode.d2.loss_dice: 1.6523  decode.d3.loss_cls: 0.7133  decode.d3.loss_mask: 1.8707  decode.d3.loss_dice: 1.6498  decode.d4.loss_cls: 0.7366  decode.d4.loss_mask: 1.7515  decode.d4.loss_dice: 1.6338  decode.d5.loss_cls: 0.7652  decode.d5.loss_mask: 1.7458  decode.d5.loss_dice: 1.6188  decode.d6.loss_cls: 0.7708  decode.d6.loss_mask: 1.7265  decode.d6.loss_dice: 1.6917  decode.d7.loss_cls: 0.8053  decode.d7.loss_mask: 1.7687  decode.d7.loss_dice: 1.6658  decode.d8.loss_cls: 0.7735  decode.d8.loss_mask: 1.7908  decode.d8.loss_dice: 1.6933
09/30 21:20:38 - mmengine - INFO - Iter(train) [ 1350/20000]  base_lr: 9.3908e-05 lr: 9.3908e-06  eta: 1:34:40  time: 0.3129  data_time: 0.0115  memory: 8439  grad_norm: 828.7674  loss: 39.2444  decode.loss_cls: 0.5935  decode.loss_mask: 1.6605  decode.loss_dice: 1.4219  decode.d0.loss_cls: 2.6178  decode.d0.loss_mask: 1.6862  decode.d0.loss_dice: 1.5725  decode.d1.loss_cls: 0.6264  decode.d1.loss_mask: 1.6792  decode.d1.loss_dice: 1.5443  decode.d2.loss_cls: 0.5621  decode.d2.loss_mask: 1.6957  decode.d2.loss_dice: 1.4693  decode.d3.loss_cls: 0.5413  decode.d3.loss_mask: 1.7035  decode.d3.loss_dice: 1.4245  decode.d4.loss_cls: 0.6083  decode.d4.loss_mask: 1.6836  decode.d4.loss_dice: 1.4898  decode.d5.loss_cls: 0.6278  decode.d5.loss_mask: 1.6005  decode.d5.loss_dice: 1.4162  decode.d6.loss_cls: 0.6450  decode.d6.loss_mask: 1.5610  decode.d6.loss_dice: 1.3803  decode.d7.loss_cls: 0.6092  decode.d7.loss_mask: 1.8106  decode.d7.loss_dice: 1.4564  decode.d8.loss_cls: 0.5931  decode.d8.loss_mask: 1.6414  decode.d8.loss_dice: 1.3226
09/30 21:20:53 - mmengine - INFO - Iter(train) [ 1400/20000]  base_lr: 9.3682e-05 lr: 9.3682e-06  eta: 1:34:19  time: 0.2925  data_time: 0.0105  memory: 8457  grad_norm: 375.0216  loss: 46.0925  decode.loss_cls: 0.8565  decode.loss_mask: 1.6413  decode.loss_dice: 1.9481  decode.d0.loss_cls: 2.5783  decode.d0.loss_mask: 1.4790  decode.d0.loss_dice: 2.0492  decode.d1.loss_cls: 0.6912  decode.d1.loss_mask: 1.6779  decode.d1.loss_dice: 1.9961  decode.d2.loss_cls: 0.8943  decode.d2.loss_mask: 1.5517  decode.d2.loss_dice: 1.9688  decode.d3.loss_cls: 0.8310  decode.d3.loss_mask: 1.5566  decode.d3.loss_dice: 1.9142  decode.d4.loss_cls: 0.9376  decode.d4.loss_mask: 1.5351  decode.d4.loss_dice: 1.8624  decode.d5.loss_cls: 1.0044  decode.d5.loss_mask: 1.5807  decode.d5.loss_dice: 1.9272  decode.d6.loss_cls: 0.9498  decode.d6.loss_mask: 1.6662  decode.d6.loss_dice: 1.9679  decode.d7.loss_cls: 0.9117  decode.d7.loss_mask: 1.6636  decode.d7.loss_dice: 2.0005  decode.d8.loss_cls: 0.9588  decode.d8.loss_mask: 1.5855  decode.d8.loss_dice: 1.9070
09/30 21:21:08 - mmengine - INFO - Iter(train) [ 1450/20000]  base_lr: 9.3455e-05 lr: 9.3455e-06  eta: 1:34:07  time: 0.3082  data_time: 0.0116  memory: 8457  grad_norm: 747.8852  loss: 51.8899  decode.loss_cls: 0.9682  decode.loss_mask: 1.9758  decode.loss_dice: 2.1403  decode.d0.loss_cls: 2.5878  decode.d0.loss_mask: 1.9247  decode.d0.loss_dice: 2.1964  decode.d1.loss_cls: 0.8200  decode.d1.loss_mask: 1.9629  decode.d1.loss_dice: 2.1711  decode.d2.loss_cls: 0.9817  decode.d2.loss_mask: 1.9514  decode.d2.loss_dice: 2.1231  decode.d3.loss_cls: 0.8894  decode.d3.loss_mask: 1.9604  decode.d3.loss_dice: 2.1119  decode.d4.loss_cls: 0.8712  decode.d4.loss_mask: 2.0066  decode.d4.loss_dice: 2.1041  decode.d5.loss_cls: 0.9552  decode.d5.loss_mask: 1.8870  decode.d5.loss_dice: 2.0883  decode.d6.loss_cls: 1.0302  decode.d6.loss_mask: 1.9257  decode.d6.loss_dice: 2.1486  decode.d7.loss_cls: 1.0444  decode.d7.loss_mask: 1.9197  decode.d7.loss_dice: 2.0934  decode.d8.loss_cls: 1.0651  decode.d8.loss_mask: 1.8964  decode.d8.loss_dice: 2.0888
09/30 21:21:24 - mmengine - INFO - Iter(train) [ 1500/20000]  base_lr: 9.3228e-05 lr: 9.3228e-06  eta: 1:33:55  time: 0.3049  data_time: 0.0117  memory: 8439  grad_norm: 505.0086  loss: 46.9563  decode.loss_cls: 0.8229  decode.loss_mask: 2.0766  decode.loss_dice: 1.7273  decode.d0.loss_cls: 2.5216  decode.d0.loss_mask: 1.8807  decode.d0.loss_dice: 1.8092  decode.d1.loss_cls: 0.8131  decode.d1.loss_mask: 1.9463  decode.d1.loss_dice: 1.7165  decode.d2.loss_cls: 0.7794  decode.d2.loss_mask: 1.9732  decode.d2.loss_dice: 1.7031  decode.d3.loss_cls: 0.8365  decode.d3.loss_mask: 2.0699  decode.d3.loss_dice: 1.7673  decode.d4.loss_cls: 0.9174  decode.d4.loss_mask: 1.9269  decode.d4.loss_dice: 1.6513  decode.d5.loss_cls: 0.8717  decode.d5.loss_mask: 1.9784  decode.d5.loss_dice: 1.6756  decode.d6.loss_cls: 0.8789  decode.d6.loss_mask: 1.9569  decode.d6.loss_dice: 1.6761  decode.d7.loss_cls: 0.8708  decode.d7.loss_mask: 1.9652  decode.d7.loss_dice: 1.6717  decode.d8.loss_cls: 0.8749  decode.d8.loss_mask: 1.8965  decode.d8.loss_dice: 1.7004
09/30 21:21:39 - mmengine - INFO - Iter(train) [ 1550/20000]  base_lr: 9.3001e-05 lr: 9.3001e-06  eta: 1:33:42  time: 0.2969  data_time: 0.0108  memory: 8450  grad_norm: 1300.2985  loss: 44.6599  decode.loss_cls: 0.7819  decode.loss_mask: 1.8602  decode.loss_dice: 1.6040  decode.d0.loss_cls: 2.4694  decode.d0.loss_mask: 1.8420  decode.d0.loss_dice: 1.8025  decode.d1.loss_cls: 0.7831  decode.d1.loss_mask: 1.9679  decode.d1.loss_dice: 1.7064  decode.d2.loss_cls: 0.7973  decode.d2.loss_mask: 1.8210  decode.d2.loss_dice: 1.6380  decode.d3.loss_cls: 0.7257  decode.d3.loss_mask: 1.8932  decode.d3.loss_dice: 1.6726  decode.d4.loss_cls: 0.7196  decode.d4.loss_mask: 1.8502  decode.d4.loss_dice: 1.6300  decode.d5.loss_cls: 0.7569  decode.d5.loss_mask: 1.8603  decode.d5.loss_dice: 1.6473  decode.d6.loss_cls: 0.7467  decode.d6.loss_mask: 1.8114  decode.d6.loss_dice: 1.6281  decode.d7.loss_cls: 0.7475  decode.d7.loss_mask: 1.8845  decode.d7.loss_dice: 1.6891  decode.d8.loss_cls: 0.7488  decode.d8.loss_mask: 1.8789  decode.d8.loss_dice: 1.6956
09/30 21:21:54 - mmengine - INFO - Iter(train) [ 1600/20000]  base_lr: 9.2774e-05 lr: 9.2774e-06  eta: 1:33:23  time: 0.2980  data_time: 0.0107  memory: 8449  grad_norm: 613.3780  loss: 50.6976  decode.loss_cls: 0.7854  decode.loss_mask: 1.9847  decode.loss_dice: 2.1593  decode.d0.loss_cls: 2.4234  decode.d0.loss_mask: 1.8194  decode.d0.loss_dice: 2.1675  decode.d1.loss_cls: 0.7039  decode.d1.loss_mask: 1.9121  decode.d1.loss_dice: 2.1928  decode.d2.loss_cls: 0.7142  decode.d2.loss_mask: 1.9540  decode.d2.loss_dice: 2.1429  decode.d3.loss_cls: 0.7969  decode.d3.loss_mask: 1.9278  decode.d3.loss_dice: 2.1468  decode.d4.loss_cls: 0.8362  decode.d4.loss_mask: 1.9128  decode.d4.loss_dice: 2.1568  decode.d5.loss_cls: 0.8904  decode.d5.loss_mask: 1.8914  decode.d5.loss_dice: 2.1263  decode.d6.loss_cls: 0.9351  decode.d6.loss_mask: 1.9265  decode.d6.loss_dice: 2.1655  decode.d7.loss_cls: 0.9175  decode.d7.loss_mask: 1.9357  decode.d7.loss_dice: 2.1631  decode.d8.loss_cls: 0.8700  decode.d8.loss_mask: 1.9594  decode.d8.loss_dice: 2.1799
09/30 21:22:09 - mmengine - INFO - Iter(train) [ 1650/20000]  base_lr: 9.2548e-05 lr: 9.2548e-06  eta: 1:33:05  time: 0.2957  data_time: 0.0107  memory: 8449  grad_norm: 625.4292  loss: 48.5064  decode.loss_cls: 0.9700  decode.loss_mask: 1.9128  decode.loss_dice: 2.0063  decode.d0.loss_cls: 2.3821  decode.d0.loss_mask: 1.7626  decode.d0.loss_dice: 2.0760  decode.d1.loss_cls: 0.8443  decode.d1.loss_mask: 1.7137  decode.d1.loss_dice: 1.9340  decode.d2.loss_cls: 0.9468  decode.d2.loss_mask: 1.7214  decode.d2.loss_dice: 1.9097  decode.d3.loss_cls: 1.0504  decode.d3.loss_mask: 1.7113  decode.d3.loss_dice: 1.8814  decode.d4.loss_cls: 0.9610  decode.d4.loss_mask: 1.7743  decode.d4.loss_dice: 1.8876  decode.d5.loss_cls: 1.0148  decode.d5.loss_mask: 1.8693  decode.d5.loss_dice: 1.8932  decode.d6.loss_cls: 1.0274  decode.d6.loss_mask: 1.8090  decode.d6.loss_dice: 1.9294  decode.d7.loss_cls: 1.0572  decode.d7.loss_mask: 1.8422  decode.d7.loss_dice: 1.9066  decode.d8.loss_cls: 0.8713  decode.d8.loss_mask: 1.9022  decode.d8.loss_dice: 1.9382
09/30 21:22:24 - mmengine - INFO - Iter(train) [ 1700/20000]  base_lr: 9.2321e-05 lr: 9.2321e-06  eta: 1:32:45  time: 0.2939  data_time: 0.0104  memory: 8439  grad_norm: 831.1293  loss: 53.7614  decode.loss_cls: 1.2055  decode.loss_mask: 2.1231  decode.loss_dice: 2.0399  decode.d0.loss_cls: 2.3609  decode.d0.loss_mask: 1.9211  decode.d0.loss_dice: 2.1067  decode.d1.loss_cls: 0.9128  decode.d1.loss_mask: 2.1291  decode.d1.loss_dice: 2.1336  decode.d2.loss_cls: 0.9229  decode.d2.loss_mask: 2.0156  decode.d2.loss_dice: 2.0975  decode.d3.loss_cls: 0.9402  decode.d3.loss_mask: 2.1405  decode.d3.loss_dice: 2.0879  decode.d4.loss_cls: 1.1666  decode.d4.loss_mask: 2.0899  decode.d4.loss_dice: 2.0528  decode.d5.loss_cls: 1.2442  decode.d5.loss_mask: 2.0615  decode.d5.loss_dice: 2.0391  decode.d6.loss_cls: 1.2372  decode.d6.loss_mask: 2.1247  decode.d6.loss_dice: 2.0879  decode.d7.loss_cls: 1.1821  decode.d7.loss_mask: 2.0649  decode.d7.loss_dice: 2.0585  decode.d8.loss_cls: 1.1704  decode.d8.loss_mask: 1.9770  decode.d8.loss_dice: 2.0673
09/30 21:22:39 - mmengine - INFO - Iter(train) [ 1750/20000]  base_lr: 9.2094e-05 lr: 9.2094e-06  eta: 1:32:25  time: 0.2940  data_time: 0.0107  memory: 8450  grad_norm: 361.3904  loss: 52.3843  decode.loss_cls: 1.0777  decode.loss_mask: 2.0454  decode.loss_dice: 2.1278  decode.d0.loss_cls: 2.2100  decode.d0.loss_mask: 1.9575  decode.d0.loss_dice: 2.1250  decode.d1.loss_cls: 0.8262  decode.d1.loss_mask: 2.0251  decode.d1.loss_dice: 2.1371  decode.d2.loss_cls: 0.9007  decode.d2.loss_mask: 2.0250  decode.d2.loss_dice: 2.1103  decode.d3.loss_cls: 0.9061  decode.d3.loss_mask: 2.0304  decode.d3.loss_dice: 2.1809  decode.d4.loss_cls: 0.9774  decode.d4.loss_mask: 2.0185  decode.d4.loss_dice: 2.1298  decode.d5.loss_cls: 1.0087  decode.d5.loss_mask: 1.9863  decode.d5.loss_dice: 2.1014  decode.d6.loss_cls: 0.9864  decode.d6.loss_mask: 2.0042  decode.d6.loss_dice: 2.1421  decode.d7.loss_cls: 1.0027  decode.d7.loss_mask: 2.0115  decode.d7.loss_dice: 2.1467  decode.d8.loss_cls: 1.0119  decode.d8.loss_mask: 2.0183  decode.d8.loss_dice: 2.1531
09/30 21:22:54 - mmengine - INFO - Iter(train) [ 1800/20000]  base_lr: 9.1866e-05 lr: 9.1866e-06  eta: 1:32:05  time: 0.2942  data_time: 0.0105  memory: 8439  grad_norm: 698.1481  loss: 45.4695  decode.loss_cls: 0.9365  decode.loss_mask: 1.7380  decode.loss_dice: 1.7789  decode.d0.loss_cls: 2.2479  decode.d0.loss_mask: 1.7262  decode.d0.loss_dice: 1.8935  decode.d1.loss_cls: 0.8210  decode.d1.loss_mask: 1.7262  decode.d1.loss_dice: 1.9035  decode.d2.loss_cls: 0.8089  decode.d2.loss_mask: 1.7524  decode.d2.loss_dice: 1.8012  decode.d3.loss_cls: 0.7827  decode.d3.loss_mask: 1.7278  decode.d3.loss_dice: 1.7674  decode.d4.loss_cls: 0.8557  decode.d4.loss_mask: 1.7223  decode.d4.loss_dice: 1.7737  decode.d5.loss_cls: 0.8576  decode.d5.loss_mask: 1.7410  decode.d5.loss_dice: 1.7242  decode.d6.loss_cls: 0.9974  decode.d6.loss_mask: 1.6652  decode.d6.loss_dice: 1.8071  decode.d7.loss_cls: 1.0398  decode.d7.loss_mask: 1.6337  decode.d7.loss_dice: 1.7931  decode.d8.loss_cls: 0.9994  decode.d8.loss_mask: 1.6818  decode.d8.loss_dice: 1.7655
09/30 21:23:08 - mmengine - INFO - Iter(train) [ 1850/20000]  base_lr: 9.1639e-05 lr: 9.1639e-06  eta: 1:31:45  time: 0.2941  data_time: 0.0105  memory: 8438  grad_norm: 677.2474  loss: 46.9817  decode.loss_cls: 1.0887  decode.loss_mask: 1.7659  decode.loss_dice: 1.8625  decode.d0.loss_cls: 2.2092  decode.d0.loss_mask: 1.7777  decode.d0.loss_dice: 1.8711  decode.d1.loss_cls: 0.9179  decode.d1.loss_mask: 1.7243  decode.d1.loss_dice: 1.9122  decode.d2.loss_cls: 0.8882  decode.d2.loss_mask: 1.7040  decode.d2.loss_dice: 1.8467  decode.d3.loss_cls: 1.0067  decode.d3.loss_mask: 1.6852  decode.d3.loss_dice: 1.7907  decode.d4.loss_cls: 1.0707  decode.d4.loss_mask: 1.6403  decode.d4.loss_dice: 1.8262  decode.d5.loss_cls: 1.0365  decode.d5.loss_mask: 1.7483  decode.d5.loss_dice: 1.8027  decode.d6.loss_cls: 1.1583  decode.d6.loss_mask: 1.5955  decode.d6.loss_dice: 1.7778  decode.d7.loss_cls: 1.0995  decode.d7.loss_mask: 1.6919  decode.d7.loss_dice: 1.8079  decode.d8.loss_cls: 1.1197  decode.d8.loss_mask: 1.7026  decode.d8.loss_dice: 1.8527
09/30 21:23:23 - mmengine - INFO - Iter(train) [ 1900/20000]  base_lr: 9.1412e-05 lr: 9.1412e-06  eta: 1:31:27  time: 0.2956  data_time: 0.0113  memory: 8437  grad_norm: 616.9629  loss: 44.0410  decode.loss_cls: 1.1009  decode.loss_mask: 1.6221  decode.loss_dice: 1.6465  decode.d0.loss_cls: 2.1782  decode.d0.loss_mask: 1.6344  decode.d0.loss_dice: 1.7957  decode.d1.loss_cls: 0.8770  decode.d1.loss_mask: 1.6683  decode.d1.loss_dice: 1.6207  decode.d2.loss_cls: 0.9203  decode.d2.loss_mask: 1.6748  decode.d2.loss_dice: 1.5526  decode.d3.loss_cls: 0.9398  decode.d3.loss_mask: 1.6933  decode.d3.loss_dice: 1.6009  decode.d4.loss_cls: 1.0081  decode.d4.loss_mask: 1.6761  decode.d4.loss_dice: 1.6685  decode.d5.loss_cls: 1.0488  decode.d5.loss_mask: 1.6377  decode.d5.loss_dice: 1.6681  decode.d6.loss_cls: 1.1135  decode.d6.loss_mask: 1.5742  decode.d6.loss_dice: 1.5902  decode.d7.loss_cls: 1.1053  decode.d7.loss_mask: 1.5747  decode.d7.loss_dice: 1.6339  decode.d8.loss_cls: 1.0853  decode.d8.loss_mask: 1.5246  decode.d8.loss_dice: 1.6067
09/30 21:23:38 - mmengine - INFO - Iter(train) [ 1950/20000]  base_lr: 9.1185e-05 lr: 9.1185e-06  eta: 1:31:13  time: 0.3186  data_time: 0.0127  memory: 8442  grad_norm: 509.8160  loss: 41.6321  decode.loss_cls: 0.7899  decode.loss_mask: 1.7497  decode.loss_dice: 1.5446  decode.d0.loss_cls: 2.1233  decode.d0.loss_mask: 1.7258  decode.d0.loss_dice: 1.6273  decode.d1.loss_cls: 0.7975  decode.d1.loss_mask: 1.7261  decode.d1.loss_dice: 1.5831  decode.d2.loss_cls: 0.7861  decode.d2.loss_mask: 1.7294  decode.d2.loss_dice: 1.5591  decode.d3.loss_cls: 0.7211  decode.d3.loss_mask: 1.7731  decode.d3.loss_dice: 1.5158  decode.d4.loss_cls: 0.6888  decode.d4.loss_mask: 1.6568  decode.d4.loss_dice: 1.4828  decode.d5.loss_cls: 0.7100  decode.d5.loss_mask: 1.7842  decode.d5.loss_dice: 1.5602  decode.d6.loss_cls: 0.7745  decode.d6.loss_mask: 1.6547  decode.d6.loss_dice: 1.4821  decode.d7.loss_cls: 0.8969  decode.d7.loss_mask: 1.6241  decode.d7.loss_dice: 1.4477  decode.d8.loss_cls: 0.8609  decode.d8.loss_mask: 1.6894  decode.d8.loss_dice: 1.5671
09/30 21:23:53 - mmengine - INFO - Exp name: mask2former_swin_l_512_20260930_211218
09/30 21:23:53 - mmengine - INFO - Iter(train) [ 2000/20000]  base_lr: 9.0957e-05 lr: 9.0957e-06  eta: 1:30:57  time: 0.3002  data_time: 0.0125  memory: 8449  grad_norm: 473.8154  loss: 44.2054  decode.loss_cls: 0.7357  decode.loss_mask: 1.7595  decode.loss_dice: 1.7774  decode.d0.loss_cls: 2.0521  decode.d0.loss_mask: 1.7724  decode.d0.loss_dice: 1.8100  decode.d1.loss_cls: 0.7701  decode.d1.loss_mask: 1.7860  decode.d1.loss_dice: 1.7726  decode.d2.loss_cls: 0.7232  decode.d2.loss_mask: 1.7516  decode.d2.loss_dice: 1.6910  decode.d3.loss_cls: 0.6985  decode.d3.loss_mask: 1.8641  decode.d3.loss_dice: 1.7830  decode.d4.loss_cls: 0.7407  decode.d4.loss_mask: 1.7772  decode.d4.loss_dice: 1.7334  decode.d5.loss_cls: 0.7378  decode.d5.loss_mask: 1.7704  decode.d5.loss_dice: 1.7357  decode.d6.loss_cls: 0.7623  decode.d6.loss_mask: 1.8309  decode.d6.loss_dice: 1.6883  decode.d7.loss_cls: 0.7389  decode.d7.loss_mask: 1.9450  decode.d7.loss_dice: 1.7188  decode.d8.loss_cls: 0.7644  decode.d8.loss_mask: 1.8121  decode.d8.loss_dice: 1.7025
09/30 21:23:53 - mmengine - INFO - Saving checkpoint at 2000 iterations
09/30 21:24:02 - mmengine - INFO - Iter(val) [ 50/699]    eta: 0:01:16  time: 0.1149  data_time: 0.0040  memory: 3701  
09/30 21:24:07 - mmengine - INFO - Iter(val) [100/699]    eta: 0:01:09  time: 0.1150  data_time: 0.0039  memory: 3701  
09/30 21:24:13 - mmengine - INFO - Iter(val) [150/699]    eta: 0:01:03  time: 0.1157  data_time: 0.0040  memory: 3701  
09/30 21:24:19 - mmengine - INFO - Iter(val) [200/699]    eta: 0:00:58  time: 0.1162  data_time: 0.0042  memory: 3701  
09/30 21:24:25 - mmengine - INFO - Iter(val) [250/699]    eta: 0:00:52  time: 0.1153  data_time: 0.0040  memory: 3701  
09/30 21:24:31 - mmengine - INFO - Iter(val) [300/699]    eta: 0:00:46  time: 0.1151  data_time: 0.0040  memory: 3701  
09/30 21:24:36 - mmengine - INFO - Iter(val) [350/699]    eta: 0:00:40  time: 0.1150  data_time: 0.0040  memory: 3701  
09/30 21:24:42 - mmengine - INFO - Iter(val) [400/699]    eta: 0:00:34  time: 0.1158  data_time: 0.0040  memory: 3701  
09/30 21:24:48 - mmengine - INFO - Iter(val) [450/699]    eta: 0:00:28  time: 0.1152  data_time: 0.0040  memory: 3701  
09/30 21:24:54 - mmengine - INFO - Iter(val) [500/699]    eta: 0:00:23  time: 0.1152  data_time: 0.0039  memory: 3701  
09/30 21:24:59 - mmengine - INFO - Iter(val) [550/699]    eta: 0:00:17  time: 0.1149  data_time: 0.0039  memory: 3701  
09/30 21:25:05 - mmengine - INFO - Iter(val) [600/699]    eta: 0:00:11  time: 0.1154  data_time: 0.0040  memory: 3701  
09/30 21:25:11 - mmengine - INFO - Iter(val) [650/699]    eta: 0:00:05  time: 0.1150  data_time: 0.0039  memory: 3701  
09/30 21:25:17 - mmengine - INFO - per class results:
09/30 21:25:17 - mmengine - INFO - 
+--------------+-------+-------+
|    Class     |  IoU  |  Acc  |
+--------------+-------+-------+
|  Background  | 45.11 |  54.1 |
|   Building   |  73.1 | 88.87 |
|     Road     | 52.55 | 84.37 |
|    Water     | 68.25 | 73.28 |
|    Barren    |  0.0  |  0.0  |
|  Vegetation  | 80.52 | 93.15 |
| Agricultural | 61.87 | 82.33 |
|   Vehicle    | 50.69 | 52.53 |
+--------------+-------+-------+
09/30 21:25:17 - mmengine - INFO - Iter(val) [699/699]    aAcc: 77.5700  mIoU: 54.0100  mAcc: 66.0800  data_time: 0.0041  time: 0.1157
09/30 21:25:17 - mmengine - INFO - The previous best checkpoint /root/hyperseg/runs/mask2former_uav/h2_swin_l_mask2former_20k_seed3407_fp32/best_mIoU_iter_1000.pth is removed
09/30 21:25:19 - mmengine - INFO - The best checkpoint with 54.0100 mIoU at 2000 iter is saved to best_mIoU_iter_2000.pth.
09/30 21:25:36 - mmengine - INFO - Iter(train) [ 2050/20000]  base_lr: 9.0730e-05 lr: 9.0730e-06  eta: 1:31:22  time: 0.2988  data_time: 0.0116  memory: 8457  grad_norm: 511.6312  loss: 51.6138  decode.loss_cls: 1.1899  decode.loss_mask: 1.9668  decode.loss_dice: 1.9754  decode.d0.loss_cls: 1.9561  decode.d0.loss_mask: 1.9436  decode.d0.loss_dice: 2.1060  decode.d1.loss_cls: 0.7871  decode.d1.loss_mask: 2.0318  decode.d1.loss_dice: 2.0319  decode.d2.loss_cls: 0.8181  decode.d2.loss_mask: 2.0389  decode.d2.loss_dice: 1.9843  decode.d3.loss_cls: 1.0277  decode.d3.loss_mask: 1.9559  decode.d3.loss_dice: 1.9533  decode.d4.loss_cls: 1.1801  decode.d4.loss_mask: 1.9595  decode.d4.loss_dice: 1.9185  decode.d5.loss_cls: 1.2345  decode.d5.loss_mask: 1.9984  decode.d5.loss_dice: 1.9830  decode.d6.loss_cls: 1.2566  decode.d6.loss_mask: 2.0182  decode.d6.loss_dice: 2.0059  decode.d7.loss_cls: 1.2058  decode.d7.loss_mask: 1.9260  decode.d7.loss_dice: 1.9894  decode.d8.loss_cls: 1.1693  decode.d8.loss_mask: 1.9850  decode.d8.loss_dice: 2.0167
09/30 21:25:51 - mmengine - INFO - Iter(train) [ 2100/20000]  base_lr: 9.0502e-05 lr: 9.0502e-06  eta: 1:31:05  time: 0.3061  data_time: 0.0122  memory: 8436  grad_norm: 614.0542  loss: 48.1138  decode.loss_cls: 0.9252  decode.loss_mask: 2.0533  decode.loss_dice: 1.7812  decode.d0.loss_cls: 1.9407  decode.d0.loss_mask: 2.0708  decode.d0.loss_dice: 1.8572  decode.d1.loss_cls: 0.8012  decode.d1.loss_mask: 2.1290  decode.d1.loss_dice: 1.8741  decode.d2.loss_cls: 0.8263  decode.d2.loss_mask: 2.0005  decode.d2.loss_dice: 1.7700  decode.d3.loss_cls: 0.8025  decode.d3.loss_mask: 1.9972  decode.d3.loss_dice: 1.7748  decode.d4.loss_cls: 0.8406  decode.d4.loss_mask: 2.0475  decode.d4.loss_dice: 1.8026  decode.d5.loss_cls: 0.8707  decode.d5.loss_mask: 1.9701  decode.d5.loss_dice: 1.7124  decode.d6.loss_cls: 0.8945  decode.d6.loss_mask: 2.0443  decode.d6.loss_dice: 1.7619  decode.d7.loss_cls: 0.9404  decode.d7.loss_mask: 2.0382  decode.d7.loss_dice: 1.7800  decode.d8.loss_cls: 0.9418  decode.d8.loss_mask: 2.0364  decode.d8.loss_dice: 1.8285
09/30 21:26:06 - mmengine - INFO - Iter(train) [ 2150/20000]  base_lr: 9.0275e-05 lr: 9.0275e-06  eta: 1:30:47  time: 0.3032  data_time: 0.0118  memory: 8448  grad_norm: 464.8944  loss: 41.4382  decode.loss_cls: 0.7663  decode.loss_mask: 1.7415  decode.loss_dice: 1.5314  decode.d0.loss_cls: 1.8148  decode.d0.loss_mask: 1.7378  decode.d0.loss_dice: 1.6136  decode.d1.loss_cls: 0.6632  decode.d1.loss_mask: 1.7306  decode.d1.loss_dice: 1.5766  decode.d2.loss_cls: 0.7331  decode.d2.loss_mask: 1.6400  decode.d2.loss_dice: 1.5433  decode.d3.loss_cls: 0.7967  decode.d3.loss_mask: 1.7094  decode.d3.loss_dice: 1.5341  decode.d4.loss_cls: 0.8668  decode.d4.loss_mask: 1.7513  decode.d4.loss_dice: 1.5268  decode.d5.loss_cls: 0.8096  decode.d5.loss_mask: 1.7414  decode.d5.loss_dice: 1.5555  decode.d6.loss_cls: 0.8022  decode.d6.loss_mask: 1.6974  decode.d6.loss_dice: 1.4941  decode.d7.loss_cls: 0.7028  decode.d7.loss_mask: 1.7873  decode.d7.loss_dice: 1.5593  decode.d8.loss_cls: 0.7902  decode.d8.loss_mask: 1.7359  decode.d8.loss_dice: 1.4854
09/30 21:26:22 - mmengine - INFO - Iter(train) [ 2200/20000]  base_lr: 9.0047e-05 lr: 9.0047e-06  eta: 1:30:36  time: 0.3259  data_time: 0.0141  memory: 8449  grad_norm: 646.9302  loss: 49.7551  decode.loss_cls: 1.1126  decode.loss_mask: 1.7539  decode.loss_dice: 2.1109  decode.d0.loss_cls: 1.8890  decode.d0.loss_mask: 1.7800  decode.d0.loss_dice: 2.1921  decode.d1.loss_cls: 0.8767  decode.d1.loss_mask: 1.7594  decode.d1.loss_dice: 2.1373  decode.d2.loss_cls: 1.0028  decode.d2.loss_mask: 1.7963  decode.d2.loss_dice: 2.1585  decode.d3.loss_cls: 1.0399  decode.d3.loss_mask: 1.7377  decode.d3.loss_dice: 2.0440  decode.d4.loss_cls: 1.0550  decode.d4.loss_mask: 1.7520  decode.d4.loss_dice: 2.0595  decode.d5.loss_cls: 1.0281  decode.d5.loss_mask: 1.7103  decode.d5.loss_dice: 2.0079  decode.d6.loss_cls: 1.1572  decode.d6.loss_mask: 1.7179  decode.d6.loss_dice: 2.0382  decode.d7.loss_cls: 1.0724  decode.d7.loss_mask: 1.7395  decode.d7.loss_dice: 2.0486  decode.d8.loss_cls: 1.1169  decode.d8.loss_mask: 1.7779  decode.d8.loss_dice: 2.0827
09/30 21:26:37 - mmengine - INFO - Iter(train) [ 2250/20000]  base_lr: 8.9820e-05 lr: 8.9820e-06  eta: 1:30:20  time: 0.3020  data_time: 0.0120  memory: 8449  grad_norm: 596.2887  loss: 49.1710  decode.loss_cls: 0.8566  decode.loss_mask: 1.9947  decode.loss_dice: 1.9374  decode.d0.loss_cls: 1.8293  decode.d0.loss_mask: 1.9510  decode.d0.loss_dice: 2.0403  decode.d1.loss_cls: 0.7331  decode.d1.loss_mask: 2.0631  decode.d1.loss_dice: 2.0017  decode.d2.loss_cls: 0.7111  decode.d2.loss_mask: 2.0373  decode.d2.loss_dice: 1.9639  decode.d3.loss_cls: 0.7541  decode.d3.loss_mask: 2.0092  decode.d3.loss_dice: 1.9131  decode.d4.loss_cls: 0.7405  decode.d4.loss_mask: 2.0650  decode.d4.loss_dice: 1.9492  decode.d5.loss_cls: 0.8725  decode.d5.loss_mask: 2.0797  decode.d5.loss_dice: 1.9822  decode.d6.loss_cls: 0.8893  decode.d6.loss_mask: 1.9722  decode.d6.loss_dice: 2.0200  decode.d7.loss_cls: 0.9049  decode.d7.loss_mask: 2.0748  decode.d7.loss_dice: 1.9297  decode.d8.loss_cls: 0.9508  decode.d8.loss_mask: 2.0921  decode.d8.loss_dice: 1.8523
09/30 21:26:52 - mmengine - INFO - Iter(train) [ 2300/20000]  base_lr: 8.9592e-05 lr: 8.9592e-06  eta: 1:30:04  time: 0.3034  data_time: 0.0121  memory: 8449  grad_norm: 502.3640  loss: 50.5862  decode.loss_cls: 0.8579  decode.loss_mask: 2.0912  decode.loss_dice: 2.0338  decode.d0.loss_cls: 1.9418  decode.d0.loss_mask: 1.9893  decode.d0.loss_dice: 2.0146  decode.d1.loss_cls: 0.9142  decode.d1.loss_mask: 2.0925  decode.d1.loss_dice: 1.9986  decode.d2.loss_cls: 0.7755  decode.d2.loss_mask: 2.1533  decode.d2.loss_dice: 1.9729  decode.d3.loss_cls: 0.7705  decode.d3.loss_mask: 2.0695  decode.d3.loss_dice: 1.9966  decode.d4.loss_cls: 0.9034  decode.d4.loss_mask: 2.0379  decode.d4.loss_dice: 1.9624  decode.d5.loss_cls: 0.9148  decode.d5.loss_mask: 2.0387  decode.d5.loss_dice: 1.9815  decode.d6.loss_cls: 0.9731  decode.d6.loss_mask: 2.1197  decode.d6.loss_dice: 1.9958  decode.d7.loss_cls: 1.0504  decode.d7.loss_mask: 2.0427  decode.d7.loss_dice: 1.9689  decode.d8.loss_cls: 0.9782  decode.d8.loss_mask: 2.0103  decode.d8.loss_dice: 1.9366
09/30 21:27:08 - mmengine - INFO - Iter(train) [ 2350/20000]  base_lr: 8.9364e-05 lr: 8.9364e-06  eta: 1:29:50  time: 0.2975  data_time: 0.0118  memory: 8457  grad_norm: 437.4234  loss: 42.6534  decode.loss_cls: 0.7946  decode.loss_mask: 1.6754  decode.loss_dice: 1.7228  decode.d0.loss_cls: 1.5957  decode.d0.loss_mask: 1.6890  decode.d0.loss_dice: 1.7725  decode.d1.loss_cls: 0.6211  decode.d1.loss_mask: 1.6758  decode.d1.loss_dice: 1.7942  decode.d2.loss_cls: 0.6501  decode.d2.loss_mask: 1.6880  decode.d2.loss_dice: 1.7213  decode.d3.loss_cls: 0.6539  decode.d3.loss_mask: 1.7202  decode.d3.loss_dice: 1.7787  decode.d4.loss_cls: 0.6578  decode.d4.loss_mask: 1.7373  decode.d4.loss_dice: 1.7151  decode.d5.loss_cls: 0.7336  decode.d5.loss_mask: 1.7662  decode.d5.loss_dice: 1.7244  decode.d6.loss_cls: 0.8788  decode.d6.loss_mask: 1.6686  decode.d6.loss_dice: 1.6570  decode.d7.loss_cls: 0.8836  decode.d7.loss_mask: 1.6939  decode.d7.loss_dice: 1.7014  decode.d8.loss_cls: 0.9318  decode.d8.loss_mask: 1.6518  decode.d8.loss_dice: 1.6988
09/30 21:27:23 - mmengine - INFO - Iter(train) [ 2400/20000]  base_lr: 8.9136e-05 lr: 8.9136e-06  eta: 1:29:32  time: 0.2983  data_time: 0.0117  memory: 8457  grad_norm: 373.9202  loss: 43.0886  decode.loss_cls: 0.8444  decode.loss_mask: 1.7391  decode.loss_dice: 1.6403  decode.d0.loss_cls: 1.6228  decode.d0.loss_mask: 1.7178  decode.d0.loss_dice: 1.7210  decode.d1.loss_cls: 0.7947  decode.d1.loss_mask: 1.7096  decode.d1.loss_dice: 1.6767  decode.d2.loss_cls: 0.6476  decode.d2.loss_mask: 1.8008  decode.d2.loss_dice: 1.6869  decode.d3.loss_cls: 0.7299  decode.d3.loss_mask: 1.8078  decode.d3.loss_dice: 1.6986  decode.d4.loss_cls: 0.6656  decode.d4.loss_mask: 1.7976  decode.d4.loss_dice: 1.6594  decode.d5.loss_cls: 0.7841  decode.d5.loss_mask: 1.8358  decode.d5.loss_dice: 1.7383  decode.d6.loss_cls: 0.7546  decode.d6.loss_mask: 1.8316  decode.d6.loss_dice: 1.6575  decode.d7.loss_cls: 0.8390  decode.d7.loss_mask: 1.7595  decode.d7.loss_dice: 1.6712  decode.d8.loss_cls: 0.8194  decode.d8.loss_mask: 1.7467  decode.d8.loss_dice: 1.6901
09/30 21:27:38 - mmengine - INFO - Iter(train) [ 2450/20000]  base_lr: 8.8908e-05 lr: 8.8908e-06  eta: 1:29:15  time: 0.3140  data_time: 0.0118  memory: 8437  grad_norm: 483.6384  loss: 45.0490  decode.loss_cls: 0.7568  decode.loss_mask: 2.0469  decode.loss_dice: 1.6831  decode.d0.loss_cls: 1.4469  decode.d0.loss_mask: 2.1174  decode.d0.loss_dice: 1.8317  decode.d1.loss_cls: 0.6279  decode.d1.loss_mask: 2.1261  decode.d1.loss_dice: 1.7754  decode.d2.loss_cls: 0.5912  decode.d2.loss_mask: 2.1109  decode.d2.loss_dice: 1.7569  decode.d3.loss_cls: 0.6494  decode.d3.loss_mask: 2.1156  decode.d3.loss_dice: 1.7176  decode.d4.loss_cls: 0.5620  decode.d4.loss_mask: 2.0041  decode.d4.loss_dice: 1.6249  decode.d5.loss_cls: 0.6005  decode.d5.loss_mask: 2.0554  decode.d5.loss_dice: 1.6649  decode.d6.loss_cls: 0.6863  decode.d6.loss_mask: 2.0233  decode.d6.loss_dice: 1.6594  decode.d7.loss_cls: 0.6709  decode.d7.loss_mask: 2.0179  decode.d7.loss_dice: 1.6073  decode.d8.loss_cls: 0.8081  decode.d8.loss_mask: 2.0128  decode.d8.loss_dice: 1.6974
09/30 21:27:53 - mmengine - INFO - Iter(train) [ 2500/20000]  base_lr: 8.8680e-05 lr: 8.8680e-06  eta: 1:28:57  time: 0.2969  data_time: 0.0116  memory: 8436  grad_norm: 673.1300  loss: 45.7112  decode.loss_cls: 1.0502  decode.loss_mask: 1.8204  decode.loss_dice: 1.8142  decode.d0.loss_cls: 1.6316  decode.d0.loss_mask: 1.8074  decode.d0.loss_dice: 1.8073  decode.d1.loss_cls: 1.0116  decode.d1.loss_mask: 1.7006  decode.d1.loss_dice: 1.7652  decode.d2.loss_cls: 0.9529  decode.d2.loss_mask: 1.7076  decode.d2.loss_dice: 1.7108  decode.d3.loss_cls: 0.8801  decode.d3.loss_mask: 1.8161  decode.d3.loss_dice: 1.7398  decode.d4.loss_cls: 0.9074  decode.d4.loss_mask: 1.8172  decode.d4.loss_dice: 1.8173  decode.d5.loss_cls: 0.9738  decode.d5.loss_mask: 1.7787  decode.d5.loss_dice: 1.7757  decode.d6.loss_cls: 0.9324  decode.d6.loss_mask: 1.7814  decode.d6.loss_dice: 1.7028  decode.d7.loss_cls: 1.0782  decode.d7.loss_mask: 1.7524  decode.d7.loss_dice: 1.6823  decode.d8.loss_cls: 1.0080  decode.d8.loss_mask: 1.7888  decode.d8.loss_dice: 1.6987
09/30 21:28:08 - mmengine - INFO - Iter(train) [ 2550/20000]  base_lr: 8.8452e-05 lr: 8.8452e-06  eta: 1:28:40  time: 0.2972  data_time: 0.0114  memory: 8436  grad_norm: 1144.1021  loss: 40.6894  decode.loss_cls: 0.7094  decode.loss_mask: 1.6742  decode.loss_dice: 1.6761  decode.d0.loss_cls: 1.4552  decode.d0.loss_mask: 1.5984  decode.d0.loss_dice: 1.6941  decode.d1.loss_cls: 0.6150  decode.d1.loss_mask: 1.6349  decode.d1.loss_dice: 1.6949  decode.d2.loss_cls: 0.6938  decode.d2.loss_mask: 1.5907  decode.d2.loss_dice: 1.6452  decode.d3.loss_cls: 0.6796  decode.d3.loss_mask: 1.6411  decode.d3.loss_dice: 1.6743  decode.d4.loss_cls: 0.7253  decode.d4.loss_mask: 1.7412  decode.d4.loss_dice: 1.6422  decode.d5.loss_cls: 0.6827  decode.d5.loss_mask: 1.6359  decode.d5.loss_dice: 1.6427  decode.d6.loss_cls: 0.7003  decode.d6.loss_mask: 1.5853  decode.d6.loss_dice: 1.6755  decode.d7.loss_cls: 0.6686  decode.d7.loss_mask: 1.6605  decode.d7.loss_dice: 1.5954  decode.d8.loss_cls: 0.6329  decode.d8.loss_mask: 1.7203  decode.d8.loss_dice: 1.7040
09/30 21:28:23 - mmengine - INFO - Iter(train) [ 2600/20000]  base_lr: 8.8224e-05 lr: 8.8224e-06  eta: 1:28:22  time: 0.2971  data_time: 0.0117  memory: 8450  grad_norm: 514.6399  loss: 41.5696  decode.loss_cls: 0.7308  decode.loss_mask: 1.6657  decode.loss_dice: 1.6828  decode.d0.loss_cls: 1.4495  decode.d0.loss_mask: 1.6721  decode.d0.loss_dice: 1.6867  decode.d1.loss_cls: 0.7044  decode.d1.loss_mask: 1.6730  decode.d1.loss_dice: 1.7494  decode.d2.loss_cls: 0.7018  decode.d2.loss_mask: 1.7013  decode.d2.loss_dice: 1.7050  decode.d3.loss_cls: 0.7400  decode.d3.loss_mask: 1.6188  decode.d3.loss_dice: 1.6589  decode.d4.loss_cls: 0.6634  decode.d4.loss_mask: 1.6446  decode.d4.loss_dice: 1.6473  decode.d5.loss_cls: 0.6986  decode.d5.loss_mask: 1.6811  decode.d5.loss_dice: 1.6952  decode.d6.loss_cls: 0.7679  decode.d6.loss_mask: 1.6826  decode.d6.loss_dice: 1.6890  decode.d7.loss_cls: 0.7299  decode.d7.loss_mask: 1.7208  decode.d7.loss_dice: 1.6958  decode.d8.loss_cls: 0.7048  decode.d8.loss_mask: 1.6672  decode.d8.loss_dice: 1.7415
09/30 21:28:38 - mmengine - INFO - Iter(train) [ 2650/20000]  base_lr: 8.7996e-05 lr: 8.7996e-06  eta: 1:28:05  time: 0.2999  data_time: 0.0119  memory: 8449  grad_norm: 698.4399  loss: 43.2004  decode.loss_cls: 0.8320  decode.loss_mask: 1.8479  decode.loss_dice: 1.7239  decode.d0.loss_cls: 1.3849  decode.d0.loss_mask: 1.8915  decode.d0.loss_dice: 1.6287  decode.d1.loss_cls: 0.6181  decode.d1.loss_mask: 1.8814  decode.d1.loss_dice: 1.6136  decode.d2.loss_cls: 0.6179  decode.d2.loss_mask: 1.9034  decode.d2.loss_dice: 1.6310  decode.d3.loss_cls: 0.5396  decode.d3.loss_mask: 1.9501  decode.d3.loss_dice: 1.6453  decode.d4.loss_cls: 0.7450  decode.d4.loss_mask: 1.9541  decode.d4.loss_dice: 1.6586  decode.d5.loss_cls: 0.7197  decode.d5.loss_mask: 1.9293  decode.d5.loss_dice: 1.6744  decode.d6.loss_cls: 0.6739  decode.d6.loss_mask: 1.8665  decode.d6.loss_dice: 1.6982  decode.d7.loss_cls: 0.7748  decode.d7.loss_mask: 1.9097  decode.d7.loss_dice: 1.5967  decode.d8.loss_cls: 0.6982  decode.d8.loss_mask: 1.9201  decode.d8.loss_dice: 1.6718
09/30 21:28:53 - mmengine - INFO - Iter(train) [ 2700/20000]  base_lr: 8.7768e-05 lr: 8.7768e-06  eta: 1:27:52  time: 0.3038  data_time: 0.0117  memory: 8449  grad_norm: 481.5269  loss: 33.7762  decode.loss_cls: 0.4941  decode.loss_mask: 1.6480  decode.loss_dice: 1.2426  decode.d0.loss_cls: 1.3274  decode.d0.loss_mask: 1.5119  decode.d0.loss_dice: 1.2932  decode.d1.loss_cls: 0.4753  decode.d1.loss_mask: 1.5541  decode.d1.loss_dice: 1.2280  decode.d2.loss_cls: 0.3719  decode.d2.loss_mask: 1.6176  decode.d2.loss_dice: 1.2864  decode.d3.loss_cls: 0.4787  decode.d3.loss_mask: 1.5517  decode.d3.loss_dice: 1.2437  decode.d4.loss_cls: 0.4305  decode.d4.loss_mask: 1.4768  decode.d4.loss_dice: 1.1791  decode.d5.loss_cls: 0.4740  decode.d5.loss_mask: 1.5778  decode.d5.loss_dice: 1.2430  decode.d6.loss_cls: 0.4843  decode.d6.loss_mask: 1.6553  decode.d6.loss_dice: 1.2196  decode.d7.loss_cls: 0.5455  decode.d7.loss_mask: 1.5562  decode.d7.loss_dice: 1.2064  decode.d8.loss_cls: 0.5205  decode.d8.loss_mask: 1.6611  decode.d8.loss_dice: 1.2217
09/30 21:29:09 - mmengine - INFO - Iter(train) [ 2750/20000]  base_lr: 8.7539e-05 lr: 8.7539e-06  eta: 1:27:38  time: 0.3052  data_time: 0.0123  memory: 8449  grad_norm: 609.8651  loss: 41.0639  decode.loss_cls: 0.7923  decode.loss_mask: 1.5946  decode.loss_dice: 1.6652  decode.d0.loss_cls: 1.4651  decode.d0.loss_mask: 1.5956  decode.d0.loss_dice: 1.6837  decode.d1.loss_cls: 0.8618  decode.d1.loss_mask: 1.5261  decode.d1.loss_dice: 1.7202  decode.d2.loss_cls: 0.6902  decode.d2.loss_mask: 1.6187  decode.d2.loss_dice: 1.7173  decode.d3.loss_cls: 0.9185  decode.d3.loss_mask: 1.5584  decode.d3.loss_dice: 1.5945  decode.d4.loss_cls: 0.8352  decode.d4.loss_mask: 1.5255  decode.d4.loss_dice: 1.6110  decode.d5.loss_cls: 0.7648  decode.d5.loss_mask: 1.5820  decode.d5.loss_dice: 1.7270  decode.d6.loss_cls: 0.7589  decode.d6.loss_mask: 1.5988  decode.d6.loss_dice: 1.6705  decode.d7.loss_cls: 0.7565  decode.d7.loss_mask: 1.5325  decode.d7.loss_dice: 1.6711  decode.d8.loss_cls: 0.7998  decode.d8.loss_mask: 1.5240  decode.d8.loss_dice: 1.7042
09/30 21:29:23 - mmengine - INFO - Exp name: mask2former_swin_l_512_20260930_211218
09/30 21:29:24 - mmengine - INFO - Iter(train) [ 2800/20000]  base_lr: 8.7311e-05 lr: 8.7311e-06  eta: 1:27:22  time: 0.3025  data_time: 0.0115  memory: 8450  grad_norm: 590.3454  loss: 39.5736  decode.loss_cls: 0.6668  decode.loss_mask: 1.7121  decode.loss_dice: 1.4668  decode.d0.loss_cls: 1.3521  decode.d0.loss_mask: 1.7246  decode.d0.loss_dice: 1.5467  decode.d1.loss_cls: 0.6537  decode.d1.loss_mask: 1.7389  decode.d1.loss_dice: 1.4722  decode.d2.loss_cls: 0.6703  decode.d2.loss_mask: 1.6756  decode.d2.loss_dice: 1.4737  decode.d3.loss_cls: 0.7118  decode.d3.loss_mask: 1.6670  decode.d3.loss_dice: 1.4416  decode.d4.loss_cls: 0.7537  decode.d4.loss_mask: 1.6612  decode.d4.loss_dice: 1.4715  decode.d5.loss_cls: 0.7221  decode.d5.loss_mask: 1.7217  decode.d5.loss_dice: 1.5037  decode.d6.loss_cls: 0.7108  decode.d6.loss_mask: 1.7286  decode.d6.loss_dice: 1.4351  decode.d7.loss_cls: 0.7004  decode.d7.loss_mask: 1.7166  decode.d7.loss_dice: 1.5193  decode.d8.loss_cls: 0.5828  decode.d8.loss_mask: 1.8176  decode.d8.loss_dice: 1.5548
09/30 21:29:39 - mmengine - INFO - Iter(train) [ 2850/20000]  base_lr: 8.7082e-05 lr: 8.7082e-06  eta: 1:27:08  time: 0.3020  data_time: 0.0117  memory: 8457  grad_norm: 508.6889  loss: 39.1464  decode.loss_cls: 0.6033  decode.loss_mask: 1.6278  decode.loss_dice: 1.6800  decode.d0.loss_cls: 1.3221  decode.d0.loss_mask: 1.5800  decode.d0.loss_dice: 1.7147  decode.d1.loss_cls: 0.5666  decode.d1.loss_mask: 1.5962  decode.d1.loss_dice: 1.6034  decode.d2.loss_cls: 0.5875  decode.d2.loss_mask: 1.6163  decode.d2.loss_dice: 1.5712  decode.d3.loss_cls: 0.6143  decode.d3.loss_mask: 1.5810  decode.d3.loss_dice: 1.6317  decode.d4.loss_cls: 0.6378  decode.d4.loss_mask: 1.5967  decode.d4.loss_dice: 1.6306  decode.d5.loss_cls: 0.6362  decode.d5.loss_mask: 1.5772  decode.d5.loss_dice: 1.6399  decode.d6.loss_cls: 0.6068  decode.d6.loss_mask: 1.5979  decode.d6.loss_dice: 1.6728  decode.d7.loss_cls: 0.6373  decode.d7.loss_mask: 1.5688  decode.d7.loss_dice: 1.6020  decode.d8.loss_cls: 0.6610  decode.d8.loss_mask: 1.5499  decode.d8.loss_dice: 1.6355
09/30 21:29:54 - mmengine - INFO - Iter(train) [ 2900/20000]  base_lr: 8.6854e-05 lr: 8.6854e-06  eta: 1:26:52  time: 0.3178  data_time: 0.0130  memory: 8439  grad_norm: 602.8063  loss: 38.1842  decode.loss_cls: 0.5101  decode.loss_mask: 1.6285  decode.loss_dice: 1.6038  decode.d0.loss_cls: 1.1935  decode.d0.loss_mask: 1.7243  decode.d0.loss_dice: 1.5656  decode.d1.loss_cls: 0.5825  decode.d1.loss_mask: 1.6417  decode.d1.loss_dice: 1.5412  decode.d2.loss_cls: 0.5592  decode.d2.loss_mask: 1.5827  decode.d2.loss_dice: 1.5037  decode.d3.loss_cls: 0.6823  decode.d3.loss_mask: 1.6084  decode.d3.loss_dice: 1.4637  decode.d4.loss_cls: 0.6734  decode.d4.loss_mask: 1.6527  decode.d4.loss_dice: 1.4940  decode.d5.loss_cls: 0.5609  decode.d5.loss_mask: 1.7601  decode.d5.loss_dice: 1.4842  decode.d6.loss_cls: 0.5563  decode.d6.loss_mask: 1.6585  decode.d6.loss_dice: 1.4992  decode.d7.loss_cls: 0.5167  decode.d7.loss_mask: 1.7111  decode.d7.loss_dice: 1.5088  decode.d8.loss_cls: 0.4894  decode.d8.loss_mask: 1.6740  decode.d8.loss_dice: 1.5536
09/30 21:30:09 - mmengine - INFO - Iter(train) [ 2950/20000]  base_lr: 8.6625e-05 lr: 8.6625e-06  eta: 1:26:36  time: 0.2961  data_time: 0.0113  memory: 8457  grad_norm: 1129.2227  loss: 45.9627  decode.loss_cls: 0.6929  decode.loss_mask: 1.9692  decode.loss_dice: 1.8328  decode.d0.loss_cls: 1.3947  decode.d0.loss_mask: 1.9540  decode.d0.loss_dice: 1.8008  decode.d1.loss_cls: 0.7698  decode.d1.loss_mask: 1.8873  decode.d1.loss_dice: 1.7403  decode.d2.loss_cls: 0.7803  decode.d2.loss_mask: 1.9720  decode.d2.loss_dice: 1.8083  decode.d3.loss_cls: 0.7751  decode.d3.loss_mask: 1.9737  decode.d3.loss_dice: 1.7888  decode.d4.loss_cls: 0.8267  decode.d4.loss_mask: 1.9454  decode.d4.loss_dice: 1.7918  decode.d5.loss_cls: 0.9914  decode.d5.loss_mask: 1.8802  decode.d5.loss_dice: 1.7801  decode.d6.loss_cls: 0.8769  decode.d6.loss_mask: 1.9196  decode.d6.loss_dice: 1.8168  decode.d7.loss_cls: 0.8446  decode.d7.loss_mask: 1.9264  decode.d7.loss_dice: 1.7875  decode.d8.loss_cls: 0.7821  decode.d8.loss_mask: 1.8781  decode.d8.loss_dice: 1.7751
09/30 21:30:24 - mmengine - INFO - Exp name: mask2former_swin_l_512_20260930_211218
09/30 21:30:24 - mmengine - INFO - Iter(train) [ 3000/20000]  base_lr: 8.6397e-05 lr: 8.6397e-06  eta: 1:26:20  time: 0.2955  data_time: 0.0111  memory: 8437  grad_norm: 706.4804  loss: 40.3405  decode.loss_cls: 0.6790  decode.loss_mask: 1.7134  decode.loss_dice: 1.6087  decode.d0.loss_cls: 1.2181  decode.d0.loss_mask: 1.7079  decode.d0.loss_dice: 1.6314  decode.d1.loss_cls: 0.6151  decode.d1.loss_mask: 1.7803  decode.d1.loss_dice: 1.6380  decode.d2.loss_cls: 0.6189  decode.d2.loss_mask: 1.6779  decode.d2.loss_dice: 1.5365  decode.d3.loss_cls: 0.6078  decode.d3.loss_mask: 1.7999  decode.d3.loss_dice: 1.6331  decode.d4.loss_cls: 0.5825  decode.d4.loss_mask: 1.7223  decode.d4.loss_dice: 1.6513  decode.d5.loss_cls: 0.6301  decode.d5.loss_mask: 1.7451  decode.d5.loss_dice: 1.6547  decode.d6.loss_cls: 0.7422  decode.d6.loss_mask: 1.6458  decode.d6.loss_dice: 1.5460  decode.d7.loss_cls: 0.6773  decode.d7.loss_mask: 1.6359  decode.d7.loss_dice: 1.5981  decode.d8.loss_cls: 0.6501  decode.d8.loss_mask: 1.7387  decode.d8.loss_dice: 1.6542
09/30 21:30:24 - mmengine - INFO - Saving checkpoint at 3000 iterations
09/30 21:30:32 - mmengine - INFO - Iter(val) [ 50/699]    eta: 0:01:14  time: 0.1163  data_time: 0.0048  memory: 3701  
09/30 21:30:38 - mmengine - INFO - Iter(val) [100/699]    eta: 0:01:08  time: 0.1146  data_time: 0.0039  memory: 3701  
09/30 21:30:44 - mmengine - INFO - Iter(val) [150/699]    eta: 0:01:02  time: 0.1139  data_time: 0.0036  memory: 3701  
09/30 21:30:50 - mmengine - INFO - Iter(val) [200/699]    eta: 0:00:57  time: 0.1140  data_time: 0.0036  memory: 3701  
09/30 21:30:55 - mmengine - INFO - Iter(val) [250/699]    eta: 0:00:51  time: 0.1148  data_time: 0.0036  memory: 3701  
09/30 21:31:01 - mmengine - INFO - Iter(val) [300/699]    eta: 0:00:45  time: 0.1145  data_time: 0.0037  memory: 3701  
09/30 21:31:07 - mmengine - INFO - Iter(val) [350/699]    eta: 0:00:39  time: 0.1146  data_time: 0.0039  memory: 3701  
09/30 21:31:12 - mmengine - INFO - Iter(val) [400/699]    eta: 0:00:34  time: 0.1147  data_time: 0.0038  memory: 3701  
09/30 21:31:18 - mmengine - INFO - Iter(val) [450/699]    eta: 0:00:28  time: 0.1154  data_time: 0.0039  memory: 3701  
09/30 21:31:24 - mmengine - INFO - Iter(val) [500/699]    eta: 0:00:22  time: 0.1151  data_time: 0.0038  memory: 3701  
09/30 21:31:30 - mmengine - INFO - Iter(val) [550/699]    eta: 0:00:17  time: 0.1155  data_time: 0.0038  memory: 3701  
09/30 21:31:36 - mmengine - INFO - Iter(val) [600/699]    eta: 0:00:11  time: 0.1156  data_time: 0.0037  memory: 3701  
09/30 21:31:41 - mmengine - INFO - Iter(val) [650/699]    eta: 0:00:05  time: 0.1161  data_time: 0.0040  memory: 3701  
09/30 21:31:47 - mmengine - INFO - per class results:
09/30 21:31:47 - mmengine - INFO - 
+--------------+-------+-------+
|    Class     |  IoU  |  Acc  |
+--------------+-------+-------+
|  Background  |  51.0 | 79.14 |
|   Building   | 76.38 | 85.44 |
|     Road     | 47.01 | 52.42 |
|    Water     | 74.77 | 83.24 |
|    Barren    |  0.07 |  0.09 |
|  Vegetation  | 73.97 | 77.27 |
| Agricultural | 61.79 | 82.39 |
|   Vehicle    | 66.14 | 70.23 |
+--------------+-------+-------+
09/30 21:31:47 - mmengine - INFO - Iter(val) [699/699]    aAcc: 76.9000  mIoU: 56.3900  mAcc: 66.2800  data_time: 0.0039  time: 0.1149
09/30 21:31:47 - mmengine - INFO - The previous best checkpoint /root/hyperseg/runs/mask2former_uav/h2_swin_l_mask2former_20k_seed3407_fp32/best_mIoU_iter_2000.pth is removed
09/30 21:31:49 - mmengine - INFO - The best checkpoint with 56.3900 mIoU at 3000 iter is saved to best_mIoU_iter_3000.pth.
09/30 21:32:07 - mmengine - INFO - Iter(train) [ 3050/20000]  base_lr: 8.6168e-05 lr: 8.6168e-06  eta: 1:26:29  time: 0.2968  data_time: 0.0111  memory: 8448  grad_norm: 1003.1618  loss: 45.5138  decode.loss_cls: 0.6951  decode.loss_mask: 1.8998  decode.loss_dice: 1.9977  decode.d0.loss_cls: 1.2822  decode.d0.loss_mask: 1.7845  decode.d0.loss_dice: 1.9072  decode.d1.loss_cls: 0.6936  decode.d1.loss_mask: 1.8280  decode.d1.loss_dice: 1.8798  decode.d2.loss_cls: 0.6887  decode.d2.loss_mask: 1.8911  decode.d2.loss_dice: 1.8629  decode.d3.loss_cls: 0.6921  decode.d3.loss_mask: 1.8995  decode.d3.loss_dice: 1.8838  decode.d4.loss_cls: 0.6719  decode.d4.loss_mask: 1.8726  decode.d4.loss_dice: 1.8848  decode.d5.loss_cls: 0.6795  decode.d5.loss_mask: 1.8887  decode.d5.loss_dice: 1.8798  decode.d6.loss_cls: 0.7647  decode.d6.loss_mask: 1.8571  decode.d6.loss_dice: 1.9110  decode.d7.loss_cls: 0.7174  decode.d7.loss_mask: 1.9109  decode.d7.loss_dice: 1.9661  decode.d8.loss_cls: 0.6666  decode.d8.loss_mask: 1.9499  decode.d8.loss_dice: 2.0066
09/30 21:32:22 - mmengine - INFO - Iter(train) [ 3100/20000]  base_lr: 8.5939e-05 lr: 8.5939e-06  eta: 1:26:11  time: 0.2987  data_time: 0.0117  memory: 8450  grad_norm: 472.8117  loss: 43.6049  decode.loss_cls: 0.6503  decode.loss_mask: 1.9099  decode.loss_dice: 1.7930  decode.d0.loss_cls: 1.2410  decode.d0.loss_mask: 1.8558  decode.d0.loss_dice: 1.8247  decode.d1.loss_cls: 0.7128  decode.d1.loss_mask: 1.8144  decode.d1.loss_dice: 1.7138  decode.d2.loss_cls: 0.7089  decode.d2.loss_mask: 1.7925  decode.d2.loss_dice: 1.7310  decode.d3.loss_cls: 0.7619  decode.d3.loss_mask: 1.8073  decode.d3.loss_dice: 1.7596  decode.d4.loss_cls: 0.7202  decode.d4.loss_mask: 1.8122  decode.d4.loss_dice: 1.7400  decode.d5.loss_cls: 0.7345  decode.d5.loss_mask: 1.8628  decode.d5.loss_dice: 1.7188  decode.d6.loss_cls: 0.8029  decode.d6.loss_mask: 1.7660  decode.d6.loss_dice: 1.7729  decode.d7.loss_cls: 0.7372  decode.d7.loss_mask: 1.7497  decode.d7.loss_dice: 1.6990  decode.d8.loss_cls: 0.6487  decode.d8.loss_mask: 1.9073  decode.d8.loss_dice: 1.8556
09/30 21:32:37 - mmengine - INFO - Iter(train) [ 3150/20000]  base_lr: 8.5710e-05 lr: 8.5710e-06  eta: 1:25:56  time: 0.2981  data_time: 0.0109  memory: 8457  grad_norm: 363.2398  loss: 45.2128  decode.loss_cls: 0.5683  decode.loss_mask: 2.1110  decode.loss_dice: 1.8544  decode.d0.loss_cls: 1.2319  decode.d0.loss_mask: 1.9951  decode.d0.loss_dice: 1.8262  decode.d1.loss_cls: 0.6625  decode.d1.loss_mask: 1.9375  decode.d1.loss_dice: 1.7757  decode.d2.loss_cls: 0.7274  decode.d2.loss_mask: 1.9303  decode.d2.loss_dice: 1.7595  decode.d3.loss_cls: 0.6989  decode.d3.loss_mask: 1.9126  decode.d3.loss_dice: 1.7581  decode.d4.loss_cls: 0.6815  decode.d4.loss_mask: 2.0131  decode.d4.loss_dice: 1.7771  decode.d5.loss_cls: 0.7292  decode.d5.loss_mask: 2.0107  decode.d5.loss_dice: 1.7273  decode.d6.loss_cls: 0.6848  decode.d6.loss_mask: 2.0468  decode.d6.loss_dice: 1.7612  decode.d7.loss_cls: 0.6775  decode.d7.loss_mask: 2.0840  decode.d7.loss_dice: 1.7295  decode.d8.loss_cls: 0.5514  decode.d8.loss_mask: 2.1614  decode.d8.loss_dice: 1.8281
09/30 21:32:52 - mmengine - INFO - Iter(train) [ 3200/20000]  base_lr: 8.5481e-05 lr: 8.5481e-06  eta: 1:25:40  time: 0.2997  data_time: 0.0116  memory: 8449  grad_norm: 449.1425  loss: 46.9479  decode.loss_cls: 0.6408  decode.loss_mask: 1.8012  decode.loss_dice: 2.1502  decode.d0.loss_cls: 1.2999  decode.d0.loss_mask: 1.6895  decode.d0.loss_dice: 2.1233  decode.d1.loss_cls: 0.8377  decode.d1.loss_mask: 1.6769  decode.d1.loss_dice: 2.1433  decode.d2.loss_cls: 0.7385  decode.d2.loss_mask: 1.7183  decode.d2.loss_dice: 2.1243  decode.d3.loss_cls: 0.8157  decode.d3.loss_mask: 1.7453  decode.d3.loss_dice: 2.1203  decode.d4.loss_cls: 0.7427  decode.d4.loss_mask: 1.7732  decode.d4.loss_dice: 2.0890  decode.d5.loss_cls: 0.7578  decode.d5.loss_mask: 1.7717  decode.d5.loss_dice: 2.1179  decode.d6.loss_cls: 0.8123  decode.d6.loss_mask: 1.7457  decode.d6.loss_dice: 2.0985  decode.d7.loss_cls: 0.9525  decode.d7.loss_mask: 1.7605  decode.d7.loss_dice: 2.1301  decode.d8.loss_cls: 0.7381  decode.d8.loss_mask: 1.7364  decode.d8.loss_dice: 2.0962
09/30 21:33:07 - mmengine - INFO - Iter(train) [ 3250/20000]  base_lr: 8.5252e-05 lr: 8.5252e-06  eta: 1:25:22  time: 0.3007  data_time: 0.0112  memory: 8448  grad_norm: 804.7316  loss: 39.6954  decode.loss_cls: 0.4256  decode.loss_mask: 1.9076  decode.loss_dice: 1.6545  decode.d0.loss_cls: 0.9704  decode.d0.loss_mask: 1.8654  decode.d0.loss_dice: 1.6010  decode.d1.loss_cls: 0.3878  decode.d1.loss_mask: 1.8631  decode.d1.loss_dice: 1.5965  decode.d2.loss_cls: 0.3803  decode.d2.loss_mask: 1.8783  decode.d2.loss_dice: 1.5949  decode.d3.loss_cls: 0.3377  decode.d3.loss_mask: 1.9358  decode.d3.loss_dice: 1.5636  decode.d4.loss_cls: 0.4250  decode.d4.loss_mask: 1.9231  decode.d4.loss_dice: 1.5907  decode.d5.loss_cls: 0.4470  decode.d5.loss_mask: 1.9045  decode.d5.loss_dice: 1.5759  decode.d6.loss_cls: 0.4899  decode.d6.loss_mask: 1.8466  decode.d6.loss_dice: 1.6459  decode.d7.loss_cls: 0.3917  decode.d7.loss_mask: 1.8915  decode.d7.loss_dice: 1.6171  decode.d8.loss_cls: 0.4697  decode.d8.loss_mask: 1.8913  decode.d8.loss_dice: 1.6226
09/30 21:33:22 - mmengine - INFO - Iter(train) [ 3300/20000]  base_lr: 8.5023e-05 lr: 8.5023e-06  eta: 1:25:05  time: 0.2940  data_time: 0.0109  memory: 8449  grad_norm: 752.7950  loss: 48.5938  decode.loss_cls: 0.6881  decode.loss_mask: 2.1240  decode.loss_dice: 1.9913  decode.d0.loss_cls: 1.0871  decode.d0.loss_mask: 2.0718  decode.d0.loss_dice: 2.0553  decode.d1.loss_cls: 0.6268  decode.d1.loss_mask: 2.1113  decode.d1.loss_dice: 2.0735  decode.d2.loss_cls: 0.6696  decode.d2.loss_mask: 2.0755  decode.d2.loss_dice: 2.0340  decode.d3.loss_cls: 0.6453  decode.d3.loss_mask: 2.0696  decode.d3.loss_dice: 2.0770  decode.d4.loss_cls: 0.7165  decode.d4.loss_mask: 2.0236  decode.d4.loss_dice: 1.9937  decode.d5.loss_cls: 0.6579  decode.d5.loss_mask: 2.0419  decode.d5.loss_dice: 2.0330  decode.d6.loss_cls: 0.8552  decode.d6.loss_mask: 2.1136  decode.d6.loss_dice: 2.0165  decode.d7.loss_cls: 0.7890  decode.d7.loss_mask: 2.0570  decode.d7.loss_dice: 2.0289  decode.d8.loss_cls: 0.7382  decode.d8.loss_mask: 2.1381  decode.d8.loss_dice: 1.9902
09/30 21:33:37 - mmengine - INFO - Iter(train) [ 3350/20000]  base_lr: 8.4794e-05 lr: 8.4794e-06  eta: 1:24:48  time: 0.2943  data_time: 0.0110  memory: 8449  grad_norm: 677.3653  loss: 44.4941  decode.loss_cls: 0.6832  decode.loss_mask: 1.8524  decode.loss_dice: 2.0122  decode.d0.loss_cls: 1.0968  decode.d0.loss_mask: 1.8098  decode.d0.loss_dice: 2.0320  decode.d1.loss_cls: 0.6063  decode.d1.loss_mask: 1.7370  decode.d1.loss_dice: 1.9855  decode.d2.loss_cls: 0.6366  decode.d2.loss_mask: 1.7607  decode.d2.loss_dice: 1.9721  decode.d3.loss_cls: 0.5680  decode.d3.loss_mask: 1.7653  decode.d3.loss_dice: 1.9828  decode.d4.loss_cls: 0.5147  decode.d4.loss_mask: 1.7479  decode.d4.loss_dice: 1.9723  decode.d5.loss_cls: 0.6142  decode.d5.loss_mask: 1.7904  decode.d5.loss_dice: 1.9775  decode.d6.loss_cls: 0.7667  decode.d6.loss_mask: 1.7709  decode.d6.loss_dice: 1.9287  decode.d7.loss_cls: 0.7157  decode.d7.loss_mask: 1.7543  decode.d7.loss_dice: 1.9332  decode.d8.loss_cls: 0.6705  decode.d8.loss_mask: 1.8307  decode.d8.loss_dice: 2.0056
09/30 21:33:51 - mmengine - INFO - Iter(train) [ 3400/20000]  base_lr: 8.4565e-05 lr: 8.4565e-06  eta: 1:24:31  time: 0.2988  data_time: 0.0112  memory: 8436  grad_norm: 448.2385  loss: 40.5358  decode.loss_cls: 0.9226  decode.loss_mask: 1.6948  decode.loss_dice: 1.4299  decode.d0.loss_cls: 1.2162  decode.d0.loss_mask: 1.6687  decode.d0.loss_dice: 1.4336  decode.d1.loss_cls: 0.8873  decode.d1.loss_mask: 1.7160  decode.d1.loss_dice: 1.4049  decode.d2.loss_cls: 0.9000  decode.d2.loss_mask: 1.7491  decode.d2.loss_dice: 1.3889  decode.d3.loss_cls: 0.8658  decode.d3.loss_mask: 1.6771  decode.d3.loss_dice: 1.3738  decode.d4.loss_cls: 0.8227  decode.d4.loss_mask: 1.7277  decode.d4.loss_dice: 1.3884  decode.d5.loss_cls: 0.8265  decode.d5.loss_mask: 1.7830  decode.d5.loss_dice: 1.4756  decode.d6.loss_cls: 0.8123  decode.d6.loss_mask: 1.8373  decode.d6.loss_dice: 1.4455  decode.d7.loss_cls: 0.8631  decode.d7.loss_mask: 1.7185  decode.d7.loss_dice: 1.3988  decode.d8.loss_cls: 0.9078  decode.d8.loss_mask: 1.7287  decode.d8.loss_dice: 1.4709
09/30 21:34:07 - mmengine - INFO - Iter(train) [ 3450/20000]  base_lr: 8.4336e-05 lr: 8.4336e-06  eta: 1:24:15  time: 0.3060  data_time: 0.0116  memory: 8449  grad_norm: 507.9647  loss: 42.6643  decode.loss_cls: 0.7166  decode.loss_mask: 1.9138  decode.loss_dice: 1.5898  decode.d0.loss_cls: 1.0392  decode.d0.loss_mask: 1.9605  decode.d0.loss_dice: 1.6684  decode.d1.loss_cls: 0.6444  decode.d1.loss_mask: 1.9068  decode.d1.loss_dice: 1.6083  decode.d2.loss_cls: 0.7033  decode.d2.loss_mask: 1.9141  decode.d2.loss_dice: 1.5526  decode.d3.loss_cls: 0.6602  decode.d3.loss_mask: 1.9122  decode.d3.loss_dice: 1.5818  decode.d4.loss_cls: 0.6893  decode.d4.loss_mask: 1.9107  decode.d4.loss_dice: 1.5944  decode.d5.loss_cls: 0.8137  decode.d5.loss_mask: 1.9945  decode.d5.loss_dice: 1.6404  decode.d6.loss_cls: 0.7793  decode.d6.loss_mask: 1.9623  decode.d6.loss_dice: 1.5816  decode.d7.loss_cls: 0.6960  decode.d7.loss_mask: 1.8575  decode.d7.loss_dice: 1.5909  decode.d8.loss_cls: 0.6225  decode.d8.loss_mask: 1.9488  decode.d8.loss_dice: 1.6103
09/30 21:34:22 - mmengine - INFO - Iter(train) [ 3500/20000]  base_lr: 8.4106e-05 lr: 8.4106e-06  eta: 1:24:01  time: 0.3100  data_time: 0.0118  memory: 8442  grad_norm: 429.1109  loss: 41.6820  decode.loss_cls: 0.7266  decode.loss_mask: 1.8727  decode.loss_dice: 1.5659  decode.d0.loss_cls: 1.0293  decode.d0.loss_mask: 1.9292  decode.d0.loss_dice: 1.5799  decode.d1.loss_cls: 0.5805  decode.d1.loss_mask: 1.8782  decode.d1.loss_dice: 1.5402  decode.d2.loss_cls: 0.5757  decode.d2.loss_mask: 2.0108  decode.d2.loss_dice: 1.5567  decode.d3.loss_cls: 0.6011  decode.d3.loss_mask: 1.9860  decode.d3.loss_dice: 1.5095  decode.d4.loss_cls: 0.5819  decode.d4.loss_mask: 2.0099  decode.d4.loss_dice: 1.5663  decode.d5.loss_cls: 0.6301  decode.d5.loss_mask: 2.0313  decode.d5.loss_dice: 1.5967  decode.d6.loss_cls: 0.7199  decode.d6.loss_mask: 1.9034  decode.d6.loss_dice: 1.5203  decode.d7.loss_cls: 0.6575  decode.d7.loss_mask: 1.8776  decode.d7.loss_dice: 1.5038  decode.d8.loss_cls: 0.6589  decode.d8.loss_mask: 1.9185  decode.d8.loss_dice: 1.5637
09/30 21:34:38 - mmengine - INFO - Iter(train) [ 3550/20000]  base_lr: 8.3877e-05 lr: 8.3877e-06  eta: 1:23:46  time: 0.3045  data_time: 0.0113  memory: 8449  grad_norm: 523.7174  loss: 48.9322  decode.loss_cls: 0.9334  decode.loss_mask: 2.1328  decode.loss_dice: 1.8174  decode.d0.loss_cls: 1.2272  decode.d0.loss_mask: 2.1260  decode.d0.loss_dice: 1.9452  decode.d1.loss_cls: 0.6937  decode.d1.loss_mask: 2.1869  decode.d1.loss_dice: 1.8800  decode.d2.loss_cls: 0.7334  decode.d2.loss_mask: 2.1776  decode.d2.loss_dice: 1.8287  decode.d3.loss_cls: 0.7127  decode.d3.loss_mask: 2.1753  decode.d3.loss_dice: 1.8909  decode.d4.loss_cls: 0.7246  decode.d4.loss_mask: 2.2464  decode.d4.loss_dice: 1.8834  decode.d5.loss_cls: 0.7950  decode.d5.loss_mask: 2.1684  decode.d5.loss_dice: 1.8684  decode.d6.loss_cls: 0.9602  decode.d6.loss_mask: 2.1887  decode.d6.loss_dice: 1.8498  decode.d7.loss_cls: 0.8305  decode.d7.loss_mask: 2.1834  decode.d7.loss_dice: 1.8957  decode.d8.loss_cls: 0.8045  decode.d8.loss_mask: 2.2168  decode.d8.loss_dice: 1.8555
09/30 21:34:53 - mmengine - INFO - Iter(train) [ 3600/20000]  base_lr: 8.3647e-05 lr: 8.3647e-06  eta: 1:23:30  time: 0.2946  data_time: 0.0108  memory: 8449  grad_norm: 567.7596  loss: 36.5663  decode.loss_cls: 0.4583  decode.loss_mask: 1.5642  decode.loss_dice: 1.4669  decode.d0.loss_cls: 0.8950  decode.d0.loss_mask: 1.6956  decode.d0.loss_dice: 1.6367  decode.d1.loss_cls: 0.4423  decode.d1.loss_mask: 1.6067  decode.d1.loss_dice: 1.5649  decode.d2.loss_cls: 0.4457  decode.d2.loss_mask: 1.5745  decode.d2.loss_dice: 1.5012  decode.d3.loss_cls: 0.4424  decode.d3.loss_mask: 1.6325  decode.d3.loss_dice: 1.5315  decode.d4.loss_cls: 0.4217  decode.d4.loss_mask: 1.6400  decode.d4.loss_dice: 1.5297  decode.d5.loss_cls: 0.3503  decode.d5.loss_mask: 1.7075  decode.d5.loss_dice: 1.6040  decode.d6.loss_cls: 0.3761  decode.d6.loss_mask: 1.6965  decode.d6.loss_dice: 1.6313  decode.d7.loss_cls: 0.4349  decode.d7.loss_mask: 1.6579  decode.d7.loss_dice: 1.5302  decode.d8.loss_cls: 0.4357  decode.d8.loss_mask: 1.6119  decode.d8.loss_dice: 1.4799
09/30 21:35:08 - mmengine - INFO - Iter(train) [ 3650/20000]  base_lr: 8.3418e-05 lr: 8.3418e-06  eta: 1:23:14  time: 0.2969  data_time: 0.0111  memory: 8449  grad_norm: 584.0774  loss: 45.3145  decode.loss_cls: 0.6273  decode.loss_mask: 1.8497  decode.loss_dice: 1.9704  decode.d0.loss_cls: 1.0110  decode.d0.loss_mask: 1.8966  decode.d0.loss_dice: 2.0460  decode.d1.loss_cls: 0.6062  decode.d1.loss_mask: 1.9048  decode.d1.loss_dice: 1.9238  decode.d2.loss_cls: 0.5779  decode.d2.loss_mask: 1.9869  decode.d2.loss_dice: 1.9323  decode.d3.loss_cls: 0.6122  decode.d3.loss_mask: 1.9559  decode.d3.loss_dice: 1.9490  decode.d4.loss_cls: 0.6337  decode.d4.loss_mask: 1.9037  decode.d4.loss_dice: 1.9142  decode.d5.loss_cls: 0.6520  decode.d5.loss_mask: 1.9077  decode.d5.loss_dice: 1.9603  decode.d6.loss_cls: 0.7378  decode.d6.loss_mask: 1.8601  decode.d6.loss_dice: 1.9419  decode.d7.loss_cls: 0.6227  decode.d7.loss_mask: 1.8921  decode.d7.loss_dice: 1.8739  decode.d8.loss_cls: 0.6811  decode.d8.loss_mask: 1.8902  decode.d8.loss_dice: 1.9932
09/30 21:35:23 - mmengine - INFO - Iter(train) [ 3700/20000]  base_lr: 8.3188e-05 lr: 8.3188e-06  eta: 1:22:57  time: 0.2968  data_time: 0.0112  memory: 8439  grad_norm: 468.9254  loss: 43.3003  decode.loss_cls: 0.6390  decode.loss_mask: 1.8944  decode.loss_dice: 1.9667  decode.d0.loss_cls: 0.9858  decode.d0.loss_mask: 1.8070  decode.d0.loss_dice: 1.8717  decode.d1.loss_cls: 0.5716  decode.d1.loss_mask: 1.8348  decode.d1.loss_dice: 1.8743  decode.d2.loss_cls: 0.6356  decode.d2.loss_mask: 1.7880  decode.d2.loss_dice: 1.8326  decode.d3.loss_cls: 0.6446  decode.d3.loss_mask: 1.8039  decode.d3.loss_dice: 1.7980  decode.d4.loss_cls: 0.6667  decode.d4.loss_mask: 1.8146  decode.d4.loss_dice: 1.8325  decode.d5.loss_cls: 0.6168  decode.d5.loss_mask: 1.8227  decode.d5.loss_dice: 1.8250  decode.d6.loss_cls: 0.6241  decode.d6.loss_mask: 1.7941  decode.d6.loss_dice: 1.8791  decode.d7.loss_cls: 0.6484  decode.d7.loss_mask: 1.7525  decode.d7.loss_dice: 1.7438  decode.d8.loss_cls: 0.6820  decode.d8.loss_mask: 1.7803  decode.d8.loss_dice: 1.8697
09/30 21:35:37 - mmengine - INFO - Iter(train) [ 3750/20000]  base_lr: 8.2958e-05 lr: 8.2958e-06  eta: 1:22:39  time: 0.2950  data_time: 0.0112  memory: 8436  grad_norm: 585.1652  loss: 39.4975  decode.loss_cls: 0.6235  decode.loss_mask: 1.6323  decode.loss_dice: 1.5961  decode.d0.loss_cls: 0.8872  decode.d0.loss_mask: 1.7956  decode.d0.loss_dice: 1.6983  decode.d1.loss_cls: 0.5010  decode.d1.loss_mask: 1.6742  decode.d1.loss_dice: 1.6904  decode.d2.loss_cls: 0.4807  decode.d2.loss_mask: 1.7428  decode.d2.loss_dice: 1.6880  decode.d3.loss_cls: 0.5169  decode.d3.loss_mask: 1.6834  decode.d3.loss_dice: 1.6055  decode.d4.loss_cls: 0.4851  decode.d4.loss_mask: 1.7185  decode.d4.loss_dice: 1.6422  decode.d5.loss_cls: 0.5458  decode.d5.loss_mask: 1.7400  decode.d5.loss_dice: 1.6412  decode.d6.loss_cls: 0.6457  decode.d6.loss_mask: 1.7235  decode.d6.loss_dice: 1.6120  decode.d7.loss_cls: 0.6379  decode.d7.loss_mask: 1.6874  decode.d7.loss_dice: 1.5891  decode.d8.loss_cls: 0.6203  decode.d8.loss_mask: 1.7022  decode.d8.loss_dice: 1.6906
09/30 21:35:52 - mmengine - INFO - Iter(train) [ 3800/20000]  base_lr: 8.2729e-05 lr: 8.2729e-06  eta: 1:22:23  time: 0.2949  data_time: 0.0112  memory: 8457  grad_norm: 796.3785  loss: 41.0135  decode.loss_cls: 0.5312  decode.loss_mask: 1.7252  decode.loss_dice: 1.7102  decode.d0.loss_cls: 0.9041  decode.d0.loss_mask: 1.7793  decode.d0.loss_dice: 1.7625  decode.d1.loss_cls: 0.5481  decode.d1.loss_mask: 1.7636  decode.d1.loss_dice: 1.7306  decode.d2.loss_cls: 0.4897  decode.d2.loss_mask: 1.7833  decode.d2.loss_dice: 1.7917  decode.d3.loss_cls: 0.5811  decode.d3.loss_mask: 1.7837  decode.d3.loss_dice: 1.7664  decode.d4.loss_cls: 0.5803  decode.d4.loss_mask: 1.7867  decode.d4.loss_dice: 1.7969  decode.d5.loss_cls: 0.5689  decode.d5.loss_mask: 1.7615  decode.d5.loss_dice: 1.7648  decode.d6.loss_cls: 0.5863  decode.d6.loss_mask: 1.7455  decode.d6.loss_dice: 1.7370  decode.d7.loss_cls: 0.5524  decode.d7.loss_mask: 1.7130  decode.d7.loss_dice: 1.7608  decode.d8.loss_cls: 0.5391  decode.d8.loss_mask: 1.7163  decode.d8.loss_dice: 1.7533
09/30 21:36:07 - mmengine - INFO - Iter(train) [ 3850/20000]  base_lr: 8.2499e-05 lr: 8.2499e-06  eta: 1:22:06  time: 0.2969  data_time: 0.0118  memory: 8457  grad_norm: 446.0658  loss: 45.8512  decode.loss_cls: 0.6521  decode.loss_mask: 1.9252  decode.loss_dice: 2.0296  decode.d0.loss_cls: 0.9149  decode.d0.loss_mask: 1.9765  decode.d0.loss_dice: 2.1282  decode.d1.loss_cls: 0.5859  decode.d1.loss_mask: 1.8999  decode.d1.loss_dice: 2.0503  decode.d2.loss_cls: 0.5749  decode.d2.loss_mask: 1.9021  decode.d2.loss_dice: 2.0444  decode.d3.loss_cls: 0.5862  decode.d3.loss_mask: 1.8879  decode.d3.loss_dice: 2.0029  decode.d4.loss_cls: 0.6002  decode.d4.loss_mask: 1.8908  decode.d4.loss_dice: 2.0377  decode.d5.loss_cls: 0.5479  decode.d5.loss_mask: 1.8645  decode.d5.loss_dice: 2.0230  decode.d6.loss_cls: 0.6055  decode.d6.loss_mask: 1.9253  decode.d6.loss_dice: 2.0913  decode.d7.loss_cls: 0.6595  decode.d7.loss_mask: 1.8642  decode.d7.loss_dice: 2.0167  decode.d8.loss_cls: 0.5276  decode.d8.loss_mask: 1.9292  decode.d8.loss_dice: 2.1065
09/30 21:36:23 - mmengine - INFO - Iter(train) [ 3900/20000]  base_lr: 8.2269e-05 lr: 8.2269e-06  eta: 1:21:51  time: 0.2967  data_time: 0.0119  memory: 8438  grad_norm: 602.0793  loss: 36.9705  decode.loss_cls: 0.4765  decode.loss_mask: 1.7317  decode.loss_dice: 1.4959  decode.d0.loss_cls: 0.7584  decode.d0.loss_mask: 1.7474  decode.d0.loss_dice: 1.5726  decode.d1.loss_cls: 0.3502  decode.d1.loss_mask: 1.7595  decode.d1.loss_dice: 1.5332  decode.d2.loss_cls: 0.3480  decode.d2.loss_mask: 1.7474  decode.d2.loss_dice: 1.5314  decode.d3.loss_cls: 0.3948  decode.d3.loss_mask: 1.6793  decode.d3.loss_dice: 1.4860  decode.d4.loss_cls: 0.3817  decode.d4.loss_mask: 1.7093  decode.d4.loss_dice: 1.5124  decode.d5.loss_cls: 0.4639  decode.d5.loss_mask: 1.6812  decode.d5.loss_dice: 1.5069  decode.d6.loss_cls: 0.4865  decode.d6.loss_mask: 1.7172  decode.d6.loss_dice: 1.4856  decode.d7.loss_cls: 0.5232  decode.d7.loss_mask: 1.6718  decode.d7.loss_dice: 1.4922  decode.d8.loss_cls: 0.5470  decode.d8.loss_mask: 1.7125  decode.d8.loss_dice: 1.4671
09/30 21:36:38 - mmengine - INFO - Iter(train) [ 3950/20000]  base_lr: 8.2039e-05 lr: 8.2039e-06  eta: 1:21:35  time: 0.3015  data_time: 0.0115  memory: 8439  grad_norm: 464.4433  loss: 39.3697  decode.loss_cls: 0.6301  decode.loss_mask: 1.6557  decode.loss_dice: 1.5380  decode.d0.loss_cls: 0.8619  decode.d0.loss_mask: 1.7280  decode.d0.loss_dice: 1.6498  decode.d1.loss_cls: 0.5219  decode.d1.loss_mask: 1.7464  decode.d1.loss_dice: 1.6667  decode.d2.loss_cls: 0.6507  decode.d2.loss_mask: 1.7337  decode.d2.loss_dice: 1.5806  decode.d3.loss_cls: 0.6434  decode.d3.loss_mask: 1.6848  decode.d3.loss_dice: 1.5481  decode.d4.loss_cls: 0.7035  decode.d4.loss_mask: 1.6872  decode.d4.loss_dice: 1.5435  decode.d5.loss_cls: 0.7008  decode.d5.loss_mask: 1.6795  decode.d5.loss_dice: 1.5680  decode.d6.loss_cls: 0.6720  decode.d6.loss_mask: 1.6945  decode.d6.loss_dice: 1.5456  decode.d7.loss_cls: 0.6645  decode.d7.loss_mask: 1.6747  decode.d7.loss_dice: 1.5179  decode.d8.loss_cls: 0.7178  decode.d8.loss_mask: 1.6543  decode.d8.loss_dice: 1.5061
09/30 21:36:53 - mmengine - INFO - Exp name: mask2former_swin_l_512_20260930_211218
09/30 21:36:53 - mmengine - INFO - Iter(train) [ 4000/20000]  base_lr: 8.1809e-05 lr: 8.1809e-06  eta: 1:21:20  time: 0.3005  data_time: 0.0114  memory: 8457  grad_norm: 423.0104  loss: 45.7316  decode.loss_cls: 0.5963  decode.loss_mask: 1.9711  decode.loss_dice: 1.9911  decode.d0.loss_cls: 1.0412  decode.d0.loss_mask: 1.9225  decode.d0.loss_dice: 1.9443  decode.d1.loss_cls: 0.6510  decode.d1.loss_mask: 1.9419  decode.d1.loss_dice: 1.9838  decode.d2.loss_cls: 0.7014  decode.d2.loss_mask: 1.8716  decode.d2.loss_dice: 1.9112  decode.d3.loss_cls: 0.6139  decode.d3.loss_mask: 1.9097  decode.d3.loss_dice: 1.9609  decode.d4.loss_cls: 0.5806  decode.d4.loss_mask: 1.9647  decode.d4.loss_dice: 1.9890  decode.d5.loss_cls: 0.6625  decode.d5.loss_mask: 1.9162  decode.d5.loss_dice: 1.8939  decode.d6.loss_cls: 0.6942  decode.d6.loss_mask: 1.8921  decode.d6.loss_dice: 1.8918  decode.d7.loss_cls: 0.7308  decode.d7.loss_mask: 1.9698  decode.d7.loss_dice: 1.9445  decode.d8.loss_cls: 0.6644  decode.d8.loss_mask: 1.9566  decode.d8.loss_dice: 1.9685
09/30 21:36:53 - mmengine - INFO - Saving checkpoint at 4000 iterations
09/30 21:37:01 - mmengine - INFO - Iter(val) [ 50/699]    eta: 0:01:15  time: 0.1157  data_time: 0.0038  memory: 3701  
09/30 21:37:07 - mmengine - INFO - Iter(val) [100/699]    eta: 0:01:09  time: 0.1169  data_time: 0.0042  memory: 3701  
09/30 21:37:13 - mmengine - INFO - Iter(val) [150/699]    eta: 0:01:03  time: 0.1155  data_time: 0.0038  memory: 3701  
09/30 21:37:19 - mmengine - INFO - Iter(val) [200/699]    eta: 0:00:57  time: 0.1155  data_time: 0.0039  memory: 3701  
09/30 21:37:25 - mmengine - INFO - Iter(val) [250/699]    eta: 0:00:51  time: 0.1146  data_time: 0.0038  memory: 3701  
09/30 21:37:30 - mmengine - INFO - Iter(val) [300/699]    eta: 0:00:46  time: 0.1146  data_time: 0.0038  memory: 3701  
09/30 21:37:36 - mmengine - INFO - Iter(val) [350/699]    eta: 0:00:40  time: 0.1152  data_time: 0.0042  memory: 3701  
09/30 21:37:42 - mmengine - INFO - Iter(val) [400/699]    eta: 0:00:34  time: 0.1151  data_time: 0.0039  memory: 3701  
09/30 21:37:48 - mmengine - INFO - Iter(val) [450/699]    eta: 0:00:28  time: 0.1145  data_time: 0.0038  memory: 3701  
09/30 21:37:53 - mmengine - INFO - Iter(val) [500/699]    eta: 0:00:22  time: 0.1149  data_time: 0.0039  memory: 3701  
09/30 21:37:59 - mmengine - INFO - Iter(val) [550/699]    eta: 0:00:17  time: 0.1154  data_time: 0.0038  memory: 3701  
09/30 21:38:05 - mmengine - INFO - Iter(val) [600/699]    eta: 0:00:11  time: 0.1153  data_time: 0.0039  memory: 3701  
09/30 21:38:11 - mmengine - INFO - Iter(val) [650/699]    eta: 0:00:05  time: 0.1150  data_time: 0.0040  memory: 3701  
09/30 21:38:16 - mmengine - INFO - per class results:
09/30 21:38:16 - mmengine - INFO - 
+--------------+-------+-------+
|    Class     |  IoU  |  Acc  |
+--------------+-------+-------+
|  Background  | 48.48 | 84.93 |
|   Building   | 66.57 | 69.29 |
|     Road     | 41.68 | 45.64 |
|    Water     | 18.56 | 18.83 |
|    Barren    |  0.0  |  0.0  |
|  Vegetation  | 80.06 | 84.54 |
| Agricultural | 61.04 | 81.34 |
|   Vehicle    | 67.17 | 70.53 |
+--------------+-------+-------+
09/30 21:38:16 - mmengine - INFO - Iter(val) [699/699]    aAcc: 73.4600  mIoU: 47.9500  mAcc: 56.8900  data_time: 0.0040  time: 0.1153
09/30 21:38:31 - mmengine - INFO - Iter(train) [ 4050/20000]  base_lr: 8.1579e-05 lr: 8.1579e-06  eta: 1:21:05  time: 0.2996  data_time: 0.0116  memory: 8437  grad_norm: 390.4886  loss: 44.4031  decode.loss_cls: 0.5808  decode.loss_mask: 1.9014  decode.loss_dice: 1.9250  decode.d0.loss_cls: 1.0184  decode.d0.loss_mask: 1.7957  decode.d0.loss_dice: 2.0360  decode.d1.loss_cls: 0.7141  decode.d1.loss_mask: 1.8191  decode.d1.loss_dice: 1.9628  decode.d2.loss_cls: 0.7273  decode.d2.loss_mask: 1.7163  decode.d2.loss_dice: 1.8723  decode.d3.loss_cls: 0.7693  decode.d3.loss_mask: 1.7571  decode.d3.loss_dice: 1.9147  decode.d4.loss_cls: 0.6502  decode.d4.loss_mask: 1.7990  decode.d4.loss_dice: 1.9452  decode.d5.loss_cls: 0.6661  decode.d5.loss_mask: 1.8713  decode.d5.loss_dice: 1.8885  decode.d6.loss_cls: 0.6019  decode.d6.loss_mask: 1.8139  decode.d6.loss_dice: 1.8962  decode.d7.loss_cls: 0.5710  decode.d7.loss_mask: 1.9169  decode.d7.loss_dice: 1.9222  decode.d8.loss_cls: 0.5670  decode.d8.loss_mask: 1.8588  decode.d8.loss_dice: 1.9245
09/30 21:38:47 - mmengine - INFO - Iter(train) [ 4100/20000]  base_lr: 8.1349e-05 lr: 8.1349e-06  eta: 1:20:50  time: 0.3123  data_time: 0.0128  memory: 8449  grad_norm: 495.7095  loss: 41.8789  decode.loss_cls: 0.4680  decode.loss_mask: 1.9588  decode.loss_dice: 1.6863  decode.d0.loss_cls: 0.7587  decode.d0.loss_mask: 1.9634  decode.d0.loss_dice: 1.6321  decode.d1.loss_cls: 0.4750  decode.d1.loss_mask: 1.9731  decode.d1.loss_dice: 1.6912  decode.d2.loss_cls: 0.5004  decode.d2.loss_mask: 1.9531  decode.d2.loss_dice: 1.6770  decode.d3.loss_cls: 0.5347  decode.d3.loss_mask: 1.9400  decode.d3.loss_dice: 1.6542  decode.d4.loss_cls: 0.4959  decode.d4.loss_mask: 1.9786  decode.d4.loss_dice: 1.6841  decode.d5.loss_cls: 0.5318  decode.d5.loss_mask: 2.0346  decode.d5.loss_dice: 1.7351  decode.d6.loss_cls: 0.4897  decode.d6.loss_mask: 2.0514  decode.d6.loss_dice: 1.7448  decode.d7.loss_cls: 0.4912  decode.d7.loss_mask: 2.0044  decode.d7.loss_dice: 1.6363  decode.d8.loss_cls: 0.4444  decode.d8.loss_mask: 1.9908  decode.d8.loss_dice: 1.7000
09/30 21:39:02 - mmengine - INFO - Iter(train) [ 4150/20000]  base_lr: 8.1118e-05 lr: 8.1118e-06  eta: 1:20:34  time: 0.3161  data_time: 0.0127  memory: 8438  grad_norm: 288.8541  loss: 32.4163  decode.loss_cls: 0.4760  decode.loss_mask: 1.5372  decode.loss_dice: 1.2722  decode.d0.loss_cls: 0.8139  decode.d0.loss_mask: 1.4948  decode.d0.loss_dice: 1.2523  decode.d1.loss_cls: 0.3831  decode.d1.loss_mask: 1.5401  decode.d1.loss_dice: 1.2459  decode.d2.loss_cls: 0.4221  decode.d2.loss_mask: 1.4966  decode.d2.loss_dice: 1.2255  decode.d3.loss_cls: 0.3810  decode.d3.loss_mask: 1.5579  decode.d3.loss_dice: 1.2274  decode.d4.loss_cls: 0.3721  decode.d4.loss_mask: 1.5588  decode.d4.loss_dice: 1.2116  decode.d5.loss_cls: 0.4376  decode.d5.loss_mask: 1.5713  decode.d5.loss_dice: 1.2326  decode.d6.loss_cls: 0.4897  decode.d6.loss_mask: 1.5192  decode.d6.loss_dice: 1.2129  decode.d7.loss_cls: 0.4897  decode.d7.loss_mask: 1.5562  decode.d7.loss_dice: 1.2181  decode.d8.loss_cls: 0.5017  decode.d8.loss_mask: 1.5240  decode.d8.loss_dice: 1.1948
09/30 21:39:17 - mmengine - INFO - Iter(train) [ 4200/20000]  base_lr: 8.0888e-05 lr: 8.0888e-06  eta: 1:20:20  time: 0.3120  data_time: 0.0125  memory: 8439  grad_norm: 1133.7876  loss: 39.7784  decode.loss_cls: 0.6366  decode.loss_mask: 1.7251  decode.loss_dice: 1.5454  decode.d0.loss_cls: 0.9303  decode.d0.loss_mask: 1.7547  decode.d0.loss_dice: 1.6413  decode.d1.loss_cls: 0.6061  decode.d1.loss_mask: 1.7481  decode.d1.loss_dice: 1.5878  decode.d2.loss_cls: 0.5618  decode.d2.loss_mask: 1.7714  decode.d2.loss_dice: 1.5639  decode.d3.loss_cls: 0.6508  decode.d3.loss_mask: 1.7730  decode.d3.loss_dice: 1.4994  decode.d4.loss_cls: 0.6828  decode.d4.loss_mask: 1.7358  decode.d4.loss_dice: 1.5653  decode.d5.loss_cls: 0.6857  decode.d5.loss_mask: 1.7230  decode.d5.loss_dice: 1.5417  decode.d6.loss_cls: 0.6835  decode.d6.loss_mask: 1.7168  decode.d6.loss_dice: 1.5453  decode.d7.loss_cls: 0.6622  decode.d7.loss_mask: 1.6973  decode.d7.loss_dice: 1.5532  decode.d8.loss_cls: 0.7496  decode.d8.loss_mask: 1.6768  decode.d8.loss_dice: 1.5635
09/30 21:39:32 - mmengine - INFO - Iter(train) [ 4250/20000]  base_lr: 8.0658e-05 lr: 8.0658e-06  eta: 1:20:04  time: 0.2994  data_time: 0.0115  memory: 8449  grad_norm: 418.0332  loss: 40.2044  decode.loss_cls: 0.8451  decode.loss_mask: 1.4424  decode.loss_dice: 1.7839  decode.d0.loss_cls: 0.9795  decode.d0.loss_mask: 1.4847  decode.d0.loss_dice: 1.8261  decode.d1.loss_cls: 0.7403  decode.d1.loss_mask: 1.4302  decode.d1.loss_dice: 1.7697  decode.d2.loss_cls: 0.7117  decode.d2.loss_mask: 1.4595  decode.d2.loss_dice: 1.7331  decode.d3.loss_cls: 0.7048  decode.d3.loss_mask: 1.5063  decode.d3.loss_dice: 1.7587  decode.d4.loss_cls: 0.7530  decode.d4.loss_mask: 1.4760  decode.d4.loss_dice: 1.7552  decode.d5.loss_cls: 0.7085  decode.d5.loss_mask: 1.4448  decode.d5.loss_dice: 1.7280  decode.d6.loss_cls: 0.8056  decode.d6.loss_mask: 1.5160  decode.d6.loss_dice: 1.8126  decode.d7.loss_cls: 0.8026  decode.d7.loss_mask: 1.4602  decode.d7.loss_dice: 1.7313  decode.d8.loss_cls: 0.8062  decode.d8.loss_mask: 1.4639  decode.d8.loss_dice: 1.7646
09/30 21:39:48 - mmengine - INFO - Iter(train) [ 4300/20000]  base_lr: 8.0427e-05 lr: 8.0427e-06  eta: 1:19:49  time: 0.3049  data_time: 0.0117  memory: 8450  grad_norm: 339.8954  loss: 41.0849  decode.loss_cls: 0.6167  decode.loss_mask: 1.6524  decode.loss_dice: 1.7705  decode.d0.loss_cls: 0.9176  decode.d0.loss_mask: 1.7126  decode.d0.loss_dice: 1.8117  decode.d1.loss_cls: 0.5716  decode.d1.loss_mask: 1.7517  decode.d1.loss_dice: 1.7859  decode.d2.loss_cls: 0.5863  decode.d2.loss_mask: 1.7082  decode.d2.loss_dice: 1.7347  decode.d3.loss_cls: 0.5994  decode.d3.loss_mask: 1.6934  decode.d3.loss_dice: 1.7250  decode.d4.loss_cls: 0.6848  decode.d4.loss_mask: 1.7006  decode.d4.loss_dice: 1.7567  decode.d5.loss_cls: 0.6140  decode.d5.loss_mask: 1.7091  decode.d5.loss_dice: 1.7282  decode.d6.loss_cls: 0.6750  decode.d6.loss_mask: 1.6890  decode.d6.loss_dice: 1.7341  decode.d7.loss_cls: 0.5833  decode.d7.loss_mask: 1.7068  decode.d7.loss_dice: 1.7840  decode.d8.loss_cls: 0.6660  decode.d8.loss_mask: 1.6425  decode.d8.loss_dice: 1.7731
09/30 21:40:03 - mmengine - INFO - Iter(train) [ 4350/20000]  base_lr: 8.0197e-05 lr: 8.0197e-06  eta: 1:19:33  time: 0.2969  data_time: 0.0122  memory: 8435  grad_norm: 527.9924  loss: 41.5408  decode.loss_cls: 0.6203  decode.loss_mask: 1.8950  decode.loss_dice: 1.5849  decode.d0.loss_cls: 0.8822  decode.d0.loss_mask: 1.9413  decode.d0.loss_dice: 1.6612  decode.d1.loss_cls: 0.5283  decode.d1.loss_mask: 1.9280  decode.d1.loss_dice: 1.6586  decode.d2.loss_cls: 0.6116  decode.d2.loss_mask: 1.8417  decode.d2.loss_dice: 1.5802  decode.d3.loss_cls: 0.7026  decode.d3.loss_mask: 1.8254  decode.d3.loss_dice: 1.6080  decode.d4.loss_cls: 0.6281  decode.d4.loss_mask: 1.8508  decode.d4.loss_dice: 1.6212  decode.d5.loss_cls: 0.6497  decode.d5.loss_mask: 1.8718  decode.d5.loss_dice: 1.6326  decode.d6.loss_cls: 0.7238  decode.d6.loss_mask: 1.8708  decode.d6.loss_dice: 1.5375  decode.d7.loss_cls: 0.6051  decode.d7.loss_mask: 1.9328  decode.d7.loss_dice: 1.6091  decode.d8.loss_cls: 0.7176  decode.d8.loss_mask: 1.8189  decode.d8.loss_dice: 1.6014
09/30 21:40:18 - mmengine - INFO - Iter(train) [ 4400/20000]  base_lr: 7.9966e-05 lr: 7.9966e-06  eta: 1:19:17  time: 0.2972  data_time: 0.0115  memory: 8442  grad_norm: 828.4805  loss: 37.4729  decode.loss_cls: 0.7440  decode.loss_mask: 1.2863  decode.loss_dice: 1.6556  decode.d0.loss_cls: 0.8670  decode.d0.loss_mask: 1.3917  decode.d0.loss_dice: 1.7343  decode.d1.loss_cls: 0.7249  decode.d1.loss_mask: 1.3328  decode.d1.loss_dice: 1.6406  decode.d2.loss_cls: 0.6510  decode.d2.loss_mask: 1.3125  decode.d2.loss_dice: 1.6394  decode.d3.loss_cls: 0.7685  decode.d3.loss_mask: 1.3201  decode.d3.loss_dice: 1.6274  decode.d4.loss_cls: 0.7366  decode.d4.loss_mask: 1.3465  decode.d4.loss_dice: 1.6376  decode.d5.loss_cls: 0.7391  decode.d5.loss_mask: 1.3239  decode.d5.loss_dice: 1.6440  decode.d6.loss_cls: 0.7238  decode.d6.loss_mask: 1.3245  decode.d6.loss_dice: 1.7209  decode.d7.loss_cls: 0.6463  decode.d7.loss_mask: 1.3651  decode.d7.loss_dice: 1.6968  decode.d8.loss_cls: 0.7948  decode.d8.loss_mask: 1.3691  decode.d8.loss_dice: 1.7078
09/30 21:40:33 - mmengine - INFO - Iter(train) [ 4450/20000]  base_lr: 7.9735e-05 lr: 7.9735e-06  eta: 1:19:00  time: 0.2961  data_time: 0.0113  memory: 8449  grad_norm: 655.3682  loss: 41.2021  decode.loss_cls: 0.4795  decode.loss_mask: 1.8119  decode.loss_dice: 1.6523  decode.d0.loss_cls: 0.8835  decode.d0.loss_mask: 1.8048  decode.d0.loss_dice: 1.6850  decode.d1.loss_cls: 0.5131  decode.d1.loss_mask: 1.8796  decode.d1.loss_dice: 1.7059  decode.d2.loss_cls: 0.5304  decode.d2.loss_mask: 1.8567  decode.d2.loss_dice: 1.6594  decode.d3.loss_cls: 0.5287  decode.d3.loss_mask: 1.8668  decode.d3.loss_dice: 1.6448  decode.d4.loss_cls: 0.6800  decode.d4.loss_mask: 1.8441  decode.d4.loss_dice: 1.6490  decode.d5.loss_cls: 0.7142  decode.d5.loss_mask: 1.8604  decode.d5.loss_dice: 1.6806  decode.d6.loss_cls: 0.5267  decode.d6.loss_mask: 1.8724  decode.d6.loss_dice: 1.6341  decode.d7.loss_cls: 0.5741  decode.d7.loss_mask: 1.8588  decode.d7.loss_dice: 1.6671  decode.d8.loss_cls: 0.5905  decode.d8.loss_mask: 1.8857  decode.d8.loss_dice: 1.6621
09/30 21:40:48 - mmengine - INFO - Iter(train) [ 4500/20000]  base_lr: 7.9504e-05 lr: 7.9504e-06  eta: 1:18:44  time: 0.2969  data_time: 0.0115  memory: 8449  grad_norm: 373.4743  loss: 42.9293  decode.loss_cls: 0.6978  decode.loss_mask: 1.7517  decode.loss_dice: 1.9238  decode.d0.loss_cls: 0.8452  decode.d0.loss_mask: 1.6740  decode.d0.loss_dice: 1.8874  decode.d1.loss_cls: 0.6604  decode.d1.loss_mask: 1.7738  decode.d1.loss_dice: 1.9090  decode.d2.loss_cls: 0.6705  decode.d2.loss_mask: 1.6816  decode.d2.loss_dice: 1.8836  decode.d3.loss_cls: 0.6047  decode.d3.loss_mask: 1.7117  decode.d3.loss_dice: 1.8942  decode.d4.loss_cls: 0.6648  decode.d4.loss_mask: 1.7073  decode.d4.loss_dice: 1.8779  decode.d5.loss_cls: 0.6403  decode.d5.loss_mask: 1.7475  decode.d5.loss_dice: 1.8673  decode.d6.loss_cls: 0.6547  decode.d6.loss_mask: 1.7789  decode.d6.loss_dice: 1.8353  decode.d7.loss_cls: 0.6590  decode.d7.loss_mask: 1.7482  decode.d7.loss_dice: 1.9147  decode.d8.loss_cls: 0.6843  decode.d8.loss_mask: 1.7189  decode.d8.loss_dice: 1.8605
09/30 21:41:03 - mmengine - INFO - Iter(train) [ 4550/20000]  base_lr: 7.9274e-05 lr: 7.9274e-06  eta: 1:18:27  time: 0.2996  data_time: 0.0119  memory: 8449  grad_norm: 591.0321  loss: 26.1539  decode.loss_cls: 0.3471  decode.loss_mask: 1.2042  decode.loss_dice: 1.0397  decode.d0.loss_cls: 0.6947  decode.d0.loss_mask: 1.1955  decode.d0.loss_dice: 1.0721  decode.d1.loss_cls: 0.3302  decode.d1.loss_mask: 1.2547  decode.d1.loss_dice: 1.0387  decode.d2.loss_cls: 0.3419  decode.d2.loss_mask: 1.1907  decode.d2.loss_dice: 1.0163  decode.d3.loss_cls: 0.3708  decode.d3.loss_mask: 1.1643  decode.d3.loss_dice: 1.0154  decode.d4.loss_cls: 0.3945  decode.d4.loss_mask: 1.1533  decode.d4.loss_dice: 1.0293  decode.d5.loss_cls: 0.3882  decode.d5.loss_mask: 1.1679  decode.d5.loss_dice: 1.0382  decode.d6.loss_cls: 0.3688  decode.d6.loss_mask: 1.1869  decode.d6.loss_dice: 1.0342  decode.d7.loss_cls: 0.3695  decode.d7.loss_mask: 1.1549  decode.d7.loss_dice: 0.9918  decode.d8.loss_cls: 0.3621  decode.d8.loss_mask: 1.2214  decode.d8.loss_dice: 1.0168
09/30 21:41:17 - mmengine - INFO - Iter(train) [ 4600/20000]  base_lr: 7.9043e-05 lr: 7.9043e-06  eta: 1:18:11  time: 0.3000  data_time: 0.0117  memory: 8449  grad_norm: 549.6340  loss: 45.9108  decode.loss_cls: 0.7210  decode.loss_mask: 1.8707  decode.loss_dice: 1.9712  decode.d0.loss_cls: 0.8582  decode.d0.loss_mask: 1.9742  decode.d0.loss_dice: 1.9658  decode.d1.loss_cls: 0.5956  decode.d1.loss_mask: 1.9832  decode.d1.loss_dice: 2.0086  decode.d2.loss_cls: 0.6308  decode.d2.loss_mask: 1.9815  decode.d2.loss_dice: 1.9948  decode.d3.loss_cls: 0.5850  decode.d3.loss_mask: 2.0187  decode.d3.loss_dice: 1.9931  decode.d4.loss_cls: 0.6311  decode.d4.loss_mask: 1.9664  decode.d4.loss_dice: 2.0165  decode.d5.loss_cls: 0.5497  decode.d5.loss_mask: 1.9511  decode.d5.loss_dice: 1.9930  decode.d6.loss_cls: 0.6576  decode.d6.loss_mask: 2.0083  decode.d6.loss_dice: 1.9550  decode.d7.loss_cls: 0.6193  decode.d7.loss_mask: 1.9484  decode.d7.loss_dice: 1.9791  decode.d8.loss_cls: 0.6242  decode.d8.loss_mask: 1.8843  decode.d8.loss_dice: 1.9744
09/30 21:41:32 - mmengine - INFO - Iter(train) [ 4650/20000]  base_lr: 7.8812e-05 lr: 7.8812e-06  eta: 1:17:55  time: 0.2962  data_time: 0.0116  memory: 8457  grad_norm: 563.2695  loss: 42.0732  decode.loss_cls: 0.5309  decode.loss_mask: 1.9570  decode.loss_dice: 1.6999  decode.d0.loss_cls: 0.7183  decode.d0.loss_mask: 2.0030  decode.d0.loss_dice: 1.6322  decode.d1.loss_cls: 0.5503  decode.d1.loss_mask: 1.9938  decode.d1.loss_dice: 1.6835  decode.d2.loss_cls: 0.5632  decode.d2.loss_mask: 1.9914  decode.d2.loss_dice: 1.6535  decode.d3.loss_cls: 0.5431  decode.d3.loss_mask: 2.0257  decode.d3.loss_dice: 1.6742  decode.d4.loss_cls: 0.6195  decode.d4.loss_mask: 1.9878  decode.d4.loss_dice: 1.6250  decode.d5.loss_cls: 0.5644  decode.d5.loss_mask: 2.0015  decode.d5.loss_dice: 1.6431  decode.d6.loss_cls: 0.6466  decode.d6.loss_mask: 1.9299  decode.d6.loss_dice: 1.5842  decode.d7.loss_cls: 0.6050  decode.d7.loss_mask: 1.9314  decode.d7.loss_dice: 1.6010  decode.d8.loss_cls: 0.6567  decode.d8.loss_mask: 1.8666  decode.d8.loss_dice: 1.5905
09/30 21:41:48 - mmengine - INFO - Iter(train) [ 4700/20000]  base_lr: 7.8581e-05 lr: 7.8581e-06  eta: 1:17:40  time: 0.3292  data_time: 0.0136  memory: 8448  grad_norm: 530.9982  loss: 40.4932  decode.loss_cls: 0.4632  decode.loss_mask: 1.9668  decode.loss_dice: 1.6539  decode.d0.loss_cls: 0.8135  decode.d0.loss_mask: 1.8778  decode.d0.loss_dice: 1.5981  decode.d1.loss_cls: 0.4865  decode.d1.loss_mask: 1.8937  decode.d1.loss_dice: 1.5908  decode.d2.loss_cls: 0.5262  decode.d2.loss_mask: 1.8877  decode.d2.loss_dice: 1.5553  decode.d3.loss_cls: 0.4675  decode.d3.loss_mask: 1.9380  decode.d3.loss_dice: 1.5932  decode.d4.loss_cls: 0.5991  decode.d4.loss_mask: 1.8718  decode.d4.loss_dice: 1.5648  decode.d5.loss_cls: 0.5920  decode.d5.loss_mask: 1.8488  decode.d5.loss_dice: 1.5661  decode.d6.loss_cls: 0.5567  decode.d6.loss_mask: 1.9175  decode.d6.loss_dice: 1.5810  decode.d7.loss_cls: 0.5488  decode.d7.loss_mask: 1.9221  decode.d7.loss_dice: 1.5708  decode.d8.loss_cls: 0.5219  decode.d8.loss_mask: 1.9393  decode.d8.loss_dice: 1.5802
09/30 21:42:03 - mmengine - INFO - Iter(train) [ 4750/20000]  base_lr: 7.8349e-05 lr: 7.8349e-06  eta: 1:17:24  time: 0.3017  data_time: 0.0119  memory: 8438  grad_norm: 470.1317  loss: 38.3595  decode.loss_cls: 0.5800  decode.loss_mask: 1.6797  decode.loss_dice: 1.6105  decode.d0.loss_cls: 0.7792  decode.d0.loss_mask: 1.5906  decode.d0.loss_dice: 1.6682  decode.d1.loss_cls: 0.4343  decode.d1.loss_mask: 1.6421  decode.d1.loss_dice: 1.6541  decode.d2.loss_cls: 0.5186  decode.d2.loss_mask: 1.5450  decode.d2.loss_dice: 1.5826  decode.d3.loss_cls: 0.6180  decode.d3.loss_mask: 1.5817  decode.d3.loss_dice: 1.6092  decode.d4.loss_cls: 0.6112  decode.d4.loss_mask: 1.5227  decode.d4.loss_dice: 1.5582  decode.d5.loss_cls: 0.6924  decode.d5.loss_mask: 1.5870  decode.d5.loss_dice: 1.6494  decode.d6.loss_cls: 0.5560  decode.d6.loss_mask: 1.6434  decode.d6.loss_dice: 1.6431  decode.d7.loss_cls: 0.6456  decode.d7.loss_mask: 1.6570  decode.d7.loss_dice: 1.6280  decode.d8.loss_cls: 0.5637  decode.d8.loss_mask: 1.6562  decode.d8.loss_dice: 1.6519
09/30 21:42:18 - mmengine - INFO - Iter(train) [ 4800/20000]  base_lr: 7.8118e-05 lr: 7.8118e-06  eta: 1:17:10  time: 0.3082  data_time: 0.0125  memory: 8450  grad_norm: 520.0070  loss: 46.8294  decode.loss_cls: 0.9673  decode.loss_mask: 1.9322  decode.loss_dice: 1.7761  decode.d0.loss_cls: 1.0488  decode.d0.loss_mask: 1.8952  decode.d0.loss_dice: 1.8472  decode.d1.loss_cls: 0.8730  decode.d1.loss_mask: 1.9682  decode.d1.loss_dice: 1.9118  decode.d2.loss_cls: 0.9017  decode.d2.loss_mask: 1.9062  decode.d2.loss_dice: 1.8144  decode.d3.loss_cls: 0.9000  decode.d3.loss_mask: 2.0109  decode.d3.loss_dice: 1.8173  decode.d4.loss_cls: 0.8582  decode.d4.loss_mask: 1.9854  decode.d4.loss_dice: 1.8719  decode.d5.loss_cls: 0.9603  decode.d5.loss_mask: 1.9156  decode.d5.loss_dice: 1.8189  decode.d6.loss_cls: 0.8201  decode.d6.loss_mask: 1.9251  decode.d6.loss_dice: 1.8010  decode.d7.loss_cls: 0.9568  decode.d7.loss_mask: 1.8832  decode.d7.loss_dice: 1.8210  decode.d8.loss_cls: 1.0270  decode.d8.loss_mask: 1.8479  decode.d8.loss_dice: 1.7664
09/30 21:42:34 - mmengine - INFO - Iter(train) [ 4850/20000]  base_lr: 7.7887e-05 lr: 7.7887e-06  eta: 1:16:55  time: 0.3034  data_time: 0.0123  memory: 8437  grad_norm: 771.4924  loss: 39.0134  decode.loss_cls: 0.4744  decode.loss_mask: 1.7628  decode.loss_dice: 1.7466  decode.d0.loss_cls: 0.7399  decode.d0.loss_mask: 1.6212  decode.d0.loss_dice: 1.7430  decode.d1.loss_cls: 0.5259  decode.d1.loss_mask: 1.6045  decode.d1.loss_dice: 1.6534  decode.d2.loss_cls: 0.5787  decode.d2.loss_mask: 1.6003  decode.d2.loss_dice: 1.6142  decode.d3.loss_cls: 0.5478  decode.d3.loss_mask: 1.7009  decode.d3.loss_dice: 1.6226  decode.d4.loss_cls: 0.5252  decode.d4.loss_mask: 1.6750  decode.d4.loss_dice: 1.6041  decode.d5.loss_cls: 0.5919  decode.d5.loss_mask: 1.6731  decode.d5.loss_dice: 1.6002  decode.d6.loss_cls: 0.5030  decode.d6.loss_mask: 1.7359  decode.d6.loss_dice: 1.6831  decode.d7.loss_cls: 0.4795  decode.d7.loss_mask: 1.7884  decode.d7.loss_dice: 1.6636  decode.d8.loss_cls: 0.5377  decode.d8.loss_mask: 1.7492  decode.d8.loss_dice: 1.6672
09/30 21:42:49 - mmengine - INFO - Iter(train) [ 4900/20000]  base_lr: 7.7655e-05 lr: 7.7655e-06  eta: 1:16:40  time: 0.2972  data_time: 0.0116  memory: 8437  grad_norm: 677.2318  loss: 37.9885  decode.loss_cls: 0.6297  decode.loss_mask: 1.5964  decode.loss_dice: 1.6263  decode.d0.loss_cls: 0.8129  decode.d0.loss_mask: 1.6929  decode.d0.loss_dice: 1.6778  decode.d1.loss_cls: 0.5419  decode.d1.loss_mask: 1.6721  decode.d1.loss_dice: 1.6016  decode.d2.loss_cls: 0.4794  decode.d2.loss_mask: 1.6044  decode.d2.loss_dice: 1.6167  decode.d3.loss_cls: 0.5490  decode.d3.loss_mask: 1.6391  decode.d3.loss_dice: 1.6059  decode.d4.loss_cls: 0.6120  decode.d4.loss_mask: 1.5678  decode.d4.loss_dice: 1.5910  decode.d5.loss_cls: 0.5906  decode.d5.loss_mask: 1.5948  decode.d5.loss_dice: 1.5618  decode.d6.loss_cls: 0.5006  decode.d6.loss_mask: 1.6454  decode.d6.loss_dice: 1.6028  decode.d7.loss_cls: 0.5115  decode.d7.loss_mask: 1.6422  decode.d7.loss_dice: 1.5535  decode.d8.loss_cls: 0.5838  decode.d8.loss_mask: 1.5802  decode.d8.loss_dice: 1.5046
09/30 21:43:04 - mmengine - INFO - Iter(train) [ 4950/20000]  base_lr: 7.7424e-05 lr: 7.7424e-06  eta: 1:16:24  time: 0.2968  data_time: 0.0118  memory: 8439  grad_norm: 446.1706  loss: 36.0124  decode.loss_cls: 0.3479  decode.loss_mask: 1.7418  decode.loss_dice: 1.5299  decode.d0.loss_cls: 0.7109  decode.d0.loss_mask: 1.6864  decode.d0.loss_dice: 1.5657  decode.d1.loss_cls: 0.3692  decode.d1.loss_mask: 1.6876  decode.d1.loss_dice: 1.5530  decode.d2.loss_cls: 0.3480  decode.d2.loss_mask: 1.6701  decode.d2.loss_dice: 1.5597  decode.d3.loss_cls: 0.3770  decode.d3.loss_mask: 1.6677  decode.d3.loss_dice: 1.4845  decode.d4.loss_cls: 0.3228  decode.d4.loss_mask: 1.6635  decode.d4.loss_dice: 1.4942  decode.d5.loss_cls: 0.3418  decode.d5.loss_mask: 1.7479  decode.d5.loss_dice: 1.5392  decode.d6.loss_cls: 0.3314  decode.d6.loss_mask: 1.6793  decode.d6.loss_dice: 1.4824  decode.d7.loss_cls: 0.4448  decode.d7.loss_mask: 1.6673  decode.d7.loss_dice: 1.4942  decode.d8.loss_cls: 0.3698  decode.d8.loss_mask: 1.6567  decode.d8.loss_dice: 1.4775
09/30 21:43:19 - mmengine - INFO - Exp name: mask2former_swin_l_512_20260930_211218
09/30 21:43:19 - mmengine - INFO - Iter(train) [ 5000/20000]  base_lr: 7.7192e-05 lr: 7.7192e-06  eta: 1:16:07  time: 0.2992  data_time: 0.0122  memory: 8437  grad_norm: 600.4690  loss: 40.2645  decode.loss_cls: 0.5283  decode.loss_mask: 1.7672  decode.loss_dice: 1.7577  decode.d0.loss_cls: 0.7083  decode.d0.loss_mask: 1.7565  decode.d0.loss_dice: 1.7908  decode.d1.loss_cls: 0.4803  decode.d1.loss_mask: 1.7262  decode.d1.loss_dice: 1.7516  decode.d2.loss_cls: 0.5641  decode.d2.loss_mask: 1.7261  decode.d2.loss_dice: 1.7159  decode.d3.loss_cls: 0.5549  decode.d3.loss_mask: 1.7251  decode.d3.loss_dice: 1.7350  decode.d4.loss_cls: 0.5423  decode.d4.loss_mask: 1.7327  decode.d4.loss_dice: 1.7262  decode.d5.loss_cls: 0.4907  decode.d5.loss_mask: 1.7430  decode.d5.loss_dice: 1.7200  decode.d6.loss_cls: 0.4337  decode.d6.loss_mask: 1.7405  decode.d6.loss_dice: 1.7785  decode.d7.loss_cls: 0.4886  decode.d7.loss_mask: 1.7997  decode.d7.loss_dice: 1.7851  decode.d8.loss_cls: 0.5690  decode.d8.loss_mask: 1.6970  decode.d8.loss_dice: 1.7297
09/30 21:43:19 - mmengine - INFO - Saving checkpoint at 5000 iterations
09/30 21:43:27 - mmengine - INFO - Iter(val) [ 50/699]    eta: 0:01:14  time: 0.1133  data_time: 0.0034  memory: 3701  
09/30 21:43:33 - mmengine - INFO - Iter(val) [100/699]    eta: 0:01:08  time: 0.1146  data_time: 0.0039  memory: 3701  
09/30 21:43:38 - mmengine - INFO - Iter(val) [150/699]    eta: 0:01:02  time: 0.1162  data_time: 0.0040  memory: 3701  
09/30 21:43:44 - mmengine - INFO - Iter(val) [200/699]    eta: 0:00:57  time: 0.1144  data_time: 0.0039  memory: 3701  
09/30 21:43:50 - mmengine - INFO - Iter(val) [250/699]    eta: 0:00:51  time: 0.1147  data_time: 0.0039  memory: 3701  
09/30 21:43:56 - mmengine - INFO - Iter(val) [300/699]    eta: 0:00:45  time: 0.1149  data_time: 0.0040  memory: 3701  
09/30 21:44:01 - mmengine - INFO - Iter(val) [350/699]    eta: 0:00:40  time: 0.1147  data_time: 0.0039  memory: 3701  
09/30 21:44:07 - mmengine - INFO - Iter(val) [400/699]    eta: 0:00:34  time: 0.1148  data_time: 0.0039  memory: 3701  
09/30 21:44:13 - mmengine - INFO - Iter(val) [450/699]    eta: 0:00:28  time: 0.1149  data_time: 0.0039  memory: 3701  
09/30 21:44:19 - mmengine - INFO - Iter(val) [500/699]    eta: 0:00:22  time: 0.1162  data_time: 0.0042  memory: 3701  
09/30 21:44:25 - mmengine - INFO - Iter(val) [550/699]    eta: 0:00:17  time: 0.1168  data_time: 0.0040  memory: 3701  
09/30 21:44:30 - mmengine - INFO - Iter(val) [600/699]    eta: 0:00:11  time: 0.1149  data_time: 0.0040  memory: 3701  
09/30 21:44:36 - mmengine - INFO - Iter(val) [650/699]    eta: 0:00:05  time: 0.1154  data_time: 0.0037  memory: 3701  
09/30 21:44:42 - mmengine - INFO - per class results:
09/30 21:44:42 - mmengine - INFO - 
+--------------+-------+-------+
|    Class     |  IoU  |  Acc  |
+--------------+-------+-------+
|  Background  | 50.53 | 78.21 |
|   Building   | 76.01 |  81.9 |
|     Road     | 66.59 | 83.54 |
|    Water     | 79.88 | 86.78 |
|    Barren    |  0.0  |  0.0  |
|  Vegetation  | 82.59 | 92.37 |
| Agricultural |  3.48 |  3.48 |
|   Vehicle    | 70.47 | 82.72 |
+--------------+-------+-------+
09/30 21:44:42 - mmengine - INFO - Iter(val) [699/699]    aAcc: 77.2400  mIoU: 53.6900  mAcc: 63.6200  data_time: 0.0041  time: 0.1153
09/30 21:44:58 - mmengine - INFO - Iter(train) [ 5050/20000]  base_lr: 7.6961e-05 lr: 7.6961e-06  eta: 1:15:54  time: 0.3017  data_time: 0.0119  memory: 8438  grad_norm: 476.3735  loss: 47.1514  decode.loss_cls: 0.4864  decode.loss_mask: 2.1986  decode.loss_dice: 2.0003  decode.d0.loss_cls: 0.7789  decode.d0.loss_mask: 2.1559  decode.d0.loss_dice: 1.9241  decode.d1.loss_cls: 0.6228  decode.d1.loss_mask: 2.1234  decode.d1.loss_dice: 1.9503  decode.d2.loss_cls: 0.6287  decode.d2.loss_mask: 2.0733  decode.d2.loss_dice: 1.9071  decode.d3.loss_cls: 0.5665  decode.d3.loss_mask: 2.1009  decode.d3.loss_dice: 1.9702  decode.d4.loss_cls: 0.6000  decode.d4.loss_mask: 2.1882  decode.d4.loss_dice: 2.0150  decode.d5.loss_cls: 0.5915  decode.d5.loss_mask: 2.2042  decode.d5.loss_dice: 2.0393  decode.d6.loss_cls: 0.5602  decode.d6.loss_mask: 2.0968  decode.d6.loss_dice: 2.0062  decode.d7.loss_cls: 0.5183  decode.d7.loss_mask: 2.1579  decode.d7.loss_dice: 2.0119  decode.d8.loss_cls: 0.5082  decode.d8.loss_mask: 2.2042  decode.d8.loss_dice: 1.9620
09/30 21:45:13 - mmengine - INFO - Iter(train) [ 5100/20000]  base_lr: 7.6729e-05 lr: 7.6729e-06  eta: 1:15:40  time: 0.3021  data_time: 0.0118  memory: 8438  grad_norm: 875.3342  loss: 38.5942  decode.loss_cls: 0.5114  decode.loss_mask: 1.7405  decode.loss_dice: 1.6759  decode.d0.loss_cls: 0.7197  decode.d0.loss_mask: 1.6388  decode.d0.loss_dice: 1.6498  decode.d1.loss_cls: 0.5243  decode.d1.loss_mask: 1.6021  decode.d1.loss_dice: 1.6856  decode.d2.loss_cls: 0.4686  decode.d2.loss_mask: 1.6435  decode.d2.loss_dice: 1.6301  decode.d3.loss_cls: 0.4957  decode.d3.loss_mask: 1.6902  decode.d3.loss_dice: 1.6611  decode.d4.loss_cls: 0.5556  decode.d4.loss_mask: 1.7240  decode.d4.loss_dice: 1.6438  decode.d5.loss_cls: 0.5526  decode.d5.loss_mask: 1.6800  decode.d5.loss_dice: 1.6287  decode.d6.loss_cls: 0.4377  decode.d6.loss_mask: 1.7938  decode.d6.loss_dice: 1.6358  decode.d7.loss_cls: 0.4581  decode.d7.loss_mask: 1.7335  decode.d7.loss_dice: 1.6014  decode.d8.loss_cls: 0.5289  decode.d8.loss_mask: 1.7051  decode.d8.loss_dice: 1.5775
09/30 21:45:28 - mmengine - INFO - Iter(train) [ 5150/20000]  base_lr: 7.6497e-05 lr: 7.6497e-06  eta: 1:15:24  time: 0.2997  data_time: 0.0116  memory: 8431  grad_norm: 340.9904  loss: 34.2345  decode.loss_cls: 0.3639  decode.loss_mask: 1.6075  decode.loss_dice: 1.3828  decode.d0.loss_cls: 0.7347  decode.d0.loss_mask: 1.5319  decode.d0.loss_dice: 1.4604  decode.d1.loss_cls: 0.4323  decode.d1.loss_mask: 1.5258  decode.d1.loss_dice: 1.3404  decode.d2.loss_cls: 0.5011  decode.d2.loss_mask: 1.5372  decode.d2.loss_dice: 1.3298  decode.d3.loss_cls: 0.5011  decode.d3.loss_mask: 1.4898  decode.d3.loss_dice: 1.3016  decode.d4.loss_cls: 0.5198  decode.d4.loss_mask: 1.5250  decode.d4.loss_dice: 1.3114  decode.d5.loss_cls: 0.5150  decode.d5.loss_mask: 1.5506  decode.d5.loss_dice: 1.3466  decode.d6.loss_cls: 0.4991  decode.d6.loss_mask: 1.6580  decode.d6.loss_dice: 1.4582  decode.d7.loss_cls: 0.4064  decode.d7.loss_mask: 1.6310  decode.d7.loss_dice: 1.4224  decode.d8.loss_cls: 0.4192  decode.d8.loss_mask: 1.5662  decode.d8.loss_dice: 1.3653
09/30 21:45:43 - mmengine - INFO - Iter(train) [ 5200/20000]  base_lr: 7.6265e-05 lr: 7.6265e-06  eta: 1:15:08  time: 0.2999  data_time: 0.0119  memory: 8457  grad_norm: 565.9287  loss: 35.5626  decode.loss_cls: 0.4548  decode.loss_mask: 1.5826  decode.loss_dice: 1.4538  decode.d0.loss_cls: 0.6999  decode.d0.loss_mask: 1.5496  decode.d0.loss_dice: 1.5072  decode.d1.loss_cls: 0.4595  decode.d1.loss_mask: 1.5716  decode.d1.loss_dice: 1.4795  decode.d2.loss_cls: 0.4911  decode.d2.loss_mask: 1.5718  decode.d2.loss_dice: 1.4151  decode.d3.loss_cls: 0.5013  decode.d3.loss_mask: 1.5518  decode.d3.loss_dice: 1.4299  decode.d4.loss_cls: 0.5060  decode.d4.loss_mask: 1.5645  decode.d4.loss_dice: 1.4399  decode.d5.loss_cls: 0.4175  decode.d5.loss_mask: 1.6600  decode.d5.loss_dice: 1.4775  decode.d6.loss_cls: 0.4818  decode.d6.loss_mask: 1.5949  decode.d6.loss_dice: 1.5002  decode.d7.loss_cls: 0.4752  decode.d7.loss_mask: 1.6376  decode.d7.loss_dice: 1.5179  decode.d8.loss_cls: 0.4956  decode.d8.loss_mask: 1.6009  decode.d8.loss_dice: 1.4736
09/30 21:45:59 - mmengine - INFO - Iter(train) [ 5250/20000]  base_lr: 7.6034e-05 lr: 7.6034e-06  eta: 1:14:53  time: 0.3177  data_time: 0.0132  memory: 8435  grad_norm: 427.5667  loss: 44.4951  decode.loss_cls: 0.5936  decode.loss_mask: 1.8878  decode.loss_dice: 1.9438  decode.d0.loss_cls: 0.8442  decode.d0.loss_mask: 1.8659  decode.d0.loss_dice: 1.9488  decode.d1.loss_cls: 0.5675  decode.d1.loss_mask: 1.8303  decode.d1.loss_dice: 1.9086  decode.d2.loss_cls: 0.7174  decode.d2.loss_mask: 1.7913  decode.d2.loss_dice: 1.8411  decode.d3.loss_cls: 0.6596  decode.d3.loss_mask: 1.9007  decode.d3.loss_dice: 1.8515  decode.d4.loss_cls: 0.6939  decode.d4.loss_mask: 1.8178  decode.d4.loss_dice: 1.8694  decode.d5.loss_cls: 0.7338  decode.d5.loss_mask: 1.9002  decode.d5.loss_dice: 1.8959  decode.d6.loss_cls: 0.7806  decode.d6.loss_mask: 1.8589  decode.d6.loss_dice: 1.8805  decode.d7.loss_cls: 0.6589  decode.d7.loss_mask: 1.8655  decode.d7.loss_dice: 1.8877  decode.d8.loss_cls: 0.6228  decode.d8.loss_mask: 1.9257  decode.d8.loss_dice: 1.9516
09/30 21:46:14 - mmengine - INFO - Iter(train) [ 5300/20000]  base_lr: 7.5802e-05 lr: 7.5802e-06  eta: 1:14:37  time: 0.2979  data_time: 0.0115  memory: 8450  grad_norm: 504.8451  loss: 38.1674  decode.loss_cls: 0.4529  decode.loss_mask: 1.8433  decode.loss_dice: 1.5274  decode.d0.loss_cls: 0.7634  decode.d0.loss_mask: 1.7101  decode.d0.loss_dice: 1.5830  decode.d1.loss_cls: 0.4712  decode.d1.loss_mask: 1.7315  decode.d1.loss_dice: 1.5444  decode.d2.loss_cls: 0.4763  decode.d2.loss_mask: 1.7581  decode.d2.loss_dice: 1.5277  decode.d3.loss_cls: 0.5490  decode.d3.loss_mask: 1.7372  decode.d3.loss_dice: 1.4837  decode.d4.loss_cls: 0.4981  decode.d4.loss_mask: 1.8061  decode.d4.loss_dice: 1.5124  decode.d5.loss_cls: 0.5212  decode.d5.loss_mask: 1.9340  decode.d5.loss_dice: 1.5587  decode.d6.loss_cls: 0.4358  decode.d6.loss_mask: 1.8316  decode.d6.loss_dice: 1.4509  decode.d7.loss_cls: 0.4458  decode.d7.loss_mask: 1.7926  decode.d7.loss_dice: 1.4606  decode.d8.loss_cls: 0.4555  decode.d8.loss_mask: 1.7815  decode.d8.loss_dice: 1.5233
09/30 21:46:29 - mmengine - INFO - Iter(train) [ 5350/20000]  base_lr: 7.5569e-05 lr: 7.5569e-06  eta: 1:14:22  time: 0.2988  data_time: 0.0115  memory: 8457  grad_norm: 723.1806  loss: 37.1616  decode.loss_cls: 0.4922  decode.loss_mask: 1.5324  decode.loss_dice: 1.5835  decode.d0.loss_cls: 0.7384  decode.d0.loss_mask: 1.5892  decode.d0.loss_dice: 1.6724  decode.d1.loss_cls: 0.5962  decode.d1.loss_mask: 1.4705  decode.d1.loss_dice: 1.5802  decode.d2.loss_cls: 0.5933  decode.d2.loss_mask: 1.4669  decode.d2.loss_dice: 1.5526  decode.d3.loss_cls: 0.5399  decode.d3.loss_mask: 1.6388  decode.d3.loss_dice: 1.6680  decode.d4.loss_cls: 0.6563  decode.d4.loss_mask: 1.4892  decode.d4.loss_dice: 1.5354  decode.d5.loss_cls: 0.6076  decode.d5.loss_mask: 1.5328  decode.d5.loss_dice: 1.5624  decode.d6.loss_cls: 0.6681  decode.d6.loss_mask: 1.5253  decode.d6.loss_dice: 1.6062  decode.d7.loss_cls: 0.5368  decode.d7.loss_mask: 1.5123  decode.d7.loss_dice: 1.6064  decode.d8.loss_cls: 0.5792  decode.d8.loss_mask: 1.4391  decode.d8.loss_dice: 1.5901
09/30 21:46:44 - mmengine - INFO - Iter(train) [ 5400/20000]  base_lr: 7.5337e-05 lr: 7.5337e-06  eta: 1:14:06  time: 0.3126  data_time: 0.0115  memory: 8448  grad_norm: 629.6228  loss: 40.8295  decode.loss_cls: 0.5553  decode.loss_mask: 1.7424  decode.loss_dice: 1.7517  decode.d0.loss_cls: 0.7563  decode.d0.loss_mask: 1.7020  decode.d0.loss_dice: 1.7745  decode.d1.loss_cls: 0.5321  decode.d1.loss_mask: 1.7428  decode.d1.loss_dice: 1.8201  decode.d2.loss_cls: 0.5303  decode.d2.loss_mask: 1.7643  decode.d2.loss_dice: 1.7675  decode.d3.loss_cls: 0.5526  decode.d3.loss_mask: 1.7448  decode.d3.loss_dice: 1.8202  decode.d4.loss_cls: 0.6076  decode.d4.loss_mask: 1.6786  decode.d4.loss_dice: 1.7848  decode.d5.loss_cls: 0.6076  decode.d5.loss_mask: 1.6915  decode.d5.loss_dice: 1.7543  decode.d6.loss_cls: 0.6297  decode.d6.loss_mask: 1.6621  decode.d6.loss_dice: 1.8099  decode.d7.loss_cls: 0.5439  decode.d7.loss_mask: 1.6847  decode.d7.loss_dice: 1.7618  decode.d8.loss_cls: 0.5554  decode.d8.loss_mask: 1.7257  decode.d8.loss_dice: 1.7751
09/30 21:46:59 - mmengine - INFO - Iter(train) [ 5450/20000]  base_lr: 7.5105e-05 lr: 7.5105e-06  eta: 1:13:50  time: 0.3061  data_time: 0.0120  memory: 8437  grad_norm: 640.8061  loss: 36.6368  decode.loss_cls: 0.4827  decode.loss_mask: 1.6190  decode.loss_dice: 1.5392  decode.d0.loss_cls: 0.6422  decode.d0.loss_mask: 1.6127  decode.d0.loss_dice: 1.5859  decode.d1.loss_cls: 0.3950  decode.d1.loss_mask: 1.6373  decode.d1.loss_dice: 1.5642  decode.d2.loss_cls: 0.4851  decode.d2.loss_mask: 1.6010  decode.d2.loss_dice: 1.5508  decode.d3.loss_cls: 0.4140  decode.d3.loss_mask: 1.6209  decode.d3.loss_dice: 1.5253  decode.d4.loss_cls: 0.5071  decode.d4.loss_mask: 1.6331  decode.d4.loss_dice: 1.5543  decode.d5.loss_cls: 0.4469  decode.d5.loss_mask: 1.5934  decode.d5.loss_dice: 1.5516  decode.d6.loss_cls: 0.4685  decode.d6.loss_mask: 1.6327  decode.d6.loss_dice: 1.6153  decode.d7.loss_cls: 0.4067  decode.d7.loss_mask: 1.6402  decode.d7.loss_dice: 1.6033  decode.d8.loss_cls: 0.4328  decode.d8.loss_mask: 1.7012  decode.d8.loss_dice: 1.5742
09/30 21:47:14 - mmengine - INFO - Iter(train) [ 5500/20000]  base_lr: 7.4873e-05 lr: 7.4873e-06  eta: 1:13:34  time: 0.3018  data_time: 0.0115  memory: 8457  grad_norm: 392.1479  loss: 40.5695  decode.loss_cls: 0.5403  decode.loss_mask: 1.8585  decode.loss_dice: 1.7549  decode.d0.loss_cls: 0.6557  decode.d0.loss_mask: 1.8903  decode.d0.loss_dice: 1.7937  decode.d1.loss_cls: 0.3877  decode.d1.loss_mask: 1.8437  decode.d1.loss_dice: 1.7631  decode.d2.loss_cls: 0.3324  decode.d2.loss_mask: 1.9078  decode.d2.loss_dice: 1.7142  decode.d3.loss_cls: 0.3914  decode.d3.loss_mask: 1.8902  decode.d3.loss_dice: 1.7067  decode.d4.loss_cls: 0.3774  decode.d4.loss_mask: 1.8382  decode.d4.loss_dice: 1.7716  decode.d5.loss_cls: 0.3575  decode.d5.loss_mask: 1.8306  decode.d5.loss_dice: 1.7511  decode.d6.loss_cls: 0.5338  decode.d6.loss_mask: 1.8157  decode.d6.loss_dice: 1.7178  decode.d7.loss_cls: 0.4979  decode.d7.loss_mask: 1.8533  decode.d7.loss_dice: 1.7399  decode.d8.loss_cls: 0.5220  decode.d8.loss_mask: 1.8419  decode.d8.loss_dice: 1.6904
09/30 21:47:29 - mmengine - INFO - Iter(train) [ 5550/20000]  base_lr: 7.4640e-05 lr: 7.4640e-06  eta: 1:13:19  time: 0.3014  data_time: 0.0116  memory: 8439  grad_norm: 550.7559  loss: 41.7146  decode.loss_cls: 0.7687  decode.loss_mask: 1.6604  decode.loss_dice: 1.6843  decode.d0.loss_cls: 0.9312  decode.d0.loss_mask: 1.6485  decode.d0.loss_dice: 1.7821  decode.d1.loss_cls: 0.7106  decode.d1.loss_mask: 1.6620  decode.d1.loss_dice: 1.7522  decode.d2.loss_cls: 0.8067  decode.d2.loss_mask: 1.6527  decode.d2.loss_dice: 1.6569  decode.d3.loss_cls: 0.8706  decode.d3.loss_mask: 1.7172  decode.d3.loss_dice: 1.6990  decode.d4.loss_cls: 0.8165  decode.d4.loss_mask: 1.6721  decode.d4.loss_dice: 1.6841  decode.d5.loss_cls: 0.7813  decode.d5.loss_mask: 1.6886  decode.d5.loss_dice: 1.7884  decode.d6.loss_cls: 0.7841  decode.d6.loss_mask: 1.6252  decode.d6.loss_dice: 1.7448  decode.d7.loss_cls: 0.6833  decode.d7.loss_mask: 1.6628  decode.d7.loss_dice: 1.7057  decode.d8.loss_cls: 0.7200  decode.d8.loss_mask: 1.6358  decode.d8.loss_dice: 1.7187
09/30 21:47:44 - mmengine - INFO - Iter(train) [ 5600/20000]  base_lr: 7.4408e-05 lr: 7.4408e-06  eta: 1:13:04  time: 0.2998  data_time: 0.0120  memory: 8450  grad_norm: 439.5846  loss: 37.3753  decode.loss_cls: 0.5848  decode.loss_mask: 1.7531  decode.loss_dice: 1.4138  decode.d0.loss_cls: 0.7633  decode.d0.loss_mask: 1.7768  decode.d0.loss_dice: 1.4594  decode.d1.loss_cls: 0.5564  decode.d1.loss_mask: 1.7858  decode.d1.loss_dice: 1.3926  decode.d2.loss_cls: 0.5301  decode.d2.loss_mask: 1.7727  decode.d2.loss_dice: 1.3926  decode.d3.loss_cls: 0.5336  decode.d3.loss_mask: 1.7305  decode.d3.loss_dice: 1.4099  decode.d4.loss_cls: 0.5256  decode.d4.loss_mask: 1.7642  decode.d4.loss_dice: 1.4411  decode.d5.loss_cls: 0.6334  decode.d5.loss_mask: 1.7380  decode.d5.loss_dice: 1.4149  decode.d6.loss_cls: 0.5863  decode.d6.loss_mask: 1.6558  decode.d6.loss_dice: 1.3812  decode.d7.loss_cls: 0.5636  decode.d7.loss_mask: 1.6849  decode.d7.loss_dice: 1.3841  decode.d8.loss_cls: 0.5128  decode.d8.loss_mask: 1.8002  decode.d8.loss_dice: 1.4337
09/30 21:47:59 - mmengine - INFO - Iter(train) [ 5650/20000]  base_lr: 7.4175e-05 lr: 7.4175e-06  eta: 1:12:48  time: 0.2977  data_time: 0.0115  memory: 8457  grad_norm: 609.8724  loss: 47.5427  decode.loss_cls: 0.7627  decode.loss_mask: 2.0742  decode.loss_dice: 1.9067  decode.d0.loss_cls: 0.8937  decode.d0.loss_mask: 2.0259  decode.d0.loss_dice: 1.9412  decode.d1.loss_cls: 0.7195  decode.d1.loss_mask: 2.0353  decode.d1.loss_dice: 1.9849  decode.d2.loss_cls: 0.6934  decode.d2.loss_mask: 2.0656  decode.d2.loss_dice: 2.0061  decode.d3.loss_cls: 0.7137  decode.d3.loss_mask: 2.0868  decode.d3.loss_dice: 1.9234  decode.d4.loss_cls: 0.7268  decode.d4.loss_mask: 2.1229  decode.d4.loss_dice: 1.9645  decode.d5.loss_cls: 0.7790  decode.d5.loss_mask: 2.0885  decode.d5.loss_dice: 1.9558  decode.d6.loss_cls: 0.7393  decode.d6.loss_mask: 2.0376  decode.d6.loss_dice: 1.8846  decode.d7.loss_cls: 0.7608  decode.d7.loss_mask: 2.0369  decode.d7.loss_dice: 1.9079  decode.d8.loss_cls: 0.7406  decode.d8.loss_mask: 2.0530  decode.d8.loss_dice: 1.9115
09/30 21:48:14 - mmengine - INFO - Iter(train) [ 5700/20000]  base_lr: 7.3943e-05 lr: 7.3943e-06  eta: 1:12:32  time: 0.2968  data_time: 0.0114  memory: 8442  grad_norm: 527.3725  loss: 45.2286  decode.loss_cls: 0.7533  decode.loss_mask: 1.9801  decode.loss_dice: 1.8889  decode.d0.loss_cls: 0.7815  decode.d0.loss_mask: 1.9876  decode.d0.loss_dice: 1.8574  decode.d1.loss_cls: 0.6031  decode.d1.loss_mask: 2.0282  decode.d1.loss_dice: 1.8678  decode.d2.loss_cls: 0.5701  decode.d2.loss_mask: 1.9975  decode.d2.loss_dice: 1.8980  decode.d3.loss_cls: 0.5870  decode.d3.loss_mask: 2.0055  decode.d3.loss_dice: 1.8876  decode.d4.loss_cls: 0.5564  decode.d4.loss_mask: 2.0858  decode.d4.loss_dice: 1.9443  decode.d5.loss_cls: 0.4904  decode.d5.loss_mask: 2.0097  decode.d5.loss_dice: 1.9196  decode.d6.loss_cls: 0.5839  decode.d6.loss_mask: 2.0416  decode.d6.loss_dice: 1.8784  decode.d7.loss_cls: 0.6049  decode.d7.loss_mask: 2.0342  decode.d7.loss_dice: 1.8307  decode.d8.loss_cls: 0.5501  decode.d8.loss_mask: 2.0712  decode.d8.loss_dice: 1.9335
09/30 21:48:29 - mmengine - INFO - Iter(train) [ 5750/20000]  base_lr: 7.3710e-05 lr: 7.3710e-06  eta: 1:12:16  time: 0.2962  data_time: 0.0114  memory: 8457  grad_norm: 569.9909  loss: 46.1266  decode.loss_cls: 0.7251  decode.loss_mask: 1.9587  decode.loss_dice: 1.9363  decode.d0.loss_cls: 0.7981  decode.d0.loss_mask: 1.9153  decode.d0.loss_dice: 2.0521  decode.d1.loss_cls: 0.7255  decode.d1.loss_mask: 1.8875  decode.d1.loss_dice: 2.0044  decode.d2.loss_cls: 0.6788  decode.d2.loss_mask: 1.9202  decode.d2.loss_dice: 1.9943  decode.d3.loss_cls: 0.7975  decode.d3.loss_mask: 1.8740  decode.d3.loss_dice: 1.9327  decode.d4.loss_cls: 0.7022  decode.d4.loss_mask: 1.9122  decode.d4.loss_dice: 1.9859  decode.d5.loss_cls: 0.7457  decode.d5.loss_mask: 1.8780  decode.d5.loss_dice: 1.9182  decode.d6.loss_cls: 0.6864  decode.d6.loss_mask: 1.9468  decode.d6.loss_dice: 1.9414  decode.d7.loss_cls: 0.7012  decode.d7.loss_mask: 1.9285  decode.d7.loss_dice: 1.9631  decode.d8.loss_cls: 0.6866  decode.d8.loss_mask: 1.9541  decode.d8.loss_dice: 1.9758
09/30 21:48:44 - mmengine - INFO - Iter(train) [ 5800/20000]  base_lr: 7.3477e-05 lr: 7.3477e-06  eta: 1:12:00  time: 0.3016  data_time: 0.0117  memory: 8457  grad_norm: 603.0312  loss: 40.6803  decode.loss_cls: 0.3907  decode.loss_mask: 1.7930  decode.loss_dice: 1.9043  decode.d0.loss_cls: 0.6479  decode.d0.loss_mask: 1.7368  decode.d0.loss_dice: 1.8016  decode.d1.loss_cls: 0.4237  decode.d1.loss_mask: 1.7872  decode.d1.loss_dice: 1.8255  decode.d2.loss_cls: 0.4293  decode.d2.loss_mask: 1.7527  decode.d2.loss_dice: 1.8095  decode.d3.loss_cls: 0.3746  decode.d3.loss_mask: 1.7526  decode.d3.loss_dice: 1.7825  decode.d4.loss_cls: 0.4526  decode.d4.loss_mask: 1.8180  decode.d4.loss_dice: 1.8585  decode.d5.loss_cls: 0.4276  decode.d5.loss_mask: 1.8047  decode.d5.loss_dice: 1.8464  decode.d6.loss_cls: 0.3860  decode.d6.loss_mask: 1.8184  decode.d6.loss_dice: 1.8410  decode.d7.loss_cls: 0.4589  decode.d7.loss_mask: 1.8506  decode.d7.loss_dice: 1.8350  decode.d8.loss_cls: 0.3796  decode.d8.loss_mask: 1.8142  decode.d8.loss_dice: 1.8770
09/30 21:48:59 - mmengine - INFO - Iter(train) [ 5850/20000]  base_lr: 7.3244e-05 lr: 7.3244e-06  eta: 1:11:44  time: 0.2971  data_time: 0.0114  memory: 8449  grad_norm: 702.7532  loss: 33.7675  decode.loss_cls: 0.3626  decode.loss_mask: 1.3544  decode.loss_dice: 1.5263  decode.d0.loss_cls: 0.6182  decode.d0.loss_mask: 1.4859  decode.d0.loss_dice: 1.6506  decode.d1.loss_cls: 0.4081  decode.d1.loss_mask: 1.4335  decode.d1.loss_dice: 1.5790  decode.d2.loss_cls: 0.3942  decode.d2.loss_mask: 1.4467  decode.d2.loss_dice: 1.5305  decode.d3.loss_cls: 0.4371  decode.d3.loss_mask: 1.4380  decode.d3.loss_dice: 1.5360  decode.d4.loss_cls: 0.3220  decode.d4.loss_mask: 1.4187  decode.d4.loss_dice: 1.5450  decode.d5.loss_cls: 0.2748  decode.d5.loss_mask: 1.4823  decode.d5.loss_dice: 1.6205  decode.d6.loss_cls: 0.2933  decode.d6.loss_mask: 1.4641  decode.d6.loss_dice: 1.5494  decode.d7.loss_cls: 0.3312  decode.d7.loss_mask: 1.4231  decode.d7.loss_dice: 1.5343  decode.d8.loss_cls: 0.3335  decode.d8.loss_mask: 1.4372  decode.d8.loss_dice: 1.5370
09/30 21:49:14 - mmengine - INFO - Iter(train) [ 5900/20000]  base_lr: 7.3011e-05 lr: 7.3011e-06  eta: 1:11:28  time: 0.2983  data_time: 0.0114  memory: 8449  grad_norm: 815.1100  loss: 35.5898  decode.loss_cls: 0.4625  decode.loss_mask: 1.6822  decode.loss_dice: 1.4552  decode.d0.loss_cls: 0.6798  decode.d0.loss_mask: 1.6420  decode.d0.loss_dice: 1.4608  decode.d1.loss_cls: 0.4643  decode.d1.loss_mask: 1.5972  decode.d1.loss_dice: 1.4132  decode.d2.loss_cls: 0.4832  decode.d2.loss_mask: 1.6274  decode.d2.loss_dice: 1.4262  decode.d3.loss_cls: 0.5037  decode.d3.loss_mask: 1.6433  decode.d3.loss_dice: 1.4101  decode.d4.loss_cls: 0.4233  decode.d4.loss_mask: 1.6328  decode.d4.loss_dice: 1.4538  decode.d5.loss_cls: 0.4157  decode.d5.loss_mask: 1.6600  decode.d5.loss_dice: 1.4464  decode.d6.loss_cls: 0.4303  decode.d6.loss_mask: 1.6383  decode.d6.loss_dice: 1.4816  decode.d7.loss_cls: 0.4038  decode.d7.loss_mask: 1.6511  decode.d7.loss_dice: 1.4939  decode.d8.loss_cls: 0.4654  decode.d8.loss_mask: 1.6204  decode.d8.loss_dice: 1.4217
09/30 21:49:29 - mmengine - INFO - Iter(train) [ 5950/20000]  base_lr: 7.2778e-05 lr: 7.2778e-06  eta: 1:11:13  time: 0.2992  data_time: 0.0121  memory: 8442  grad_norm: 495.0203  loss: 39.7477  decode.loss_cls: 0.2420  decode.loss_mask: 2.0463  decode.loss_dice: 1.5866  decode.d0.loss_cls: 0.5719  decode.d0.loss_mask: 2.0635  decode.d0.loss_dice: 1.6278  decode.d1.loss_cls: 0.3380  decode.d1.loss_mask: 2.0232  decode.d1.loss_dice: 1.6363  decode.d2.loss_cls: 0.3658  decode.d2.loss_mask: 1.9752  decode.d2.loss_dice: 1.5799  decode.d3.loss_cls: 0.2953  decode.d3.loss_mask: 2.0293  decode.d3.loss_dice: 1.6616  decode.d4.loss_cls: 0.1709  decode.d4.loss_mask: 2.1080  decode.d4.loss_dice: 1.6337  decode.d5.loss_cls: 0.2747  decode.d5.loss_mask: 2.0393  decode.d5.loss_dice: 1.6104  decode.d6.loss_cls: 0.2489  decode.d6.loss_mask: 2.1079  decode.d6.loss_dice: 1.6610  decode.d7.loss_cls: 0.2694  decode.d7.loss_mask: 2.0603  decode.d7.loss_dice: 1.6624  decode.d8.loss_cls: 0.2769  decode.d8.loss_mask: 1.9936  decode.d8.loss_dice: 1.5875
09/30 21:49:44 - mmengine - INFO - Exp name: mask2former_swin_l_512_20260930_211218
09/30 21:49:44 - mmengine - INFO - Iter(train) [ 6000/20000]  base_lr: 7.2545e-05 lr: 7.2545e-06  eta: 1:10:57  time: 0.2977  data_time: 0.0115  memory: 8449  grad_norm: 898.3486  loss: 39.2110  decode.loss_cls: 0.4731  decode.loss_mask: 1.8229  decode.loss_dice: 1.6541  decode.d0.loss_cls: 0.6278  decode.d0.loss_mask: 1.7887  decode.d0.loss_dice: 1.6891  decode.d1.loss_cls: 0.4493  decode.d1.loss_mask: 1.7503  decode.d1.loss_dice: 1.5647  decode.d2.loss_cls: 0.4848  decode.d2.loss_mask: 1.7894  decode.d2.loss_dice: 1.5600  decode.d3.loss_cls: 0.4773  decode.d3.loss_mask: 1.7997  decode.d3.loss_dice: 1.5737  decode.d4.loss_cls: 0.4585  decode.d4.loss_mask: 1.8199  decode.d4.loss_dice: 1.6038  decode.d5.loss_cls: 0.4348  decode.d5.loss_mask: 1.7825  decode.d5.loss_dice: 1.6299  decode.d6.loss_cls: 0.3567  decode.d6.loss_mask: 1.8592  decode.d6.loss_dice: 1.6790  decode.d7.loss_cls: 0.4090  decode.d7.loss_mask: 1.8872  decode.d7.loss_dice: 1.7100  decode.d8.loss_cls: 0.4712  decode.d8.loss_mask: 1.8946  decode.d8.loss_dice: 1.7099
09/30 21:49:44 - mmengine - INFO - Saving checkpoint at 6000 iterations
09/30 21:49:52 - mmengine - INFO - Iter(val) [ 50/699]    eta: 0:01:15  time: 0.1143  data_time: 0.0039  memory: 3701  
09/30 21:49:58 - mmengine - INFO - Iter(val) [100/699]    eta: 0:01:09  time: 0.1169  data_time: 0.0049  memory: 3701  
09/30 21:50:04 - mmengine - INFO - Iter(val) [150/699]    eta: 0:01:03  time: 0.1155  data_time: 0.0040  memory: 3701  
09/30 21:50:10 - mmengine - INFO - Iter(val) [200/699]    eta: 0:00:57  time: 0.1155  data_time: 0.0043  memory: 3701  
09/30 21:50:15 - mmengine - INFO - Iter(val) [250/699]    eta: 0:00:51  time: 0.1158  data_time: 0.0040  memory: 3701  
09/30 21:50:21 - mmengine - INFO - Iter(val) [300/699]    eta: 0:00:46  time: 0.1165  data_time: 0.0042  memory: 3701  
09/30 21:50:27 - mmengine - INFO - Iter(val) [350/699]    eta: 0:00:40  time: 0.1148  data_time: 0.0039  memory: 3701  
09/30 21:50:33 - mmengine - INFO - Iter(val) [400/699]    eta: 0:00:34  time: 0.1150  data_time: 0.0041  memory: 3701  
09/30 21:50:38 - mmengine - INFO - Iter(val) [450/699]    eta: 0:00:28  time: 0.1150  data_time: 0.0039  memory: 3701  
09/30 21:50:44 - mmengine - INFO - Iter(val) [500/699]    eta: 0:00:22  time: 0.1156  data_time: 0.0040  memory: 3701  
09/30 21:50:50 - mmengine - INFO - Iter(val) [550/699]    eta: 0:00:17  time: 0.1150  data_time: 0.0040  memory: 3701  
09/30 21:50:56 - mmengine - INFO - Iter(val) [600/699]    eta: 0:00:11  time: 0.1147  data_time: 0.0039  memory: 3701  
09/30 21:51:01 - mmengine - INFO - Iter(val) [650/699]    eta: 0:00:05  time: 0.1163  data_time: 0.0039  memory: 3701  
09/30 21:51:07 - mmengine - INFO - per class results:
09/30 21:51:07 - mmengine - INFO - 
+--------------+-------+-------+
|    Class     |  IoU  |  Acc  |
+--------------+-------+-------+
|  Background  | 53.89 |  64.8 |
|   Building   | 79.84 | 90.94 |
|     Road     | 64.67 |  77.1 |
|    Water     | 79.62 | 84.48 |
|    Barren    |  0.59 |  0.59 |
|  Vegetation  | 78.53 | 84.19 |
| Agricultural | 47.68 | 96.49 |
|   Vehicle    | 72.86 | 83.56 |
+--------------+-------+-------+
09/30 21:51:07 - mmengine - INFO - Iter(val) [699/699]    aAcc: 79.5000  mIoU: 59.7100  mAcc: 72.7700  data_time: 0.0041  time: 0.1153
09/30 21:51:07 - mmengine - INFO - The previous best checkpoint /root/hyperseg/runs/mask2former_uav/h2_swin_l_mask2former_20k_seed3407_fp32/best_mIoU_iter_3000.pth is removed
09/30 21:51:10 - mmengine - INFO - The best checkpoint with 59.7100 mIoU at 6000 iter is saved to best_mIoU_iter_6000.pth.
09/30 21:51:27 - mmengine - INFO - Iter(train) [ 6050/20000]  base_lr: 7.2312e-05 lr: 7.2312e-06  eta: 1:10:53  time: 0.3006  data_time: 0.0117  memory: 8457  grad_norm: 367.5811  loss: 35.2813  decode.loss_cls: 0.4214  decode.loss_mask: 1.4371  decode.loss_dice: 1.6301  decode.d0.loss_cls: 0.6638  decode.d0.loss_mask: 1.4582  decode.d0.loss_dice: 1.7182  decode.d1.loss_cls: 0.4641  decode.d1.loss_mask: 1.3820  decode.d1.loss_dice: 1.6435  decode.d2.loss_cls: 0.3520  decode.d2.loss_mask: 1.4238  decode.d2.loss_dice: 1.6771  decode.d3.loss_cls: 0.4703  decode.d3.loss_mask: 1.4082  decode.d3.loss_dice: 1.6331  decode.d4.loss_cls: 0.5459  decode.d4.loss_mask: 1.3909  decode.d4.loss_dice: 1.6383  decode.d5.loss_cls: 0.4563  decode.d5.loss_mask: 1.3841  decode.d5.loss_dice: 1.6181  decode.d6.loss_cls: 0.4237  decode.d6.loss_mask: 1.4187  decode.d6.loss_dice: 1.6311  decode.d7.loss_cls: 0.4480  decode.d7.loss_mask: 1.4045  decode.d7.loss_dice: 1.6200  decode.d8.loss_cls: 0.4330  decode.d8.loss_mask: 1.4042  decode.d8.loss_dice: 1.6816
09/30 21:51:42 - mmengine - INFO - Iter(train) [ 6100/20000]  base_lr: 7.2079e-05 lr: 7.2079e-06  eta: 1:10:37  time: 0.3004  data_time: 0.0116  memory: 8442  grad_norm: 792.7314  loss: 40.5209  decode.loss_cls: 0.6452  decode.loss_mask: 1.7397  decode.loss_dice: 1.6156  decode.d0.loss_cls: 0.8552  decode.d0.loss_mask: 1.7779  decode.d0.loss_dice: 1.7630  decode.d1.loss_cls: 0.7619  decode.d1.loss_mask: 1.7296  decode.d1.loss_dice: 1.6229  decode.d2.loss_cls: 0.6869  decode.d2.loss_mask: 1.7535  decode.d2.loss_dice: 1.6147  decode.d3.loss_cls: 0.7527  decode.d3.loss_mask: 1.6965  decode.d3.loss_dice: 1.5369  decode.d4.loss_cls: 0.5746  decode.d4.loss_mask: 1.7581  decode.d4.loss_dice: 1.5642  decode.d5.loss_cls: 0.6312  decode.d5.loss_mask: 1.7734  decode.d5.loss_dice: 1.6057  decode.d6.loss_cls: 0.5650  decode.d6.loss_mask: 1.7840  decode.d6.loss_dice: 1.6379  decode.d7.loss_cls: 0.5956  decode.d7.loss_mask: 1.7089  decode.d7.loss_dice: 1.6430  decode.d8.loss_cls: 0.6394  decode.d8.loss_mask: 1.8041  decode.d8.loss_dice: 1.6837
09/30 21:51:57 - mmengine - INFO - Iter(train) [ 6150/20000]  base_lr: 7.1845e-05 lr: 7.1845e-06  eta: 1:10:21  time: 0.2979  data_time: 0.0114  memory: 8442  grad_norm: 613.8415  loss: 38.4342  decode.loss_cls: 0.6247  decode.loss_mask: 1.7686  decode.loss_dice: 1.5334  decode.d0.loss_cls: 0.7883  decode.d0.loss_mask: 1.7281  decode.d0.loss_dice: 1.5270  decode.d1.loss_cls: 0.7064  decode.d1.loss_mask: 1.6685  decode.d1.loss_dice: 1.5151  decode.d2.loss_cls: 0.5988  decode.d2.loss_mask: 1.7252  decode.d2.loss_dice: 1.4666  decode.d3.loss_cls: 0.6407  decode.d3.loss_mask: 1.6875  decode.d3.loss_dice: 1.4786  decode.d4.loss_cls: 0.5462  decode.d4.loss_mask: 1.7416  decode.d4.loss_dice: 1.4729  decode.d5.loss_cls: 0.5979  decode.d5.loss_mask: 1.7271  decode.d5.loss_dice: 1.4871  decode.d6.loss_cls: 0.5870  decode.d6.loss_mask: 1.7241  decode.d6.loss_dice: 1.4632  decode.d7.loss_cls: 0.6152  decode.d7.loss_mask: 1.7556  decode.d7.loss_dice: 1.4741  decode.d8.loss_cls: 0.6339  decode.d8.loss_mask: 1.7110  decode.d8.loss_dice: 1.4401
09/30 21:52:13 - mmengine - INFO - Iter(train) [ 6200/20000]  base_lr: 7.1612e-05 lr: 7.1612e-06  eta: 1:10:06  time: 0.3036  data_time: 0.0123  memory: 8448  grad_norm: 321.7866  loss: 27.8355  decode.loss_cls: 0.3025  decode.loss_mask: 1.4210  decode.loss_dice: 1.1079  decode.d0.loss_cls: 0.5282  decode.d0.loss_mask: 1.3436  decode.d0.loss_dice: 1.1094  decode.d1.loss_cls: 0.3406  decode.d1.loss_mask: 1.3060  decode.d1.loss_dice: 1.0968  decode.d2.loss_cls: 0.3074  decode.d2.loss_mask: 1.3109  decode.d2.loss_dice: 1.0641  decode.d3.loss_cls: 0.3128  decode.d3.loss_mask: 1.2864  decode.d3.loss_dice: 1.1082  decode.d4.loss_cls: 0.3025  decode.d4.loss_mask: 1.3605  decode.d4.loss_dice: 1.1181  decode.d5.loss_cls: 0.3089  decode.d5.loss_mask: 1.3232  decode.d5.loss_dice: 1.0915  decode.d6.loss_cls: 0.3009  decode.d6.loss_mask: 1.3300  decode.d6.loss_dice: 1.1138  decode.d7.loss_cls: 0.3914  decode.d7.loss_mask: 1.3159  decode.d7.loss_dice: 1.1203  decode.d8.loss_cls: 0.3363  decode.d8.loss_mask: 1.4100  decode.d8.loss_dice: 1.0665
09/30 21:52:28 - mmengine - INFO - Iter(train) [ 6250/20000]  base_lr: 7.1378e-05 lr: 7.1378e-06  eta: 1:09:51  time: 0.3015  data_time: 0.0119  memory: 8457  grad_norm: 897.3407  loss: 38.5307  decode.loss_cls: 0.6810  decode.loss_mask: 1.5571  decode.loss_dice: 1.5605  decode.d0.loss_cls: 0.6736  decode.d0.loss_mask: 1.6319  decode.d0.loss_dice: 1.6697  decode.d1.loss_cls: 0.5982  decode.d1.loss_mask: 1.5721  decode.d1.loss_dice: 1.6061  decode.d2.loss_cls: 0.6264  decode.d2.loss_mask: 1.7168  decode.d2.loss_dice: 1.6009  decode.d3.loss_cls: 0.6089  decode.d3.loss_mask: 1.7030  decode.d3.loss_dice: 1.5512  decode.d4.loss_cls: 0.6827  decode.d4.loss_mask: 1.5568  decode.d4.loss_dice: 1.5166  decode.d5.loss_cls: 0.6750  decode.d5.loss_mask: 1.5388  decode.d5.loss_dice: 1.5395  decode.d6.loss_cls: 0.6607  decode.d6.loss_mask: 1.5364  decode.d6.loss_dice: 1.5577  decode.d7.loss_cls: 0.6929  decode.d7.loss_mask: 1.7145  decode.d7.loss_dice: 1.5854  decode.d8.loss_cls: 0.5379  decode.d8.loss_mask: 1.7575  decode.d8.loss_dice: 1.6208
09/30 21:52:43 - mmengine - INFO - Iter(train) [ 6300/20000]  base_lr: 7.1144e-05 lr: 7.1144e-06  eta: 1:09:36  time: 0.3219  data_time: 0.0130  memory: 8466  grad_norm: 695.7542  loss: 32.9713  decode.loss_cls: 0.2044  decode.loss_mask: 1.5397  decode.loss_dice: 1.4771  decode.d0.loss_cls: 0.4146  decode.d0.loss_mask: 1.5844  decode.d0.loss_dice: 1.5154  decode.d1.loss_cls: 0.2155  decode.d1.loss_mask: 1.5343  decode.d1.loss_dice: 1.4965  decode.d2.loss_cls: 0.2010  decode.d2.loss_mask: 1.5598  decode.d2.loss_dice: 1.5337  decode.d3.loss_cls: 0.2415  decode.d3.loss_mask: 1.5028  decode.d3.loss_dice: 1.4634  decode.d4.loss_cls: 0.3053  decode.d4.loss_mask: 1.4885  decode.d4.loss_dice: 1.4618  decode.d5.loss_cls: 0.2758  decode.d5.loss_mask: 1.5099  decode.d5.loss_dice: 1.5407  decode.d6.loss_cls: 0.1863  decode.d6.loss_mask: 1.5600  decode.d6.loss_dice: 1.4931  decode.d7.loss_cls: 0.2579  decode.d7.loss_mask: 1.5360  decode.d7.loss_dice: 1.5322  decode.d8.loss_cls: 0.2765  decode.d8.loss_mask: 1.5208  decode.d8.loss_dice: 1.5427
09/30 21:52:58 - mmengine - INFO - Iter(train) [ 6350/20000]  base_lr: 7.0911e-05 lr: 7.0911e-06  eta: 1:09:21  time: 0.3017  data_time: 0.0122  memory: 8439  grad_norm: 520.0135  loss: 38.2117  decode.loss_cls: 0.4749  decode.loss_mask: 1.7384  decode.loss_dice: 1.5931  decode.d0.loss_cls: 0.6441  decode.d0.loss_mask: 1.7374  decode.d0.loss_dice: 1.6063  decode.d1.loss_cls: 0.4695  decode.d1.loss_mask: 1.7193  decode.d1.loss_dice: 1.5822  decode.d2.loss_cls: 0.4489  decode.d2.loss_mask: 1.7084  decode.d2.loss_dice: 1.6068  decode.d3.loss_cls: 0.5154  decode.d3.loss_mask: 1.7017  decode.d3.loss_dice: 1.6055  decode.d4.loss_cls: 0.4788  decode.d4.loss_mask: 1.7126  decode.d4.loss_dice: 1.6271  decode.d5.loss_cls: 0.4944  decode.d5.loss_mask: 1.7312  decode.d5.loss_dice: 1.5886  decode.d6.loss_cls: 0.4644  decode.d6.loss_mask: 1.7175  decode.d6.loss_dice: 1.6152  decode.d7.loss_cls: 0.4867  decode.d7.loss_mask: 1.7342  decode.d7.loss_dice: 1.5706  decode.d8.loss_cls: 0.5466  decode.d8.loss_mask: 1.7015  decode.d8.loss_dice: 1.5904
09/30 21:53:13 - mmengine - INFO - Iter(train) [ 6400/20000]  base_lr: 7.0677e-05 lr: 7.0677e-06  eta: 1:09:04  time: 0.2955  data_time: 0.0115  memory: 8449  grad_norm: 2396.3685  loss: 37.8634  decode.loss_cls: 0.3840  decode.loss_mask: 1.6629  decode.loss_dice: 1.7320  decode.d0.loss_cls: 0.6248  decode.d0.loss_mask: 1.6356  decode.d0.loss_dice: 1.7618  decode.d1.loss_cls: 0.3961  decode.d1.loss_mask: 1.6112  decode.d1.loss_dice: 1.7447  decode.d2.loss_cls: 0.3236  decode.d2.loss_mask: 1.6611  decode.d2.loss_dice: 1.7611  decode.d3.loss_cls: 0.4240  decode.d3.loss_mask: 1.6437  decode.d3.loss_dice: 1.7632  decode.d4.loss_cls: 0.3883  decode.d4.loss_mask: 1.6543  decode.d4.loss_dice: 1.7093  decode.d5.loss_cls: 0.3123  decode.d5.loss_mask: 1.6649  decode.d5.loss_dice: 1.7208  decode.d6.loss_cls: 0.3441  decode.d6.loss_mask: 1.6344  decode.d6.loss_dice: 1.7106  decode.d7.loss_cls: 0.4224  decode.d7.loss_mask: 1.6342  decode.d7.loss_dice: 1.7228  decode.d8.loss_cls: 0.4264  decode.d8.loss_mask: 1.6689  decode.d8.loss_dice: 1.7200
09/30 21:53:28 - mmengine - INFO - Iter(train) [ 6450/20000]  base_lr: 7.0443e-05 lr: 7.0443e-06  eta: 1:08:48  time: 0.2950  data_time: 0.0114  memory: 8437  grad_norm: 575.0448  loss: 39.1407  decode.loss_cls: 0.5412  decode.loss_mask: 1.8055  decode.loss_dice: 1.5491  decode.d0.loss_cls: 0.7162  decode.d0.loss_mask: 1.7016  decode.d0.loss_dice: 1.6646  decode.d1.loss_cls: 0.5534  decode.d1.loss_mask: 1.7714  decode.d1.loss_dice: 1.6029  decode.d2.loss_cls: 0.4494  decode.d2.loss_mask: 1.7923  decode.d2.loss_dice: 1.6145  decode.d3.loss_cls: 0.4314  decode.d3.loss_mask: 1.8055  decode.d3.loss_dice: 1.6378  decode.d4.loss_cls: 0.4451  decode.d4.loss_mask: 1.8148  decode.d4.loss_dice: 1.7125  decode.d5.loss_cls: 0.5273  decode.d5.loss_mask: 1.8316  decode.d5.loss_dice: 1.6408  decode.d6.loss_cls: 0.4943  decode.d6.loss_mask: 1.7610  decode.d6.loss_dice: 1.5671  decode.d7.loss_cls: 0.4879  decode.d7.loss_mask: 1.7329  decode.d7.loss_dice: 1.5745  decode.d8.loss_cls: 0.5870  decode.d8.loss_mask: 1.7232  decode.d8.loss_dice: 1.6037
09/30 21:53:43 - mmengine - INFO - Iter(train) [ 6500/20000]  base_lr: 7.0209e-05 lr: 7.0209e-06  eta: 1:08:33  time: 0.2971  data_time: 0.0115  memory: 8457  grad_norm: 532.0589  loss: 38.0800  decode.loss_cls: 0.5279  decode.loss_mask: 1.6253  decode.loss_dice: 1.5851  decode.d0.loss_cls: 0.7504  decode.d0.loss_mask: 1.6882  decode.d0.loss_dice: 1.6558  decode.d1.loss_cls: 0.5779  decode.d1.loss_mask: 1.6307  decode.d1.loss_dice: 1.6106  decode.d2.loss_cls: 0.5054  decode.d2.loss_mask: 1.6445  decode.d2.loss_dice: 1.5453  decode.d3.loss_cls: 0.4784  decode.d3.loss_mask: 1.6468  decode.d3.loss_dice: 1.5709  decode.d4.loss_cls: 0.4793  decode.d4.loss_mask: 1.6363  decode.d4.loss_dice: 1.5698  decode.d5.loss_cls: 0.4446  decode.d5.loss_mask: 1.6855  decode.d5.loss_dice: 1.6021  decode.d6.loss_cls: 0.5437  decode.d6.loss_mask: 1.6699  decode.d6.loss_dice: 1.6356  decode.d7.loss_cls: 0.5749  decode.d7.loss_mask: 1.6249  decode.d7.loss_dice: 1.6179  decode.d8.loss_cls: 0.5842  decode.d8.loss_mask: 1.7051  decode.d8.loss_dice: 1.6632
09/30 21:53:58 - mmengine - INFO - Iter(train) [ 6550/20000]  base_lr: 6.9975e-05 lr: 6.9975e-06  eta: 1:08:17  time: 0.3057  data_time: 0.0121  memory: 8450  grad_norm: 508.4411  loss: 41.0550  decode.loss_cls: 0.7615  decode.loss_mask: 1.7175  decode.loss_dice: 1.6706  decode.d0.loss_cls: 0.7559  decode.d0.loss_mask: 1.8238  decode.d0.loss_dice: 1.7729  decode.d1.loss_cls: 0.6353  decode.d1.loss_mask: 1.7484  decode.d1.loss_dice: 1.6439  decode.d2.loss_cls: 0.6995  decode.d2.loss_mask: 1.7294  decode.d2.loss_dice: 1.6592  decode.d3.loss_cls: 0.7142  decode.d3.loss_mask: 1.7053  decode.d3.loss_dice: 1.6236  decode.d4.loss_cls: 0.7243  decode.d4.loss_mask: 1.7275  decode.d4.loss_dice: 1.6475  decode.d5.loss_cls: 0.6812  decode.d5.loss_mask: 1.7489  decode.d5.loss_dice: 1.6289  decode.d6.loss_cls: 0.7096  decode.d6.loss_mask: 1.7292  decode.d6.loss_dice: 1.7104  decode.d7.loss_cls: 0.6577  decode.d7.loss_mask: 1.7150  decode.d7.loss_dice: 1.6831  decode.d8.loss_cls: 0.7527  decode.d8.loss_mask: 1.6834  decode.d8.loss_dice: 1.5946
09/30 21:54:13 - mmengine - INFO - Iter(train) [ 6600/20000]  base_lr: 6.9741e-05 lr: 6.9741e-06  eta: 1:08:02  time: 0.2950  data_time: 0.0119  memory: 8435  grad_norm: 538.6984  loss: 32.8637  decode.loss_cls: 0.5468  decode.loss_mask: 1.4086  decode.loss_dice: 1.3963  decode.d0.loss_cls: 0.5985  decode.d0.loss_mask: 1.3670  decode.d0.loss_dice: 1.4715  decode.d1.loss_cls: 0.5680  decode.d1.loss_mask: 1.3707  decode.d1.loss_dice: 1.4015  decode.d2.loss_cls: 0.5949  decode.d2.loss_mask: 1.3655  decode.d2.loss_dice: 1.3557  decode.d3.loss_cls: 0.5315  decode.d3.loss_mask: 1.3849  decode.d3.loss_dice: 1.3234  decode.d4.loss_cls: 0.5888  decode.d4.loss_mask: 1.2800  decode.d4.loss_dice: 1.2898  decode.d5.loss_cls: 0.6669  decode.d5.loss_mask: 1.2947  decode.d5.loss_dice: 1.2941  decode.d6.loss_cls: 0.6289  decode.d6.loss_mask: 1.2934  decode.d6.loss_dice: 1.3462  decode.d7.loss_cls: 0.6093  decode.d7.loss_mask: 1.3316  decode.d7.loss_dice: 1.3226  decode.d8.loss_cls: 0.5591  decode.d8.loss_mask: 1.3286  decode.d8.loss_dice: 1.3447
09/30 21:54:28 - mmengine - INFO - Iter(train) [ 6650/20000]  base_lr: 6.9507e-05 lr: 6.9507e-06  eta: 1:07:46  time: 0.2975  data_time: 0.0113  memory: 8431  grad_norm: 520.8944  loss: 38.5585  decode.loss_cls: 0.3579  decode.loss_mask: 2.0053  decode.loss_dice: 1.5442  decode.d0.loss_cls: 0.5236  decode.d0.loss_mask: 1.8741  decode.d0.loss_dice: 1.5637  decode.d1.loss_cls: 0.3457  decode.d1.loss_mask: 1.8368  decode.d1.loss_dice: 1.5907  decode.d2.loss_cls: 0.3590  decode.d2.loss_mask: 1.8436  decode.d2.loss_dice: 1.5934  decode.d3.loss_cls: 0.3661  decode.d3.loss_mask: 1.8638  decode.d3.loss_dice: 1.5679  decode.d4.loss_cls: 0.4260  decode.d4.loss_mask: 1.8912  decode.d4.loss_dice: 1.5357  decode.d5.loss_cls: 0.4694  decode.d5.loss_mask: 1.8384  decode.d5.loss_dice: 1.5291  decode.d6.loss_cls: 0.4330  decode.d6.loss_mask: 1.8444  decode.d6.loss_dice: 1.5219  decode.d7.loss_cls: 0.3737  decode.d7.loss_mask: 1.9645  decode.d7.loss_dice: 1.5252  decode.d8.loss_cls: 0.4346  decode.d8.loss_mask: 1.9985  decode.d8.loss_dice: 1.5370
09/30 21:54:43 - mmengine - INFO - Iter(train) [ 6700/20000]  base_lr: 6.9272e-05 lr: 6.9272e-06  eta: 1:07:30  time: 0.2969  data_time: 0.0113  memory: 8449  grad_norm: 612.8548  loss: 44.8060  decode.loss_cls: 0.6382  decode.loss_mask: 2.0885  decode.loss_dice: 1.7649  decode.d0.loss_cls: 0.8653  decode.d0.loss_mask: 2.0236  decode.d0.loss_dice: 1.8506  decode.d1.loss_cls: 0.5886  decode.d1.loss_mask: 2.0091  decode.d1.loss_dice: 1.8374  decode.d2.loss_cls: 0.6904  decode.d2.loss_mask: 1.9707  decode.d2.loss_dice: 1.7547  decode.d3.loss_cls: 0.6400  decode.d3.loss_mask: 2.0158  decode.d3.loss_dice: 1.7503  decode.d4.loss_cls: 0.7273  decode.d4.loss_mask: 2.0476  decode.d4.loss_dice: 1.7741  decode.d5.loss_cls: 0.7046  decode.d5.loss_mask: 2.0266  decode.d5.loss_dice: 1.7429  decode.d6.loss_cls: 0.6760  decode.d6.loss_mask: 2.0027  decode.d6.loss_dice: 1.7324  decode.d7.loss_cls: 0.5259  decode.d7.loss_mask: 2.1269  decode.d7.loss_dice: 1.7897  decode.d8.loss_cls: 0.6485  decode.d8.loss_mask: 2.0327  decode.d8.loss_dice: 1.7598
09/30 21:54:58 - mmengine - INFO - Iter(train) [ 6750/20000]  base_lr: 6.9038e-05 lr: 6.9038e-06  eta: 1:07:14  time: 0.3013  data_time: 0.0116  memory: 8448  grad_norm: 554.0473  loss: 29.4648  decode.loss_cls: 0.3831  decode.loss_mask: 1.3949  decode.loss_dice: 1.1972  decode.d0.loss_cls: 0.6063  decode.d0.loss_mask: 1.2949  decode.d0.loss_dice: 1.2103  decode.d1.loss_cls: 0.4745  decode.d1.loss_mask: 1.2589  decode.d1.loss_dice: 1.1947  decode.d2.loss_cls: 0.4320  decode.d2.loss_mask: 1.2776  decode.d2.loss_dice: 1.1607  decode.d3.loss_cls: 0.3735  decode.d3.loss_mask: 1.3185  decode.d3.loss_dice: 1.1752  decode.d4.loss_cls: 0.4333  decode.d4.loss_mask: 1.2997  decode.d4.loss_dice: 1.1919  decode.d5.loss_cls: 0.4722  decode.d5.loss_mask: 1.2726  decode.d5.loss_dice: 1.1513  decode.d6.loss_cls: 0.4882  decode.d6.loss_mask: 1.3475  decode.d6.loss_dice: 1.2243  decode.d7.loss_cls: 0.3996  decode.d7.loss_mask: 1.3323  decode.d7.loss_dice: 1.1635  decode.d8.loss_cls: 0.4046  decode.d8.loss_mask: 1.3683  decode.d8.loss_dice: 1.1635
09/30 21:55:13 - mmengine - INFO - Iter(train) [ 6800/20000]  base_lr: 6.8803e-05 lr: 6.8803e-06  eta: 1:06:58  time: 0.3032  data_time: 0.0118  memory: 8474  grad_norm: 386.9223  loss: 38.4196  decode.loss_cls: 0.6509  decode.loss_mask: 1.5290  decode.loss_dice: 1.7155  decode.d0.loss_cls: 0.8260  decode.d0.loss_mask: 1.4966  decode.d0.loss_dice: 1.6839  decode.d1.loss_cls: 0.6411  decode.d1.loss_mask: 1.4773  decode.d1.loss_dice: 1.6751  decode.d2.loss_cls: 0.6572  decode.d2.loss_mask: 1.5353  decode.d2.loss_dice: 1.7015  decode.d3.loss_cls: 0.5708  decode.d3.loss_mask: 1.4822  decode.d3.loss_dice: 1.6529  decode.d4.loss_cls: 0.5940  decode.d4.loss_mask: 1.5147  decode.d4.loss_dice: 1.6781  decode.d5.loss_cls: 0.5780  decode.d5.loss_mask: 1.5374  decode.d5.loss_dice: 1.6947  decode.d6.loss_cls: 0.6350  decode.d6.loss_mask: 1.5475  decode.d6.loss_dice: 1.6838  decode.d7.loss_cls: 0.6129  decode.d7.loss_mask: 1.5456  decode.d7.loss_dice: 1.6953  decode.d8.loss_cls: 0.6196  decode.d8.loss_mask: 1.5245  decode.d8.loss_dice: 1.6630
09/30 21:55:28 - mmengine - INFO - Iter(train) [ 6850/20000]  base_lr: 6.8569e-05 lr: 6.8569e-06  eta: 1:06:43  time: 0.3033  data_time: 0.0124  memory: 8442  grad_norm: 515.5140  loss: 33.3032  decode.loss_cls: 0.5906  decode.loss_mask: 1.3535  decode.loss_dice: 1.3943  decode.d0.loss_cls: 0.6515  decode.d0.loss_mask: 1.3479  decode.d0.loss_dice: 1.4547  decode.d1.loss_cls: 0.5445  decode.d1.loss_mask: 1.3899  decode.d1.loss_dice: 1.3671  decode.d2.loss_cls: 0.5921  decode.d2.loss_mask: 1.3779  decode.d2.loss_dice: 1.3370  decode.d3.loss_cls: 0.6264  decode.d3.loss_mask: 1.3935  decode.d3.loss_dice: 1.3390  decode.d4.loss_cls: 0.6411  decode.d4.loss_mask: 1.4270  decode.d4.loss_dice: 1.3648  decode.d5.loss_cls: 0.5142  decode.d5.loss_mask: 1.4006  decode.d5.loss_dice: 1.3835  decode.d6.loss_cls: 0.5069  decode.d6.loss_mask: 1.3795  decode.d6.loss_dice: 1.3310  decode.d7.loss_cls: 0.5282  decode.d7.loss_mask: 1.3848  decode.d7.loss_dice: 1.3790  decode.d8.loss_cls: 0.5097  decode.d8.loss_mask: 1.4156  decode.d8.loss_dice: 1.3774
09/30 21:55:43 - mmengine - INFO - Iter(train) [ 6900/20000]  base_lr: 6.8334e-05 lr: 6.8334e-06  eta: 1:06:28  time: 0.2964  data_time: 0.0116  memory: 8439  grad_norm: 398.7630  loss: 33.6074  decode.loss_cls: 0.3942  decode.loss_mask: 1.5550  decode.loss_dice: 1.4201  decode.d0.loss_cls: 0.4538  decode.d0.loss_mask: 1.6042  decode.d0.loss_dice: 1.4912  decode.d1.loss_cls: 0.3177  decode.d1.loss_mask: 1.5729  decode.d1.loss_dice: 1.4435  decode.d2.loss_cls: 0.2946  decode.d2.loss_mask: 1.5823  decode.d2.loss_dice: 1.4894  decode.d3.loss_cls: 0.3537  decode.d3.loss_mask: 1.5304  decode.d3.loss_dice: 1.4542  decode.d4.loss_cls: 0.3117  decode.d4.loss_mask: 1.5745  decode.d4.loss_dice: 1.4795  decode.d5.loss_cls: 0.3257  decode.d5.loss_mask: 1.5685  decode.d5.loss_dice: 1.4406  decode.d6.loss_cls: 0.3794  decode.d6.loss_mask: 1.4996  decode.d6.loss_dice: 1.4490  decode.d7.loss_cls: 0.3605  decode.d7.loss_mask: 1.5256  decode.d7.loss_dice: 1.4317  decode.d8.loss_cls: 0.2695  decode.d8.loss_mask: 1.5510  decode.d8.loss_dice: 1.4831
09/30 21:55:58 - mmengine - INFO - Iter(train) [ 6950/20000]  base_lr: 6.8099e-05 lr: 6.8099e-06  eta: 1:06:12  time: 0.2957  data_time: 0.0115  memory: 8450  grad_norm: 525.9992  loss: 36.9985  decode.loss_cls: 0.3669  decode.loss_mask: 1.7027  decode.loss_dice: 1.6334  decode.d0.loss_cls: 0.6373  decode.d0.loss_mask: 1.6003  decode.d0.loss_dice: 1.5777  decode.d1.loss_cls: 0.3576  decode.d1.loss_mask: 1.6650  decode.d1.loss_dice: 1.5874  decode.d2.loss_cls: 0.3759  decode.d2.loss_mask: 1.6977  decode.d2.loss_dice: 1.6244  decode.d3.loss_cls: 0.3382  decode.d3.loss_mask: 1.7212  decode.d3.loss_dice: 1.6587  decode.d4.loss_cls: 0.3852  decode.d4.loss_mask: 1.6747  decode.d4.loss_dice: 1.6286  decode.d5.loss_cls: 0.3436  decode.d5.loss_mask: 1.6983  decode.d5.loss_dice: 1.6503  decode.d6.loss_cls: 0.4169  decode.d6.loss_mask: 1.6712  decode.d6.loss_dice: 1.6213  decode.d7.loss_cls: 0.3100  decode.d7.loss_mask: 1.7017  decode.d7.loss_dice: 1.6407  decode.d8.loss_cls: 0.3074  decode.d8.loss_mask: 1.7261  decode.d8.loss_dice: 1.6780
09/30 21:56:13 - mmengine - INFO - Exp name: mask2former_swin_l_512_20260930_211218
09/30 21:56:13 - mmengine - INFO - Iter(train) [ 7000/20000]  base_lr: 6.7864e-05 lr: 6.7864e-06  eta: 1:05:56  time: 0.2987  data_time: 0.0122  memory: 8437  grad_norm: 619.3689  loss: 32.2136  decode.loss_cls: 0.2898  decode.loss_mask: 1.6541  decode.loss_dice: 1.2353  decode.d0.loss_cls: 0.5607  decode.d0.loss_mask: 1.6554  decode.d0.loss_dice: 1.2153  decode.d1.loss_cls: 0.3898  decode.d1.loss_mask: 1.6096  decode.d1.loss_dice: 1.2049  decode.d2.loss_cls: 0.3550  decode.d2.loss_mask: 1.6517  decode.d2.loss_dice: 1.2086  decode.d3.loss_cls: 0.3434  decode.d3.loss_mask: 1.6256  decode.d3.loss_dice: 1.1864  decode.d4.loss_cls: 0.3518  decode.d4.loss_mask: 1.6760  decode.d4.loss_dice: 1.1906  decode.d5.loss_cls: 0.3816  decode.d5.loss_mask: 1.6522  decode.d5.loss_dice: 1.1929  decode.d6.loss_cls: 0.3943  decode.d6.loss_mask: 1.5268  decode.d6.loss_dice: 1.1887  decode.d7.loss_cls: 0.3695  decode.d7.loss_mask: 1.5850  decode.d7.loss_dice: 1.2497  decode.d8.loss_cls: 0.3198  decode.d8.loss_mask: 1.6912  decode.d8.loss_dice: 1.2575
09/30 21:56:13 - mmengine - INFO - Saving checkpoint at 7000 iterations
09/30 21:56:22 - mmengine - INFO - Iter(val) [ 50/699]    eta: 0:01:14  time: 0.1149  data_time: 0.0039  memory: 3701  
09/30 21:56:27 - mmengine - INFO - Iter(val) [100/699]    eta: 0:01:08  time: 0.1142  data_time: 0.0038  memory: 3701  
09/30 21:56:33 - mmengine - INFO - Iter(val) [150/699]    eta: 0:01:02  time: 0.1147  data_time: 0.0039  memory: 3701  
09/30 21:56:39 - mmengine - INFO - Iter(val) [200/699]    eta: 0:00:57  time: 0.1145  data_time: 0.0038  memory: 3701  
09/30 21:56:45 - mmengine - INFO - Iter(val) [250/699]    eta: 0:00:51  time: 0.1149  data_time: 0.0040  memory: 3701  
09/30 21:56:50 - mmengine - INFO - Iter(val) [300/699]    eta: 0:00:45  time: 0.1147  data_time: 0.0039  memory: 3701  
09/30 21:56:56 - mmengine - INFO - Iter(val) [350/699]    eta: 0:00:40  time: 0.1156  data_time: 0.0040  memory: 3701  
09/30 21:57:02 - mmengine - INFO - Iter(val) [400/699]    eta: 0:00:34  time: 0.1146  data_time: 0.0038  memory: 3701  
09/30 21:57:08 - mmengine - INFO - Iter(val) [450/699]    eta: 0:00:28  time: 0.1159  data_time: 0.0041  memory: 3701  
09/30 21:57:13 - mmengine - INFO - Iter(val) [500/699]    eta: 0:00:22  time: 0.1149  data_time: 0.0040  memory: 3701  
09/30 21:57:19 - mmengine - INFO - Iter(val) [550/699]    eta: 0:00:17  time: 0.1150  data_time: 0.0040  memory: 3701  
09/30 21:57:25 - mmengine - INFO - Iter(val) [600/699]    eta: 0:00:11  time: 0.1157  data_time: 0.0040  memory: 3701  
09/30 21:57:31 - mmengine - INFO - Iter(val) [650/699]    eta: 0:00:05  time: 0.1157  data_time: 0.0041  memory: 3701  
09/30 21:57:36 - mmengine - INFO - per class results:
09/30 21:57:36 - mmengine - INFO - 
+--------------+-------+-------+
|    Class     |  IoU  |  Acc  |
+--------------+-------+-------+
|  Background  |  55.2 | 72.83 |
|   Building   | 77.99 | 84.13 |
|     Road     | 53.62 | 60.53 |
|    Water     | 82.32 | 91.05 |
|    Barren    |  2.61 |  2.75 |
|  Vegetation  | 83.32 | 91.63 |
| Agricultural | 63.03 | 92.38 |
|   Vehicle    | 72.37 | 78.56 |
+--------------+-------+-------+
09/30 21:57:36 - mmengine - INFO - Iter(val) [699/699]    aAcc: 81.3000  mIoU: 61.3100  mAcc: 71.7300  data_time: 0.0041  time: 0.1151
09/30 21:57:36 - mmengine - INFO - The previous best checkpoint /root/hyperseg/runs/mask2former_uav/h2_swin_l_mask2former_20k_seed3407_fp32/best_mIoU_iter_6000.pth is removed
09/30 21:57:39 - mmengine - INFO - The best checkpoint with 61.3100 mIoU at 7000 iter is saved to best_mIoU_iter_7000.pth.
09/30 21:57:57 - mmengine - INFO - Iter(train) [ 7050/20000]  base_lr: 6.7629e-05 lr: 6.7629e-06  eta: 1:05:51  time: 0.3000  data_time: 0.0115  memory: 8457  grad_norm: 787.4701  loss: 33.2672  decode.loss_cls: 0.3774  decode.loss_mask: 1.3612  decode.loss_dice: 1.5043  decode.d0.loss_cls: 0.5414  decode.d0.loss_mask: 1.4183  decode.d0.loss_dice: 1.5912  decode.d1.loss_cls: 0.4223  decode.d1.loss_mask: 1.3820  decode.d1.loss_dice: 1.5673  decode.d2.loss_cls: 0.3930  decode.d2.loss_mask: 1.3069  decode.d2.loss_dice: 1.4766  decode.d3.loss_cls: 0.4330  decode.d3.loss_mask: 1.3819  decode.d3.loss_dice: 1.5184  decode.d4.loss_cls: 0.4168  decode.d4.loss_mask: 1.4124  decode.d4.loss_dice: 1.5054  decode.d5.loss_cls: 0.3984  decode.d5.loss_mask: 1.3809  decode.d5.loss_dice: 1.4922  decode.d6.loss_cls: 0.4456  decode.d6.loss_mask: 1.3801  decode.d6.loss_dice: 1.5123  decode.d7.loss_cls: 0.4699  decode.d7.loss_mask: 1.3782  decode.d7.loss_dice: 1.5238  decode.d8.loss_cls: 0.4045  decode.d8.loss_mask: 1.3520  decode.d8.loss_dice: 1.5195
09/30 21:58:12 - mmengine - INFO - Iter(train) [ 7100/20000]  base_lr: 6.7394e-05 lr: 6.7394e-06  eta: 1:05:35  time: 0.2989  data_time: 0.0113  memory: 8450  grad_norm: 427.0001  loss: 36.6954  decode.loss_cls: 0.6739  decode.loss_mask: 1.4477  decode.loss_dice: 1.5084  decode.d0.loss_cls: 0.7425  decode.d0.loss_mask: 1.4538  decode.d0.loss_dice: 1.6699  decode.d1.loss_cls: 0.5508  decode.d1.loss_mask: 1.4454  decode.d1.loss_dice: 1.6102  decode.d2.loss_cls: 0.6234  decode.d2.loss_mask: 1.4403  decode.d2.loss_dice: 1.5641  decode.d3.loss_cls: 0.6249  decode.d3.loss_mask: 1.4865  decode.d3.loss_dice: 1.5736  decode.d4.loss_cls: 0.7525  decode.d4.loss_mask: 1.3813  decode.d4.loss_dice: 1.4667  decode.d5.loss_cls: 0.7039  decode.d5.loss_mask: 1.4300  decode.d5.loss_dice: 1.5165  decode.d6.loss_cls: 0.6943  decode.d6.loss_mask: 1.4475  decode.d6.loss_dice: 1.5517  decode.d7.loss_cls: 0.7074  decode.d7.loss_mask: 1.4473  decode.d7.loss_dice: 1.5563  decode.d8.loss_cls: 0.6239  decode.d8.loss_mask: 1.4561  decode.d8.loss_dice: 1.5446
09/30 21:58:27 - mmengine - INFO - Iter(train) [ 7150/20000]  base_lr: 6.7159e-05 lr: 6.7159e-06  eta: 1:05:19  time: 0.2968  data_time: 0.0115  memory: 8437  grad_norm: 688.9934  loss: 40.6153  decode.loss_cls: 0.5725  decode.loss_mask: 1.7593  decode.loss_dice: 1.7297  decode.d0.loss_cls: 0.7770  decode.d0.loss_mask: 1.6481  decode.d0.loss_dice: 1.7174  decode.d1.loss_cls: 0.4997  decode.d1.loss_mask: 1.7095  decode.d1.loss_dice: 1.7271  decode.d2.loss_cls: 0.4827  decode.d2.loss_mask: 1.7319  decode.d2.loss_dice: 1.7553  decode.d3.loss_cls: 0.5221  decode.d3.loss_mask: 1.7870  decode.d3.loss_dice: 1.7575  decode.d4.loss_cls: 0.4918  decode.d4.loss_mask: 1.7129  decode.d4.loss_dice: 1.7425  decode.d5.loss_cls: 0.4297  decode.d5.loss_mask: 1.8142  decode.d5.loss_dice: 1.7831  decode.d6.loss_cls: 0.6041  decode.d6.loss_mask: 1.7795  decode.d6.loss_dice: 1.7697  decode.d7.loss_cls: 0.5394  decode.d7.loss_mask: 1.7957  decode.d7.loss_dice: 1.7685  decode.d8.loss_cls: 0.7224  decode.d8.loss_mask: 1.7310  decode.d8.loss_dice: 1.7537
09/30 21:58:42 - mmengine - INFO - Iter(train) [ 7200/20000]  base_lr: 6.6924e-05 lr: 6.6924e-06  eta: 1:05:03  time: 0.2951  data_time: 0.0112  memory: 8439  grad_norm: 1381.1841  loss: 35.6580  decode.loss_cls: 0.3109  decode.loss_mask: 1.6645  decode.loss_dice: 1.6043  decode.d0.loss_cls: 0.5419  decode.d0.loss_mask: 1.6647  decode.d0.loss_dice: 1.5793  decode.d1.loss_cls: 0.3629  decode.d1.loss_mask: 1.6131  decode.d1.loss_dice: 1.5556  decode.d2.loss_cls: 0.3254  decode.d2.loss_mask: 1.7220  decode.d2.loss_dice: 1.6147  decode.d3.loss_cls: 0.3103  decode.d3.loss_mask: 1.6729  decode.d3.loss_dice: 1.5697  decode.d4.loss_cls: 0.3280  decode.d4.loss_mask: 1.6348  decode.d4.loss_dice: 1.5710  decode.d5.loss_cls: 0.3529  decode.d5.loss_mask: 1.5914  decode.d5.loss_dice: 1.5054  decode.d6.loss_cls: 0.2943  decode.d6.loss_mask: 1.6471  decode.d6.loss_dice: 1.6011  decode.d7.loss_cls: 0.2994  decode.d7.loss_mask: 1.6525  decode.d7.loss_dice: 1.5576  decode.d8.loss_cls: 0.3330  decode.d8.loss_mask: 1.6019  decode.d8.loss_dice: 1.5751
09/30 21:58:57 - mmengine - INFO - Iter(train) [ 7250/20000]  base_lr: 6.6689e-05 lr: 6.6689e-06  eta: 1:04:48  time: 0.2966  data_time: 0.0114  memory: 8457  grad_norm: 557.3055  loss: 42.4215  decode.loss_cls: 0.6448  decode.loss_mask: 1.9473  decode.loss_dice: 1.5842  decode.d0.loss_cls: 0.8220  decode.d0.loss_mask: 1.8552  decode.d0.loss_dice: 1.7408  decode.d1.loss_cls: 0.7203  decode.d1.loss_mask: 1.8746  decode.d1.loss_dice: 1.6207  decode.d2.loss_cls: 0.6924  decode.d2.loss_mask: 1.9455  decode.d2.loss_dice: 1.6294  decode.d3.loss_cls: 0.6620  decode.d3.loss_mask: 1.9787  decode.d3.loss_dice: 1.5709  decode.d4.loss_cls: 0.6176  decode.d4.loss_mask: 1.9953  decode.d4.loss_dice: 1.5929  decode.d5.loss_cls: 0.6198  decode.d5.loss_mask: 2.0295  decode.d5.loss_dice: 1.5995  decode.d6.loss_cls: 0.7313  decode.d6.loss_mask: 1.9631  decode.d6.loss_dice: 1.5679  decode.d7.loss_cls: 0.6054  decode.d7.loss_mask: 1.9954  decode.d7.loss_dice: 1.5712  decode.d8.loss_cls: 0.6383  decode.d8.loss_mask: 1.9703  decode.d8.loss_dice: 1.6352
09/30 21:59:12 - mmengine - INFO - Iter(train) [ 7300/20000]  base_lr: 6.6453e-05 lr: 6.6453e-06  eta: 1:04:32  time: 0.3012  data_time: 0.0117  memory: 8466  grad_norm: 560.3996  loss: 38.9173  decode.loss_cls: 0.4153  decode.loss_mask: 1.8892  decode.loss_dice: 1.6043  decode.d0.loss_cls: 0.6357  decode.d0.loss_mask: 1.7522  decode.d0.loss_dice: 1.5964  decode.d1.loss_cls: 0.4699  decode.d1.loss_mask: 1.8371  decode.d1.loss_dice: 1.5914  decode.d2.loss_cls: 0.3946  decode.d2.loss_mask: 1.8207  decode.d2.loss_dice: 1.5419  decode.d3.loss_cls: 0.3490  decode.d3.loss_mask: 1.9198  decode.d3.loss_dice: 1.6154  decode.d4.loss_cls: 0.4193  decode.d4.loss_mask: 1.9277  decode.d4.loss_dice: 1.5414  decode.d5.loss_cls: 0.3849  decode.d5.loss_mask: 1.9421  decode.d5.loss_dice: 1.5820  decode.d6.loss_cls: 0.3812  decode.d6.loss_mask: 1.9573  decode.d6.loss_dice: 1.5354  decode.d7.loss_cls: 0.4268  decode.d7.loss_mask: 1.9119  decode.d7.loss_dice: 1.6003  decode.d8.loss_cls: 0.3680  decode.d8.loss_mask: 1.9017  decode.d8.loss_dice: 1.6043
09/30 21:59:27 - mmengine - INFO - Iter(train) [ 7350/20000]  base_lr: 6.6218e-05 lr: 6.6218e-06  eta: 1:04:16  time: 0.2961  data_time: 0.0114  memory: 8439  grad_norm: 685.2324  loss: 40.3853  decode.loss_cls: 0.5929  decode.loss_mask: 1.7843  decode.loss_dice: 1.7299  decode.d0.loss_cls: 0.6552  decode.d0.loss_mask: 1.7273  decode.d0.loss_dice: 1.7683  decode.d1.loss_cls: 0.5785  decode.d1.loss_mask: 1.7177  decode.d1.loss_dice: 1.6972  decode.d2.loss_cls: 0.5278  decode.d2.loss_mask: 1.7329  decode.d2.loss_dice: 1.6908  decode.d3.loss_cls: 0.5637  decode.d3.loss_mask: 1.7449  decode.d3.loss_dice: 1.6665  decode.d4.loss_cls: 0.5793  decode.d4.loss_mask: 1.7832  decode.d4.loss_dice: 1.7364  decode.d5.loss_cls: 0.6194  decode.d5.loss_mask: 1.7300  decode.d5.loss_dice: 1.7578  decode.d6.loss_cls: 0.5184  decode.d6.loss_mask: 1.7860  decode.d6.loss_dice: 1.7058  decode.d7.loss_cls: 0.5446  decode.d7.loss_mask: 1.7387  decode.d7.loss_dice: 1.7173  decode.d8.loss_cls: 0.4954  decode.d8.loss_mask: 1.8003  decode.d8.loss_dice: 1.6949
09/30 21:59:42 - mmengine - INFO - Iter(train) [ 7400/20000]  base_lr: 6.5982e-05 lr: 6.5982e-06  eta: 1:04:01  time: 0.2986  data_time: 0.0115  memory: 8449  grad_norm: 701.8821  loss: 38.9263  decode.loss_cls: 0.5538  decode.loss_mask: 1.8289  decode.loss_dice: 1.6184  decode.d0.loss_cls: 0.5933  decode.d0.loss_mask: 1.7445  decode.d0.loss_dice: 1.5909  decode.d1.loss_cls: 0.5185  decode.d1.loss_mask: 1.7051  decode.d1.loss_dice: 1.6236  decode.d2.loss_cls: 0.3907  decode.d2.loss_mask: 1.8839  decode.d2.loss_dice: 1.6117  decode.d3.loss_cls: 0.3287  decode.d3.loss_mask: 1.8828  decode.d3.loss_dice: 1.6096  decode.d4.loss_cls: 0.3995  decode.d4.loss_mask: 1.8650  decode.d4.loss_dice: 1.5984  decode.d5.loss_cls: 0.4446  decode.d5.loss_mask: 1.7425  decode.d5.loss_dice: 1.6216  decode.d6.loss_cls: 0.5358  decode.d6.loss_mask: 1.8321  decode.d6.loss_dice: 1.6099  decode.d7.loss_cls: 0.5559  decode.d7.loss_mask: 1.7160  decode.d7.loss_dice: 1.6188  decode.d8.loss_cls: 0.4620  decode.d8.loss_mask: 1.8293  decode.d8.loss_dice: 1.6107
09/30 21:59:57 - mmengine - INFO - Iter(train) [ 7450/20000]  base_lr: 6.5746e-05 lr: 6.5746e-06  eta: 1:03:45  time: 0.2983  data_time: 0.0115  memory: 8436  grad_norm: 412.7859  loss: 30.4673  decode.loss_cls: 0.2584  decode.loss_mask: 1.4642  decode.loss_dice: 1.3119  decode.d0.loss_cls: 0.5035  decode.d0.loss_mask: 1.3858  decode.d0.loss_dice: 1.3414  decode.d1.loss_cls: 0.2588  decode.d1.loss_mask: 1.4180  decode.d1.loss_dice: 1.3612  decode.d2.loss_cls: 0.2363  decode.d2.loss_mask: 1.4399  decode.d2.loss_dice: 1.3149  decode.d3.loss_cls: 0.2122  decode.d3.loss_mask: 1.4629  decode.d3.loss_dice: 1.3134  decode.d4.loss_cls: 0.1947  decode.d4.loss_mask: 1.4566  decode.d4.loss_dice: 1.3225  decode.d5.loss_cls: 0.2306  decode.d5.loss_mask: 1.4251  decode.d5.loss_dice: 1.3112  decode.d6.loss_cls: 0.2356  decode.d6.loss_mask: 1.5443  decode.d6.loss_dice: 1.3591  decode.d7.loss_cls: 0.2611  decode.d7.loss_mask: 1.4794  decode.d7.loss_dice: 1.3046  decode.d8.loss_cls: 0.3290  decode.d8.loss_mask: 1.4438  decode.d8.loss_dice: 1.2869
09/30 22:00:12 - mmengine - INFO - Iter(train) [ 7500/20000]  base_lr: 6.5511e-05 lr: 6.5511e-06  eta: 1:03:30  time: 0.3004  data_time: 0.0120  memory: 8450  grad_norm: 491.3870  loss: 43.7390  decode.loss_cls: 0.7375  decode.loss_mask: 1.9416  decode.loss_dice: 1.6615  decode.d0.loss_cls: 0.8589  decode.d0.loss_mask: 1.8439  decode.d0.loss_dice: 1.7259  decode.d1.loss_cls: 0.8139  decode.d1.loss_mask: 1.9162  decode.d1.loss_dice: 1.6918  decode.d2.loss_cls: 0.6532  decode.d2.loss_mask: 1.9970  decode.d2.loss_dice: 1.6773  decode.d3.loss_cls: 0.6800  decode.d3.loss_mask: 1.9888  decode.d3.loss_dice: 1.7035  decode.d4.loss_cls: 0.7318  decode.d4.loss_mask: 2.0172  decode.d4.loss_dice: 1.7085  decode.d5.loss_cls: 0.6536  decode.d5.loss_mask: 1.9904  decode.d5.loss_dice: 1.7282  decode.d6.loss_cls: 0.7486  decode.d6.loss_mask: 1.8717  decode.d6.loss_dice: 1.6764  decode.d7.loss_cls: 0.7245  decode.d7.loss_mask: 1.9468  decode.d7.loss_dice: 1.6470  decode.d8.loss_cls: 0.7410  decode.d8.loss_mask: 1.9703  decode.d8.loss_dice: 1.6921
09/30 22:00:27 - mmengine - INFO - Iter(train) [ 7550/20000]  base_lr: 6.5275e-05 lr: 6.5275e-06  eta: 1:03:15  time: 0.3091  data_time: 0.0122  memory: 8439  grad_norm: 473.8762  loss: 31.9486  decode.loss_cls: 0.2929  decode.loss_mask: 1.5056  decode.loss_dice: 1.3506  decode.d0.loss_cls: 0.5079  decode.d0.loss_mask: 1.4789  decode.d0.loss_dice: 1.4013  decode.d1.loss_cls: 0.3679  decode.d1.loss_mask: 1.4404  decode.d1.loss_dice: 1.3868  decode.d2.loss_cls: 0.2857  decode.d2.loss_mask: 1.4793  decode.d2.loss_dice: 1.3942  decode.d3.loss_cls: 0.3141  decode.d3.loss_mask: 1.4636  decode.d3.loss_dice: 1.3510  decode.d4.loss_cls: 0.3142  decode.d4.loss_mask: 1.4476  decode.d4.loss_dice: 1.3648  decode.d5.loss_cls: 0.2548  decode.d5.loss_mask: 1.5243  decode.d5.loss_dice: 1.4325  decode.d6.loss_cls: 0.3885  decode.d6.loss_mask: 1.4472  decode.d6.loss_dice: 1.3574  decode.d7.loss_cls: 0.3032  decode.d7.loss_mask: 1.5357  decode.d7.loss_dice: 1.3532  decode.d8.loss_cls: 0.2861  decode.d8.loss_mask: 1.5308  decode.d8.loss_dice: 1.3881
09/30 22:00:43 - mmengine - INFO - Iter(train) [ 7600/20000]  base_lr: 6.5039e-05 lr: 6.5039e-06  eta: 1:03:00  time: 0.3030  data_time: 0.0123  memory: 8439  grad_norm: 651.2602  loss: 34.8721  decode.loss_cls: 0.3283  decode.loss_mask: 1.4207  decode.loss_dice: 1.6768  decode.d0.loss_cls: 0.6168  decode.d0.loss_mask: 1.3664  decode.d0.loss_dice: 1.6416  decode.d1.loss_cls: 0.4871  decode.d1.loss_mask: 1.3941  decode.d1.loss_dice: 1.6457  decode.d2.loss_cls: 0.4576  decode.d2.loss_mask: 1.3450  decode.d2.loss_dice: 1.6156  decode.d3.loss_cls: 0.4751  decode.d3.loss_mask: 1.4254  decode.d3.loss_dice: 1.6623  decode.d4.loss_cls: 0.4491  decode.d4.loss_mask: 1.3273  decode.d4.loss_dice: 1.6213  decode.d5.loss_cls: 0.4119  decode.d5.loss_mask: 1.4101  decode.d5.loss_dice: 1.6758  decode.d6.loss_cls: 0.4001  decode.d6.loss_mask: 1.4027  decode.d6.loss_dice: 1.6767  decode.d7.loss_cls: 0.3791  decode.d7.loss_mask: 1.4798  decode.d7.loss_dice: 1.6059  decode.d8.loss_cls: 0.3748  decode.d8.loss_mask: 1.4174  decode.d8.loss_dice: 1.6814
09/30 22:00:58 - mmengine - INFO - Iter(train) [ 7650/20000]  base_lr: 6.4803e-05 lr: 6.4803e-06  eta: 1:02:44  time: 0.2974  data_time: 0.0114  memory: 8457  grad_norm: 278.1421  loss: 37.2812  decode.loss_cls: 0.5152  decode.loss_mask: 1.6647  decode.loss_dice: 1.5173  decode.d0.loss_cls: 0.6744  decode.d0.loss_mask: 1.5568  decode.d0.loss_dice: 1.5493  decode.d1.loss_cls: 0.6167  decode.d1.loss_mask: 1.5701  decode.d1.loss_dice: 1.5215  decode.d2.loss_cls: 0.5385  decode.d2.loss_mask: 1.6126  decode.d2.loss_dice: 1.5446  decode.d3.loss_cls: 0.5577  decode.d3.loss_mask: 1.6049  decode.d3.loss_dice: 1.5055  decode.d4.loss_cls: 0.6274  decode.d4.loss_mask: 1.5996  decode.d4.loss_dice: 1.5242  decode.d5.loss_cls: 0.4816  decode.d5.loss_mask: 1.6663  decode.d5.loss_dice: 1.5248  decode.d6.loss_cls: 0.6470  decode.d6.loss_mask: 1.6029  decode.d6.loss_dice: 1.4892  decode.d7.loss_cls: 0.6120  decode.d7.loss_mask: 1.6460  decode.d7.loss_dice: 1.5242  decode.d8.loss_cls: 0.6831  decode.d8.loss_mask: 1.5930  decode.d8.loss_dice: 1.5103
09/30 22:01:13 - mmengine - INFO - Iter(train) [ 7700/20000]  base_lr: 6.4566e-05 lr: 6.4566e-06  eta: 1:02:29  time: 0.2971  data_time: 0.0118  memory: 8457  grad_norm: 475.2562  loss: 34.5287  decode.loss_cls: 0.4671  decode.loss_mask: 1.5474  decode.loss_dice: 1.4302  decode.d0.loss_cls: 0.5922  decode.d0.loss_mask: 1.5538  decode.d0.loss_dice: 1.4932  decode.d1.loss_cls: 0.5184  decode.d1.loss_mask: 1.5359  decode.d1.loss_dice: 1.4160  decode.d2.loss_cls: 0.3962  decode.d2.loss_mask: 1.6311  decode.d2.loss_dice: 1.4670  decode.d3.loss_cls: 0.4341  decode.d3.loss_mask: 1.5187  decode.d3.loss_dice: 1.3875  decode.d4.loss_cls: 0.5107  decode.d4.loss_mask: 1.4541  decode.d4.loss_dice: 1.3831  decode.d5.loss_cls: 0.4568  decode.d5.loss_mask: 1.5347  decode.d5.loss_dice: 1.4392  decode.d6.loss_cls: 0.4968  decode.d6.loss_mask: 1.5325  decode.d6.loss_dice: 1.3753  decode.d7.loss_cls: 0.4656  decode.d7.loss_mask: 1.5732  decode.d7.loss_dice: 1.4302  decode.d8.loss_cls: 0.4564  decode.d8.loss_mask: 1.5701  decode.d8.loss_dice: 1.4611
09/30 22:01:28 - mmengine - INFO - Iter(train) [ 7750/20000]  base_lr: 6.4330e-05 lr: 6.4330e-06  eta: 1:02:14  time: 0.3013  data_time: 0.0121  memory: 8449  grad_norm: 467.1238  loss: 33.0390  decode.loss_cls: 0.4844  decode.loss_mask: 1.4782  decode.loss_dice: 1.3085  decode.d0.loss_cls: 0.5888  decode.d0.loss_mask: 1.5492  decode.d0.loss_dice: 1.3982  decode.d1.loss_cls: 0.4984  decode.d1.loss_mask: 1.4645  decode.d1.loss_dice: 1.3576  decode.d2.loss_cls: 0.4620  decode.d2.loss_mask: 1.5274  decode.d2.loss_dice: 1.3322  decode.d3.loss_cls: 0.4222  decode.d3.loss_mask: 1.5396  decode.d3.loss_dice: 1.4019  decode.d4.loss_cls: 0.4625  decode.d4.loss_mask: 1.4331  decode.d4.loss_dice: 1.3309  decode.d5.loss_cls: 0.5362  decode.d5.loss_mask: 1.4001  decode.d5.loss_dice: 1.3249  decode.d6.loss_cls: 0.5749  decode.d6.loss_mask: 1.4676  decode.d6.loss_dice: 1.2846  decode.d7.loss_cls: 0.5582  decode.d7.loss_mask: 1.3599  decode.d7.loss_dice: 1.3019  decode.d8.loss_cls: 0.5136  decode.d8.loss_mask: 1.3937  decode.d8.loss_dice: 1.2836
09/30 22:01:43 - mmengine - INFO - Iter(train) [ 7800/20000]  base_lr: 6.4094e-05 lr: 6.4094e-06  eta: 1:01:58  time: 0.2964  data_time: 0.0115  memory: 8457  grad_norm: 601.6370  loss: 37.3618  decode.loss_cls: 0.4189  decode.loss_mask: 1.7804  decode.loss_dice: 1.6281  decode.d0.loss_cls: 0.6178  decode.d0.loss_mask: 1.7133  decode.d0.loss_dice: 1.6363  decode.d1.loss_cls: 0.3164  decode.d1.loss_mask: 1.7080  decode.d1.loss_dice: 1.6123  decode.d2.loss_cls: 0.3451  decode.d2.loss_mask: 1.7119  decode.d2.loss_dice: 1.6189  decode.d3.loss_cls: 0.3687  decode.d3.loss_mask: 1.7156  decode.d3.loss_dice: 1.5920  decode.d4.loss_cls: 0.4277  decode.d4.loss_mask: 1.7042  decode.d4.loss_dice: 1.6349  decode.d5.loss_cls: 0.4005  decode.d5.loss_mask: 1.6692  decode.d5.loss_dice: 1.5945  decode.d6.loss_cls: 0.3903  decode.d6.loss_mask: 1.6816  decode.d6.loss_dice: 1.5882  decode.d7.loss_cls: 0.3651  decode.d7.loss_mask: 1.6949  decode.d7.loss_dice: 1.5917  decode.d8.loss_cls: 0.4623  decode.d8.loss_mask: 1.7317  decode.d8.loss_dice: 1.6411
09/30 22:01:58 - mmengine - INFO - Iter(train) [ 7850/20000]  base_lr: 6.3857e-05 lr: 6.3857e-06  eta: 1:01:43  time: 0.2966  data_time: 0.0113  memory: 8449  grad_norm: 703.6341  loss: 41.3175  decode.loss_cls: 0.5546  decode.loss_mask: 1.8939  decode.loss_dice: 1.6458  decode.d0.loss_cls: 0.7850  decode.d0.loss_mask: 1.9077  decode.d0.loss_dice: 1.7422  decode.d1.loss_cls: 0.6077  decode.d1.loss_mask: 1.8760  decode.d1.loss_dice: 1.6784  decode.d2.loss_cls: 0.5281  decode.d2.loss_mask: 1.9302  decode.d2.loss_dice: 1.5782  decode.d3.loss_cls: 0.4564  decode.d3.loss_mask: 1.9237  decode.d3.loss_dice: 1.6255  decode.d4.loss_cls: 0.5047  decode.d4.loss_mask: 1.9229  decode.d4.loss_dice: 1.6787  decode.d5.loss_cls: 0.5660  decode.d5.loss_mask: 1.9510  decode.d5.loss_dice: 1.6543  decode.d6.loss_cls: 0.6169  decode.d6.loss_mask: 1.8698  decode.d6.loss_dice: 1.6789  decode.d7.loss_cls: 0.5986  decode.d7.loss_mask: 1.8677  decode.d7.loss_dice: 1.6093  decode.d8.loss_cls: 0.5903  decode.d8.loss_mask: 1.8605  decode.d8.loss_dice: 1.6146
09/30 22:02:13 - mmengine - INFO - Iter(train) [ 7900/20000]  base_lr: 6.3621e-05 lr: 6.3621e-06  eta: 1:01:27  time: 0.2962  data_time: 0.0114  memory: 8449  grad_norm: 347.9437  loss: 38.5291  decode.loss_cls: 0.4923  decode.loss_mask: 1.5509  decode.loss_dice: 1.7312  decode.d0.loss_cls: 0.6668  decode.d0.loss_mask: 1.4945  decode.d0.loss_dice: 1.7658  decode.d1.loss_cls: 0.5781  decode.d1.loss_mask: 1.5384  decode.d1.loss_dice: 1.7320  decode.d2.loss_cls: 0.6506  decode.d2.loss_mask: 1.6076  decode.d2.loss_dice: 1.7310  decode.d3.loss_cls: 0.6705  decode.d3.loss_mask: 1.4842  decode.d3.loss_dice: 1.6791  decode.d4.loss_cls: 0.5535  decode.d4.loss_mask: 1.5249  decode.d4.loss_dice: 1.7628  decode.d5.loss_cls: 0.5493  decode.d5.loss_mask: 1.5411  decode.d5.loss_dice: 1.7493  decode.d6.loss_cls: 0.5920  decode.d6.loss_mask: 1.5710  decode.d6.loss_dice: 1.7650  decode.d7.loss_cls: 0.5965  decode.d7.loss_mask: 1.4987  decode.d7.loss_dice: 1.6893  decode.d8.loss_cls: 0.4567  decode.d8.loss_mask: 1.5709  decode.d8.loss_dice: 1.7352
09/30 22:02:28 - mmengine - INFO - Iter(train) [ 7950/20000]  base_lr: 6.3384e-05 lr: 6.3384e-06  eta: 1:01:11  time: 0.2964  data_time: 0.0114  memory: 8449  grad_norm: 564.8878  loss: 36.0610  decode.loss_cls: 0.3680  decode.loss_mask: 1.6490  decode.loss_dice: 1.4993  decode.d0.loss_cls: 0.6591  decode.d0.loss_mask: 1.6248  decode.d0.loss_dice: 1.5581  decode.d1.loss_cls: 0.5138  decode.d1.loss_mask: 1.6287  decode.d1.loss_dice: 1.5089  decode.d2.loss_cls: 0.4460  decode.d2.loss_mask: 1.6093  decode.d2.loss_dice: 1.5068  decode.d3.loss_cls: 0.4315  decode.d3.loss_mask: 1.6408  decode.d3.loss_dice: 1.5631  decode.d4.loss_cls: 0.4235  decode.d4.loss_mask: 1.6147  decode.d4.loss_dice: 1.5593  decode.d5.loss_cls: 0.4317  decode.d5.loss_mask: 1.6232  decode.d5.loss_dice: 1.5682  decode.d6.loss_cls: 0.4693  decode.d6.loss_mask: 1.6214  decode.d6.loss_dice: 1.4861  decode.d7.loss_cls: 0.4686  decode.d7.loss_mask: 1.6310  decode.d7.loss_dice: 1.5194  decode.d8.loss_cls: 0.3961  decode.d8.loss_mask: 1.6026  decode.d8.loss_dice: 1.4385
09/30 22:02:43 - mmengine - INFO - Exp name: mask2former_swin_l_512_20260930_211218
09/30 22:02:43 - mmengine - INFO - Iter(train) [ 8000/20000]  base_lr: 6.3147e-05 lr: 6.3147e-06  eta: 1:00:56  time: 0.3154  data_time: 0.0139  memory: 8436  grad_norm: 433.6346  loss: 33.8199  decode.loss_cls: 0.4527  decode.loss_mask: 1.4362  decode.loss_dice: 1.4708  decode.d0.loss_cls: 0.5779  decode.d0.loss_mask: 1.4872  decode.d0.loss_dice: 1.5678  decode.d1.loss_cls: 0.4178  decode.d1.loss_mask: 1.4786  decode.d1.loss_dice: 1.4950  decode.d2.loss_cls: 0.3989  decode.d2.loss_mask: 1.4503  decode.d2.loss_dice: 1.5072  decode.d3.loss_cls: 0.3984  decode.d3.loss_mask: 1.4119  decode.d3.loss_dice: 1.5030  decode.d4.loss_cls: 0.3488  decode.d4.loss_mask: 1.4541  decode.d4.loss_dice: 1.5531  decode.d5.loss_cls: 0.4144  decode.d5.loss_mask: 1.4425  decode.d5.loss_dice: 1.4751  decode.d6.loss_cls: 0.3858  decode.d6.loss_mask: 1.4393  decode.d6.loss_dice: 1.4866  decode.d7.loss_cls: 0.4833  decode.d7.loss_mask: 1.3611  decode.d7.loss_dice: 1.4844  decode.d8.loss_cls: 0.4662  decode.d8.loss_mask: 1.4289  decode.d8.loss_dice: 1.5427
09/30 22:02:43 - mmengine - INFO - Saving checkpoint at 8000 iterations
09/30 22:02:52 - mmengine - INFO - Iter(val) [ 50/699]    eta: 0:01:15  time: 0.1147  data_time: 0.0043  memory: 3701  
09/30 22:02:58 - mmengine - INFO - Iter(val) [100/699]    eta: 0:01:09  time: 0.1151  data_time: 0.0043  memory: 3701  
09/30 22:03:03 - mmengine - INFO - Iter(val) [150/699]    eta: 0:01:03  time: 0.1169  data_time: 0.0045  memory: 3701  
09/30 22:03:09 - mmengine - INFO - Iter(val) [200/699]    eta: 0:00:57  time: 0.1174  data_time: 0.0045  memory: 3701  
09/30 22:03:15 - mmengine - INFO - Iter(val) [250/699]    eta: 0:00:52  time: 0.1187  data_time: 0.0047  memory: 3701  
09/30 22:03:21 - mmengine - INFO - Iter(val) [300/699]    eta: 0:00:46  time: 0.1165  data_time: 0.0040  memory: 3701  
09/30 22:03:27 - mmengine - INFO - Iter(val) [350/699]    eta: 0:00:40  time: 0.1166  data_time: 0.0041  memory: 3701  
09/30 22:03:33 - mmengine - INFO - Iter(val) [400/699]    eta: 0:00:34  time: 0.1146  data_time: 0.0039  memory: 3701  
09/30 22:03:38 - mmengine - INFO - Iter(val) [450/699]    eta: 0:00:28  time: 0.1148  data_time: 0.0040  memory: 3701  
09/30 22:03:44 - mmengine - INFO - Iter(val) [500/699]    eta: 0:00:23  time: 0.1164  data_time: 0.0044  memory: 3701  
09/30 22:03:50 - mmengine - INFO - Iter(val) [550/699]    eta: 0:00:17  time: 0.1163  data_time: 0.0039  memory: 3701  
09/30 22:03:56 - mmengine - INFO - Iter(val) [600/699]    eta: 0:00:11  time: 0.1145  data_time: 0.0038  memory: 3701  
09/30 22:04:01 - mmengine - INFO - Iter(val) [650/699]    eta: 0:00:05  time: 0.1145  data_time: 0.0039  memory: 3701  
09/30 22:04:07 - mmengine - INFO - per class results:
09/30 22:04:07 - mmengine - INFO - 
+--------------+-------+-------+
|    Class     |  IoU  |  Acc  |
+--------------+-------+-------+
|  Background  | 55.93 | 64.79 |
|   Building   | 80.76 | 92.19 |
|     Road     | 67.38 | 84.11 |
|    Water     | 83.25 | 92.74 |
|    Barren    |  8.61 | 11.09 |
|  Vegetation  | 84.56 |  91.5 |
| Agricultural | 60.03 | 93.99 |
|   Vehicle    | 73.76 | 80.16 |
+--------------+-------+-------+
09/30 22:04:07 - mmengine - INFO - Iter(val) [699/699]    aAcc: 82.9100  mIoU: 64.2800  mAcc: 76.3200  data_time: 0.0041  time: 0.1154
09/30 22:04:07 - mmengine - INFO - The previous best checkpoint /root/hyperseg/runs/mask2former_uav/h2_swin_l_mask2former_20k_seed3407_fp32/best_mIoU_iter_7000.pth is removed
09/30 22:04:10 - mmengine - INFO - The best checkpoint with 64.2800 mIoU at 8000 iter is saved to best_mIoU_iter_8000.pth.
09/30 22:04:27 - mmengine - INFO - Iter(train) [ 8050/20000]  base_lr: 6.2911e-05 lr: 6.2911e-06  eta: 1:00:48  time: 0.3030  data_time: 0.0115  memory: 8442  grad_norm: 569.2995  loss: 34.6102  decode.loss_cls: 0.5681  decode.loss_mask: 1.4959  decode.loss_dice: 1.3456  decode.d0.loss_cls: 0.6974  decode.d0.loss_mask: 1.5157  decode.d0.loss_dice: 1.3490  decode.d1.loss_cls: 0.5200  decode.d1.loss_mask: 1.5753  decode.d1.loss_dice: 1.3526  decode.d2.loss_cls: 0.5290  decode.d2.loss_mask: 1.4932  decode.d2.loss_dice: 1.3563  decode.d3.loss_cls: 0.5231  decode.d3.loss_mask: 1.4771  decode.d3.loss_dice: 1.3671  decode.d4.loss_cls: 0.5404  decode.d4.loss_mask: 1.5757  decode.d4.loss_dice: 1.3585  decode.d5.loss_cls: 0.5681  decode.d5.loss_mask: 1.4303  decode.d5.loss_dice: 1.3778  decode.d6.loss_cls: 0.5506  decode.d6.loss_mask: 1.6977  decode.d6.loss_dice: 1.3453  decode.d7.loss_cls: 0.5072  decode.d7.loss_mask: 1.7077  decode.d7.loss_dice: 1.3425  decode.d8.loss_cls: 0.6193  decode.d8.loss_mask: 1.4920  decode.d8.loss_dice: 1.3315
09/30 22:04:42 - mmengine - INFO - Iter(train) [ 8100/20000]  base_lr: 6.2674e-05 lr: 6.2674e-06  eta: 1:00:32  time: 0.2966  data_time: 0.0114  memory: 8437  grad_norm: 603.4937  loss: 33.2818  decode.loss_cls: 0.3997  decode.loss_mask: 1.5127  decode.loss_dice: 1.4636  decode.d0.loss_cls: 0.4752  decode.d0.loss_mask: 1.5018  decode.d0.loss_dice: 1.5312  decode.d1.loss_cls: 0.3633  decode.d1.loss_mask: 1.5317  decode.d1.loss_dice: 1.4547  decode.d2.loss_cls: 0.3561  decode.d2.loss_mask: 1.4392  decode.d2.loss_dice: 1.4076  decode.d3.loss_cls: 0.3620  decode.d3.loss_mask: 1.4610  decode.d3.loss_dice: 1.4103  decode.d4.loss_cls: 0.3640  decode.d4.loss_mask: 1.4619  decode.d4.loss_dice: 1.4690  decode.d5.loss_cls: 0.3205  decode.d5.loss_mask: 1.4731  decode.d5.loss_dice: 1.4773  decode.d6.loss_cls: 0.3180  decode.d6.loss_mask: 1.5461  decode.d6.loss_dice: 1.4925  decode.d7.loss_cls: 0.3638  decode.d7.loss_mask: 1.5219  decode.d7.loss_dice: 1.4478  decode.d8.loss_cls: 0.4248  decode.d8.loss_mask: 1.5053  decode.d8.loss_dice: 1.4259
09/30 22:04:57 - mmengine - INFO - Iter(train) [ 8150/20000]  base_lr: 6.2437e-05 lr: 6.2437e-06  eta: 1:00:16  time: 0.2974  data_time: 0.0115  memory: 8437  grad_norm: 683.0676  loss: 35.9116  decode.loss_cls: 0.4774  decode.loss_mask: 1.5808  decode.loss_dice: 1.4607  decode.d0.loss_cls: 0.7113  decode.d0.loss_mask: 1.5768  decode.d0.loss_dice: 1.5198  decode.d1.loss_cls: 0.5049  decode.d1.loss_mask: 1.6453  decode.d1.loss_dice: 1.5164  decode.d2.loss_cls: 0.4414  decode.d2.loss_mask: 1.6246  decode.d2.loss_dice: 1.5174  decode.d3.loss_cls: 0.4428  decode.d3.loss_mask: 1.6811  decode.d3.loss_dice: 1.5438  decode.d4.loss_cls: 0.4268  decode.d4.loss_mask: 1.5655  decode.d4.loss_dice: 1.4833  decode.d5.loss_cls: 0.4369  decode.d5.loss_mask: 1.6161  decode.d5.loss_dice: 1.4680  decode.d6.loss_cls: 0.5060  decode.d6.loss_mask: 1.5638  decode.d6.loss_dice: 1.5476  decode.d7.loss_cls: 0.5442  decode.d7.loss_mask: 1.5941  decode.d7.loss_dice: 1.4548  decode.d8.loss_cls: 0.4407  decode.d8.loss_mask: 1.5641  decode.d8.loss_dice: 1.4552
09/30 22:05:12 - mmengine - INFO - Iter(train) [ 8200/20000]  base_lr: 6.2199e-05 lr: 6.2199e-06  eta: 1:00:01  time: 0.2993  data_time: 0.0116  memory: 8439  grad_norm: 450.8945  loss: 33.9551  decode.loss_cls: 0.4910  decode.loss_mask: 1.3656  decode.loss_dice: 1.4931  decode.d0.loss_cls: 0.6162  decode.d0.loss_mask: 1.3348  decode.d0.loss_dice: 1.5798  decode.d1.loss_cls: 0.4417  decode.d1.loss_mask: 1.4182  decode.d1.loss_dice: 1.5240  decode.d2.loss_cls: 0.4364  decode.d2.loss_mask: 1.4245  decode.d2.loss_dice: 1.4815  decode.d3.loss_cls: 0.4040  decode.d3.loss_mask: 1.4287  decode.d3.loss_dice: 1.5370  decode.d4.loss_cls: 0.3621  decode.d4.loss_mask: 1.4145  decode.d4.loss_dice: 1.5362  decode.d5.loss_cls: 0.4117  decode.d5.loss_mask: 1.4418  decode.d5.loss_dice: 1.5551  decode.d6.loss_cls: 0.5289  decode.d6.loss_mask: 1.3474  decode.d6.loss_dice: 1.4876  decode.d7.loss_cls: 0.5520  decode.d7.loss_mask: 1.4044  decode.d7.loss_dice: 1.4883  decode.d8.loss_cls: 0.5120  decode.d8.loss_mask: 1.4166  decode.d8.loss_dice: 1.5199
09/30 22:05:27 - mmengine - INFO - Iter(train) [ 8250/20000]  base_lr: 6.1962e-05 lr: 6.1962e-06  eta: 0:59:45  time: 0.2998  data_time: 0.0116  memory: 8449  grad_norm: 777.5197  loss: 36.4973  decode.loss_cls: 0.3570  decode.loss_mask: 1.7886  decode.loss_dice: 1.6164  decode.d0.loss_cls: 0.6526  decode.d0.loss_mask: 1.6256  decode.d0.loss_dice: 1.6099  decode.d1.loss_cls: 0.4812  decode.d1.loss_mask: 1.5046  decode.d1.loss_dice: 1.5248  decode.d2.loss_cls: 0.4027  decode.d2.loss_mask: 1.7232  decode.d2.loss_dice: 1.5836  decode.d3.loss_cls: 0.4163  decode.d3.loss_mask: 1.7152  decode.d3.loss_dice: 1.5363  decode.d4.loss_cls: 0.4349  decode.d4.loss_mask: 1.6146  decode.d4.loss_dice: 1.5747  decode.d5.loss_cls: 0.3351  decode.d5.loss_mask: 1.7032  decode.d5.loss_dice: 1.5484  decode.d6.loss_cls: 0.4004  decode.d6.loss_mask: 1.6339  decode.d6.loss_dice: 1.5917  decode.d7.loss_cls: 0.4531  decode.d7.loss_mask: 1.5567  decode.d7.loss_dice: 1.5350  decode.d8.loss_cls: 0.3330  decode.d8.loss_mask: 1.6391  decode.d8.loss_dice: 1.6056
09/30 22:05:42 - mmengine - INFO - Iter(train) [ 8300/20000]  base_lr: 6.1725e-05 lr: 6.1725e-06  eta: 0:59:30  time: 0.2996  data_time: 0.0115  memory: 8457  grad_norm: 382.6883  loss: 46.5295  decode.loss_cls: 0.5866  decode.loss_mask: 1.9886  decode.loss_dice: 2.0984  decode.d0.loss_cls: 0.7331  decode.d0.loss_mask: 1.8754  decode.d0.loss_dice: 2.0951  decode.d1.loss_cls: 0.5952  decode.d1.loss_mask: 1.9702  decode.d1.loss_dice: 2.1050  decode.d2.loss_cls: 0.6807  decode.d2.loss_mask: 1.8735  decode.d2.loss_dice: 2.0760  decode.d3.loss_cls: 0.5978  decode.d3.loss_mask: 1.9285  decode.d3.loss_dice: 2.1076  decode.d4.loss_cls: 0.5825  decode.d4.loss_mask: 1.9450  decode.d4.loss_dice: 2.1255  decode.d5.loss_cls: 0.6390  decode.d5.loss_mask: 1.9341  decode.d5.loss_dice: 2.0796  decode.d6.loss_cls: 0.6055  decode.d6.loss_mask: 1.9318  decode.d6.loss_dice: 2.0982  decode.d7.loss_cls: 0.5827  decode.d7.loss_mask: 1.9982  decode.d7.loss_dice: 2.1112  decode.d8.loss_cls: 0.6727  decode.d8.loss_mask: 1.8596  decode.d8.loss_dice: 2.0520
09/30 22:05:58 - mmengine - INFO - Iter(train) [ 8350/20000]  base_lr: 6.1487e-05 lr: 6.1487e-06  eta: 0:59:15  time: 0.3054  data_time: 0.0118  memory: 8435  grad_norm: 353.1492  loss: 34.2838  decode.loss_cls: 0.5970  decode.loss_mask: 1.4829  decode.loss_dice: 1.3675  decode.d0.loss_cls: 0.7460  decode.d0.loss_mask: 1.4618  decode.d0.loss_dice: 1.4138  decode.d1.loss_cls: 0.6552  decode.d1.loss_mask: 1.4065  decode.d1.loss_dice: 1.3314  decode.d2.loss_cls: 0.6392  decode.d2.loss_mask: 1.4249  decode.d2.loss_dice: 1.3754  decode.d3.loss_cls: 0.6050  decode.d3.loss_mask: 1.4636  decode.d3.loss_dice: 1.2892  decode.d4.loss_cls: 0.5743  decode.d4.loss_mask: 1.4646  decode.d4.loss_dice: 1.3299  decode.d5.loss_cls: 0.5240  decode.d5.loss_mask: 1.5181  decode.d5.loss_dice: 1.3644  decode.d6.loss_cls: 0.5356  decode.d6.loss_mask: 1.4837  decode.d6.loss_dice: 1.3453  decode.d7.loss_cls: 0.6064  decode.d7.loss_mask: 1.5128  decode.d7.loss_dice: 1.3470  decode.d8.loss_cls: 0.6031  decode.d8.loss_mask: 1.4760  decode.d8.loss_dice: 1.3395
09/30 22:06:13 - mmengine - INFO - Iter(train) [ 8400/20000]  base_lr: 6.1250e-05 lr: 6.1250e-06  eta: 0:59:00  time: 0.2970  data_time: 0.0114  memory: 8449  grad_norm: 1072.0030  loss: 42.3927  decode.loss_cls: 0.3833  decode.loss_mask: 1.9033  decode.loss_dice: 1.8635  decode.d0.loss_cls: 0.6176  decode.d0.loss_mask: 1.9136  decode.d0.loss_dice: 1.8903  decode.d1.loss_cls: 0.4191  decode.d1.loss_mask: 1.9399  decode.d1.loss_dice: 1.8696  decode.d2.loss_cls: 0.4919  decode.d2.loss_mask: 1.8753  decode.d2.loss_dice: 1.8322  decode.d3.loss_cls: 0.4228  decode.d3.loss_mask: 1.9221  decode.d3.loss_dice: 1.8626  decode.d4.loss_cls: 0.3803  decode.d4.loss_mask: 1.9910  decode.d4.loss_dice: 1.8798  decode.d5.loss_cls: 0.3911  decode.d5.loss_mask: 1.9433  decode.d5.loss_dice: 1.8977  decode.d6.loss_cls: 0.4561  decode.d6.loss_mask: 1.8987  decode.d6.loss_dice: 1.8538  decode.d7.loss_cls: 0.4915  decode.d7.loss_mask: 1.8852  decode.d7.loss_dice: 1.8664  decode.d8.loss_cls: 0.3905  decode.d8.loss_mask: 1.9750  decode.d8.loss_dice: 1.8854
09/30 22:06:28 - mmengine - INFO - Iter(train) [ 8450/20000]  base_lr: 6.1012e-05 lr: 6.1012e-06  eta: 0:58:45  time: 0.3000  data_time: 0.0115  memory: 8449  grad_norm: 446.1950  loss: 39.1242  decode.loss_cls: 0.3684  decode.loss_mask: 1.8382  decode.loss_dice: 1.6963  decode.d0.loss_cls: 0.5539  decode.d0.loss_mask: 1.8718  decode.d0.loss_dice: 1.7010  decode.d1.loss_cls: 0.3486  decode.d1.loss_mask: 1.8415  decode.d1.loss_dice: 1.6964  decode.d2.loss_cls: 0.3606  decode.d2.loss_mask: 1.8312  decode.d2.loss_dice: 1.6593  decode.d3.loss_cls: 0.3218  decode.d3.loss_mask: 1.8504  decode.d3.loss_dice: 1.7369  decode.d4.loss_cls: 0.3441  decode.d4.loss_mask: 1.8383  decode.d4.loss_dice: 1.6889  decode.d5.loss_cls: 0.3533  decode.d5.loss_mask: 1.8336  decode.d5.loss_dice: 1.7089  decode.d6.loss_cls: 0.3770  decode.d6.loss_mask: 1.7990  decode.d6.loss_dice: 1.6681  decode.d7.loss_cls: 0.4034  decode.d7.loss_mask: 1.8499  decode.d7.loss_dice: 1.6494  decode.d8.loss_cls: 0.3907  decode.d8.loss_mask: 1.8836  decode.d8.loss_dice: 1.6596
09/30 22:06:43 - mmengine - INFO - Iter(train) [ 8500/20000]  base_lr: 6.0774e-05 lr: 6.0774e-06  eta: 0:58:29  time: 0.2997  data_time: 0.0116  memory: 8437  grad_norm: 632.9441  loss: 36.0397  decode.loss_cls: 0.4865  decode.loss_mask: 1.6663  decode.loss_dice: 1.4482  decode.d0.loss_cls: 0.6129  decode.d0.loss_mask: 1.6291  decode.d0.loss_dice: 1.4601  decode.d1.loss_cls: 0.4421  decode.d1.loss_mask: 1.6471  decode.d1.loss_dice: 1.4642  decode.d2.loss_cls: 0.3947  decode.d2.loss_mask: 1.6562  decode.d2.loss_dice: 1.4611  decode.d3.loss_cls: 0.4083  decode.d3.loss_mask: 1.6512  decode.d3.loss_dice: 1.4619  decode.d4.loss_cls: 0.4733  decode.d4.loss_mask: 1.6484  decode.d4.loss_dice: 1.4692  decode.d5.loss_cls: 0.4436  decode.d5.loss_mask: 1.5974  decode.d5.loss_dice: 1.4712  decode.d6.loss_cls: 0.5091  decode.d6.loss_mask: 1.7043  decode.d6.loss_dice: 1.4960  decode.d7.loss_cls: 0.4680  decode.d7.loss_mask: 1.7167  decode.d7.loss_dice: 1.4977  decode.d8.loss_cls: 0.5017  decode.d8.loss_mask: 1.6908  decode.d8.loss_dice: 1.4621
09/30 22:06:58 - mmengine - INFO - Iter(train) [ 8550/20000]  base_lr: 6.0537e-05 lr: 6.0537e-06  eta: 0:58:13  time: 0.2971  data_time: 0.0115  memory: 8448  grad_norm: 532.6621  loss: 31.4936  decode.loss_cls: 0.3224  decode.loss_mask: 1.4631  decode.loss_dice: 1.4311  decode.d0.loss_cls: 0.6014  decode.d0.loss_mask: 1.3210  decode.d0.loss_dice: 1.4056  decode.d1.loss_cls: 0.3297  decode.d1.loss_mask: 1.4068  decode.d1.loss_dice: 1.4233  decode.d2.loss_cls: 0.4002  decode.d2.loss_mask: 1.2830  decode.d2.loss_dice: 1.2868  decode.d3.loss_cls: 0.3232  decode.d3.loss_mask: 1.4418  decode.d3.loss_dice: 1.4086  decode.d4.loss_cls: 0.3395  decode.d4.loss_mask: 1.3715  decode.d4.loss_dice: 1.3636  decode.d5.loss_cls: 0.2879  decode.d5.loss_mask: 1.3690  decode.d5.loss_dice: 1.4073  decode.d6.loss_cls: 0.3311  decode.d6.loss_mask: 1.4556  decode.d6.loss_dice: 1.4278  decode.d7.loss_cls: 0.3511  decode.d7.loss_mask: 1.3938  decode.d7.loss_dice: 1.4350  decode.d8.loss_cls: 0.3867  decode.d8.loss_mask: 1.3670  decode.d8.loss_dice: 1.3587
09/30 22:07:13 - mmengine - INFO - Iter(train) [ 8600/20000]  base_lr: 6.0299e-05 lr: 6.0299e-06  eta: 0:57:57  time: 0.2967  data_time: 0.0117  memory: 8450  grad_norm: 1176.4754  loss: 36.1107  decode.loss_cls: 0.5038  decode.loss_mask: 1.7797  decode.loss_dice: 1.3670  decode.d0.loss_cls: 0.6744  decode.d0.loss_mask: 1.6678  decode.d0.loss_dice: 1.4366  decode.d1.loss_cls: 0.4710  decode.d1.loss_mask: 1.6498  decode.d1.loss_dice: 1.3873  decode.d2.loss_cls: 0.5011  decode.d2.loss_mask: 1.6595  decode.d2.loss_dice: 1.3475  decode.d3.loss_cls: 0.4995  decode.d3.loss_mask: 1.7508  decode.d3.loss_dice: 1.3963  decode.d4.loss_cls: 0.5546  decode.d4.loss_mask: 1.7992  decode.d4.loss_dice: 1.3822  decode.d5.loss_cls: 0.4898  decode.d5.loss_mask: 1.7418  decode.d5.loss_dice: 1.3660  decode.d6.loss_cls: 0.4363  decode.d6.loss_mask: 1.6958  decode.d6.loss_dice: 1.3900  decode.d7.loss_cls: 0.4567  decode.d7.loss_mask: 1.7090  decode.d7.loss_dice: 1.4355  decode.d8.loss_cls: 0.4325  decode.d8.loss_mask: 1.7493  decode.d8.loss_dice: 1.3798
09/30 22:07:28 - mmengine - INFO - Iter(train) [ 8650/20000]  base_lr: 6.0060e-05 lr: 6.0060e-06  eta: 0:57:42  time: 0.2988  data_time: 0.0119  memory: 8438  grad_norm: 701.1174  loss: 38.0781  decode.loss_cls: 0.7268  decode.loss_mask: 1.6428  decode.loss_dice: 1.4511  decode.d0.loss_cls: 0.8080  decode.d0.loss_mask: 1.6885  decode.d0.loss_dice: 1.5878  decode.d1.loss_cls: 0.6807  decode.d1.loss_mask: 1.6313  decode.d1.loss_dice: 1.4518  decode.d2.loss_cls: 0.6382  decode.d2.loss_mask: 1.6118  decode.d2.loss_dice: 1.4386  decode.d3.loss_cls: 0.6660  decode.d3.loss_mask: 1.6145  decode.d3.loss_dice: 1.4788  decode.d4.loss_cls: 0.6658  decode.d4.loss_mask: 1.6420  decode.d4.loss_dice: 1.4704  decode.d5.loss_cls: 0.6835  decode.d5.loss_mask: 1.5814  decode.d5.loss_dice: 1.4479  decode.d6.loss_cls: 0.6865  decode.d6.loss_mask: 1.6871  decode.d6.loss_dice: 1.4532  decode.d7.loss_cls: 0.6601  decode.d7.loss_mask: 1.6482  decode.d7.loss_dice: 1.4773  decode.d8.loss_cls: 0.6592  decode.d8.loss_mask: 1.6657  decode.d8.loss_dice: 1.5330
09/30 22:07:43 - mmengine - INFO - Iter(train) [ 8700/20000]  base_lr: 5.9822e-05 lr: 5.9822e-06  eta: 0:57:26  time: 0.2970  data_time: 0.0115  memory: 8436  grad_norm: 618.8679  loss: 39.8484  decode.loss_cls: 0.4206  decode.loss_mask: 1.8447  decode.loss_dice: 1.6594  decode.d0.loss_cls: 0.6037  decode.d0.loss_mask: 1.7946  decode.d0.loss_dice: 1.7142  decode.d1.loss_cls: 0.4824  decode.d1.loss_mask: 1.8374  decode.d1.loss_dice: 1.6923  decode.d2.loss_cls: 0.4846  decode.d2.loss_mask: 1.8354  decode.d2.loss_dice: 1.6985  decode.d3.loss_cls: 0.4550  decode.d3.loss_mask: 1.7697  decode.d3.loss_dice: 1.6662  decode.d4.loss_cls: 0.4654  decode.d4.loss_mask: 1.7934  decode.d4.loss_dice: 1.6571  decode.d5.loss_cls: 0.4589  decode.d5.loss_mask: 1.7787  decode.d5.loss_dice: 1.6587  decode.d6.loss_cls: 0.4415  decode.d6.loss_mask: 1.8612  decode.d6.loss_dice: 1.7259  decode.d7.loss_cls: 0.3973  decode.d7.loss_mask: 1.8979  decode.d7.loss_dice: 1.6945  decode.d8.loss_cls: 0.4598  decode.d8.loss_mask: 1.8713  decode.d8.loss_dice: 1.7282
09/30 22:07:58 - mmengine - INFO - Iter(train) [ 8750/20000]  base_lr: 5.9584e-05 lr: 5.9584e-06  eta: 0:57:11  time: 0.3026  data_time: 0.0115  memory: 8439  grad_norm: 372.1932  loss: 32.7554  decode.loss_cls: 0.4167  decode.loss_mask: 1.5399  decode.loss_dice: 1.3396  decode.d0.loss_cls: 0.4993  decode.d0.loss_mask: 1.6362  decode.d0.loss_dice: 1.3496  decode.d1.loss_cls: 0.3244  decode.d1.loss_mask: 1.5442  decode.d1.loss_dice: 1.3472  decode.d2.loss_cls: 0.2637  decode.d2.loss_mask: 1.6091  decode.d2.loss_dice: 1.3603  decode.d3.loss_cls: 0.2873  decode.d3.loss_mask: 1.5947  decode.d3.loss_dice: 1.3872  decode.d4.loss_cls: 0.3228  decode.d4.loss_mask: 1.5590  decode.d4.loss_dice: 1.3702  decode.d5.loss_cls: 0.3543  decode.d5.loss_mask: 1.4925  decode.d5.loss_dice: 1.3445  decode.d6.loss_cls: 0.3946  decode.d6.loss_mask: 1.5647  decode.d6.loss_dice: 1.3527  decode.d7.loss_cls: 0.3132  decode.d7.loss_mask: 1.5600  decode.d7.loss_dice: 1.3622  decode.d8.loss_cls: 0.4140  decode.d8.loss_mask: 1.5233  decode.d8.loss_dice: 1.3279
09/30 22:08:14 - mmengine - INFO - Iter(train) [ 8800/20000]  base_lr: 5.9346e-05 lr: 5.9346e-06  eta: 0:56:56  time: 0.3069  data_time: 0.0125  memory: 8431  grad_norm: 361.2823  loss: 31.3914  decode.loss_cls: 0.3993  decode.loss_mask: 1.4236  decode.loss_dice: 1.2725  decode.d0.loss_cls: 0.4354  decode.d0.loss_mask: 1.4075  decode.d0.loss_dice: 1.4002  decode.d1.loss_cls: 0.2502  decode.d1.loss_mask: 1.4738  decode.d1.loss_dice: 1.4129  decode.d2.loss_cls: 0.2856  decode.d2.loss_mask: 1.4817  decode.d2.loss_dice: 1.3811  decode.d3.loss_cls: 0.3024  decode.d3.loss_mask: 1.4597  decode.d3.loss_dice: 1.3744  decode.d4.loss_cls: 0.2970  decode.d4.loss_mask: 1.4164  decode.d4.loss_dice: 1.3293  decode.d5.loss_cls: 0.3369  decode.d5.loss_mask: 1.4265  decode.d5.loss_dice: 1.3204  decode.d6.loss_cls: 0.3459  decode.d6.loss_mask: 1.4268  decode.d6.loss_dice: 1.3452  decode.d7.loss_cls: 0.3376  decode.d7.loss_mask: 1.4446  decode.d7.loss_dice: 1.3786  decode.d8.loss_cls: 0.3792  decode.d8.loss_mask: 1.4514  decode.d8.loss_dice: 1.3950
09/30 22:08:29 - mmengine - INFO - Iter(train) [ 8850/20000]  base_lr: 5.9107e-05 lr: 5.9107e-06  eta: 0:56:41  time: 0.3192  data_time: 0.0134  memory: 8439  grad_norm: 464.7819  loss: 40.5052  decode.loss_cls: 0.3781  decode.loss_mask: 1.8434  decode.loss_dice: 1.7789  decode.d0.loss_cls: 0.5119  decode.d0.loss_mask: 1.8624  decode.d0.loss_dice: 1.8144  decode.d1.loss_cls: 0.3451  decode.d1.loss_mask: 1.8386  decode.d1.loss_dice: 1.7813  decode.d2.loss_cls: 0.4115  decode.d2.loss_mask: 1.8618  decode.d2.loss_dice: 1.7995  decode.d3.loss_cls: 0.3434  decode.d3.loss_mask: 1.8460  decode.d3.loss_dice: 1.7755  decode.d4.loss_cls: 0.5020  decode.d4.loss_mask: 1.8477  decode.d4.loss_dice: 1.7723  decode.d5.loss_cls: 0.3964  decode.d5.loss_mask: 1.8586  decode.d5.loss_dice: 1.8047  decode.d6.loss_cls: 0.4930  decode.d6.loss_mask: 1.8366  decode.d6.loss_dice: 1.7363  decode.d7.loss_cls: 0.4363  decode.d7.loss_mask: 1.8540  decode.d7.loss_dice: 1.7612  decode.d8.loss_cls: 0.3898  decode.d8.loss_mask: 1.8547  decode.d8.loss_dice: 1.7698
09/30 22:08:45 - mmengine - INFO - Iter(train) [ 8900/20000]  base_lr: 5.8869e-05 lr: 5.8869e-06  eta: 0:56:26  time: 0.3015  data_time: 0.0115  memory: 8449  grad_norm: 500.9137  loss: 42.2395  decode.loss_cls: 0.6310  decode.loss_mask: 1.8251  decode.loss_dice: 1.7666  decode.d0.loss_cls: 0.8333  decode.d0.loss_mask: 1.7534  decode.d0.loss_dice: 1.8180  decode.d1.loss_cls: 0.6329  decode.d1.loss_mask: 1.7890  decode.d1.loss_dice: 1.7389  decode.d2.loss_cls: 0.5733  decode.d2.loss_mask: 1.8418  decode.d2.loss_dice: 1.7564  decode.d3.loss_cls: 0.5516  decode.d3.loss_mask: 1.8965  decode.d3.loss_dice: 1.7835  decode.d4.loss_cls: 0.5600  decode.d4.loss_mask: 1.9002  decode.d4.loss_dice: 1.8074  decode.d5.loss_cls: 0.6452  decode.d5.loss_mask: 1.7726  decode.d5.loss_dice: 1.7056  decode.d6.loss_cls: 0.6633  decode.d6.loss_mask: 1.8328  decode.d6.loss_dice: 1.7231  decode.d7.loss_cls: 0.7943  decode.d7.loss_mask: 1.7534  decode.d7.loss_dice: 1.6856  decode.d8.loss_cls: 0.6432  decode.d8.loss_mask: 1.8100  decode.d8.loss_dice: 1.7519
09/30 22:09:00 - mmengine - INFO - Iter(train) [ 8950/20000]  base_lr: 5.8630e-05 lr: 5.8630e-06  eta: 0:56:11  time: 0.3007  data_time: 0.0116  memory: 8450  grad_norm: 461.7982  loss: 36.7816  decode.loss_cls: 0.5911  decode.loss_mask: 1.4984  decode.loss_dice: 1.4701  decode.d0.loss_cls: 0.7216  decode.d0.loss_mask: 1.5372  decode.d0.loss_dice: 1.5739  decode.d1.loss_cls: 0.6106  decode.d1.loss_mask: 1.5255  decode.d1.loss_dice: 1.5447  decode.d2.loss_cls: 0.5127  decode.d2.loss_mask: 1.5302  decode.d2.loss_dice: 1.5463  decode.d3.loss_cls: 0.4660  decode.d3.loss_mask: 1.6302  decode.d3.loss_dice: 1.5353  decode.d4.loss_cls: 0.5126  decode.d4.loss_mask: 1.6134  decode.d4.loss_dice: 1.5248  decode.d5.loss_cls: 0.5217  decode.d5.loss_mask: 1.5544  decode.d5.loss_dice: 1.5188  decode.d6.loss_cls: 0.5592  decode.d6.loss_mask: 1.5977  decode.d6.loss_dice: 1.5601  decode.d7.loss_cls: 0.5264  decode.d7.loss_mask: 1.6652  decode.d7.loss_dice: 1.5412  decode.d8.loss_cls: 0.5320  decode.d8.loss_mask: 1.7028  decode.d8.loss_dice: 1.5578
09/30 22:09:15 - mmengine - INFO - Exp name: mask2former_swin_l_512_20260930_211218
09/30 22:09:15 - mmengine - INFO - Iter(train) [ 9000/20000]  base_lr: 5.8391e-05 lr: 5.8391e-06  eta: 0:55:55  time: 0.2981  data_time: 0.0115  memory: 8450  grad_norm: 480.1220  loss: 35.3456  decode.loss_cls: 0.5254  decode.loss_mask: 1.5031  decode.loss_dice: 1.4252  decode.d0.loss_cls: 0.7398  decode.d0.loss_mask: 1.4392  decode.d0.loss_dice: 1.4423  decode.d1.loss_cls: 0.5585  decode.d1.loss_mask: 1.4387  decode.d1.loss_dice: 1.4845  decode.d2.loss_cls: 0.5476  decode.d2.loss_mask: 1.5444  decode.d2.loss_dice: 1.4483  decode.d3.loss_cls: 0.6096  decode.d3.loss_mask: 1.5842  decode.d3.loss_dice: 1.4799  decode.d4.loss_cls: 0.6395  decode.d4.loss_mask: 1.5508  decode.d4.loss_dice: 1.4445  decode.d5.loss_cls: 0.5843  decode.d5.loss_mask: 1.5157  decode.d5.loss_dice: 1.4385  decode.d6.loss_cls: 0.5457  decode.d6.loss_mask: 1.5216  decode.d6.loss_dice: 1.4562  decode.d7.loss_cls: 0.4930  decode.d7.loss_mask: 1.4879  decode.d7.loss_dice: 1.4376  decode.d8.loss_cls: 0.4912  decode.d8.loss_mask: 1.5395  decode.d8.loss_dice: 1.4292
09/30 22:09:15 - mmengine - INFO - Saving checkpoint at 9000 iterations
09/30 22:09:23 - mmengine - INFO - Iter(val) [ 50/699]    eta: 0:01:15  time: 0.1146  data_time: 0.0039  memory: 3701  
09/30 22:09:29 - mmengine - INFO - Iter(val) [100/699]    eta: 0:01:09  time: 0.1140  data_time: 0.0038  memory: 3701  
09/30 22:09:35 - mmengine - INFO - Iter(val) [150/699]    eta: 0:01:03  time: 0.1147  data_time: 0.0039  memory: 3701  
09/30 22:09:40 - mmengine - INFO - Iter(val) [200/699]    eta: 0:00:57  time: 0.1149  data_time: 0.0039  memory: 3701  
09/30 22:09:46 - mmengine - INFO - Iter(val) [250/699]    eta: 0:00:51  time: 0.1164  data_time: 0.0042  memory: 3701  
09/30 22:09:52 - mmengine - INFO - Iter(val) [300/699]    eta: 0:00:45  time: 0.1156  data_time: 0.0042  memory: 3701  
09/30 22:09:58 - mmengine - INFO - Iter(val) [350/699]    eta: 0:00:40  time: 0.1146  data_time: 0.0038  memory: 3701  
09/30 22:10:04 - mmengine - INFO - Iter(val) [400/699]    eta: 0:00:34  time: 0.1152  data_time: 0.0042  memory: 3701  
09/30 22:10:09 - mmengine - INFO - Iter(val) [450/699]    eta: 0:00:28  time: 0.1149  data_time: 0.0039  memory: 3701  
09/30 22:10:15 - mmengine - INFO - Iter(val) [500/699]    eta: 0:00:22  time: 0.1148  data_time: 0.0040  memory: 3701  
09/30 22:10:21 - mmengine - INFO - Iter(val) [550/699]    eta: 0:00:17  time: 0.1148  data_time: 0.0041  memory: 3701  
09/30 22:10:27 - mmengine - INFO - Iter(val) [600/699]    eta: 0:00:11  time: 0.1169  data_time: 0.0040  memory: 3701  
09/30 22:10:32 - mmengine - INFO - Iter(val) [650/699]    eta: 0:00:05  time: 0.1173  data_time: 0.0050  memory: 3701  
09/30 22:10:38 - mmengine - INFO - per class results:
09/30 22:10:38 - mmengine - INFO - 
+--------------+-------+-------+
|    Class     |  IoU  |  Acc  |
+--------------+-------+-------+
|  Background  | 56.67 | 73.29 |
|   Building   | 81.62 | 92.89 |
|     Road     | 46.27 | 48.85 |
|    Water     | 81.77 | 87.21 |
|    Barren    | 10.89 | 12.97 |
|  Vegetation  | 84.44 | 91.22 |
| Agricultural | 62.64 | 93.49 |
|   Vehicle    | 73.88 | 82.51 |
+--------------+-------+-------+
09/30 22:10:38 - mmengine - INFO - Iter(val) [699/699]    aAcc: 81.9400  mIoU: 62.2700  mAcc: 72.8000  data_time: 0.0041  time: 0.1152
09/30 22:10:53 - mmengine - INFO - Iter(train) [ 9050/20000]  base_lr: 5.8152e-05 lr: 5.8152e-06  eta: 0:55:40  time: 0.2977  data_time: 0.0117  memory: 8449  grad_norm: 589.3535  loss: 41.9917  decode.loss_cls: 0.4747  decode.loss_mask: 1.9818  decode.loss_dice: 1.8475  decode.d0.loss_cls: 0.4384  decode.d0.loss_mask: 2.0437  decode.d0.loss_dice: 1.7554  decode.d1.loss_cls: 0.5052  decode.d1.loss_mask: 1.9034  decode.d1.loss_dice: 1.7543  decode.d2.loss_cls: 0.4784  decode.d2.loss_mask: 1.9419  decode.d2.loss_dice: 1.7119  decode.d3.loss_cls: 0.4754  decode.d3.loss_mask: 1.8851  decode.d3.loss_dice: 1.7635  decode.d4.loss_cls: 0.4288  decode.d4.loss_mask: 1.9771  decode.d4.loss_dice: 1.7498  decode.d5.loss_cls: 0.4187  decode.d5.loss_mask: 2.0034  decode.d5.loss_dice: 1.7225  decode.d6.loss_cls: 0.4089  decode.d6.loss_mask: 1.9325  decode.d6.loss_dice: 1.8377  decode.d7.loss_cls: 0.4488  decode.d7.loss_mask: 2.0328  decode.d7.loss_dice: 1.8985  decode.d8.loss_cls: 0.5004  decode.d8.loss_mask: 1.9146  decode.d8.loss_dice: 1.7567
09/30 22:11:08 - mmengine - INFO - Iter(train) [ 9100/20000]  base_lr: 5.7913e-05 lr: 5.7913e-06  eta: 0:55:25  time: 0.3016  data_time: 0.0114  memory: 8448  grad_norm: 589.4832  loss: 36.7546  decode.loss_cls: 0.7457  decode.loss_mask: 1.6163  decode.loss_dice: 1.3737  decode.d0.loss_cls: 0.8216  decode.d0.loss_mask: 1.4576  decode.d0.loss_dice: 1.3793  decode.d1.loss_cls: 0.6841  decode.d1.loss_mask: 1.5608  decode.d1.loss_dice: 1.4016  decode.d2.loss_cls: 0.6905  decode.d2.loss_mask: 1.5353  decode.d2.loss_dice: 1.3576  decode.d3.loss_cls: 0.7084  decode.d3.loss_mask: 1.5977  decode.d3.loss_dice: 1.4220  decode.d4.loss_cls: 0.7282  decode.d4.loss_mask: 1.6256  decode.d4.loss_dice: 1.3918  decode.d5.loss_cls: 0.6505  decode.d5.loss_mask: 1.5804  decode.d5.loss_dice: 1.4081  decode.d6.loss_cls: 0.7386  decode.d6.loss_mask: 1.5570  decode.d6.loss_dice: 1.3666  decode.d7.loss_cls: 0.7238  decode.d7.loss_mask: 1.5948  decode.d7.loss_dice: 1.3921  decode.d8.loss_cls: 0.7574  decode.d8.loss_mask: 1.5030  decode.d8.loss_dice: 1.3845
09/30 22:11:23 - mmengine - INFO - Iter(train) [ 9150/20000]  base_lr: 5.7674e-05 lr: 5.7674e-06  eta: 0:55:09  time: 0.2943  data_time: 0.0114  memory: 8449  grad_norm: 730.7048  loss: 32.8229  decode.loss_cls: 0.4461  decode.loss_mask: 1.5540  decode.loss_dice: 1.2771  decode.d0.loss_cls: 0.5546  decode.d0.loss_mask: 1.6554  decode.d0.loss_dice: 1.3365  decode.d1.loss_cls: 0.4498  decode.d1.loss_mask: 1.5336  decode.d1.loss_dice: 1.2904  decode.d2.loss_cls: 0.4577  decode.d2.loss_mask: 1.5264  decode.d2.loss_dice: 1.2696  decode.d3.loss_cls: 0.5407  decode.d3.loss_mask: 1.5668  decode.d3.loss_dice: 1.2929  decode.d4.loss_cls: 0.4232  decode.d4.loss_mask: 1.5771  decode.d4.loss_dice: 1.2583  decode.d5.loss_cls: 0.4361  decode.d5.loss_mask: 1.5541  decode.d5.loss_dice: 1.2523  decode.d6.loss_cls: 0.4086  decode.d6.loss_mask: 1.5086  decode.d6.loss_dice: 1.2769  decode.d7.loss_cls: 0.3935  decode.d7.loss_mask: 1.5183  decode.d7.loss_dice: 1.2325  decode.d8.loss_cls: 0.4434  decode.d8.loss_mask: 1.5374  decode.d8.loss_dice: 1.2512
09/30 22:11:38 - mmengine - INFO - Iter(train) [ 9200/20000]  base_lr: 5.7435e-05 lr: 5.7435e-06  eta: 0:54:53  time: 0.2990  data_time: 0.0114  memory: 8449  grad_norm: 433.0643  loss: 38.1677  decode.loss_cls: 0.4594  decode.loss_mask: 1.7621  decode.loss_dice: 1.6214  decode.d0.loss_cls: 0.6344  decode.d0.loss_mask: 1.6506  decode.d0.loss_dice: 1.6129  decode.d1.loss_cls: 0.5087  decode.d1.loss_mask: 1.6785  decode.d1.loss_dice: 1.6066  decode.d2.loss_cls: 0.4527  decode.d2.loss_mask: 1.7285  decode.d2.loss_dice: 1.6555  decode.d3.loss_cls: 0.4109  decode.d3.loss_mask: 1.7332  decode.d3.loss_dice: 1.6165  decode.d4.loss_cls: 0.3826  decode.d4.loss_mask: 1.7676  decode.d4.loss_dice: 1.6137  decode.d5.loss_cls: 0.4210  decode.d5.loss_mask: 1.7276  decode.d5.loss_dice: 1.6003  decode.d6.loss_cls: 0.4525  decode.d6.loss_mask: 1.7236  decode.d6.loss_dice: 1.6170  decode.d7.loss_cls: 0.5025  decode.d7.loss_mask: 1.7569  decode.d7.loss_dice: 1.6202  decode.d8.loss_cls: 0.4951  decode.d8.loss_mask: 1.7278  decode.d8.loss_dice: 1.6275
09/30 22:11:53 - mmengine - INFO - Iter(train) [ 9250/20000]  base_lr: 5.7195e-05 lr: 5.7195e-06  eta: 0:54:38  time: 0.2975  data_time: 0.0113  memory: 8457  grad_norm: 412.7104  loss: 36.2534  decode.loss_cls: 0.4429  decode.loss_mask: 1.5693  decode.loss_dice: 1.5768  decode.d0.loss_cls: 0.5799  decode.d0.loss_mask: 1.5175  decode.d0.loss_dice: 1.6187  decode.d1.loss_cls: 0.4972  decode.d1.loss_mask: 1.5711  decode.d1.loss_dice: 1.5440  decode.d2.loss_cls: 0.4463  decode.d2.loss_mask: 1.5851  decode.d2.loss_dice: 1.5961  decode.d3.loss_cls: 0.4849  decode.d3.loss_mask: 1.5661  decode.d3.loss_dice: 1.5851  decode.d4.loss_cls: 0.5020  decode.d4.loss_mask: 1.5858  decode.d4.loss_dice: 1.5619  decode.d5.loss_cls: 0.4913  decode.d5.loss_mask: 1.5725  decode.d5.loss_dice: 1.5413  decode.d6.loss_cls: 0.4843  decode.d6.loss_mask: 1.5139  decode.d6.loss_dice: 1.5661  decode.d7.loss_cls: 0.4756  decode.d7.loss_mask: 1.6022  decode.d7.loss_dice: 1.5499  decode.d8.loss_cls: 0.4179  decode.d8.loss_mask: 1.6059  decode.d8.loss_dice: 1.6019
09/30 22:12:08 - mmengine - INFO - Iter(train) [ 9300/20000]  base_lr: 5.6956e-05 lr: 5.6956e-06  eta: 0:54:22  time: 0.2975  data_time: 0.0113  memory: 8449  grad_norm: 782.6703  loss: 37.6464  decode.loss_cls: 0.3858  decode.loss_mask: 1.7330  decode.loss_dice: 1.6056  decode.d0.loss_cls: 0.5437  decode.d0.loss_mask: 1.7043  decode.d0.loss_dice: 1.6382  decode.d1.loss_cls: 0.3790  decode.d1.loss_mask: 1.7413  decode.d1.loss_dice: 1.6268  decode.d2.loss_cls: 0.3756  decode.d2.loss_mask: 1.7749  decode.d2.loss_dice: 1.6023  decode.d3.loss_cls: 0.3990  decode.d3.loss_mask: 1.7559  decode.d3.loss_dice: 1.6144  decode.d4.loss_cls: 0.3873  decode.d4.loss_mask: 1.7847  decode.d4.loss_dice: 1.6177  decode.d5.loss_cls: 0.3776  decode.d5.loss_mask: 1.7739  decode.d5.loss_dice: 1.6186  decode.d6.loss_cls: 0.4008  decode.d6.loss_mask: 1.7924  decode.d6.loss_dice: 1.5691  decode.d7.loss_cls: 0.3777  decode.d7.loss_mask: 1.7162  decode.d7.loss_dice: 1.6084  decode.d8.loss_cls: 0.3807  decode.d8.loss_mask: 1.7322  decode.d8.loss_dice: 1.6292
09/30 22:12:23 - mmengine - INFO - Iter(train) [ 9350/20000]  base_lr: 5.6716e-05 lr: 5.6716e-06  eta: 0:54:07  time: 0.2985  data_time: 0.0116  memory: 8438  grad_norm: 456.5035  loss: 36.0425  decode.loss_cls: 0.4164  decode.loss_mask: 1.6579  decode.loss_dice: 1.4901  decode.d0.loss_cls: 0.5596  decode.d0.loss_mask: 1.6855  decode.d0.loss_dice: 1.5384  decode.d1.loss_cls: 0.4235  decode.d1.loss_mask: 1.6785  decode.d1.loss_dice: 1.4912  decode.d2.loss_cls: 0.4662  decode.d2.loss_mask: 1.6612  decode.d2.loss_dice: 1.4877  decode.d3.loss_cls: 0.3716  decode.d3.loss_mask: 1.6616  decode.d3.loss_dice: 1.4953  decode.d4.loss_cls: 0.4256  decode.d4.loss_mask: 1.6502  decode.d4.loss_dice: 1.4893  decode.d5.loss_cls: 0.4593  decode.d5.loss_mask: 1.6604  decode.d5.loss_dice: 1.4661  decode.d6.loss_cls: 0.4668  decode.d6.loss_mask: 1.7172  decode.d6.loss_dice: 1.4663  decode.d7.loss_cls: 0.4610  decode.d7.loss_mask: 1.6468  decode.d7.loss_dice: 1.4952  decode.d8.loss_cls: 0.3752  decode.d8.loss_mask: 1.6498  decode.d8.loss_dice: 1.5287
09/30 22:12:38 - mmengine - INFO - Iter(train) [ 9400/20000]  base_lr: 5.6477e-05 lr: 5.6477e-06  eta: 0:53:51  time: 0.2975  data_time: 0.0114  memory: 8449  grad_norm: 416.6125  loss: 37.6321  decode.loss_cls: 0.3719  decode.loss_mask: 1.6826  decode.loss_dice: 1.7785  decode.d0.loss_cls: 0.5241  decode.d0.loss_mask: 1.5749  decode.d0.loss_dice: 1.8095  decode.d1.loss_cls: 0.3916  decode.d1.loss_mask: 1.5943  decode.d1.loss_dice: 1.7247  decode.d2.loss_cls: 0.3629  decode.d2.loss_mask: 1.5930  decode.d2.loss_dice: 1.7296  decode.d3.loss_cls: 0.4133  decode.d3.loss_mask: 1.5986  decode.d3.loss_dice: 1.7250  decode.d4.loss_cls: 0.3924  decode.d4.loss_mask: 1.5928  decode.d4.loss_dice: 1.7341  decode.d5.loss_cls: 0.4019  decode.d5.loss_mask: 1.6509  decode.d5.loss_dice: 1.7467  decode.d6.loss_cls: 0.3613  decode.d6.loss_mask: 1.6177  decode.d6.loss_dice: 1.7592  decode.d7.loss_cls: 0.3243  decode.d7.loss_mask: 1.6373  decode.d7.loss_dice: 1.7634  decode.d8.loss_cls: 0.3555  decode.d8.loss_mask: 1.6555  decode.d8.loss_dice: 1.7644
09/30 22:12:53 - mmengine - INFO - Iter(train) [ 9450/20000]  base_lr: 5.6237e-05 lr: 5.6237e-06  eta: 0:53:35  time: 0.2940  data_time: 0.0115  memory: 8449  grad_norm: 549.5781  loss: 34.4950  decode.loss_cls: 0.4414  decode.loss_mask: 1.6566  decode.loss_dice: 1.3947  decode.d0.loss_cls: 0.5885  decode.d0.loss_mask: 1.5997  decode.d0.loss_dice: 1.3923  decode.d1.loss_cls: 0.4308  decode.d1.loss_mask: 1.6613  decode.d1.loss_dice: 1.3201  decode.d2.loss_cls: 0.3952  decode.d2.loss_mask: 1.6405  decode.d2.loss_dice: 1.3728  decode.d3.loss_cls: 0.4631  decode.d3.loss_mask: 1.6657  decode.d3.loss_dice: 1.3463  decode.d4.loss_cls: 0.4031  decode.d4.loss_mask: 1.6598  decode.d4.loss_dice: 1.3494  decode.d5.loss_cls: 0.4430  decode.d5.loss_mask: 1.6247  decode.d5.loss_dice: 1.3557  decode.d6.loss_cls: 0.4137  decode.d6.loss_mask: 1.6699  decode.d6.loss_dice: 1.3617  decode.d7.loss_cls: 0.4157  decode.d7.loss_mask: 1.6557  decode.d7.loss_dice: 1.3283  decode.d8.loss_cls: 0.4375  decode.d8.loss_mask: 1.6648  decode.d8.loss_dice: 1.3430
09/30 22:13:08 - mmengine - INFO - Iter(train) [ 9500/20000]  base_lr: 5.5997e-05 lr: 5.5997e-06  eta: 0:53:20  time: 0.3023  data_time: 0.0126  memory: 8442  grad_norm: 294.0540  loss: 28.7582  decode.loss_cls: 0.2340  decode.loss_mask: 1.4388  decode.loss_dice: 1.1533  decode.d0.loss_cls: 0.4245  decode.d0.loss_mask: 1.4462  decode.d0.loss_dice: 1.1872  decode.d1.loss_cls: 0.2761  decode.d1.loss_mask: 1.4168  decode.d1.loss_dice: 1.1518  decode.d2.loss_cls: 0.2554  decode.d2.loss_mask: 1.4241  decode.d2.loss_dice: 1.1556  decode.d3.loss_cls: 0.2643  decode.d3.loss_mask: 1.4293  decode.d3.loss_dice: 1.1975  decode.d4.loss_cls: 0.2654  decode.d4.loss_mask: 1.4447  decode.d4.loss_dice: 1.1635  decode.d5.loss_cls: 0.2652  decode.d5.loss_mask: 1.4195  decode.d5.loss_dice: 1.1705  decode.d6.loss_cls: 0.2227  decode.d6.loss_mask: 1.4446  decode.d6.loss_dice: 1.1577  decode.d7.loss_cls: 0.2313  decode.d7.loss_mask: 1.4466  decode.d7.loss_dice: 1.1842  decode.d8.loss_cls: 0.2491  decode.d8.loss_mask: 1.4502  decode.d8.loss_dice: 1.1883
09/30 22:13:23 - mmengine - INFO - Iter(train) [ 9550/20000]  base_lr: 5.5757e-05 lr: 5.5757e-06  eta: 0:53:05  time: 0.3003  data_time: 0.0116  memory: 8435  grad_norm: 717.5781  loss: 42.5469  decode.loss_cls: 0.7793  decode.loss_mask: 1.9735  decode.loss_dice: 1.5521  decode.d0.loss_cls: 0.9472  decode.d0.loss_mask: 1.9381  decode.d0.loss_dice: 1.5512  decode.d1.loss_cls: 0.7850  decode.d1.loss_mask: 1.8762  decode.d1.loss_dice: 1.4800  decode.d2.loss_cls: 0.7410  decode.d2.loss_mask: 1.9249  decode.d2.loss_dice: 1.4776  decode.d3.loss_cls: 0.7351  decode.d3.loss_mask: 1.9373  decode.d3.loss_dice: 1.5260  decode.d4.loss_cls: 0.8117  decode.d4.loss_mask: 1.9094  decode.d4.loss_dice: 1.5344  decode.d5.loss_cls: 0.8207  decode.d5.loss_mask: 1.8405  decode.d5.loss_dice: 1.5418  decode.d6.loss_cls: 0.7704  decode.d6.loss_mask: 1.9146  decode.d6.loss_dice: 1.5808  decode.d7.loss_cls: 0.7975  decode.d7.loss_mask: 1.9107  decode.d7.loss_dice: 1.5525  decode.d8.loss_cls: 0.7702  decode.d8.loss_mask: 1.9732  decode.d8.loss_dice: 1.5941
09/30 22:13:38 - mmengine - INFO - Iter(train) [ 9600/20000]  base_lr: 5.5517e-05 lr: 5.5517e-06  eta: 0:52:50  time: 0.2995  data_time: 0.0115  memory: 8449  grad_norm: 515.4628  loss: 40.1308  decode.loss_cls: 0.6231  decode.loss_mask: 1.8079  decode.loss_dice: 1.5832  decode.d0.loss_cls: 0.8161  decode.d0.loss_mask: 1.7033  decode.d0.loss_dice: 1.5419  decode.d1.loss_cls: 0.7594  decode.d1.loss_mask: 1.7677  decode.d1.loss_dice: 1.5097  decode.d2.loss_cls: 0.7639  decode.d2.loss_mask: 1.6989  decode.d2.loss_dice: 1.4703  decode.d3.loss_cls: 0.7070  decode.d3.loss_mask: 1.7487  decode.d3.loss_dice: 1.5367  decode.d4.loss_cls: 0.6610  decode.d4.loss_mask: 1.8659  decode.d4.loss_dice: 1.4595  decode.d5.loss_cls: 0.6444  decode.d5.loss_mask: 1.8083  decode.d5.loss_dice: 1.5973  decode.d6.loss_cls: 0.6090  decode.d6.loss_mask: 1.8311  decode.d6.loss_dice: 1.5750  decode.d7.loss_cls: 0.6403  decode.d7.loss_mask: 1.8257  decode.d7.loss_dice: 1.5368  decode.d8.loss_cls: 0.6903  decode.d8.loss_mask: 1.7594  decode.d8.loss_dice: 1.5891
09/30 22:13:54 - mmengine - INFO - Iter(train) [ 9650/20000]  base_lr: 5.5276e-05 lr: 5.5276e-06  eta: 0:52:34  time: 0.3017  data_time: 0.0120  memory: 8449  grad_norm: 683.0286  loss: 36.0306  decode.loss_cls: 0.3422  decode.loss_mask: 1.7671  decode.loss_dice: 1.4389  decode.d0.loss_cls: 0.4875  decode.d0.loss_mask: 1.8431  decode.d0.loss_dice: 1.4618  decode.d1.loss_cls: 0.3134  decode.d1.loss_mask: 1.7843  decode.d1.loss_dice: 1.4581  decode.d2.loss_cls: 0.3068  decode.d2.loss_mask: 1.7908  decode.d2.loss_dice: 1.4494  decode.d3.loss_cls: 0.3522  decode.d3.loss_mask: 1.7744  decode.d3.loss_dice: 1.4398  decode.d4.loss_cls: 0.3293  decode.d4.loss_mask: 1.7778  decode.d4.loss_dice: 1.4554  decode.d5.loss_cls: 0.3553  decode.d5.loss_mask: 1.8250  decode.d5.loss_dice: 1.4657  decode.d6.loss_cls: 0.3596  decode.d6.loss_mask: 1.8621  decode.d6.loss_dice: 1.4469  decode.d7.loss_cls: 0.3453  decode.d7.loss_mask: 1.7868  decode.d7.loss_dice: 1.4481  decode.d8.loss_cls: 0.3579  decode.d8.loss_mask: 1.7810  decode.d8.loss_dice: 1.4246
09/30 22:14:08 - mmengine - INFO - Iter(train) [ 9700/20000]  base_lr: 5.5036e-05 lr: 5.5036e-06  eta: 0:52:19  time: 0.2975  data_time: 0.0115  memory: 8450  grad_norm: 377.0123  loss: 35.5036  decode.loss_cls: 0.3204  decode.loss_mask: 1.6105  decode.loss_dice: 1.6262  decode.d0.loss_cls: 0.5236  decode.d0.loss_mask: 1.6067  decode.d0.loss_dice: 1.6584  decode.d1.loss_cls: 0.3197  decode.d1.loss_mask: 1.5870  decode.d1.loss_dice: 1.6147  decode.d2.loss_cls: 0.3099  decode.d2.loss_mask: 1.6068  decode.d2.loss_dice: 1.6009  decode.d3.loss_cls: 0.3745  decode.d3.loss_mask: 1.5535  decode.d3.loss_dice: 1.6084  decode.d4.loss_cls: 0.3230  decode.d4.loss_mask: 1.6036  decode.d4.loss_dice: 1.6190  decode.d5.loss_cls: 0.3407  decode.d5.loss_mask: 1.5643  decode.d5.loss_dice: 1.6036  decode.d6.loss_cls: 0.3145  decode.d6.loss_mask: 1.5819  decode.d6.loss_dice: 1.6226  decode.d7.loss_cls: 0.2569  decode.d7.loss_mask: 1.5929  decode.d7.loss_dice: 1.6362  decode.d8.loss_cls: 0.3037  decode.d8.loss_mask: 1.6103  decode.d8.loss_dice: 1.6093
09/30 22:14:24 - mmengine - INFO - Iter(train) [ 9750/20000]  base_lr: 5.4795e-05 lr: 5.4795e-06  eta: 0:52:03  time: 0.2970  data_time: 0.0118  memory: 8457  grad_norm: 824.8120  loss: 36.3854  decode.loss_cls: 0.4471  decode.loss_mask: 1.4781  decode.loss_dice: 1.7067  decode.d0.loss_cls: 0.5038  decode.d0.loss_mask: 1.5408  decode.d0.loss_dice: 1.7592  decode.d1.loss_cls: 0.4226  decode.d1.loss_mask: 1.5440  decode.d1.loss_dice: 1.7108  decode.d2.loss_cls: 0.3495  decode.d2.loss_mask: 1.5543  decode.d2.loss_dice: 1.6420  decode.d3.loss_cls: 0.4076  decode.d3.loss_mask: 1.5284  decode.d3.loss_dice: 1.6606  decode.d4.loss_cls: 0.4676  decode.d4.loss_mask: 1.4621  decode.d4.loss_dice: 1.6722  decode.d5.loss_cls: 0.3890  decode.d5.loss_mask: 1.5319  decode.d5.loss_dice: 1.7024  decode.d6.loss_cls: 0.4258  decode.d6.loss_mask: 1.5393  decode.d6.loss_dice: 1.6956  decode.d7.loss_cls: 0.4653  decode.d7.loss_mask: 1.4801  decode.d7.loss_dice: 1.6449  decode.d8.loss_cls: 0.4780  decode.d8.loss_mask: 1.4870  decode.d8.loss_dice: 1.6887
09/30 22:14:39 - mmengine - INFO - Iter(train) [ 9800/20000]  base_lr: 5.4555e-05 lr: 5.4555e-06  eta: 0:51:48  time: 0.2989  data_time: 0.0114  memory: 8457  grad_norm: 611.0875  loss: 31.7344  decode.loss_cls: 0.3267  decode.loss_mask: 1.6125  decode.loss_dice: 1.2497  decode.d0.loss_cls: 0.5280  decode.d0.loss_mask: 1.5860  decode.d0.loss_dice: 1.2671  decode.d1.loss_cls: 0.3620  decode.d1.loss_mask: 1.5791  decode.d1.loss_dice: 1.2524  decode.d2.loss_cls: 0.3466  decode.d2.loss_mask: 1.5922  decode.d2.loss_dice: 1.2359  decode.d3.loss_cls: 0.2965  decode.d3.loss_mask: 1.5899  decode.d3.loss_dice: 1.1934  decode.d4.loss_cls: 0.2697  decode.d4.loss_mask: 1.6123  decode.d4.loss_dice: 1.1874  decode.d5.loss_cls: 0.3436  decode.d5.loss_mask: 1.5672  decode.d5.loss_dice: 1.2465  decode.d6.loss_cls: 0.3494  decode.d6.loss_mask: 1.5829  decode.d6.loss_dice: 1.2044  decode.d7.loss_cls: 0.3791  decode.d7.loss_mask: 1.5903  decode.d7.loss_dice: 1.1713  decode.d8.loss_cls: 0.3378  decode.d8.loss_mask: 1.6252  decode.d8.loss_dice: 1.2494
09/30 22:14:54 - mmengine - INFO - Iter(train) [ 9850/20000]  base_lr: 5.4314e-05 lr: 5.4314e-06  eta: 0:51:32  time: 0.2992  data_time: 0.0115  memory: 8449  grad_norm: 501.0420  loss: 40.7566  decode.loss_cls: 0.4658  decode.loss_mask: 1.9038  decode.loss_dice: 1.7416  decode.d0.loss_cls: 0.6643  decode.d0.loss_mask: 1.8272  decode.d0.loss_dice: 1.7042  decode.d1.loss_cls: 0.5165  decode.d1.loss_mask: 1.8541  decode.d1.loss_dice: 1.6482  decode.d2.loss_cls: 0.5564  decode.d2.loss_mask: 1.8683  decode.d2.loss_dice: 1.6507  decode.d3.loss_cls: 0.5390  decode.d3.loss_mask: 1.8647  decode.d3.loss_dice: 1.6712  decode.d4.loss_cls: 0.5918  decode.d4.loss_mask: 1.9019  decode.d4.loss_dice: 1.6736  decode.d5.loss_cls: 0.5580  decode.d5.loss_mask: 1.8180  decode.d5.loss_dice: 1.6495  decode.d6.loss_cls: 0.5308  decode.d6.loss_mask: 1.8520  decode.d6.loss_dice: 1.6202  decode.d7.loss_cls: 0.5238  decode.d7.loss_mask: 1.8457  decode.d7.loss_dice: 1.6545  decode.d8.loss_cls: 0.4680  decode.d8.loss_mask: 1.9092  decode.d8.loss_dice: 1.6834
09/30 22:15:09 - mmengine - INFO - Iter(train) [ 9900/20000]  base_lr: 5.4073e-05 lr: 5.4073e-06  eta: 0:51:17  time: 0.3008  data_time: 0.0114  memory: 8439  grad_norm: 418.3964  loss: 36.3178  decode.loss_cls: 0.4614  decode.loss_mask: 1.7087  decode.loss_dice: 1.4499  decode.d0.loss_cls: 0.6512  decode.d0.loss_mask: 1.6003  decode.d0.loss_dice: 1.5450  decode.d1.loss_cls: 0.6066  decode.d1.loss_mask: 1.5848  decode.d1.loss_dice: 1.4722  decode.d2.loss_cls: 0.4793  decode.d2.loss_mask: 1.6935  decode.d2.loss_dice: 1.4710  decode.d3.loss_cls: 0.4641  decode.d3.loss_mask: 1.6704  decode.d3.loss_dice: 1.4956  decode.d4.loss_cls: 0.5118  decode.d4.loss_mask: 1.6402  decode.d4.loss_dice: 1.4573  decode.d5.loss_cls: 0.4725  decode.d5.loss_mask: 1.6902  decode.d5.loss_dice: 1.4748  decode.d6.loss_cls: 0.6132  decode.d6.loss_mask: 1.5810  decode.d6.loss_dice: 1.4781  decode.d7.loss_cls: 0.4429  decode.d7.loss_mask: 1.6189  decode.d7.loss_dice: 1.4252  decode.d8.loss_cls: 0.4265  decode.d8.loss_mask: 1.6561  decode.d8.loss_dice: 1.4753
09/30 22:15:24 - mmengine - INFO - Iter(train) [ 9950/20000]  base_lr: 5.3832e-05 lr: 5.3832e-06  eta: 0:51:01  time: 0.2999  data_time: 0.0113  memory: 8442  grad_norm: 538.4946  loss: 40.8170  decode.loss_cls: 0.5341  decode.loss_mask: 1.8671  decode.loss_dice: 1.6777  decode.d0.loss_cls: 0.6435  decode.d0.loss_mask: 1.9237  decode.d0.loss_dice: 1.7564  decode.d1.loss_cls: 0.5942  decode.d1.loss_mask: 1.8556  decode.d1.loss_dice: 1.6381  decode.d2.loss_cls: 0.5219  decode.d2.loss_mask: 1.8629  decode.d2.loss_dice: 1.5608  decode.d3.loss_cls: 0.6273  decode.d3.loss_mask: 1.8700  decode.d3.loss_dice: 1.6139  decode.d4.loss_cls: 0.5405  decode.d4.loss_mask: 1.9022  decode.d4.loss_dice: 1.7035  decode.d5.loss_cls: 0.4757  decode.d5.loss_mask: 1.8992  decode.d5.loss_dice: 1.6064  decode.d6.loss_cls: 0.5251  decode.d6.loss_mask: 1.8647  decode.d6.loss_dice: 1.6636  decode.d7.loss_cls: 0.5340  decode.d7.loss_mask: 1.8724  decode.d7.loss_dice: 1.6138  decode.d8.loss_cls: 0.4705  decode.d8.loss_mask: 1.9623  decode.d8.loss_dice: 1.6360
09/30 22:15:39 - mmengine - INFO - Exp name: mask2former_swin_l_512_20260930_211218
09/30 22:15:39 - mmengine - INFO - Iter(train) [10000/20000]  base_lr: 5.3591e-05 lr: 5.3591e-06  eta: 0:50:46  time: 0.3054  data_time: 0.0114  memory: 8439  grad_norm: 400.0144  loss: 36.5122  decode.loss_cls: 0.4145  decode.loss_mask: 1.6268  decode.loss_dice: 1.5437  decode.d0.loss_cls: 0.6466  decode.d0.loss_mask: 1.7100  decode.d0.loss_dice: 1.5914  decode.d1.loss_cls: 0.4336  decode.d1.loss_mask: 1.6687  decode.d1.loss_dice: 1.5259  decode.d2.loss_cls: 0.4209  decode.d2.loss_mask: 1.6735  decode.d2.loss_dice: 1.4970  decode.d3.loss_cls: 0.4164  decode.d3.loss_mask: 1.7044  decode.d3.loss_dice: 1.5546  decode.d4.loss_cls: 0.4208  decode.d4.loss_mask: 1.7537  decode.d4.loss_dice: 1.5565  decode.d5.loss_cls: 0.4052  decode.d5.loss_mask: 1.7027  decode.d5.loss_dice: 1.5003  decode.d6.loss_cls: 0.3641  decode.d6.loss_mask: 1.6230  decode.d6.loss_dice: 1.5317  decode.d7.loss_cls: 0.4275  decode.d7.loss_mask: 1.6423  decode.d7.loss_dice: 1.5541  decode.d8.loss_cls: 0.4232  decode.d8.loss_mask: 1.6821  decode.d8.loss_dice: 1.4970
09/30 22:15:39 - mmengine - INFO - Saving checkpoint at 10000 iterations
09/30 22:15:47 - mmengine - INFO - Iter(val) [ 50/699]    eta: 0:01:15  time: 0.1147  data_time: 0.0042  memory: 3701  
09/30 22:15:53 - mmengine - INFO - Iter(val) [100/699]    eta: 0:01:09  time: 0.1155  data_time: 0.0040  memory: 3701  
09/30 22:15:59 - mmengine - INFO - Iter(val) [150/699]    eta: 0:01:03  time: 0.1161  data_time: 0.0040  memory: 3701  
09/30 22:16:05 - mmengine - INFO - Iter(val) [200/699]    eta: 0:00:57  time: 0.1151  data_time: 0.0040  memory: 3701  
09/30 22:16:10 - mmengine - INFO - Iter(val) [250/699]    eta: 0:00:51  time: 0.1161  data_time: 0.0041  memory: 3701  
09/30 22:16:16 - mmengine - INFO - Iter(val) [300/699]    eta: 0:00:46  time: 0.1150  data_time: 0.0040  memory: 3701  
09/30 22:16:22 - mmengine - INFO - Iter(val) [350/699]    eta: 0:00:40  time: 0.1166  data_time: 0.0040  memory: 3701  
09/30 22:16:28 - mmengine - INFO - Iter(val) [400/699]    eta: 0:00:34  time: 0.1150  data_time: 0.0040  memory: 3701  
09/30 22:16:33 - mmengine - INFO - Iter(val) [450/699]    eta: 0:00:28  time: 0.1162  data_time: 0.0040  memory: 3701  
09/30 22:16:39 - mmengine - INFO - Iter(val) [500/699]    eta: 0:00:23  time: 0.1153  data_time: 0.0039  memory: 3701  
09/30 22:16:45 - mmengine - INFO - Iter(val) [550/699]    eta: 0:00:17  time: 0.1150  data_time: 0.0039  memory: 3701  
09/30 22:16:51 - mmengine - INFO - Iter(val) [600/699]    eta: 0:00:11  time: 0.1168  data_time: 0.0043  memory: 3701  
09/30 22:16:57 - mmengine - INFO - Iter(val) [650/699]    eta: 0:00:05  time: 0.1146  data_time: 0.0039  memory: 3701  
09/30 22:17:02 - mmengine - INFO - per class results:
09/30 22:17:02 - mmengine - INFO - 
+--------------+-------+-------+
|    Class     |  IoU  |  Acc  |
+--------------+-------+-------+
|  Background  | 57.53 |  83.8 |
|   Building   | 76.75 | 81.25 |
|     Road     | 47.24 | 50.11 |
|    Water     | 84.34 | 91.67 |
|    Barren    | 12.17 | 18.48 |
|  Vegetation  | 83.87 |  88.7 |
| Agricultural |  67.8 | 81.75 |
|   Vehicle    |  73.8 |  80.8 |
+--------------+-------+-------+
09/30 22:17:02 - mmengine - INFO - Iter(val) [699/699]    aAcc: 81.3700  mIoU: 62.9400  mAcc: 72.0700  data_time: 0.0041  time: 0.1155
09/30 22:17:17 - mmengine - INFO - Iter(train) [10050/20000]  base_lr: 5.3350e-05 lr: 5.3350e-06  eta: 0:50:30  time: 0.3029  data_time: 0.0122  memory: 8435  grad_norm: 1424.4300  loss: 34.4668  decode.loss_cls: 0.5275  decode.loss_mask: 1.4891  decode.loss_dice: 1.3682  decode.d0.loss_cls: 0.6349  decode.d0.loss_mask: 1.5952  decode.d0.loss_dice: 1.4350  decode.d1.loss_cls: 0.4620  decode.d1.loss_mask: 1.5514  decode.d1.loss_dice: 1.4075  decode.d2.loss_cls: 0.5080  decode.d2.loss_mask: 1.5517  decode.d2.loss_dice: 1.4043  decode.d3.loss_cls: 0.5033  decode.d3.loss_mask: 1.5225  decode.d3.loss_dice: 1.3662  decode.d4.loss_cls: 0.5520  decode.d4.loss_mask: 1.5284  decode.d4.loss_dice: 1.3773  decode.d5.loss_cls: 0.5447  decode.d5.loss_mask: 1.4973  decode.d5.loss_dice: 1.3695  decode.d6.loss_cls: 0.5341  decode.d6.loss_mask: 1.5441  decode.d6.loss_dice: 1.3868  decode.d7.loss_cls: 0.4732  decode.d7.loss_mask: 1.5464  decode.d7.loss_dice: 1.4231  decode.d8.loss_cls: 0.3905  decode.d8.loss_mask: 1.5452  decode.d8.loss_dice: 1.4273
09/30 22:17:32 - mmengine - INFO - Iter(train) [10100/20000]  base_lr: 5.3109e-05 lr: 5.3109e-06  eta: 0:50:15  time: 0.3020  data_time: 0.0116  memory: 8467  grad_norm: 1162.1158  loss: 46.0777  decode.loss_cls: 0.7559  decode.loss_mask: 2.0803  decode.loss_dice: 1.7675  decode.d0.loss_cls: 0.9398  decode.d0.loss_mask: 2.0671  decode.d0.loss_dice: 1.8140  decode.d1.loss_cls: 0.7199  decode.d1.loss_mask: 2.1120  decode.d1.loss_dice: 1.7477  decode.d2.loss_cls: 0.6945  decode.d2.loss_mask: 2.0885  decode.d2.loss_dice: 1.7703  decode.d3.loss_cls: 0.6820  decode.d3.loss_mask: 2.0524  decode.d3.loss_dice: 1.7692  decode.d4.loss_cls: 0.7600  decode.d4.loss_mask: 2.0991  decode.d4.loss_dice: 1.7179  decode.d5.loss_cls: 0.7983  decode.d5.loss_mask: 2.0493  decode.d5.loss_dice: 1.7628  decode.d6.loss_cls: 0.7666  decode.d6.loss_mask: 2.0640  decode.d6.loss_dice: 1.7817  decode.d7.loss_cls: 0.7369  decode.d7.loss_mask: 2.0747  decode.d7.loss_dice: 1.7455  decode.d8.loss_cls: 0.7451  decode.d8.loss_mask: 2.1120  decode.d8.loss_dice: 1.8026
09/30 22:17:47 - mmengine - INFO - Iter(train) [10150/20000]  base_lr: 5.2867e-05 lr: 5.2867e-06  eta: 0:50:00  time: 0.3005  data_time: 0.0113  memory: 8457  grad_norm: 617.6128  loss: 40.1067  decode.loss_cls: 0.4747  decode.loss_mask: 1.8983  decode.loss_dice: 1.6405  decode.d0.loss_cls: 0.7171  decode.d0.loss_mask: 1.8825  decode.d0.loss_dice: 1.6772  decode.d1.loss_cls: 0.5732  decode.d1.loss_mask: 1.8273  decode.d1.loss_dice: 1.6109  decode.d2.loss_cls: 0.4850  decode.d2.loss_mask: 1.8287  decode.d2.loss_dice: 1.6026  decode.d3.loss_cls: 0.4585  decode.d3.loss_mask: 1.8936  decode.d3.loss_dice: 1.6676  decode.d4.loss_cls: 0.4912  decode.d4.loss_mask: 1.8330  decode.d4.loss_dice: 1.6106  decode.d5.loss_cls: 0.5723  decode.d5.loss_mask: 1.8378  decode.d5.loss_dice: 1.6270  decode.d6.loss_cls: 0.5208  decode.d6.loss_mask: 1.8017  decode.d6.loss_dice: 1.6068  decode.d7.loss_cls: 0.5359  decode.d7.loss_mask: 1.8025  decode.d7.loss_dice: 1.6231  decode.d8.loss_cls: 0.5210  decode.d8.loss_mask: 1.8537  decode.d8.loss_dice: 1.6318
09/30 22:18:02 - mmengine - INFO - Iter(train) [10200/20000]  base_lr: 5.2625e-05 lr: 5.2625e-06  eta: 0:49:44  time: 0.2964  data_time: 0.0113  memory: 8449  grad_norm: 684.4756  loss: 40.0108  decode.loss_cls: 0.5907  decode.loss_mask: 1.8148  decode.loss_dice: 1.6095  decode.d0.loss_cls: 0.7892  decode.d0.loss_mask: 1.8056  decode.d0.loss_dice: 1.6567  decode.d1.loss_cls: 0.5676  decode.d1.loss_mask: 1.7641  decode.d1.loss_dice: 1.5703  decode.d2.loss_cls: 0.5620  decode.d2.loss_mask: 1.7786  decode.d2.loss_dice: 1.5974  decode.d3.loss_cls: 0.6087  decode.d3.loss_mask: 1.8106  decode.d3.loss_dice: 1.5965  decode.d4.loss_cls: 0.5936  decode.d4.loss_mask: 1.7840  decode.d4.loss_dice: 1.5757  decode.d5.loss_cls: 0.6548  decode.d5.loss_mask: 1.7325  decode.d5.loss_dice: 1.5826  decode.d6.loss_cls: 0.6432  decode.d6.loss_mask: 1.7674  decode.d6.loss_dice: 1.5979  decode.d7.loss_cls: 0.6763  decode.d7.loss_mask: 1.7405  decode.d7.loss_dice: 1.5600  decode.d8.loss_cls: 0.6870  decode.d8.loss_mask: 1.7067  decode.d8.loss_dice: 1.5862
09/30 22:18:17 - mmengine - INFO - Iter(train) [10250/20000]  base_lr: 5.2384e-05 lr: 5.2384e-06  eta: 0:49:29  time: 0.3049  data_time: 0.0114  memory: 8457  grad_norm: 499.7888  loss: 33.7623  decode.loss_cls: 0.4118  decode.loss_mask: 1.6705  decode.loss_dice: 1.3248  decode.d0.loss_cls: 0.5842  decode.d0.loss_mask: 1.6123  decode.d0.loss_dice: 1.3777  decode.d1.loss_cls: 0.3930  decode.d1.loss_mask: 1.6028  decode.d1.loss_dice: 1.2712  decode.d2.loss_cls: 0.3893  decode.d2.loss_mask: 1.6582  decode.d2.loss_dice: 1.3345  decode.d3.loss_cls: 0.4173  decode.d3.loss_mask: 1.6366  decode.d3.loss_dice: 1.3245  decode.d4.loss_cls: 0.3853  decode.d4.loss_mask: 1.6638  decode.d4.loss_dice: 1.2883  decode.d5.loss_cls: 0.4141  decode.d5.loss_mask: 1.6420  decode.d5.loss_dice: 1.3177  decode.d6.loss_cls: 0.4440  decode.d6.loss_mask: 1.6381  decode.d6.loss_dice: 1.3133  decode.d7.loss_cls: 0.4359  decode.d7.loss_mask: 1.5923  decode.d7.loss_dice: 1.2700  decode.d8.loss_cls: 0.4005  decode.d8.loss_mask: 1.6385  decode.d8.loss_dice: 1.3098
09/30 22:18:32 - mmengine - INFO - Iter(train) [10300/20000]  base_lr: 5.2142e-05 lr: 5.2142e-06  eta: 0:49:13  time: 0.3031  data_time: 0.0116  memory: 8435  grad_norm: 586.2175  loss: 39.2932  decode.loss_cls: 0.4784  decode.loss_mask: 1.7123  decode.loss_dice: 1.7711  decode.d0.loss_cls: 0.6550  decode.d0.loss_mask: 1.6534  decode.d0.loss_dice: 1.7688  decode.d1.loss_cls: 0.5392  decode.d1.loss_mask: 1.6536  decode.d1.loss_dice: 1.7244  decode.d2.loss_cls: 0.4368  decode.d2.loss_mask: 1.7213  decode.d2.loss_dice: 1.7515  decode.d3.loss_cls: 0.5003  decode.d3.loss_mask: 1.6558  decode.d3.loss_dice: 1.7148  decode.d4.loss_cls: 0.5254  decode.d4.loss_mask: 1.6488  decode.d4.loss_dice: 1.6597  decode.d5.loss_cls: 0.5914  decode.d5.loss_mask: 1.6594  decode.d5.loss_dice: 1.6952  decode.d6.loss_cls: 0.5386  decode.d6.loss_mask: 1.6605  decode.d6.loss_dice: 1.7065  decode.d7.loss_cls: 0.5792  decode.d7.loss_mask: 1.6729  decode.d7.loss_dice: 1.6887  decode.d8.loss_cls: 0.5338  decode.d8.loss_mask: 1.6652  decode.d8.loss_dice: 1.7314
09/30 22:18:48 - mmengine - INFO - Iter(train) [10350/20000]  base_lr: 5.1900e-05 lr: 5.1900e-06  eta: 0:48:58  time: 0.3230  data_time: 0.0130  memory: 8438  grad_norm: 579.8957  loss: 37.8933  decode.loss_cls: 0.6615  decode.loss_mask: 1.4698  decode.loss_dice: 1.5683  decode.d0.loss_cls: 0.7152  decode.d0.loss_mask: 1.4991  decode.d0.loss_dice: 1.6590  decode.d1.loss_cls: 0.6335  decode.d1.loss_mask: 1.5778  decode.d1.loss_dice: 1.6247  decode.d2.loss_cls: 0.6689  decode.d2.loss_mask: 1.5067  decode.d2.loss_dice: 1.5692  decode.d3.loss_cls: 0.5714  decode.d3.loss_mask: 1.6053  decode.d3.loss_dice: 1.6352  decode.d4.loss_cls: 0.7004  decode.d4.loss_mask: 1.4987  decode.d4.loss_dice: 1.5403  decode.d5.loss_cls: 0.7366  decode.d5.loss_mask: 1.5349  decode.d5.loss_dice: 1.5767  decode.d6.loss_cls: 0.7223  decode.d6.loss_mask: 1.4955  decode.d6.loss_dice: 1.5639  decode.d7.loss_cls: 0.7359  decode.d7.loss_mask: 1.4893  decode.d7.loss_dice: 1.5819  decode.d8.loss_cls: 0.6385  decode.d8.loss_mask: 1.5343  decode.d8.loss_dice: 1.5784
09/30 22:19:04 - mmengine - INFO - Iter(train) [10400/20000]  base_lr: 5.1658e-05 lr: 5.1658e-06  eta: 0:48:44  time: 0.3143  data_time: 0.0127  memory: 8449  grad_norm: 507.6524  loss: 36.8897  decode.loss_cls: 0.5683  decode.loss_mask: 1.6657  decode.loss_dice: 1.3984  decode.d0.loss_cls: 0.7857  decode.d0.loss_mask: 1.6240  decode.d0.loss_dice: 1.4213  decode.d1.loss_cls: 0.5856  decode.d1.loss_mask: 1.6770  decode.d1.loss_dice: 1.3886  decode.d2.loss_cls: 0.5339  decode.d2.loss_mask: 1.6638  decode.d2.loss_dice: 1.3689  decode.d3.loss_cls: 0.5525  decode.d3.loss_mask: 1.7119  decode.d3.loss_dice: 1.4133  decode.d4.loss_cls: 0.5183  decode.d4.loss_mask: 1.7158  decode.d4.loss_dice: 1.4670  decode.d5.loss_cls: 0.5591  decode.d5.loss_mask: 1.8470  decode.d5.loss_dice: 1.4623  decode.d6.loss_cls: 0.5732  decode.d6.loss_mask: 1.6611  decode.d6.loss_dice: 1.3582  decode.d7.loss_cls: 0.5774  decode.d7.loss_mask: 1.7043  decode.d7.loss_dice: 1.3848  decode.d8.loss_cls: 0.5579  decode.d8.loss_mask: 1.7143  decode.d8.loss_dice: 1.4300
09/30 22:19:19 - mmengine - INFO - Iter(train) [10450/20000]  base_lr: 5.1416e-05 lr: 5.1416e-06  eta: 0:48:28  time: 0.2979  data_time: 0.0117  memory: 8457  grad_norm: 1496.8336  loss: 31.6619  decode.loss_cls: 0.2469  decode.loss_mask: 1.6162  decode.loss_dice: 1.3294  decode.d0.loss_cls: 0.3645  decode.d0.loss_mask: 1.5958  decode.d0.loss_dice: 1.2780  decode.d1.loss_cls: 0.2611  decode.d1.loss_mask: 1.5227  decode.d1.loss_dice: 1.3209  decode.d2.loss_cls: 0.2517  decode.d2.loss_mask: 1.5668  decode.d2.loss_dice: 1.3285  decode.d3.loss_cls: 0.2312  decode.d3.loss_mask: 1.5550  decode.d3.loss_dice: 1.3183  decode.d4.loss_cls: 0.2569  decode.d4.loss_mask: 1.6172  decode.d4.loss_dice: 1.3070  decode.d5.loss_cls: 0.2537  decode.d5.loss_mask: 1.6392  decode.d5.loss_dice: 1.3098  decode.d6.loss_cls: 0.2396  decode.d6.loss_mask: 1.5478  decode.d6.loss_dice: 1.3221  decode.d7.loss_cls: 0.3114  decode.d7.loss_mask: 1.5609  decode.d7.loss_dice: 1.3336  decode.d8.loss_cls: 0.2415  decode.d8.loss_mask: 1.6106  decode.d8.loss_dice: 1.3239
09/30 22:19:34 - mmengine - INFO - Iter(train) [10500/20000]  base_lr: 5.1173e-05 lr: 5.1173e-06  eta: 0:48:13  time: 0.3082  data_time: 0.0126  memory: 8457  grad_norm: 614.6553  loss: 35.6628  decode.loss_cls: 0.4017  decode.loss_mask: 1.5816  decode.loss_dice: 1.5466  decode.d0.loss_cls: 0.4921  decode.d0.loss_mask: 1.5838  decode.d0.loss_dice: 1.6042  decode.d1.loss_cls: 0.3341  decode.d1.loss_mask: 1.6188  decode.d1.loss_dice: 1.5783  decode.d2.loss_cls: 0.4161  decode.d2.loss_mask: 1.5897  decode.d2.loss_dice: 1.5476  decode.d3.loss_cls: 0.3372  decode.d3.loss_mask: 1.6468  decode.d3.loss_dice: 1.5874  decode.d4.loss_cls: 0.3834  decode.d4.loss_mask: 1.5931  decode.d4.loss_dice: 1.6073  decode.d5.loss_cls: 0.4008  decode.d5.loss_mask: 1.6097  decode.d5.loss_dice: 1.6022  decode.d6.loss_cls: 0.3614  decode.d6.loss_mask: 1.6041  decode.d6.loss_dice: 1.5351  decode.d7.loss_cls: 0.3917  decode.d7.loss_mask: 1.5735  decode.d7.loss_dice: 1.5662  decode.d8.loss_cls: 0.3661  decode.d8.loss_mask: 1.6009  decode.d8.loss_dice: 1.6013
09/30 22:19:49 - mmengine - INFO - Iter(train) [10550/20000]  base_lr: 5.0931e-05 lr: 5.0931e-06  eta: 0:47:57  time: 0.2959  data_time: 0.0115  memory: 8439  grad_norm: 466.9374  loss: 32.5193  decode.loss_cls: 0.4893  decode.loss_mask: 1.3967  decode.loss_dice: 1.3355  decode.d0.loss_cls: 0.4751  decode.d0.loss_mask: 1.4692  decode.d0.loss_dice: 1.4530  decode.d1.loss_cls: 0.3828  decode.d1.loss_mask: 1.4782  decode.d1.loss_dice: 1.4087  decode.d2.loss_cls: 0.5186  decode.d2.loss_mask: 1.4228  decode.d2.loss_dice: 1.2983  decode.d3.loss_cls: 0.4480  decode.d3.loss_mask: 1.4100  decode.d3.loss_dice: 1.3468  decode.d4.loss_cls: 0.4433  decode.d4.loss_mask: 1.4078  decode.d4.loss_dice: 1.3376  decode.d5.loss_cls: 0.4284  decode.d5.loss_mask: 1.3887  decode.d5.loss_dice: 1.3350  decode.d6.loss_cls: 0.3985  decode.d6.loss_mask: 1.4559  decode.d6.loss_dice: 1.4127  decode.d7.loss_cls: 0.3939  decode.d7.loss_mask: 1.5142  decode.d7.loss_dice: 1.3919  decode.d8.loss_cls: 0.3994  decode.d8.loss_mask: 1.4881  decode.d8.loss_dice: 1.3907
09/30 22:20:04 - mmengine - INFO - Iter(train) [10600/20000]  base_lr: 5.0688e-05 lr: 5.0688e-06  eta: 0:47:42  time: 0.2956  data_time: 0.0114  memory: 8449  grad_norm: 583.9061  loss: 36.9188  decode.loss_cls: 0.4278  decode.loss_mask: 1.6598  decode.loss_dice: 1.5869  decode.d0.loss_cls: 0.5846  decode.d0.loss_mask: 1.6244  decode.d0.loss_dice: 1.5930  decode.d1.loss_cls: 0.4120  decode.d1.loss_mask: 1.5957  decode.d1.loss_dice: 1.5755  decode.d2.loss_cls: 0.4490  decode.d2.loss_mask: 1.6490  decode.d2.loss_dice: 1.5728  decode.d3.loss_cls: 0.3914  decode.d3.loss_mask: 1.7187  decode.d3.loss_dice: 1.5918  decode.d4.loss_cls: 0.4374  decode.d4.loss_mask: 1.6586  decode.d4.loss_dice: 1.5729  decode.d5.loss_cls: 0.3791  decode.d5.loss_mask: 1.6747  decode.d5.loss_dice: 1.5786  decode.d6.loss_cls: 0.4974  decode.d6.loss_mask: 1.6441  decode.d6.loss_dice: 1.5826  decode.d7.loss_cls: 0.4222  decode.d7.loss_mask: 1.6708  decode.d7.loss_dice: 1.5462  decode.d8.loss_cls: 0.4363  decode.d8.loss_mask: 1.7356  decode.d8.loss_dice: 1.6501
09/30 22:20:19 - mmengine - INFO - Iter(train) [10650/20000]  base_lr: 5.0446e-05 lr: 5.0446e-06  eta: 0:47:27  time: 0.2964  data_time: 0.0114  memory: 8436  grad_norm: 463.9884  loss: 29.8801  decode.loss_cls: 0.4132  decode.loss_mask: 1.3205  decode.loss_dice: 1.2152  decode.d0.loss_cls: 0.6209  decode.d0.loss_mask: 1.3512  decode.d0.loss_dice: 1.3148  decode.d1.loss_cls: 0.4127  decode.d1.loss_mask: 1.3635  decode.d1.loss_dice: 1.2472  decode.d2.loss_cls: 0.3829  decode.d2.loss_mask: 1.3437  decode.d2.loss_dice: 1.1841  decode.d3.loss_cls: 0.4104  decode.d3.loss_mask: 1.3496  decode.d3.loss_dice: 1.1801  decode.d4.loss_cls: 0.3633  decode.d4.loss_mask: 1.3388  decode.d4.loss_dice: 1.1847  decode.d5.loss_cls: 0.3905  decode.d5.loss_mask: 1.3384  decode.d5.loss_dice: 1.2226  decode.d6.loss_cls: 0.4215  decode.d6.loss_mask: 1.3532  decode.d6.loss_dice: 1.2264  decode.d7.loss_cls: 0.4384  decode.d7.loss_mask: 1.3533  decode.d7.loss_dice: 1.2147  decode.d8.loss_cls: 0.3986  decode.d8.loss_mask: 1.3133  decode.d8.loss_dice: 1.2124
09/30 22:20:34 - mmengine - INFO - Iter(train) [10700/20000]  base_lr: 5.0203e-05 lr: 5.0203e-06  eta: 0:47:11  time: 0.2985  data_time: 0.0111  memory: 8457  grad_norm: 343.6106  loss: 36.4639  decode.loss_cls: 0.5455  decode.loss_mask: 1.4118  decode.loss_dice: 1.7077  decode.d0.loss_cls: 0.7295  decode.d0.loss_mask: 1.4465  decode.d0.loss_dice: 1.7009  decode.d1.loss_cls: 0.5843  decode.d1.loss_mask: 1.3835  decode.d1.loss_dice: 1.6386  decode.d2.loss_cls: 0.5604  decode.d2.loss_mask: 1.4412  decode.d2.loss_dice: 1.6255  decode.d3.loss_cls: 0.5449  decode.d3.loss_mask: 1.4272  decode.d3.loss_dice: 1.6595  decode.d4.loss_cls: 0.4744  decode.d4.loss_mask: 1.5111  decode.d4.loss_dice: 1.7122  decode.d5.loss_cls: 0.3920  decode.d5.loss_mask: 1.4937  decode.d5.loss_dice: 1.6900  decode.d6.loss_cls: 0.4268  decode.d6.loss_mask: 1.5262  decode.d6.loss_dice: 1.6657  decode.d7.loss_cls: 0.5450  decode.d7.loss_mask: 1.4245  decode.d7.loss_dice: 1.6245  decode.d8.loss_cls: 0.5249  decode.d8.loss_mask: 1.4359  decode.d8.loss_dice: 1.6100
09/30 22:20:49 - mmengine - INFO - Iter(train) [10750/20000]  base_lr: 4.9960e-05 lr: 4.9960e-06  eta: 0:46:56  time: 0.2991  data_time: 0.0121  memory: 8457  grad_norm: 354.4951  loss: 35.8138  decode.loss_cls: 0.4017  decode.loss_mask: 1.6194  decode.loss_dice: 1.5923  decode.d0.loss_cls: 0.5170  decode.d0.loss_mask: 1.6430  decode.d0.loss_dice: 1.6257  decode.d1.loss_cls: 0.3974  decode.d1.loss_mask: 1.6006  decode.d1.loss_dice: 1.5593  decode.d2.loss_cls: 0.3608  decode.d2.loss_mask: 1.6112  decode.d2.loss_dice: 1.5455  decode.d3.loss_cls: 0.3869  decode.d3.loss_mask: 1.5970  decode.d3.loss_dice: 1.5495  decode.d4.loss_cls: 0.3702  decode.d4.loss_mask: 1.6170  decode.d4.loss_dice: 1.5705  decode.d5.loss_cls: 0.3855  decode.d5.loss_mask: 1.6206  decode.d5.loss_dice: 1.5968  decode.d6.loss_cls: 0.3262  decode.d6.loss_mask: 1.6368  decode.d6.loss_dice: 1.6015  decode.d7.loss_cls: 0.3240  decode.d7.loss_mask: 1.6290  decode.d7.loss_dice: 1.5713  decode.d8.loss_cls: 0.3959  decode.d8.loss_mask: 1.6023  decode.d8.loss_dice: 1.5590
09/30 22:21:05 - mmengine - INFO - Iter(train) [10800/20000]  base_lr: 4.9717e-05 lr: 4.9717e-06  eta: 0:46:41  time: 0.3262  data_time: 0.0139  memory: 8457  grad_norm: 420.6214  loss: 37.0968  decode.loss_cls: 0.3603  decode.loss_mask: 1.7048  decode.loss_dice: 1.6174  decode.d0.loss_cls: 0.6279  decode.d0.loss_mask: 1.6288  decode.d0.loss_dice: 1.6261  decode.d1.loss_cls: 0.5153  decode.d1.loss_mask: 1.5634  decode.d1.loss_dice: 1.5915  decode.d2.loss_cls: 0.4399  decode.d2.loss_mask: 1.5937  decode.d2.loss_dice: 1.6012  decode.d3.loss_cls: 0.4108  decode.d3.loss_mask: 1.7201  decode.d3.loss_dice: 1.6571  decode.d4.loss_cls: 0.3904  decode.d4.loss_mask: 1.6571  decode.d4.loss_dice: 1.6554  decode.d5.loss_cls: 0.4041  decode.d5.loss_mask: 1.7136  decode.d5.loss_dice: 1.6356  decode.d6.loss_cls: 0.3940  decode.d6.loss_mask: 1.6558  decode.d6.loss_dice: 1.6359  decode.d7.loss_cls: 0.3723  decode.d7.loss_mask: 1.7091  decode.d7.loss_dice: 1.6116  decode.d8.loss_cls: 0.3951  decode.d8.loss_mask: 1.6162  decode.d8.loss_dice: 1.5924
09/30 22:21:20 - mmengine - INFO - Iter(train) [10850/20000]  base_lr: 4.9473e-05 lr: 4.9473e-06  eta: 0:46:26  time: 0.2974  data_time: 0.0115  memory: 8467  grad_norm: 436.6663  loss: 30.0110  decode.loss_cls: 0.4092  decode.loss_mask: 1.3459  decode.loss_dice: 1.2312  decode.d0.loss_cls: 0.5499  decode.d0.loss_mask: 1.3412  decode.d0.loss_dice: 1.2954  decode.d1.loss_cls: 0.4083  decode.d1.loss_mask: 1.3666  decode.d1.loss_dice: 1.2165  decode.d2.loss_cls: 0.3970  decode.d2.loss_mask: 1.3598  decode.d2.loss_dice: 1.2267  decode.d3.loss_cls: 0.4219  decode.d3.loss_mask: 1.3599  decode.d3.loss_dice: 1.2031  decode.d4.loss_cls: 0.4580  decode.d4.loss_mask: 1.3454  decode.d4.loss_dice: 1.2007  decode.d5.loss_cls: 0.4889  decode.d5.loss_mask: 1.3281  decode.d5.loss_dice: 1.2161  decode.d6.loss_cls: 0.4077  decode.d6.loss_mask: 1.3350  decode.d6.loss_dice: 1.2082  decode.d7.loss_cls: 0.4675  decode.d7.loss_mask: 1.2995  decode.d7.loss_dice: 1.2320  decode.d8.loss_cls: 0.4079  decode.d8.loss_mask: 1.3210  decode.d8.loss_dice: 1.1624
09/30 22:21:35 - mmengine - INFO - Iter(train) [10900/20000]  base_lr: 4.9230e-05 lr: 4.9230e-06  eta: 0:46:11  time: 0.3039  data_time: 0.0120  memory: 8457  grad_norm: 519.7942  loss: 39.7142  decode.loss_cls: 0.4263  decode.loss_mask: 1.7772  decode.loss_dice: 1.6355  decode.d0.loss_cls: 0.5874  decode.d0.loss_mask: 1.8508  decode.d0.loss_dice: 1.7069  decode.d1.loss_cls: 0.5116  decode.d1.loss_mask: 1.7438  decode.d1.loss_dice: 1.6593  decode.d2.loss_cls: 0.5284  decode.d2.loss_mask: 1.8265  decode.d2.loss_dice: 1.6773  decode.d3.loss_cls: 0.4638  decode.d3.loss_mask: 1.7904  decode.d3.loss_dice: 1.6322  decode.d4.loss_cls: 0.5078  decode.d4.loss_mask: 1.8307  decode.d4.loss_dice: 1.6420  decode.d5.loss_cls: 0.4191  decode.d5.loss_mask: 1.8591  decode.d5.loss_dice: 1.6804  decode.d6.loss_cls: 0.4213  decode.d6.loss_mask: 1.8620  decode.d6.loss_dice: 1.7017  decode.d7.loss_cls: 0.4953  decode.d7.loss_mask: 1.8786  decode.d7.loss_dice: 1.6528  decode.d8.loss_cls: 0.4918  decode.d8.loss_mask: 1.8159  decode.d8.loss_dice: 1.6382
09/30 22:21:50 - mmengine - INFO - Iter(train) [10950/20000]  base_lr: 4.8986e-05 lr: 4.8986e-06  eta: 0:45:55  time: 0.2996  data_time: 0.0116  memory: 8437  grad_norm: 658.3646  loss: 46.8598  decode.loss_cls: 0.7080  decode.loss_mask: 2.1793  decode.loss_dice: 1.7708  decode.d0.loss_cls: 0.8674  decode.d0.loss_mask: 2.2128  decode.d0.loss_dice: 1.8370  decode.d1.loss_cls: 0.6333  decode.d1.loss_mask: 2.1870  decode.d1.loss_dice: 1.8190  decode.d2.loss_cls: 0.6441  decode.d2.loss_mask: 2.1691  decode.d2.loss_dice: 1.7706  decode.d3.loss_cls: 0.7360  decode.d3.loss_mask: 2.1850  decode.d3.loss_dice: 1.8340  decode.d4.loss_cls: 0.7226  decode.d4.loss_mask: 2.1283  decode.d4.loss_dice: 1.7632  decode.d5.loss_cls: 0.7437  decode.d5.loss_mask: 2.2002  decode.d5.loss_dice: 1.7283  decode.d6.loss_cls: 0.6875  decode.d6.loss_mask: 2.1987  decode.d6.loss_dice: 1.7781  decode.d7.loss_cls: 0.7591  decode.d7.loss_mask: 2.1980  decode.d7.loss_dice: 1.7809  decode.d8.loss_cls: 0.7005  decode.d8.loss_mask: 2.1745  decode.d8.loss_dice: 1.7428
09/30 22:22:06 - mmengine - INFO - Exp name: mask2former_swin_l_512_20260930_211218
09/30 22:22:06 - mmengine - INFO - Iter(train) [11000/20000]  base_lr: 4.8743e-05 lr: 4.8743e-06  eta: 0:45:40  time: 0.3089  data_time: 0.0126  memory: 8438  grad_norm: 724.6908  loss: 41.4035  decode.loss_cls: 0.2605  decode.loss_mask: 2.0322  decode.loss_dice: 1.8823  decode.d0.loss_cls: 0.5514  decode.d0.loss_mask: 1.9890  decode.d0.loss_dice: 1.8167  decode.d1.loss_cls: 0.3336  decode.d1.loss_mask: 1.9823  decode.d1.loss_dice: 1.7968  decode.d2.loss_cls: 0.3320  decode.d2.loss_mask: 1.9733  decode.d2.loss_dice: 1.8071  decode.d3.loss_cls: 0.3706  decode.d3.loss_mask: 1.9087  decode.d3.loss_dice: 1.7791  decode.d4.loss_cls: 0.3132  decode.d4.loss_mask: 1.9746  decode.d4.loss_dice: 1.7798  decode.d5.loss_cls: 0.2942  decode.d5.loss_mask: 2.0898  decode.d5.loss_dice: 1.8355  decode.d6.loss_cls: 0.2336  decode.d6.loss_mask: 2.0812  decode.d6.loss_dice: 1.8698  decode.d7.loss_cls: 0.3226  decode.d7.loss_mask: 1.9410  decode.d7.loss_dice: 1.7901  decode.d8.loss_cls: 0.3456  decode.d8.loss_mask: 1.9285  decode.d8.loss_dice: 1.7886
09/30 22:22:06 - mmengine - INFO - Saving checkpoint at 11000 iterations
09/30 22:22:14 - mmengine - INFO - Iter(val) [ 50/699]    eta: 0:01:15  time: 0.1150  data_time: 0.0040  memory: 3701  
09/30 22:22:20 - mmengine - INFO - Iter(val) [100/699]    eta: 0:01:09  time: 0.1153  data_time: 0.0041  memory: 3701  
09/30 22:22:26 - mmengine - INFO - Iter(val) [150/699]    eta: 0:01:03  time: 0.1163  data_time: 0.0041  memory: 3701  
09/30 22:22:32 - mmengine - INFO - Iter(val) [200/699]    eta: 0:00:57  time: 0.1161  data_time: 0.0041  memory: 3701  
09/30 22:22:38 - mmengine - INFO - Iter(val) [250/699]    eta: 0:00:52  time: 0.1158  data_time: 0.0041  memory: 3701  
09/30 22:22:43 - mmengine - INFO - Iter(val) [300/699]    eta: 0:00:46  time: 0.1151  data_time: 0.0040  memory: 3701  
09/30 22:22:49 - mmengine - INFO - Iter(val) [350/699]    eta: 0:00:40  time: 0.1149  data_time: 0.0039  memory: 3701  
09/30 22:22:55 - mmengine - INFO - Iter(val) [400/699]    eta: 0:00:34  time: 0.1146  data_time: 0.0039  memory: 3701  
09/30 22:23:01 - mmengine - INFO - Iter(val) [450/699]    eta: 0:00:28  time: 0.1148  data_time: 0.0040  memory: 3701  
09/30 22:23:06 - mmengine - INFO - Iter(val) [500/699]    eta: 0:00:23  time: 0.1148  data_time: 0.0039  memory: 3701  
09/30 22:23:12 - mmengine - INFO - Iter(val) [550/699]    eta: 0:00:17  time: 0.1148  data_time: 0.0040  memory: 3701  
09/30 22:23:18 - mmengine - INFO - Iter(val) [600/699]    eta: 0:00:11  time: 0.1146  data_time: 0.0038  memory: 3701  
09/30 22:23:24 - mmengine - INFO - Iter(val) [650/699]    eta: 0:00:05  time: 0.1147  data_time: 0.0039  memory: 3701  
09/30 22:23:29 - mmengine - INFO - per class results:
09/30 22:23:29 - mmengine - INFO - 
+--------------+-------+-------+
|    Class     |  IoU  |  Acc  |
+--------------+-------+-------+
|  Background  | 60.85 | 74.34 |
|   Building   | 81.89 | 89.94 |
|     Road     | 69.59 | 82.57 |
|    Water     | 83.82 | 91.69 |
|    Barren    |  15.9 | 22.52 |
|  Vegetation  | 84.75 | 92.54 |
| Agricultural |  68.8 | 85.18 |
|   Vehicle    | 76.16 |  88.3 |
+--------------+-------+-------+
09/30 22:23:29 - mmengine - INFO - Iter(val) [699/699]    aAcc: 84.7200  mIoU: 67.7200  mAcc: 78.3800  data_time: 0.0041  time: 0.1154
09/30 22:23:29 - mmengine - INFO - The previous best checkpoint /root/hyperseg/runs/mask2former_uav/h2_swin_l_mask2former_20k_seed3407_fp32/best_mIoU_iter_8000.pth is removed
09/30 22:23:32 - mmengine - INFO - The best checkpoint with 67.7200 mIoU at 11000 iter is saved to best_mIoU_iter_11000.pth.
09/30 22:23:49 - mmengine - INFO - Iter(train) [11050/20000]  base_lr: 4.8499e-05 lr: 4.8499e-06  eta: 0:45:29  time: 0.3012  data_time: 0.0117  memory: 8442  grad_norm: 464.1388  loss: 38.1116  decode.loss_cls: 0.5896  decode.loss_mask: 1.6391  decode.loss_dice: 1.4872  decode.d0.loss_cls: 0.8025  decode.d0.loss_mask: 1.6274  decode.d0.loss_dice: 1.6131  decode.d1.loss_cls: 0.5399  decode.d1.loss_mask: 1.6804  decode.d1.loss_dice: 1.5061  decode.d2.loss_cls: 0.5427  decode.d2.loss_mask: 1.7170  decode.d2.loss_dice: 1.5401  decode.d3.loss_cls: 0.5598  decode.d3.loss_mask: 1.7273  decode.d3.loss_dice: 1.5607  decode.d4.loss_cls: 0.5114  decode.d4.loss_mask: 1.7377  decode.d4.loss_dice: 1.5802  decode.d5.loss_cls: 0.5834  decode.d5.loss_mask: 1.7495  decode.d5.loss_dice: 1.5652  decode.d6.loss_cls: 0.5741  decode.d6.loss_mask: 1.6823  decode.d6.loss_dice: 1.5112  decode.d7.loss_cls: 0.5266  decode.d7.loss_mask: 1.6962  decode.d7.loss_dice: 1.5027  decode.d8.loss_cls: 0.5510  decode.d8.loss_mask: 1.6825  decode.d8.loss_dice: 1.5246
09/30 22:24:05 - mmengine - INFO - Iter(train) [11100/20000]  base_lr: 4.8255e-05 lr: 4.8255e-06  eta: 0:45:14  time: 0.3108  data_time: 0.0128  memory: 8442  grad_norm: 486.2224  loss: 35.6864  decode.loss_cls: 0.6077  decode.loss_mask: 1.6182  decode.loss_dice: 1.3508  decode.d0.loss_cls: 0.8101  decode.d0.loss_mask: 1.6003  decode.d0.loss_dice: 1.3360  decode.d1.loss_cls: 0.6110  decode.d1.loss_mask: 1.5615  decode.d1.loss_dice: 1.3294  decode.d2.loss_cls: 0.6015  decode.d2.loss_mask: 1.6979  decode.d2.loss_dice: 1.3334  decode.d3.loss_cls: 0.5143  decode.d3.loss_mask: 1.6072  decode.d3.loss_dice: 1.2926  decode.d4.loss_cls: 0.5840  decode.d4.loss_mask: 1.6529  decode.d4.loss_dice: 1.3975  decode.d5.loss_cls: 0.4167  decode.d5.loss_mask: 1.7831  decode.d5.loss_dice: 1.3866  decode.d6.loss_cls: 0.6130  decode.d6.loss_mask: 1.5808  decode.d6.loss_dice: 1.3118  decode.d7.loss_cls: 0.5363  decode.d7.loss_mask: 1.7084  decode.d7.loss_dice: 1.2773  decode.d8.loss_cls: 0.6342  decode.d8.loss_mask: 1.5928  decode.d8.loss_dice: 1.3394
09/30 22:24:20 - mmengine - INFO - Iter(train) [11150/20000]  base_lr: 4.8011e-05 lr: 4.8011e-06  eta: 0:44:59  time: 0.3109  data_time: 0.0120  memory: 8437  grad_norm: 637.8745  loss: 34.5886  decode.loss_cls: 0.4173  decode.loss_mask: 1.4945  decode.loss_dice: 1.5019  decode.d0.loss_cls: 0.5199  decode.d0.loss_mask: 1.5684  decode.d0.loss_dice: 1.5864  decode.d1.loss_cls: 0.3975  decode.d1.loss_mask: 1.5596  decode.d1.loss_dice: 1.5545  decode.d2.loss_cls: 0.4035  decode.d2.loss_mask: 1.4961  decode.d2.loss_dice: 1.4772  decode.d3.loss_cls: 0.3892  decode.d3.loss_mask: 1.5996  decode.d3.loss_dice: 1.5383  decode.d4.loss_cls: 0.4771  decode.d4.loss_mask: 1.4700  decode.d4.loss_dice: 1.4505  decode.d5.loss_cls: 0.4507  decode.d5.loss_mask: 1.4779  decode.d5.loss_dice: 1.4824  decode.d6.loss_cls: 0.4003  decode.d6.loss_mask: 1.5416  decode.d6.loss_dice: 1.5334  decode.d7.loss_cls: 0.3827  decode.d7.loss_mask: 1.4997  decode.d7.loss_dice: 1.4916  decode.d8.loss_cls: 0.4052  decode.d8.loss_mask: 1.5148  decode.d8.loss_dice: 1.5067
09/30 22:24:35 - mmengine - INFO - Iter(train) [11200/20000]  base_lr: 4.7767e-05 lr: 4.7767e-06  eta: 0:44:43  time: 0.2965  data_time: 0.0115  memory: 8449  grad_norm: 503.8828  loss: 34.6618  decode.loss_cls: 0.5448  decode.loss_mask: 1.5633  decode.loss_dice: 1.3526  decode.d0.loss_cls: 0.7135  decode.d0.loss_mask: 1.5313  decode.d0.loss_dice: 1.3979  decode.d1.loss_cls: 0.5537  decode.d1.loss_mask: 1.5459  decode.d1.loss_dice: 1.3859  decode.d2.loss_cls: 0.4786  decode.d2.loss_mask: 1.6175  decode.d2.loss_dice: 1.3822  decode.d3.loss_cls: 0.5235  decode.d3.loss_mask: 1.5743  decode.d3.loss_dice: 1.3855  decode.d4.loss_cls: 0.5026  decode.d4.loss_mask: 1.6121  decode.d4.loss_dice: 1.3438  decode.d5.loss_cls: 0.4852  decode.d5.loss_mask: 1.6155  decode.d5.loss_dice: 1.3549  decode.d6.loss_cls: 0.4775  decode.d6.loss_mask: 1.5916  decode.d6.loss_dice: 1.3177  decode.d7.loss_cls: 0.5165  decode.d7.loss_mask: 1.5283  decode.d7.loss_dice: 1.3395  decode.d8.loss_cls: 0.4978  decode.d8.loss_mask: 1.5875  decode.d8.loss_dice: 1.3405
09/30 22:24:50 - mmengine - INFO - Iter(train) [11250/20000]  base_lr: 4.7523e-05 lr: 4.7523e-06  eta: 0:44:28  time: 0.3043  data_time: 0.0121  memory: 8457  grad_norm: 390.5468  loss: 33.2122  decode.loss_cls: 0.4329  decode.loss_mask: 1.5402  decode.loss_dice: 1.3438  decode.d0.loss_cls: 0.6375  decode.d0.loss_mask: 1.4876  decode.d0.loss_dice: 1.3468  decode.d1.loss_cls: 0.4136  decode.d1.loss_mask: 1.5003  decode.d1.loss_dice: 1.3800  decode.d2.loss_cls: 0.3583  decode.d2.loss_mask: 1.5081  decode.d2.loss_dice: 1.3814  decode.d3.loss_cls: 0.3327  decode.d3.loss_mask: 1.6159  decode.d3.loss_dice: 1.3676  decode.d4.loss_cls: 0.4500  decode.d4.loss_mask: 1.4976  decode.d4.loss_dice: 1.3910  decode.d5.loss_cls: 0.4277  decode.d5.loss_mask: 1.5273  decode.d5.loss_dice: 1.3654  decode.d6.loss_cls: 0.4351  decode.d6.loss_mask: 1.4870  decode.d6.loss_dice: 1.3584  decode.d7.loss_cls: 0.4558  decode.d7.loss_mask: 1.5486  decode.d7.loss_dice: 1.3821  decode.d8.loss_cls: 0.4195  decode.d8.loss_mask: 1.4732  decode.d8.loss_dice: 1.3466
09/30 22:25:05 - mmengine - INFO - Iter(train) [11300/20000]  base_lr: 4.7278e-05 lr: 4.7278e-06  eta: 0:44:12  time: 0.3041  data_time: 0.0117  memory: 8449  grad_norm: 817.8016  loss: 37.2723  decode.loss_cls: 0.5780  decode.loss_mask: 1.6289  decode.loss_dice: 1.4848  decode.d0.loss_cls: 0.6506  decode.d0.loss_mask: 1.6881  decode.d0.loss_dice: 1.5257  decode.d1.loss_cls: 0.5667  decode.d1.loss_mask: 1.6783  decode.d1.loss_dice: 1.5095  decode.d2.loss_cls: 0.5790  decode.d2.loss_mask: 1.6766  decode.d2.loss_dice: 1.5333  decode.d3.loss_cls: 0.5436  decode.d3.loss_mask: 1.6611  decode.d3.loss_dice: 1.4536  decode.d4.loss_cls: 0.5293  decode.d4.loss_mask: 1.6874  decode.d4.loss_dice: 1.4873  decode.d5.loss_cls: 0.5468  decode.d5.loss_mask: 1.6581  decode.d5.loss_dice: 1.5038  decode.d6.loss_cls: 0.5643  decode.d6.loss_mask: 1.6937  decode.d6.loss_dice: 1.5202  decode.d7.loss_cls: 0.5939  decode.d7.loss_mask: 1.6198  decode.d7.loss_dice: 1.4297  decode.d8.loss_cls: 0.6033  decode.d8.loss_mask: 1.6407  decode.d8.loss_dice: 1.4363
09/30 22:25:20 - mmengine - INFO - Iter(train) [11350/20000]  base_lr: 4.7033e-05 lr: 4.7033e-06  eta: 0:43:57  time: 0.3011  data_time: 0.0119  memory: 8439  grad_norm: 1090.3483  loss: 33.1074  decode.loss_cls: 0.3540  decode.loss_mask: 1.4332  decode.loss_dice: 1.4633  decode.d0.loss_cls: 0.4851  decode.d0.loss_mask: 1.4655  decode.d0.loss_dice: 1.4824  decode.d1.loss_cls: 0.3722  decode.d1.loss_mask: 1.5063  decode.d1.loss_dice: 1.4783  decode.d2.loss_cls: 0.3500  decode.d2.loss_mask: 1.4518  decode.d2.loss_dice: 1.4963  decode.d3.loss_cls: 0.3652  decode.d3.loss_mask: 1.4158  decode.d3.loss_dice: 1.4623  decode.d4.loss_cls: 0.4310  decode.d4.loss_mask: 1.4379  decode.d4.loss_dice: 1.4837  decode.d5.loss_cls: 0.3754  decode.d5.loss_mask: 1.4294  decode.d5.loss_dice: 1.4844  decode.d6.loss_cls: 0.4253  decode.d6.loss_mask: 1.4329  decode.d6.loss_dice: 1.4762  decode.d7.loss_cls: 0.3859  decode.d7.loss_mask: 1.4375  decode.d7.loss_dice: 1.4226  decode.d8.loss_cls: 0.4242  decode.d8.loss_mask: 1.4373  decode.d8.loss_dice: 1.4418
09/30 22:25:35 - mmengine - INFO - Iter(train) [11400/20000]  base_lr: 4.6789e-05 lr: 4.6789e-06  eta: 0:43:41  time: 0.2980  data_time: 0.0115  memory: 8449  grad_norm: 591.5899  loss: 35.8965  decode.loss_cls: 0.4635  decode.loss_mask: 1.6277  decode.loss_dice: 1.4983  decode.d0.loss_cls: 0.5976  decode.d0.loss_mask: 1.6723  decode.d0.loss_dice: 1.6229  decode.d1.loss_cls: 0.4050  decode.d1.loss_mask: 1.6177  decode.d1.loss_dice: 1.5284  decode.d2.loss_cls: 0.3923  decode.d2.loss_mask: 1.6157  decode.d2.loss_dice: 1.5056  decode.d3.loss_cls: 0.4112  decode.d3.loss_mask: 1.6359  decode.d3.loss_dice: 1.5363  decode.d4.loss_cls: 0.4123  decode.d4.loss_mask: 1.6461  decode.d4.loss_dice: 1.4951  decode.d5.loss_cls: 0.4949  decode.d5.loss_mask: 1.5814  decode.d5.loss_dice: 1.4846  decode.d6.loss_cls: 0.5354  decode.d6.loss_mask: 1.5613  decode.d6.loss_dice: 1.4695  decode.d7.loss_cls: 0.4780  decode.d7.loss_mask: 1.6150  decode.d7.loss_dice: 1.4739  decode.d8.loss_cls: 0.4532  decode.d8.loss_mask: 1.5993  decode.d8.loss_dice: 1.4662
09/30 22:25:50 - mmengine - INFO - Iter(train) [11450/20000]  base_lr: 4.6544e-05 lr: 4.6544e-06  eta: 0:43:26  time: 0.2984  data_time: 0.0115  memory: 8437  grad_norm: 409.5998  loss: 33.8601  decode.loss_cls: 0.3192  decode.loss_mask: 1.6226  decode.loss_dice: 1.4544  decode.d0.loss_cls: 0.6469  decode.d0.loss_mask: 1.5646  decode.d0.loss_dice: 1.4403  decode.d1.loss_cls: 0.3335  decode.d1.loss_mask: 1.6044  decode.d1.loss_dice: 1.4505  decode.d2.loss_cls: 0.3097  decode.d2.loss_mask: 1.5681  decode.d2.loss_dice: 1.4501  decode.d3.loss_cls: 0.2869  decode.d3.loss_mask: 1.5454  decode.d3.loss_dice: 1.4119  decode.d4.loss_cls: 0.2981  decode.d4.loss_mask: 1.6154  decode.d4.loss_dice: 1.4620  decode.d5.loss_cls: 0.3871  decode.d5.loss_mask: 1.5762  decode.d5.loss_dice: 1.4470  decode.d6.loss_cls: 0.3749  decode.d6.loss_mask: 1.5598  decode.d6.loss_dice: 1.4247  decode.d7.loss_cls: 0.3059  decode.d7.loss_mask: 1.6284  decode.d7.loss_dice: 1.4424  decode.d8.loss_cls: 0.2985  decode.d8.loss_mask: 1.6053  decode.d8.loss_dice: 1.4260
09/30 22:26:05 - mmengine - INFO - Iter(train) [11500/20000]  base_lr: 4.6299e-05 lr: 4.6299e-06  eta: 0:43:11  time: 0.3007  data_time: 0.0120  memory: 8457  grad_norm: 460.4133  loss: 40.0690  decode.loss_cls: 0.4696  decode.loss_mask: 1.8539  decode.loss_dice: 1.6963  decode.d0.loss_cls: 0.5851  decode.d0.loss_mask: 1.7954  decode.d0.loss_dice: 1.7709  decode.d1.loss_cls: 0.4265  decode.d1.loss_mask: 1.8335  decode.d1.loss_dice: 1.7356  decode.d2.loss_cls: 0.4553  decode.d2.loss_mask: 1.8068  decode.d2.loss_dice: 1.6748  decode.d3.loss_cls: 0.5332  decode.d3.loss_mask: 1.7358  decode.d3.loss_dice: 1.6804  decode.d4.loss_cls: 0.4841  decode.d4.loss_mask: 1.8153  decode.d4.loss_dice: 1.6996  decode.d5.loss_cls: 0.5480  decode.d5.loss_mask: 1.7890  decode.d5.loss_dice: 1.6664  decode.d6.loss_cls: 0.5218  decode.d6.loss_mask: 1.8081  decode.d6.loss_dice: 1.6991  decode.d7.loss_cls: 0.4951  decode.d7.loss_mask: 1.8028  decode.d7.loss_dice: 1.6749  decode.d8.loss_cls: 0.4797  decode.d8.loss_mask: 1.8176  decode.d8.loss_dice: 1.7142
09/30 22:26:20 - mmengine - INFO - Iter(train) [11550/20000]  base_lr: 4.6054e-05 lr: 4.6054e-06  eta: 0:42:55  time: 0.3027  data_time: 0.0118  memory: 8431  grad_norm: 475.5472  loss: 30.6933  decode.loss_cls: 0.3964  decode.loss_mask: 1.4829  decode.loss_dice: 1.2197  decode.d0.loss_cls: 0.5662  decode.d0.loss_mask: 1.4528  decode.d0.loss_dice: 1.2812  decode.d1.loss_cls: 0.3441  decode.d1.loss_mask: 1.4689  decode.d1.loss_dice: 1.2472  decode.d2.loss_cls: 0.3906  decode.d2.loss_mask: 1.3665  decode.d2.loss_dice: 1.2189  decode.d3.loss_cls: 0.3984  decode.d3.loss_mask: 1.3940  decode.d3.loss_dice: 1.2447  decode.d4.loss_cls: 0.3842  decode.d4.loss_mask: 1.4913  decode.d4.loss_dice: 1.2237  decode.d5.loss_cls: 0.3901  decode.d5.loss_mask: 1.4190  decode.d5.loss_dice: 1.2026  decode.d6.loss_cls: 0.3727  decode.d6.loss_mask: 1.4532  decode.d6.loss_dice: 1.1925  decode.d7.loss_cls: 0.4168  decode.d7.loss_mask: 1.3790  decode.d7.loss_dice: 1.2176  decode.d8.loss_cls: 0.4172  decode.d8.loss_mask: 1.4582  decode.d8.loss_dice: 1.2025
09/30 22:26:35 - mmengine - INFO - Iter(train) [11600/20000]  base_lr: 4.5808e-05 lr: 4.5808e-06  eta: 0:42:40  time: 0.3065  data_time: 0.0131  memory: 8442  grad_norm: 579.4575  loss: 34.2464  decode.loss_cls: 0.4191  decode.loss_mask: 1.5333  decode.loss_dice: 1.3676  decode.d0.loss_cls: 0.6002  decode.d0.loss_mask: 1.5662  decode.d0.loss_dice: 1.4309  decode.d1.loss_cls: 0.5358  decode.d1.loss_mask: 1.5899  decode.d1.loss_dice: 1.4035  decode.d2.loss_cls: 0.5183  decode.d2.loss_mask: 1.5326  decode.d2.loss_dice: 1.3959  decode.d3.loss_cls: 0.4930  decode.d3.loss_mask: 1.4981  decode.d3.loss_dice: 1.3797  decode.d4.loss_cls: 0.4716  decode.d4.loss_mask: 1.5343  decode.d4.loss_dice: 1.3765  decode.d5.loss_cls: 0.4597  decode.d5.loss_mask: 1.5237  decode.d5.loss_dice: 1.3464  decode.d6.loss_cls: 0.5302  decode.d6.loss_mask: 1.4997  decode.d6.loss_dice: 1.3182  decode.d7.loss_cls: 0.5622  decode.d7.loss_mask: 1.5692  decode.d7.loss_dice: 1.3580  decode.d8.loss_cls: 0.4857  decode.d8.loss_mask: 1.5580  decode.d8.loss_dice: 1.3889
09/30 22:26:51 - mmengine - INFO - Iter(train) [11650/20000]  base_lr: 4.5563e-05 lr: 4.5563e-06  eta: 0:42:25  time: 0.3032  data_time: 0.0118  memory: 8439  grad_norm: 1103.2281  loss: 39.3367  decode.loss_cls: 0.3722  decode.loss_mask: 1.9140  decode.loss_dice: 1.6522  decode.d0.loss_cls: 0.5651  decode.d0.loss_mask: 1.9412  decode.d0.loss_dice: 1.7422  decode.d1.loss_cls: 0.4253  decode.d1.loss_mask: 1.8358  decode.d1.loss_dice: 1.6691  decode.d2.loss_cls: 0.3533  decode.d2.loss_mask: 1.8937  decode.d2.loss_dice: 1.6670  decode.d3.loss_cls: 0.3200  decode.d3.loss_mask: 1.8470  decode.d3.loss_dice: 1.6742  decode.d4.loss_cls: 0.3296  decode.d4.loss_mask: 1.8900  decode.d4.loss_dice: 1.6470  decode.d5.loss_cls: 0.3485  decode.d5.loss_mask: 1.9211  decode.d5.loss_dice: 1.7351  decode.d6.loss_cls: 0.4713  decode.d6.loss_mask: 1.8009  decode.d6.loss_dice: 1.5958  decode.d7.loss_cls: 0.4092  decode.d7.loss_mask: 1.7718  decode.d7.loss_dice: 1.6217  decode.d8.loss_cls: 0.4234  decode.d8.loss_mask: 1.8308  decode.d8.loss_dice: 1.6682
09/30 22:27:06 - mmengine - INFO - Iter(train) [11700/20000]  base_lr: 4.5317e-05 lr: 4.5317e-06  eta: 0:42:10  time: 0.2971  data_time: 0.0114  memory: 8442  grad_norm: 511.9903  loss: 38.8767  decode.loss_cls: 0.5292  decode.loss_mask: 1.8106  decode.loss_dice: 1.5575  decode.d0.loss_cls: 0.7500  decode.d0.loss_mask: 1.7901  decode.d0.loss_dice: 1.5769  decode.d1.loss_cls: 0.6058  decode.d1.loss_mask: 1.7407  decode.d1.loss_dice: 1.4755  decode.d2.loss_cls: 0.5814  decode.d2.loss_mask: 1.7393  decode.d2.loss_dice: 1.4570  decode.d3.loss_cls: 0.6470  decode.d3.loss_mask: 1.7848  decode.d3.loss_dice: 1.4459  decode.d4.loss_cls: 0.6217  decode.d4.loss_mask: 1.7716  decode.d4.loss_dice: 1.4787  decode.d5.loss_cls: 0.6357  decode.d5.loss_mask: 1.8060  decode.d5.loss_dice: 1.4939  decode.d6.loss_cls: 0.5767  decode.d6.loss_mask: 1.8076  decode.d6.loss_dice: 1.5208  decode.d7.loss_cls: 0.5562  decode.d7.loss_mask: 1.7751  decode.d7.loss_dice: 1.5007  decode.d8.loss_cls: 0.5892  decode.d8.loss_mask: 1.7548  decode.d8.loss_dice: 1.4965
09/30 22:27:21 - mmengine - INFO - Iter(train) [11750/20000]  base_lr: 4.5071e-05 lr: 4.5071e-06  eta: 0:41:54  time: 0.3013  data_time: 0.0115  memory: 8457  grad_norm: 1334.6126  loss: 31.4354  decode.loss_cls: 0.1848  decode.loss_mask: 1.5928  decode.loss_dice: 1.3558  decode.d0.loss_cls: 0.4178  decode.d0.loss_mask: 1.5744  decode.d0.loss_dice: 1.3338  decode.d1.loss_cls: 0.1857  decode.d1.loss_mask: 1.5626  decode.d1.loss_dice: 1.3479  decode.d2.loss_cls: 0.1625  decode.d2.loss_mask: 1.5764  decode.d2.loss_dice: 1.3536  decode.d3.loss_cls: 0.1645  decode.d3.loss_mask: 1.5785  decode.d3.loss_dice: 1.3778  decode.d4.loss_cls: 0.1715  decode.d4.loss_mask: 1.5716  decode.d4.loss_dice: 1.3551  decode.d5.loss_cls: 0.1889  decode.d5.loss_mask: 1.5784  decode.d5.loss_dice: 1.3624  decode.d6.loss_cls: 0.2029  decode.d6.loss_mask: 1.5794  decode.d6.loss_dice: 1.3768  decode.d7.loss_cls: 0.2190  decode.d7.loss_mask: 1.5775  decode.d7.loss_dice: 1.3499  decode.d8.loss_cls: 0.2091  decode.d8.loss_mask: 1.5729  decode.d8.loss_dice: 1.3512
09/30 22:27:36 - mmengine - INFO - Iter(train) [11800/20000]  base_lr: 4.4825e-05 lr: 4.4825e-06  eta: 0:41:39  time: 0.3009  data_time: 0.0122  memory: 8442  grad_norm: 670.0365  loss: 37.2738  decode.loss_cls: 0.4295  decode.loss_mask: 1.6551  decode.loss_dice: 1.5882  decode.d0.loss_cls: 0.7076  decode.d0.loss_mask: 1.7098  decode.d0.loss_dice: 1.5306  decode.d1.loss_cls: 0.5158  decode.d1.loss_mask: 1.7257  decode.d1.loss_dice: 1.5855  decode.d2.loss_cls: 0.5283  decode.d2.loss_mask: 1.6535  decode.d2.loss_dice: 1.5147  decode.d3.loss_cls: 0.4424  decode.d3.loss_mask: 1.6737  decode.d3.loss_dice: 1.5140  decode.d4.loss_cls: 0.4700  decode.d4.loss_mask: 1.6856  decode.d4.loss_dice: 1.5207  decode.d5.loss_cls: 0.4832  decode.d5.loss_mask: 1.6771  decode.d5.loss_dice: 1.5382  decode.d6.loss_cls: 0.4714  decode.d6.loss_mask: 1.6421  decode.d6.loss_dice: 1.5318  decode.d7.loss_cls: 0.4924  decode.d7.loss_mask: 1.6629  decode.d7.loss_dice: 1.5594  decode.d8.loss_cls: 0.4322  decode.d8.loss_mask: 1.7494  decode.d8.loss_dice: 1.5831
09/30 22:27:51 - mmengine - INFO - Iter(train) [11850/20000]  base_lr: 4.4579e-05 lr: 4.4579e-06  eta: 0:41:23  time: 0.2980  data_time: 0.0116  memory: 8439  grad_norm: 521.4002  loss: 37.4530  decode.loss_cls: 0.5926  decode.loss_mask: 1.6834  decode.loss_dice: 1.5570  decode.d0.loss_cls: 0.6169  decode.d0.loss_mask: 1.6258  decode.d0.loss_dice: 1.5336  decode.d1.loss_cls: 0.5025  decode.d1.loss_mask: 1.6305  decode.d1.loss_dice: 1.5438  decode.d2.loss_cls: 0.5838  decode.d2.loss_mask: 1.5915  decode.d2.loss_dice: 1.5496  decode.d3.loss_cls: 0.5335  decode.d3.loss_mask: 1.6460  decode.d3.loss_dice: 1.5731  decode.d4.loss_cls: 0.5287  decode.d4.loss_mask: 1.6696  decode.d4.loss_dice: 1.6050  decode.d5.loss_cls: 0.4400  decode.d5.loss_mask: 1.6561  decode.d5.loss_dice: 1.5724  decode.d6.loss_cls: 0.5648  decode.d6.loss_mask: 1.6269  decode.d6.loss_dice: 1.5122  decode.d7.loss_cls: 0.5678  decode.d7.loss_mask: 1.6770  decode.d7.loss_dice: 1.5429  decode.d8.loss_cls: 0.5523  decode.d8.loss_mask: 1.6139  decode.d8.loss_dice: 1.5598
09/30 22:28:06 - mmengine - INFO - Iter(train) [11900/20000]  base_lr: 4.4333e-05 lr: 4.4333e-06  eta: 0:41:08  time: 0.2977  data_time: 0.0116  memory: 8448  grad_norm: 480.8998  loss: 34.2092  decode.loss_cls: 0.4159  decode.loss_mask: 1.5506  decode.loss_dice: 1.4298  decode.d0.loss_cls: 0.5084  decode.d0.loss_mask: 1.5862  decode.d0.loss_dice: 1.5142  decode.d1.loss_cls: 0.4527  decode.d1.loss_mask: 1.5683  decode.d1.loss_dice: 1.4999  decode.d2.loss_cls: 0.3869  decode.d2.loss_mask: 1.6454  decode.d2.loss_dice: 1.4848  decode.d3.loss_cls: 0.3721  decode.d3.loss_mask: 1.4840  decode.d3.loss_dice: 1.4299  decode.d4.loss_cls: 0.3364  decode.d4.loss_mask: 1.5378  decode.d4.loss_dice: 1.4154  decode.d5.loss_cls: 0.3426  decode.d5.loss_mask: 1.5774  decode.d5.loss_dice: 1.4626  decode.d6.loss_cls: 0.3721  decode.d6.loss_mask: 1.5185  decode.d6.loss_dice: 1.4562  decode.d7.loss_cls: 0.3721  decode.d7.loss_mask: 1.5511  decode.d7.loss_dice: 1.4852  decode.d8.loss_cls: 0.3924  decode.d8.loss_mask: 1.5864  decode.d8.loss_dice: 1.4739
09/30 22:28:21 - mmengine - INFO - Iter(train) [11950/20000]  base_lr: 4.4087e-05 lr: 4.4087e-06  eta: 0:40:52  time: 0.3001  data_time: 0.0115  memory: 8448  grad_norm: 649.5323  loss: 42.5506  decode.loss_cls: 0.6242  decode.loss_mask: 1.8386  decode.loss_dice: 1.8099  decode.d0.loss_cls: 0.7746  decode.d0.loss_mask: 1.8059  decode.d0.loss_dice: 1.7764  decode.d1.loss_cls: 0.5710  decode.d1.loss_mask: 1.8219  decode.d1.loss_dice: 1.7365  decode.d2.loss_cls: 0.5884  decode.d2.loss_mask: 1.8764  decode.d2.loss_dice: 1.7781  decode.d3.loss_cls: 0.5763  decode.d3.loss_mask: 1.8559  decode.d3.loss_dice: 1.8046  decode.d4.loss_cls: 0.5138  decode.d4.loss_mask: 1.9014  decode.d4.loss_dice: 1.7681  decode.d5.loss_cls: 0.5539  decode.d5.loss_mask: 1.9235  decode.d5.loss_dice: 1.8173  decode.d6.loss_cls: 0.6105  decode.d6.loss_mask: 1.9327  decode.d6.loss_dice: 1.7926  decode.d7.loss_cls: 0.5716  decode.d7.loss_mask: 1.8597  decode.d7.loss_dice: 1.7477  decode.d8.loss_cls: 0.6742  decode.d8.loss_mask: 1.8797  decode.d8.loss_dice: 1.7650
09/30 22:28:36 - mmengine - INFO - Exp name: mask2former_swin_l_512_20260930_211218
09/30 22:28:36 - mmengine - INFO - Iter(train) [12000/20000]  base_lr: 4.3840e-05 lr: 4.3840e-06  eta: 0:40:37  time: 0.2980  data_time: 0.0115  memory: 8457  grad_norm: 648.6261  loss: 33.0717  decode.loss_cls: 0.3988  decode.loss_mask: 1.5565  decode.loss_dice: 1.3359  decode.d0.loss_cls: 0.5588  decode.d0.loss_mask: 1.5977  decode.d0.loss_dice: 1.3705  decode.d1.loss_cls: 0.4632  decode.d1.loss_mask: 1.4808  decode.d1.loss_dice: 1.2714  decode.d2.loss_cls: 0.4454  decode.d2.loss_mask: 1.5421  decode.d2.loss_dice: 1.3013  decode.d3.loss_cls: 0.4562  decode.d3.loss_mask: 1.4908  decode.d3.loss_dice: 1.2915  decode.d4.loss_cls: 0.4056  decode.d4.loss_mask: 1.5982  decode.d4.loss_dice: 1.3361  decode.d5.loss_cls: 0.3980  decode.d5.loss_mask: 1.5323  decode.d5.loss_dice: 1.2886  decode.d6.loss_cls: 0.4278  decode.d6.loss_mask: 1.5489  decode.d6.loss_dice: 1.2899  decode.d7.loss_cls: 0.4123  decode.d7.loss_mask: 1.6560  decode.d7.loss_dice: 1.3359  decode.d8.loss_cls: 0.4368  decode.d8.loss_mask: 1.5336  decode.d8.loss_dice: 1.3109
09/30 22:28:36 - mmengine - INFO - Saving checkpoint at 12000 iterations
09/30 22:28:44 - mmengine - INFO - Iter(val) [ 50/699]    eta: 0:01:15  time: 0.1151  data_time: 0.0043  memory: 3701  
09/30 22:28:50 - mmengine - INFO - Iter(val) [100/699]    eta: 0:01:09  time: 0.1171  data_time: 0.0041  memory: 3701  
09/30 22:28:56 - mmengine - INFO - Iter(val) [150/699]    eta: 0:01:03  time: 0.1150  data_time: 0.0040  memory: 3701  
09/30 22:29:01 - mmengine - INFO - Iter(val) [200/699]    eta: 0:00:57  time: 0.1160  data_time: 0.0040  memory: 3701  
09/30 22:29:07 - mmengine - INFO - Iter(val) [250/699]    eta: 0:00:51  time: 0.1153  data_time: 0.0040  memory: 3701  
09/30 22:29:13 - mmengine - INFO - Iter(val) [300/699]    eta: 0:00:46  time: 0.1150  data_time: 0.0041  memory: 3701  
09/30 22:29:19 - mmengine - INFO - Iter(val) [350/699]    eta: 0:00:40  time: 0.1168  data_time: 0.0041  memory: 3701  
09/30 22:29:25 - mmengine - INFO - Iter(val) [400/699]    eta: 0:00:34  time: 0.1161  data_time: 0.0041  memory: 3701  
09/30 22:29:30 - mmengine - INFO - Iter(val) [450/699]    eta: 0:00:28  time: 0.1157  data_time: 0.0042  memory: 3701  
09/30 22:29:36 - mmengine - INFO - Iter(val) [500/699]    eta: 0:00:23  time: 0.1162  data_time: 0.0043  memory: 3701  
09/30 22:29:42 - mmengine - INFO - Iter(val) [550/699]    eta: 0:00:17  time: 0.1151  data_time: 0.0040  memory: 3701  
09/30 22:29:48 - mmengine - INFO - Iter(val) [600/699]    eta: 0:00:11  time: 0.1157  data_time: 0.0041  memory: 3701  
09/30 22:29:53 - mmengine - INFO - Iter(val) [650/699]    eta: 0:00:05  time: 0.1148  data_time: 0.0039  memory: 3701  
09/30 22:29:59 - mmengine - INFO - per class results:
09/30 22:29:59 - mmengine - INFO - 
+--------------+-------+-------+
|    Class     |  IoU  |  Acc  |
+--------------+-------+-------+
|  Background  | 55.44 | 87.62 |
|   Building   | 78.99 | 83.37 |
|     Road     | 24.77 | 25.38 |
|    Water     | 82.17 |  88.7 |
|    Barren    |  0.22 |  0.22 |
|  Vegetation  | 82.82 | 86.36 |
| Agricultural |  67.7 | 81.17 |
|   Vehicle    | 74.77 | 80.89 |
+--------------+-------+-------+
09/30 22:29:59 - mmengine - INFO - Iter(val) [699/699]    aAcc: 79.5400  mIoU: 58.3600  mAcc: 66.7100  data_time: 0.0042  time: 0.1157
09/30 22:30:14 - mmengine - INFO - Iter(train) [12050/20000]  base_lr: 4.3594e-05 lr: 4.3594e-06  eta: 0:40:22  time: 0.2999  data_time: 0.0117  memory: 8457  grad_norm: 697.7257  loss: 41.7062  decode.loss_cls: 0.6471  decode.loss_mask: 1.8775  decode.loss_dice: 1.6510  decode.d0.loss_cls: 0.6842  decode.d0.loss_mask: 1.8294  decode.d0.loss_dice: 1.6832  decode.d1.loss_cls: 0.7014  decode.d1.loss_mask: 1.7809  decode.d1.loss_dice: 1.6273  decode.d2.loss_cls: 0.6699  decode.d2.loss_mask: 1.8816  decode.d2.loss_dice: 1.6061  decode.d3.loss_cls: 0.6089  decode.d3.loss_mask: 1.9775  decode.d3.loss_dice: 1.6734  decode.d4.loss_cls: 0.5657  decode.d4.loss_mask: 1.8935  decode.d4.loss_dice: 1.5982  decode.d5.loss_cls: 0.6693  decode.d5.loss_mask: 1.9016  decode.d5.loss_dice: 1.6533  decode.d6.loss_cls: 0.6130  decode.d6.loss_mask: 1.9156  decode.d6.loss_dice: 1.6670  decode.d7.loss_cls: 0.6280  decode.d7.loss_mask: 1.8950  decode.d7.loss_dice: 1.6595  decode.d8.loss_cls: 0.5640  decode.d8.loss_mask: 1.9080  decode.d8.loss_dice: 1.6751
09/30 22:30:29 - mmengine - INFO - Iter(train) [12100/20000]  base_lr: 4.3347e-05 lr: 4.3347e-06  eta: 0:40:06  time: 0.2993  data_time: 0.0118  memory: 8436  grad_norm: 716.3253  loss: 37.9722  decode.loss_cls: 0.5122  decode.loss_mask: 1.6799  decode.loss_dice: 1.5869  decode.d0.loss_cls: 0.6187  decode.d0.loss_mask: 1.6375  decode.d0.loss_dice: 1.6347  decode.d1.loss_cls: 0.5149  decode.d1.loss_mask: 1.6887  decode.d1.loss_dice: 1.5973  decode.d2.loss_cls: 0.5863  decode.d2.loss_mask: 1.6447  decode.d2.loss_dice: 1.6041  decode.d3.loss_cls: 0.5128  decode.d3.loss_mask: 1.6917  decode.d3.loss_dice: 1.5920  decode.d4.loss_cls: 0.4930  decode.d4.loss_mask: 1.6891  decode.d4.loss_dice: 1.6033  decode.d5.loss_cls: 0.5017  decode.d5.loss_mask: 1.6765  decode.d5.loss_dice: 1.5883  decode.d6.loss_cls: 0.4186  decode.d6.loss_mask: 1.7158  decode.d6.loss_dice: 1.5983  decode.d7.loss_cls: 0.4523  decode.d7.loss_mask: 1.6939  decode.d7.loss_dice: 1.6141  decode.d8.loss_cls: 0.5388  decode.d8.loss_mask: 1.6800  decode.d8.loss_dice: 1.6061
09/30 22:30:45 - mmengine - INFO - Iter(train) [12150/20000]  base_lr: 4.3100e-05 lr: 4.3100e-06  eta: 0:39:51  time: 0.2998  data_time: 0.0115  memory: 8429  grad_norm: 1041.5414  loss: 41.1148  decode.loss_cls: 0.3262  decode.loss_mask: 2.1221  decode.loss_dice: 1.6707  decode.d0.loss_cls: 0.5443  decode.d0.loss_mask: 2.0846  decode.d0.loss_dice: 1.7136  decode.d1.loss_cls: 0.3472  decode.d1.loss_mask: 2.0553  decode.d1.loss_dice: 1.6879  decode.d2.loss_cls: 0.2666  decode.d2.loss_mask: 2.1235  decode.d2.loss_dice: 1.6601  decode.d3.loss_cls: 0.2708  decode.d3.loss_mask: 2.0797  decode.d3.loss_dice: 1.6419  decode.d4.loss_cls: 0.2884  decode.d4.loss_mask: 2.1297  decode.d4.loss_dice: 1.6827  decode.d5.loss_cls: 0.2785  decode.d5.loss_mask: 2.1656  decode.d5.loss_dice: 1.7214  decode.d6.loss_cls: 0.2607  decode.d6.loss_mask: 2.1039  decode.d6.loss_dice: 1.6912  decode.d7.loss_cls: 0.3131  decode.d7.loss_mask: 2.0893  decode.d7.loss_dice: 1.6505  decode.d8.loss_cls: 0.3328  decode.d8.loss_mask: 2.1455  decode.d8.loss_dice: 1.6669
09/30 22:31:00 - mmengine - INFO - Iter(train) [12200/20000]  base_lr: 4.2853e-05 lr: 4.2853e-06  eta: 0:39:36  time: 0.3002  data_time: 0.0115  memory: 8448  grad_norm: 710.2013  loss: 33.8284  decode.loss_cls: 0.3345  decode.loss_mask: 1.5214  decode.loss_dice: 1.5037  decode.d0.loss_cls: 0.4874  decode.d0.loss_mask: 1.5533  decode.d0.loss_dice: 1.6156  decode.d1.loss_cls: 0.3444  decode.d1.loss_mask: 1.5713  decode.d1.loss_dice: 1.4888  decode.d2.loss_cls: 0.3329  decode.d2.loss_mask: 1.5812  decode.d2.loss_dice: 1.4891  decode.d3.loss_cls: 0.4253  decode.d3.loss_mask: 1.5247  decode.d3.loss_dice: 1.4528  decode.d4.loss_cls: 0.3339  decode.d4.loss_mask: 1.5060  decode.d4.loss_dice: 1.4822  decode.d5.loss_cls: 0.3104  decode.d5.loss_mask: 1.5278  decode.d5.loss_dice: 1.4759  decode.d6.loss_cls: 0.3067  decode.d6.loss_mask: 1.5471  decode.d6.loss_dice: 1.4885  decode.d7.loss_cls: 0.2779  decode.d7.loss_mask: 1.5380  decode.d7.loss_dice: 1.4807  decode.d8.loss_cls: 0.2386  decode.d8.loss_mask: 1.5912  decode.d8.loss_dice: 1.4970
09/30 22:31:15 - mmengine - INFO - Iter(train) [12250/20000]  base_lr: 4.2605e-05 lr: 4.2605e-06  eta: 0:39:21  time: 0.3020  data_time: 0.0122  memory: 8439  grad_norm: 512.0484  loss: 38.2467  decode.loss_cls: 0.4806  decode.loss_mask: 1.7663  decode.loss_dice: 1.5616  decode.d0.loss_cls: 0.5507  decode.d0.loss_mask: 1.8772  decode.d0.loss_dice: 1.5573  decode.d1.loss_cls: 0.4735  decode.d1.loss_mask: 1.7488  decode.d1.loss_dice: 1.4457  decode.d2.loss_cls: 0.4719  decode.d2.loss_mask: 1.7890  decode.d2.loss_dice: 1.5203  decode.d3.loss_cls: 0.4451  decode.d3.loss_mask: 1.8188  decode.d3.loss_dice: 1.5825  decode.d4.loss_cls: 0.4970  decode.d4.loss_mask: 1.7446  decode.d4.loss_dice: 1.5744  decode.d5.loss_cls: 0.4552  decode.d5.loss_mask: 1.9191  decode.d5.loss_dice: 1.5209  decode.d6.loss_cls: 0.3923  decode.d6.loss_mask: 1.8701  decode.d6.loss_dice: 1.5205  decode.d7.loss_cls: 0.3667  decode.d7.loss_mask: 1.9640  decode.d7.loss_dice: 1.5472  decode.d8.loss_cls: 0.4326  decode.d8.loss_mask: 1.8367  decode.d8.loss_dice: 1.5163
09/30 22:31:30 - mmengine - INFO - Iter(train) [12300/20000]  base_lr: 4.2358e-05 lr: 4.2358e-06  eta: 0:39:05  time: 0.3017  data_time: 0.0123  memory: 8442  grad_norm: 298.4203  loss: 35.5768  decode.loss_cls: 0.6879  decode.loss_mask: 1.5257  decode.loss_dice: 1.3983  decode.d0.loss_cls: 0.7126  decode.d0.loss_mask: 1.4916  decode.d0.loss_dice: 1.4686  decode.d1.loss_cls: 0.6194  decode.d1.loss_mask: 1.5016  decode.d1.loss_dice: 1.4316  decode.d2.loss_cls: 0.6099  decode.d2.loss_mask: 1.5183  decode.d2.loss_dice: 1.3088  decode.d3.loss_cls: 0.6161  decode.d3.loss_mask: 1.5502  decode.d3.loss_dice: 1.3737  decode.d4.loss_cls: 0.6116  decode.d4.loss_mask: 1.5632  decode.d4.loss_dice: 1.3746  decode.d5.loss_cls: 0.6231  decode.d5.loss_mask: 1.5528  decode.d5.loss_dice: 1.3862  decode.d6.loss_cls: 0.6380  decode.d6.loss_mask: 1.5775  decode.d6.loss_dice: 1.4081  decode.d7.loss_cls: 0.6604  decode.d7.loss_mask: 1.5454  decode.d7.loss_dice: 1.3226  decode.d8.loss_cls: 0.6703  decode.d8.loss_mask: 1.4988  decode.d8.loss_dice: 1.3299
09/30 22:31:45 - mmengine - INFO - Iter(train) [12350/20000]  base_lr: 4.2110e-05 lr: 4.2110e-06  eta: 0:38:50  time: 0.3027  data_time: 0.0116  memory: 8448  grad_norm: 362.0329  loss: 30.5186  decode.loss_cls: 0.3171  decode.loss_mask: 1.4111  decode.loss_dice: 1.2924  decode.d0.loss_cls: 0.4526  decode.d0.loss_mask: 1.4429  decode.d0.loss_dice: 1.3240  decode.d1.loss_cls: 0.4261  decode.d1.loss_mask: 1.4020  decode.d1.loss_dice: 1.3027  decode.d2.loss_cls: 0.4042  decode.d2.loss_mask: 1.4514  decode.d2.loss_dice: 1.2861  decode.d3.loss_cls: 0.3373  decode.d3.loss_mask: 1.4095  decode.d3.loss_dice: 1.2784  decode.d4.loss_cls: 0.3947  decode.d4.loss_mask: 1.3995  decode.d4.loss_dice: 1.2599  decode.d5.loss_cls: 0.3647  decode.d5.loss_mask: 1.3851  decode.d5.loss_dice: 1.2467  decode.d6.loss_cls: 0.3266  decode.d6.loss_mask: 1.3938  decode.d6.loss_dice: 1.2743  decode.d7.loss_cls: 0.2426  decode.d7.loss_mask: 1.4466  decode.d7.loss_dice: 1.2971  decode.d8.loss_cls: 0.2801  decode.d8.loss_mask: 1.3753  decode.d8.loss_dice: 1.2937
09/30 22:32:01 - mmengine - INFO - Iter(train) [12400/20000]  base_lr: 4.1862e-05 lr: 4.1862e-06  eta: 0:38:35  time: 0.3010  data_time: 0.0119  memory: 8438  grad_norm: 455.3440  loss: 38.0596  decode.loss_cls: 0.3942  decode.loss_mask: 1.7761  decode.loss_dice: 1.6180  decode.d0.loss_cls: 0.5043  decode.d0.loss_mask: 1.7976  decode.d0.loss_dice: 1.6652  decode.d1.loss_cls: 0.4597  decode.d1.loss_mask: 1.7867  decode.d1.loss_dice: 1.5846  decode.d2.loss_cls: 0.3364  decode.d2.loss_mask: 1.8140  decode.d2.loss_dice: 1.5851  decode.d3.loss_cls: 0.4016  decode.d3.loss_mask: 1.8010  decode.d3.loss_dice: 1.5804  decode.d4.loss_cls: 0.4041  decode.d4.loss_mask: 1.8134  decode.d4.loss_dice: 1.5794  decode.d5.loss_cls: 0.3360  decode.d5.loss_mask: 1.8367  decode.d5.loss_dice: 1.6107  decode.d6.loss_cls: 0.4164  decode.d6.loss_mask: 1.7906  decode.d6.loss_dice: 1.6018  decode.d7.loss_cls: 0.3803  decode.d7.loss_mask: 1.8228  decode.d7.loss_dice: 1.5669  decode.d8.loss_cls: 0.3730  decode.d8.loss_mask: 1.8230  decode.d8.loss_dice: 1.5996
09/30 22:32:16 - mmengine - INFO - Iter(train) [12450/20000]  base_lr: 4.1615e-05 lr: 4.1615e-06  eta: 0:38:19  time: 0.2974  data_time: 0.0115  memory: 8437  grad_norm: 487.6708  loss: 40.0278  decode.loss_cls: 0.5359  decode.loss_mask: 1.7691  decode.loss_dice: 1.6885  decode.d0.loss_cls: 0.5267  decode.d0.loss_mask: 1.8161  decode.d0.loss_dice: 1.7120  decode.d1.loss_cls: 0.4588  decode.d1.loss_mask: 1.7619  decode.d1.loss_dice: 1.7076  decode.d2.loss_cls: 0.4950  decode.d2.loss_mask: 1.7823  decode.d2.loss_dice: 1.6618  decode.d3.loss_cls: 0.5733  decode.d3.loss_mask: 1.7389  decode.d3.loss_dice: 1.6566  decode.d4.loss_cls: 0.5594  decode.d4.loss_mask: 1.7906  decode.d4.loss_dice: 1.7156  decode.d5.loss_cls: 0.5699  decode.d5.loss_mask: 1.8275  decode.d5.loss_dice: 1.6760  decode.d6.loss_cls: 0.5491  decode.d6.loss_mask: 1.7605  decode.d6.loss_dice: 1.6625  decode.d7.loss_cls: 0.5235  decode.d7.loss_mask: 1.8081  decode.d7.loss_dice: 1.6433  decode.d8.loss_cls: 0.5206  decode.d8.loss_mask: 1.8625  decode.d8.loss_dice: 1.6741
09/30 22:32:31 - mmengine - INFO - Iter(train) [12500/20000]  base_lr: 4.1366e-05 lr: 4.1366e-06  eta: 0:38:04  time: 0.2961  data_time: 0.0119  memory: 8448  grad_norm: 327.5016  loss: 36.6359  decode.loss_cls: 0.5874  decode.loss_mask: 1.6374  decode.loss_dice: 1.4225  decode.d0.loss_cls: 0.6905  decode.d0.loss_mask: 1.6018  decode.d0.loss_dice: 1.5666  decode.d1.loss_cls: 0.6006  decode.d1.loss_mask: 1.5931  decode.d1.loss_dice: 1.4505  decode.d2.loss_cls: 0.5128  decode.d2.loss_mask: 1.7000  decode.d2.loss_dice: 1.4180  decode.d3.loss_cls: 0.5808  decode.d3.loss_mask: 1.6534  decode.d3.loss_dice: 1.4151  decode.d4.loss_cls: 0.5144  decode.d4.loss_mask: 1.6505  decode.d4.loss_dice: 1.4212  decode.d5.loss_cls: 0.5517  decode.d5.loss_mask: 1.6912  decode.d5.loss_dice: 1.4643  decode.d6.loss_cls: 0.5765  decode.d6.loss_mask: 1.6374  decode.d6.loss_dice: 1.4080  decode.d7.loss_cls: 0.5452  decode.d7.loss_mask: 1.6991  decode.d7.loss_dice: 1.4565  decode.d8.loss_cls: 0.6299  decode.d8.loss_mask: 1.5740  decode.d8.loss_dice: 1.3856
09/30 22:32:46 - mmengine - INFO - Iter(train) [12550/20000]  base_lr: 4.1118e-05 lr: 4.1118e-06  eta: 0:37:49  time: 0.2964  data_time: 0.0113  memory: 8442  grad_norm: 791.1519  loss: 37.9778  decode.loss_cls: 0.5746  decode.loss_mask: 1.7039  decode.loss_dice: 1.5001  decode.d0.loss_cls: 0.7995  decode.d0.loss_mask: 1.8271  decode.d0.loss_dice: 1.5480  decode.d1.loss_cls: 0.6124  decode.d1.loss_mask: 1.7314  decode.d1.loss_dice: 1.4744  decode.d2.loss_cls: 0.4974  decode.d2.loss_mask: 1.7499  decode.d2.loss_dice: 1.5130  decode.d3.loss_cls: 0.4939  decode.d3.loss_mask: 1.7207  decode.d3.loss_dice: 1.4660  decode.d4.loss_cls: 0.5075  decode.d4.loss_mask: 1.7408  decode.d4.loss_dice: 1.5099  decode.d5.loss_cls: 0.5448  decode.d5.loss_mask: 1.6938  decode.d5.loss_dice: 1.4552  decode.d6.loss_cls: 0.4600  decode.d6.loss_mask: 1.7816  decode.d6.loss_dice: 1.4918  decode.d7.loss_cls: 0.4606  decode.d7.loss_mask: 1.7769  decode.d7.loss_dice: 1.5203  decode.d8.loss_cls: 0.4906  decode.d8.loss_mask: 1.7711  decode.d8.loss_dice: 1.5607
09/30 22:33:01 - mmengine - INFO - Iter(train) [12600/20000]  base_lr: 4.0870e-05 lr: 4.0870e-06  eta: 0:37:33  time: 0.3016  data_time: 0.0116  memory: 8438  grad_norm: 368.1112  loss: 32.0878  decode.loss_cls: 0.4618  decode.loss_mask: 1.3148  decode.loss_dice: 1.4400  decode.d0.loss_cls: 0.5509  decode.d0.loss_mask: 1.3151  decode.d0.loss_dice: 1.5016  decode.d1.loss_cls: 0.3931  decode.d1.loss_mask: 1.3233  decode.d1.loss_dice: 1.4125  decode.d2.loss_cls: 0.4675  decode.d2.loss_mask: 1.2726  decode.d2.loss_dice: 1.3942  decode.d3.loss_cls: 0.5047  decode.d3.loss_mask: 1.3285  decode.d3.loss_dice: 1.4497  decode.d4.loss_cls: 0.4762  decode.d4.loss_mask: 1.3071  decode.d4.loss_dice: 1.3801  decode.d5.loss_cls: 0.5166  decode.d5.loss_mask: 1.2965  decode.d5.loss_dice: 1.4161  decode.d6.loss_cls: 0.4565  decode.d6.loss_mask: 1.3185  decode.d6.loss_dice: 1.4118  decode.d7.loss_cls: 0.4760  decode.d7.loss_mask: 1.2760  decode.d7.loss_dice: 1.4060  decode.d8.loss_cls: 0.4432  decode.d8.loss_mask: 1.3473  decode.d8.loss_dice: 1.4296
09/30 22:33:16 - mmengine - INFO - Iter(train) [12650/20000]  base_lr: 4.0621e-05 lr: 4.0621e-06  eta: 0:37:18  time: 0.2987  data_time: 0.0115  memory: 8439  grad_norm: 555.2619  loss: 36.6254  decode.loss_cls: 0.5704  decode.loss_mask: 1.6622  decode.loss_dice: 1.4388  decode.d0.loss_cls: 0.7559  decode.d0.loss_mask: 1.6111  decode.d0.loss_dice: 1.5007  decode.d1.loss_cls: 0.5589  decode.d1.loss_mask: 1.5704  decode.d1.loss_dice: 1.4191  decode.d2.loss_cls: 0.5831  decode.d2.loss_mask: 1.6525  decode.d2.loss_dice: 1.4308  decode.d3.loss_cls: 0.5527  decode.d3.loss_mask: 1.7337  decode.d3.loss_dice: 1.4916  decode.d4.loss_cls: 0.5169  decode.d4.loss_mask: 1.6043  decode.d4.loss_dice: 1.4669  decode.d5.loss_cls: 0.5271  decode.d5.loss_mask: 1.6674  decode.d5.loss_dice: 1.4701  decode.d6.loss_cls: 0.5397  decode.d6.loss_mask: 1.6991  decode.d6.loss_dice: 1.5054  decode.d7.loss_cls: 0.5240  decode.d7.loss_mask: 1.5979  decode.d7.loss_dice: 1.4076  decode.d8.loss_cls: 0.5605  decode.d8.loss_mask: 1.5992  decode.d8.loss_dice: 1.4072
09/30 22:33:31 - mmengine - INFO - Iter(train) [12700/20000]  base_lr: 4.0372e-05 lr: 4.0372e-06  eta: 0:37:03  time: 0.2997  data_time: 0.0115  memory: 8449  grad_norm: 501.7202  loss: 35.9804  decode.loss_cls: 0.4540  decode.loss_mask: 1.6906  decode.loss_dice: 1.5274  decode.d0.loss_cls: 0.6002  decode.d0.loss_mask: 1.6408  decode.d0.loss_dice: 1.5143  decode.d1.loss_cls: 0.5020  decode.d1.loss_mask: 1.6128  decode.d1.loss_dice: 1.4835  decode.d2.loss_cls: 0.4095  decode.d2.loss_mask: 1.6390  decode.d2.loss_dice: 1.4679  decode.d3.loss_cls: 0.4258  decode.d3.loss_mask: 1.6666  decode.d3.loss_dice: 1.5013  decode.d4.loss_cls: 0.4054  decode.d4.loss_mask: 1.6568  decode.d4.loss_dice: 1.4838  decode.d5.loss_cls: 0.4185  decode.d5.loss_mask: 1.6545  decode.d5.loss_dice: 1.4965  decode.d6.loss_cls: 0.3720  decode.d6.loss_mask: 1.6292  decode.d6.loss_dice: 1.5394  decode.d7.loss_cls: 0.3770  decode.d7.loss_mask: 1.6348  decode.d7.loss_dice: 1.5122  decode.d8.loss_cls: 0.4012  decode.d8.loss_mask: 1.7008  decode.d8.loss_dice: 1.5624
09/30 22:33:46 - mmengine - INFO - Iter(train) [12750/20000]  base_lr: 4.0123e-05 lr: 4.0123e-06  eta: 0:36:47  time: 0.2963  data_time: 0.0115  memory: 8429  grad_norm: 326.6058  loss: 32.3995  decode.loss_cls: 0.2780  decode.loss_mask: 1.4498  decode.loss_dice: 1.4311  decode.d0.loss_cls: 0.4691  decode.d0.loss_mask: 1.4319  decode.d0.loss_dice: 1.5173  decode.d1.loss_cls: 0.4145  decode.d1.loss_mask: 1.3969  decode.d1.loss_dice: 1.4600  decode.d2.loss_cls: 0.4425  decode.d2.loss_mask: 1.3901  decode.d2.loss_dice: 1.4121  decode.d3.loss_cls: 0.3568  decode.d3.loss_mask: 1.4009  decode.d3.loss_dice: 1.4390  decode.d4.loss_cls: 0.3398  decode.d4.loss_mask: 1.4197  decode.d4.loss_dice: 1.4068  decode.d5.loss_cls: 0.1937  decode.d5.loss_mask: 1.4820  decode.d5.loss_dice: 1.5152  decode.d6.loss_cls: 0.3206  decode.d6.loss_mask: 1.4509  decode.d6.loss_dice: 1.4883  decode.d7.loss_cls: 0.4513  decode.d7.loss_mask: 1.4277  decode.d7.loss_dice: 1.4168  decode.d8.loss_cls: 0.2769  decode.d8.loss_mask: 1.4473  decode.d8.loss_dice: 1.4724
09/30 22:34:01 - mmengine - INFO - Iter(train) [12800/20000]  base_lr: 3.9874e-05 lr: 3.9874e-06  eta: 0:36:32  time: 0.3217  data_time: 0.0130  memory: 8437  grad_norm: 408.8769  loss: 30.7646  decode.loss_cls: 0.5550  decode.loss_mask: 1.2441  decode.loss_dice: 1.2568  decode.d0.loss_cls: 0.6959  decode.d0.loss_mask: 1.2135  decode.d0.loss_dice: 1.3418  decode.d1.loss_cls: 0.5910  decode.d1.loss_mask: 1.2259  decode.d1.loss_dice: 1.2383  decode.d2.loss_cls: 0.5647  decode.d2.loss_mask: 1.2449  decode.d2.loss_dice: 1.2263  decode.d3.loss_cls: 0.5522  decode.d3.loss_mask: 1.2639  decode.d3.loss_dice: 1.2632  decode.d4.loss_cls: 0.5627  decode.d4.loss_mask: 1.2644  decode.d4.loss_dice: 1.2642  decode.d5.loss_cls: 0.5694  decode.d5.loss_mask: 1.2207  decode.d5.loss_dice: 1.2413  decode.d6.loss_cls: 0.5846  decode.d6.loss_mask: 1.2285  decode.d6.loss_dice: 1.2625  decode.d7.loss_cls: 0.5740  decode.d7.loss_mask: 1.2395  decode.d7.loss_dice: 1.2373  decode.d8.loss_cls: 0.5600  decode.d8.loss_mask: 1.2327  decode.d8.loss_dice: 1.2453
09/30 22:34:16 - mmengine - INFO - Iter(train) [12850/20000]  base_lr: 3.9625e-05 lr: 3.9625e-06  eta: 0:36:17  time: 0.3062  data_time: 0.0118  memory: 8449  grad_norm: 413.5493  loss: 35.0058  decode.loss_cls: 0.3686  decode.loss_mask: 1.5820  decode.loss_dice: 1.5471  decode.d0.loss_cls: 0.4710  decode.d0.loss_mask: 1.6022  decode.d0.loss_dice: 1.5980  decode.d1.loss_cls: 0.3721  decode.d1.loss_mask: 1.5722  decode.d1.loss_dice: 1.5429  decode.d2.loss_cls: 0.2949  decode.d2.loss_mask: 1.6107  decode.d2.loss_dice: 1.5652  decode.d3.loss_cls: 0.3169  decode.d3.loss_mask: 1.5685  decode.d3.loss_dice: 1.5473  decode.d4.loss_cls: 0.2997  decode.d4.loss_mask: 1.5603  decode.d4.loss_dice: 1.5151  decode.d5.loss_cls: 0.3142  decode.d5.loss_mask: 1.5635  decode.d5.loss_dice: 1.5546  decode.d6.loss_cls: 0.3802  decode.d6.loss_mask: 1.5552  decode.d6.loss_dice: 1.5784  decode.d7.loss_cls: 0.3897  decode.d7.loss_mask: 1.5938  decode.d7.loss_dice: 1.5921  decode.d8.loss_cls: 0.2599  decode.d8.loss_mask: 1.6866  decode.d8.loss_dice: 1.6029
09/30 22:34:32 - mmengine - INFO - Iter(train) [12900/20000]  base_lr: 3.9375e-05 lr: 3.9375e-06  eta: 0:36:02  time: 0.2999  data_time: 0.0115  memory: 8439  grad_norm: 426.6825  loss: 33.1190  decode.loss_cls: 0.2973  decode.loss_mask: 1.6380  decode.loss_dice: 1.3795  decode.d0.loss_cls: 0.3426  decode.d0.loss_mask: 1.6766  decode.d0.loss_dice: 1.4448  decode.d1.loss_cls: 0.3151  decode.d1.loss_mask: 1.6130  decode.d1.loss_dice: 1.3957  decode.d2.loss_cls: 0.2566  decode.d2.loss_mask: 1.6230  decode.d2.loss_dice: 1.4025  decode.d3.loss_cls: 0.2703  decode.d3.loss_mask: 1.6077  decode.d3.loss_dice: 1.3856  decode.d4.loss_cls: 0.2791  decode.d4.loss_mask: 1.6303  decode.d4.loss_dice: 1.3700  decode.d5.loss_cls: 0.2980  decode.d5.loss_mask: 1.6047  decode.d5.loss_dice: 1.3965  decode.d6.loss_cls: 0.2815  decode.d6.loss_mask: 1.6184  decode.d6.loss_dice: 1.4012  decode.d7.loss_cls: 0.2846  decode.d7.loss_mask: 1.6281  decode.d7.loss_dice: 1.3708  decode.d8.loss_cls: 0.2969  decode.d8.loss_mask: 1.6221  decode.d8.loss_dice: 1.3882
09/30 22:34:47 - mmengine - INFO - Iter(train) [12950/20000]  base_lr: 3.9126e-05 lr: 3.9126e-06  eta: 0:35:47  time: 0.3036  data_time: 0.0118  memory: 8450  grad_norm: 343.0385  loss: 30.4031  decode.loss_cls: 0.2559  decode.loss_mask: 1.3592  decode.loss_dice: 1.3805  decode.d0.loss_cls: 0.4934  decode.d0.loss_mask: 1.3315  decode.d0.loss_dice: 1.3723  decode.d1.loss_cls: 0.2671  decode.d1.loss_mask: 1.3920  decode.d1.loss_dice: 1.4188  decode.d2.loss_cls: 0.2369  decode.d2.loss_mask: 1.3930  decode.d2.loss_dice: 1.3611  decode.d3.loss_cls: 0.3137  decode.d3.loss_mask: 1.3767  decode.d3.loss_dice: 1.3956  decode.d4.loss_cls: 0.2687  decode.d4.loss_mask: 1.3953  decode.d4.loss_dice: 1.3590  decode.d5.loss_cls: 0.2424  decode.d5.loss_mask: 1.3759  decode.d5.loss_dice: 1.4117  decode.d6.loss_cls: 0.2448  decode.d6.loss_mask: 1.3539  decode.d6.loss_dice: 1.3994  decode.d7.loss_cls: 0.2441  decode.d7.loss_mask: 1.3754  decode.d7.loss_dice: 1.3479  decode.d8.loss_cls: 0.1977  decode.d8.loss_mask: 1.3941  decode.d8.loss_dice: 1.4451
09/30 22:35:02 - mmengine - INFO - Exp name: mask2former_swin_l_512_20260930_211218
09/30 22:35:02 - mmengine - INFO - Iter(train) [13000/20000]  base_lr: 3.8876e-05 lr: 3.8876e-06  eta: 0:35:31  time: 0.3005  data_time: 0.0117  memory: 8466  grad_norm: 657.6845  loss: 34.1945  decode.loss_cls: 0.4637  decode.loss_mask: 1.5382  decode.loss_dice: 1.4455  decode.d0.loss_cls: 0.5639  decode.d0.loss_mask: 1.5650  decode.d0.loss_dice: 1.5279  decode.d1.loss_cls: 0.4330  decode.d1.loss_mask: 1.5732  decode.d1.loss_dice: 1.4420  decode.d2.loss_cls: 0.3421  decode.d2.loss_mask: 1.5353  decode.d2.loss_dice: 1.5024  decode.d3.loss_cls: 0.3404  decode.d3.loss_mask: 1.5668  decode.d3.loss_dice: 1.4341  decode.d4.loss_cls: 0.3143  decode.d4.loss_mask: 1.5544  decode.d4.loss_dice: 1.4357  decode.d5.loss_cls: 0.3662  decode.d5.loss_mask: 1.5245  decode.d5.loss_dice: 1.4294  decode.d6.loss_cls: 0.3991  decode.d6.loss_mask: 1.5673  decode.d6.loss_dice: 1.4851  decode.d7.loss_cls: 0.4781  decode.d7.loss_mask: 1.4867  decode.d7.loss_dice: 1.4525  decode.d8.loss_cls: 0.3928  decode.d8.loss_mask: 1.5520  decode.d8.loss_dice: 1.4825
09/30 22:35:02 - mmengine - INFO - Saving checkpoint at 13000 iterations
09/30 22:35:11 - mmengine - INFO - Iter(val) [ 50/699]    eta: 0:01:15  time: 0.1145  data_time: 0.0040  memory: 3701  
09/30 22:35:16 - mmengine - INFO - Iter(val) [100/699]    eta: 0:01:09  time: 0.1143  data_time: 0.0038  memory: 3701  
09/30 22:35:22 - mmengine - INFO - Iter(val) [150/699]    eta: 0:01:03  time: 0.1148  data_time: 0.0040  memory: 3701  
09/30 22:35:28 - mmengine - INFO - Iter(val) [200/699]    eta: 0:00:57  time: 0.1142  data_time: 0.0036  memory: 3701  
09/30 22:35:34 - mmengine - INFO - Iter(val) [250/699]    eta: 0:00:51  time: 0.1144  data_time: 0.0036  memory: 3701  
09/30 22:35:39 - mmengine - INFO - Iter(val) [300/699]    eta: 0:00:45  time: 0.1168  data_time: 0.0045  memory: 3701  
09/30 22:35:45 - mmengine - INFO - Iter(val) [350/699]    eta: 0:00:40  time: 0.1160  data_time: 0.0040  memory: 3701  
09/30 22:35:51 - mmengine - INFO - Iter(val) [400/699]    eta: 0:00:34  time: 0.1154  data_time: 0.0040  memory: 3701  
09/30 22:35:57 - mmengine - INFO - Iter(val) [450/699]    eta: 0:00:28  time: 0.1144  data_time: 0.0036  memory: 3701  
09/30 22:36:02 - mmengine - INFO - Iter(val) [500/699]    eta: 0:00:22  time: 0.1150  data_time: 0.0040  memory: 3701  
09/30 22:36:08 - mmengine - INFO - Iter(val) [550/699]    eta: 0:00:17  time: 0.1152  data_time: 0.0040  memory: 3701  
09/30 22:36:14 - mmengine - INFO - Iter(val) [600/699]    eta: 0:00:11  time: 0.1154  data_time: 0.0040  memory: 3701  
09/30 22:36:20 - mmengine - INFO - Iter(val) [650/699]    eta: 0:00:05  time: 0.1149  data_time: 0.0039  memory: 3701  
09/30 22:36:25 - mmengine - INFO - per class results:
09/30 22:36:25 - mmengine - INFO - 
+--------------+-------+-------+
|    Class     |  IoU  |  Acc  |
+--------------+-------+-------+
|  Background  | 61.14 | 76.52 |
|   Building   | 82.88 | 91.46 |
|     Road     | 68.63 | 78.95 |
|    Water     | 83.89 | 91.05 |
|    Barren    | 13.74 | 16.77 |
|  Vegetation  | 84.59 | 91.79 |
| Agricultural | 68.46 | 83.15 |
|   Vehicle    |  75.8 | 88.71 |
+--------------+-------+-------+
09/30 22:36:25 - mmengine - INFO - Iter(val) [699/699]    aAcc: 84.7900  mIoU: 67.3900  mAcc: 77.3000  data_time: 0.0041  time: 0.1152
09/30 22:36:41 - mmengine - INFO - Iter(train) [13050/20000]  base_lr: 3.8626e-05 lr: 3.8626e-06  eta: 0:35:16  time: 0.3307  data_time: 0.0141  memory: 8457  grad_norm: 466.0455  loss: 30.2276  decode.loss_cls: 0.3428  decode.loss_mask: 1.3030  decode.loss_dice: 1.3080  decode.d0.loss_cls: 0.4126  decode.d0.loss_mask: 1.4473  decode.d0.loss_dice: 1.4503  decode.d1.loss_cls: 0.2555  decode.d1.loss_mask: 1.3496  decode.d1.loss_dice: 1.3819  decode.d2.loss_cls: 0.2760  decode.d2.loss_mask: 1.3788  decode.d2.loss_dice: 1.3548  decode.d3.loss_cls: 0.2527  decode.d3.loss_mask: 1.3787  decode.d3.loss_dice: 1.3708  decode.d4.loss_cls: 0.2142  decode.d4.loss_mask: 1.3471  decode.d4.loss_dice: 1.3956  decode.d5.loss_cls: 0.2735  decode.d5.loss_mask: 1.2971  decode.d5.loss_dice: 1.3932  decode.d6.loss_cls: 0.3300  decode.d6.loss_mask: 1.3238  decode.d6.loss_dice: 1.3861  decode.d7.loss_cls: 0.2936  decode.d7.loss_mask: 1.3456  decode.d7.loss_dice: 1.3970  decode.d8.loss_cls: 0.2785  decode.d8.loss_mask: 1.3323  decode.d8.loss_dice: 1.3571
09/30 22:36:56 - mmengine - INFO - Iter(train) [13100/20000]  base_lr: 3.8376e-05 lr: 3.8376e-06  eta: 0:35:01  time: 0.3164  data_time: 0.0130  memory: 8438  grad_norm: 461.2248  loss: 30.7118  decode.loss_cls: 0.2215  decode.loss_mask: 1.3983  decode.loss_dice: 1.3953  decode.d0.loss_cls: 0.4686  decode.d0.loss_mask: 1.3659  decode.d0.loss_dice: 1.4238  decode.d1.loss_cls: 0.3402  decode.d1.loss_mask: 1.3631  decode.d1.loss_dice: 1.3640  decode.d2.loss_cls: 0.2924  decode.d2.loss_mask: 1.3707  decode.d2.loss_dice: 1.3772  decode.d3.loss_cls: 0.2899  decode.d3.loss_mask: 1.3887  decode.d3.loss_dice: 1.4018  decode.d4.loss_cls: 0.2756  decode.d4.loss_mask: 1.3856  decode.d4.loss_dice: 1.3754  decode.d5.loss_cls: 0.2735  decode.d5.loss_mask: 1.3594  decode.d5.loss_dice: 1.3702  decode.d6.loss_cls: 0.2949  decode.d6.loss_mask: 1.3629  decode.d6.loss_dice: 1.3651  decode.d7.loss_cls: 0.2716  decode.d7.loss_mask: 1.4271  decode.d7.loss_dice: 1.3981  decode.d8.loss_cls: 0.3190  decode.d8.loss_mask: 1.3778  decode.d8.loss_dice: 1.3943
09/30 22:37:12 - mmengine - INFO - Iter(train) [13150/20000]  base_lr: 3.8125e-05 lr: 3.8125e-06  eta: 0:34:46  time: 0.3010  data_time: 0.0117  memory: 8457  grad_norm: 360.6785  loss: 35.1245  decode.loss_cls: 0.6685  decode.loss_mask: 1.3719  decode.loss_dice: 1.5314  decode.d0.loss_cls: 0.6605  decode.d0.loss_mask: 1.3339  decode.d0.loss_dice: 1.6521  decode.d1.loss_cls: 0.4913  decode.d1.loss_mask: 1.3255  decode.d1.loss_dice: 1.6148  decode.d2.loss_cls: 0.6321  decode.d2.loss_mask: 1.2804  decode.d2.loss_dice: 1.5116  decode.d3.loss_cls: 0.6354  decode.d3.loss_mask: 1.2920  decode.d3.loss_dice: 1.5326  decode.d4.loss_cls: 0.6234  decode.d4.loss_mask: 1.2857  decode.d4.loss_dice: 1.5393  decode.d5.loss_cls: 0.6792  decode.d5.loss_mask: 1.2701  decode.d5.loss_dice: 1.5752  decode.d6.loss_cls: 0.6403  decode.d6.loss_mask: 1.3410  decode.d6.loss_dice: 1.5830  decode.d7.loss_cls: 0.6103  decode.d7.loss_mask: 1.3421  decode.d7.loss_dice: 1.5303  decode.d8.loss_cls: 0.6781  decode.d8.loss_mask: 1.3158  decode.d8.loss_dice: 1.5767
09/30 22:37:27 - mmengine - INFO - Iter(train) [13200/20000]  base_lr: 3.7875e-05 lr: 3.7875e-06  eta: 0:34:31  time: 0.3012  data_time: 0.0118  memory: 8442  grad_norm: 674.4795  loss: 39.3453  decode.loss_cls: 0.5273  decode.loss_mask: 1.6970  decode.loss_dice: 1.6412  decode.d0.loss_cls: 0.6084  decode.d0.loss_mask: 1.7362  decode.d0.loss_dice: 1.7870  decode.d1.loss_cls: 0.6586  decode.d1.loss_mask: 1.6519  decode.d1.loss_dice: 1.6185  decode.d2.loss_cls: 0.5215  decode.d2.loss_mask: 1.7202  decode.d2.loss_dice: 1.6673  decode.d3.loss_cls: 0.6128  decode.d3.loss_mask: 1.7191  decode.d3.loss_dice: 1.6247  decode.d4.loss_cls: 0.5443  decode.d4.loss_mask: 1.7060  decode.d4.loss_dice: 1.5934  decode.d5.loss_cls: 0.5476  decode.d5.loss_mask: 1.6907  decode.d5.loss_dice: 1.6637  decode.d6.loss_cls: 0.6081  decode.d6.loss_mask: 1.6857  decode.d6.loss_dice: 1.6207  decode.d7.loss_cls: 0.5947  decode.d7.loss_mask: 1.6855  decode.d7.loss_dice: 1.6297  decode.d8.loss_cls: 0.6222  decode.d8.loss_mask: 1.7108  decode.d8.loss_dice: 1.6505
09/30 22:37:42 - mmengine - INFO - Iter(train) [13250/20000]  base_lr: 3.7624e-05 lr: 3.7624e-06  eta: 0:34:16  time: 0.3036  data_time: 0.0116  memory: 8450  grad_norm: 415.1423  loss: 30.5439  decode.loss_cls: 0.3062  decode.loss_mask: 1.5114  decode.loss_dice: 1.2221  decode.d0.loss_cls: 0.6047  decode.d0.loss_mask: 1.5055  decode.d0.loss_dice: 1.2470  decode.d1.loss_cls: 0.3422  decode.d1.loss_mask: 1.4815  decode.d1.loss_dice: 1.1859  decode.d2.loss_cls: 0.3540  decode.d2.loss_mask: 1.4860  decode.d2.loss_dice: 1.2033  decode.d3.loss_cls: 0.3418  decode.d3.loss_mask: 1.4674  decode.d3.loss_dice: 1.1816  decode.d4.loss_cls: 0.3311  decode.d4.loss_mask: 1.5014  decode.d4.loss_dice: 1.2079  decode.d5.loss_cls: 0.3597  decode.d5.loss_mask: 1.4777  decode.d5.loss_dice: 1.1971  decode.d6.loss_cls: 0.3203  decode.d6.loss_mask: 1.4746  decode.d6.loss_dice: 1.2182  decode.d7.loss_cls: 0.2823  decode.d7.loss_mask: 1.4813  decode.d7.loss_dice: 1.1940  decode.d8.loss_cls: 0.3611  decode.d8.loss_mask: 1.4923  decode.d8.loss_dice: 1.2045
09/30 22:37:57 - mmengine - INFO - Iter(train) [13300/20000]  base_lr: 3.7373e-05 lr: 3.7373e-06  eta: 0:34:00  time: 0.2976  data_time: 0.0116  memory: 8442  grad_norm: 522.2690  loss: 36.7655  decode.loss_cls: 0.4129  decode.loss_mask: 1.7946  decode.loss_dice: 1.4453  decode.d0.loss_cls: 0.7284  decode.d0.loss_mask: 1.6142  decode.d0.loss_dice: 1.3921  decode.d1.loss_cls: 0.6577  decode.d1.loss_mask: 1.6987  decode.d1.loss_dice: 1.4388  decode.d2.loss_cls: 0.5092  decode.d2.loss_mask: 1.7574  decode.d2.loss_dice: 1.4557  decode.d3.loss_cls: 0.5568  decode.d3.loss_mask: 1.7168  decode.d3.loss_dice: 1.4321  decode.d4.loss_cls: 0.5067  decode.d4.loss_mask: 1.7352  decode.d4.loss_dice: 1.3898  decode.d5.loss_cls: 0.5530  decode.d5.loss_mask: 1.6574  decode.d5.loss_dice: 1.3861  decode.d6.loss_cls: 0.4295  decode.d6.loss_mask: 1.6907  decode.d6.loss_dice: 1.4290  decode.d7.loss_cls: 0.4485  decode.d7.loss_mask: 1.7664  decode.d7.loss_dice: 1.4343  decode.d8.loss_cls: 0.4863  decode.d8.loss_mask: 1.7640  decode.d8.loss_dice: 1.4780
09/30 22:38:12 - mmengine - INFO - Iter(train) [13350/20000]  base_lr: 3.7122e-05 lr: 3.7122e-06  eta: 0:33:45  time: 0.2981  data_time: 0.0119  memory: 8448  grad_norm: 487.6229  loss: 37.7883  decode.loss_cls: 0.6024  decode.loss_mask: 1.5193  decode.loss_dice: 1.6726  decode.d0.loss_cls: 0.6684  decode.d0.loss_mask: 1.5451  decode.d0.loss_dice: 1.6705  decode.d1.loss_cls: 0.6303  decode.d1.loss_mask: 1.5083  decode.d1.loss_dice: 1.6364  decode.d2.loss_cls: 0.6414  decode.d2.loss_mask: 1.4804  decode.d2.loss_dice: 1.6193  decode.d3.loss_cls: 0.6477  decode.d3.loss_mask: 1.4298  decode.d3.loss_dice: 1.6148  decode.d4.loss_cls: 0.6470  decode.d4.loss_mask: 1.4589  decode.d4.loss_dice: 1.6464  decode.d5.loss_cls: 0.6257  decode.d5.loss_mask: 1.5104  decode.d5.loss_dice: 1.6453  decode.d6.loss_cls: 0.5852  decode.d6.loss_mask: 1.5308  decode.d6.loss_dice: 1.6953  decode.d7.loss_cls: 0.5739  decode.d7.loss_mask: 1.5178  decode.d7.loss_dice: 1.6816  decode.d8.loss_cls: 0.6385  decode.d8.loss_mask: 1.4862  decode.d8.loss_dice: 1.6588
09/30 22:38:27 - mmengine - INFO - Iter(train) [13400/20000]  base_lr: 3.6871e-05 lr: 3.6871e-06  eta: 0:33:30  time: 0.2982  data_time: 0.0117  memory: 8457  grad_norm: 717.0036  loss: 37.5897  decode.loss_cls: 0.4742  decode.loss_mask: 1.6770  decode.loss_dice: 1.5757  decode.d0.loss_cls: 0.6263  decode.d0.loss_mask: 1.6947  decode.d0.loss_dice: 1.6907  decode.d1.loss_cls: 0.4216  decode.d1.loss_mask: 1.6876  decode.d1.loss_dice: 1.6401  decode.d2.loss_cls: 0.4394  decode.d2.loss_mask: 1.6862  decode.d2.loss_dice: 1.5993  decode.d3.loss_cls: 0.4464  decode.d3.loss_mask: 1.6594  decode.d3.loss_dice: 1.5842  decode.d4.loss_cls: 0.5128  decode.d4.loss_mask: 1.6386  decode.d4.loss_dice: 1.5678  decode.d5.loss_cls: 0.5256  decode.d5.loss_mask: 1.6551  decode.d5.loss_dice: 1.5729  decode.d6.loss_cls: 0.5050  decode.d6.loss_mask: 1.6484  decode.d6.loss_dice: 1.5460  decode.d7.loss_cls: 0.5298  decode.d7.loss_mask: 1.6641  decode.d7.loss_dice: 1.5732  decode.d8.loss_cls: 0.4664  decode.d8.loss_mask: 1.6743  decode.d8.loss_dice: 1.6070
09/30 22:38:42 - mmengine - INFO - Iter(train) [13450/20000]  base_lr: 3.6619e-05 lr: 3.6619e-06  eta: 0:33:14  time: 0.2980  data_time: 0.0117  memory: 8439  grad_norm: 324.7861  loss: 26.4336  decode.loss_cls: 0.1800  decode.loss_mask: 1.1711  decode.loss_dice: 1.2358  decode.d0.loss_cls: 0.3771  decode.d0.loss_mask: 1.2281  decode.d0.loss_dice: 1.3023  decode.d1.loss_cls: 0.2835  decode.d1.loss_mask: 1.2021  decode.d1.loss_dice: 1.2707  decode.d2.loss_cls: 0.1194  decode.d2.loss_mask: 1.1960  decode.d2.loss_dice: 1.2767  decode.d3.loss_cls: 0.1232  decode.d3.loss_mask: 1.1916  decode.d3.loss_dice: 1.2339  decode.d4.loss_cls: 0.1145  decode.d4.loss_mask: 1.1946  decode.d4.loss_dice: 1.2299  decode.d5.loss_cls: 0.0995  decode.d5.loss_mask: 1.1945  decode.d5.loss_dice: 1.2521  decode.d6.loss_cls: 0.1885  decode.d6.loss_mask: 1.1949  decode.d6.loss_dice: 1.2779  decode.d7.loss_cls: 0.1558  decode.d7.loss_mask: 1.2050  decode.d7.loss_dice: 1.2766  decode.d8.loss_cls: 0.1649  decode.d8.loss_mask: 1.2102  decode.d8.loss_dice: 1.2830
09/30 22:38:57 - mmengine - INFO - Iter(train) [13500/20000]  base_lr: 3.6368e-05 lr: 3.6368e-06  eta: 0:32:59  time: 0.2966  data_time: 0.0115  memory: 8442  grad_norm: 476.6722  loss: 28.9741  decode.loss_cls: 0.3876  decode.loss_mask: 1.2624  decode.loss_dice: 1.2592  decode.d0.loss_cls: 0.4557  decode.d0.loss_mask: 1.2920  decode.d0.loss_dice: 1.2564  decode.d1.loss_cls: 0.3857  decode.d1.loss_mask: 1.2553  decode.d1.loss_dice: 1.2284  decode.d2.loss_cls: 0.3280  decode.d2.loss_mask: 1.2831  decode.d2.loss_dice: 1.2153  decode.d3.loss_cls: 0.3024  decode.d3.loss_mask: 1.2827  decode.d3.loss_dice: 1.2279  decode.d4.loss_cls: 0.4416  decode.d4.loss_mask: 1.2851  decode.d4.loss_dice: 1.1795  decode.d5.loss_cls: 0.4270  decode.d5.loss_mask: 1.2737  decode.d5.loss_dice: 1.1688  decode.d6.loss_cls: 0.4911  decode.d6.loss_mask: 1.2380  decode.d6.loss_dice: 1.1952  decode.d7.loss_cls: 0.3741  decode.d7.loss_mask: 1.2669  decode.d7.loss_dice: 1.2726  decode.d8.loss_cls: 0.3892  decode.d8.loss_mask: 1.2810  decode.d8.loss_dice: 1.2686
09/30 22:39:13 - mmengine - INFO - Iter(train) [13550/20000]  base_lr: 3.6116e-05 lr: 3.6116e-06  eta: 0:32:44  time: 0.3010  data_time: 0.0116  memory: 8457  grad_norm: 526.4232  loss: 34.8418  decode.loss_cls: 0.5487  decode.loss_mask: 1.4674  decode.loss_dice: 1.4475  decode.d0.loss_cls: 0.5519  decode.d0.loss_mask: 1.5238  decode.d0.loss_dice: 1.5609  decode.d1.loss_cls: 0.4665  decode.d1.loss_mask: 1.4837  decode.d1.loss_dice: 1.4421  decode.d2.loss_cls: 0.4475  decode.d2.loss_mask: 1.5252  decode.d2.loss_dice: 1.4964  decode.d3.loss_cls: 0.4980  decode.d3.loss_mask: 1.4646  decode.d3.loss_dice: 1.4410  decode.d4.loss_cls: 0.5050  decode.d4.loss_mask: 1.5074  decode.d4.loss_dice: 1.4568  decode.d5.loss_cls: 0.5225  decode.d5.loss_mask: 1.4980  decode.d5.loss_dice: 1.4512  decode.d6.loss_cls: 0.5573  decode.d6.loss_mask: 1.5286  decode.d6.loss_dice: 1.5009  decode.d7.loss_cls: 0.4598  decode.d7.loss_mask: 1.5289  decode.d7.loss_dice: 1.4784  decode.d8.loss_cls: 0.5161  decode.d8.loss_mask: 1.5071  decode.d8.loss_dice: 1.4586
09/30 22:39:28 - mmengine - INFO - Iter(train) [13600/20000]  base_lr: 3.5864e-05 lr: 3.5864e-06  eta: 0:32:28  time: 0.3006  data_time: 0.0126  memory: 8449  grad_norm: 553.4506  loss: 41.2077  decode.loss_cls: 0.3249  decode.loss_mask: 1.9920  decode.loss_dice: 1.7268  decode.d0.loss_cls: 0.5382  decode.d0.loss_mask: 1.9568  decode.d0.loss_dice: 1.8033  decode.d1.loss_cls: 0.4206  decode.d1.loss_mask: 1.9787  decode.d1.loss_dice: 1.7580  decode.d2.loss_cls: 0.3704  decode.d2.loss_mask: 2.0141  decode.d2.loss_dice: 1.7330  decode.d3.loss_cls: 0.4642  decode.d3.loss_mask: 2.0120  decode.d3.loss_dice: 1.7318  decode.d4.loss_cls: 0.3841  decode.d4.loss_mask: 2.0076  decode.d4.loss_dice: 1.7392  decode.d5.loss_cls: 0.4303  decode.d5.loss_mask: 1.9795  decode.d5.loss_dice: 1.7055  decode.d6.loss_cls: 0.3117  decode.d6.loss_mask: 1.9621  decode.d6.loss_dice: 1.7475  decode.d7.loss_cls: 0.4035  decode.d7.loss_mask: 1.9446  decode.d7.loss_dice: 1.6995  decode.d8.loss_cls: 0.3251  decode.d8.loss_mask: 1.9942  decode.d8.loss_dice: 1.7488
09/30 22:39:43 - mmengine - INFO - Iter(train) [13650/20000]  base_lr: 3.5611e-05 lr: 3.5611e-06  eta: 0:32:13  time: 0.3289  data_time: 0.0133  memory: 8435  grad_norm: 752.8930  loss: 37.3536  decode.loss_cls: 0.2330  decode.loss_mask: 1.8872  decode.loss_dice: 1.6185  decode.d0.loss_cls: 0.3970  decode.d0.loss_mask: 1.9136  decode.d0.loss_dice: 1.6650  decode.d1.loss_cls: 0.3450  decode.d1.loss_mask: 1.8356  decode.d1.loss_dice: 1.6103  decode.d2.loss_cls: 0.2761  decode.d2.loss_mask: 1.7981  decode.d2.loss_dice: 1.5388  decode.d3.loss_cls: 0.2627  decode.d3.loss_mask: 1.8296  decode.d3.loss_dice: 1.5654  decode.d4.loss_cls: 0.3069  decode.d4.loss_mask: 1.8212  decode.d4.loss_dice: 1.5536  decode.d5.loss_cls: 0.2317  decode.d5.loss_mask: 1.9791  decode.d5.loss_dice: 1.6377  decode.d6.loss_cls: 0.2796  decode.d6.loss_mask: 1.7949  decode.d6.loss_dice: 1.5919  decode.d7.loss_cls: 0.2538  decode.d7.loss_mask: 1.8207  decode.d7.loss_dice: 1.6150  decode.d8.loss_cls: 0.2906  decode.d8.loss_mask: 1.8120  decode.d8.loss_dice: 1.5891
09/30 22:39:59 - mmengine - INFO - Iter(train) [13700/20000]  base_lr: 3.5359e-05 lr: 3.5359e-06  eta: 0:31:58  time: 0.3149  data_time: 0.0132  memory: 8457  grad_norm: 498.1558  loss: 34.9853  decode.loss_cls: 0.4359  decode.loss_mask: 1.5361  decode.loss_dice: 1.4284  decode.d0.loss_cls: 0.7549  decode.d0.loss_mask: 1.4841  decode.d0.loss_dice: 1.4793  decode.d1.loss_cls: 0.4893  decode.d1.loss_mask: 1.5256  decode.d1.loss_dice: 1.4784  decode.d2.loss_cls: 0.4674  decode.d2.loss_mask: 1.5327  decode.d2.loss_dice: 1.4419  decode.d3.loss_cls: 0.5044  decode.d3.loss_mask: 1.5177  decode.d3.loss_dice: 1.3871  decode.d4.loss_cls: 0.4336  decode.d4.loss_mask: 1.5223  decode.d4.loss_dice: 1.4139  decode.d5.loss_cls: 0.5083  decode.d5.loss_mask: 1.5479  decode.d5.loss_dice: 1.4854  decode.d6.loss_cls: 0.5649  decode.d6.loss_mask: 1.4866  decode.d6.loss_dice: 1.5051  decode.d7.loss_cls: 0.4788  decode.d7.loss_mask: 1.5518  decode.d7.loss_dice: 1.5086  decode.d8.loss_cls: 0.4945  decode.d8.loss_mask: 1.5682  decode.d8.loss_dice: 1.4521
09/30 22:40:14 - mmengine - INFO - Iter(train) [13750/20000]  base_lr: 3.5106e-05 lr: 3.5106e-06  eta: 0:31:43  time: 0.2993  data_time: 0.0117  memory: 8442  grad_norm: 597.2162  loss: 41.0510  decode.loss_cls: 0.5241  decode.loss_mask: 1.7642  decode.loss_dice: 1.7142  decode.d0.loss_cls: 0.7105  decode.d0.loss_mask: 1.8540  decode.d0.loss_dice: 1.8199  decode.d1.loss_cls: 0.5096  decode.d1.loss_mask: 1.7844  decode.d1.loss_dice: 1.7783  decode.d2.loss_cls: 0.5795  decode.d2.loss_mask: 1.7817  decode.d2.loss_dice: 1.7541  decode.d3.loss_cls: 0.5264  decode.d3.loss_mask: 1.8035  decode.d3.loss_dice: 1.7412  decode.d4.loss_cls: 0.5558  decode.d4.loss_mask: 1.8046  decode.d4.loss_dice: 1.7212  decode.d5.loss_cls: 0.5647  decode.d5.loss_mask: 1.8105  decode.d5.loss_dice: 1.7872  decode.d6.loss_cls: 0.5304  decode.d6.loss_mask: 1.7776  decode.d6.loss_dice: 1.7577  decode.d7.loss_cls: 0.5012  decode.d7.loss_mask: 1.8255  decode.d7.loss_dice: 1.7140  decode.d8.loss_cls: 0.4607  decode.d8.loss_mask: 1.8269  decode.d8.loss_dice: 1.7672
09/30 22:40:29 - mmengine - INFO - Iter(train) [13800/20000]  base_lr: 3.4853e-05 lr: 3.4853e-06  eta: 0:31:28  time: 0.2989  data_time: 0.0119  memory: 8449  grad_norm: 483.0848  loss: 35.4979  decode.loss_cls: 0.5439  decode.loss_mask: 1.5382  decode.loss_dice: 1.4802  decode.d0.loss_cls: 0.5260  decode.d0.loss_mask: 1.5939  decode.d0.loss_dice: 1.5226  decode.d1.loss_cls: 0.3684  decode.d1.loss_mask: 1.6066  decode.d1.loss_dice: 1.4692  decode.d2.loss_cls: 0.3736  decode.d2.loss_mask: 1.6465  decode.d2.loss_dice: 1.5430  decode.d3.loss_cls: 0.4421  decode.d3.loss_mask: 1.6626  decode.d3.loss_dice: 1.4757  decode.d4.loss_cls: 0.4668  decode.d4.loss_mask: 1.6298  decode.d4.loss_dice: 1.4792  decode.d5.loss_cls: 0.3755  decode.d5.loss_mask: 1.6026  decode.d5.loss_dice: 1.5407  decode.d6.loss_cls: 0.3776  decode.d6.loss_mask: 1.6427  decode.d6.loss_dice: 1.5248  decode.d7.loss_cls: 0.3553  decode.d7.loss_mask: 1.6592  decode.d7.loss_dice: 1.5331  decode.d8.loss_cls: 0.4574  decode.d8.loss_mask: 1.5913  decode.d8.loss_dice: 1.4693
09/30 22:40:44 - mmengine - INFO - Iter(train) [13850/20000]  base_lr: 3.4600e-05 lr: 3.4600e-06  eta: 0:31:12  time: 0.3032  data_time: 0.0118  memory: 8439  grad_norm: 373.7770  loss: 33.4379  decode.loss_cls: 0.4946  decode.loss_mask: 1.4793  decode.loss_dice: 1.3212  decode.d0.loss_cls: 0.6714  decode.d0.loss_mask: 1.4629  decode.d0.loss_dice: 1.4048  decode.d1.loss_cls: 0.5099  decode.d1.loss_mask: 1.4798  decode.d1.loss_dice: 1.3129  decode.d2.loss_cls: 0.5090  decode.d2.loss_mask: 1.5082  decode.d2.loss_dice: 1.3103  decode.d3.loss_cls: 0.4472  decode.d3.loss_mask: 1.4948  decode.d3.loss_dice: 1.3611  decode.d4.loss_cls: 0.3950  decode.d4.loss_mask: 1.6675  decode.d4.loss_dice: 1.3573  decode.d5.loss_cls: 0.4326  decode.d5.loss_mask: 1.5140  decode.d5.loss_dice: 1.3547  decode.d6.loss_cls: 0.5019  decode.d6.loss_mask: 1.4848  decode.d6.loss_dice: 1.3492  decode.d7.loss_cls: 0.5050  decode.d7.loss_mask: 1.4619  decode.d7.loss_dice: 1.2952  decode.d8.loss_cls: 0.5211  decode.d8.loss_mask: 1.5414  decode.d8.loss_dice: 1.2886
09/30 22:40:59 - mmengine - INFO - Iter(train) [13900/20000]  base_lr: 3.4347e-05 lr: 3.4347e-06  eta: 0:30:57  time: 0.3002  data_time: 0.0118  memory: 8457  grad_norm: 426.2959  loss: 33.2281  decode.loss_cls: 0.3844  decode.loss_mask: 1.4878  decode.loss_dice: 1.3764  decode.d0.loss_cls: 0.5828  decode.d0.loss_mask: 1.5494  decode.d0.loss_dice: 1.4685  decode.d1.loss_cls: 0.3626  decode.d1.loss_mask: 1.6109  decode.d1.loss_dice: 1.4004  decode.d2.loss_cls: 0.4377  decode.d2.loss_mask: 1.4979  decode.d2.loss_dice: 1.3474  decode.d3.loss_cls: 0.3917  decode.d3.loss_mask: 1.4595  decode.d3.loss_dice: 1.4031  decode.d4.loss_cls: 0.3031  decode.d4.loss_mask: 1.5160  decode.d4.loss_dice: 1.4605  decode.d5.loss_cls: 0.3450  decode.d5.loss_mask: 1.5064  decode.d5.loss_dice: 1.4294  decode.d6.loss_cls: 0.3500  decode.d6.loss_mask: 1.5383  decode.d6.loss_dice: 1.4006  decode.d7.loss_cls: 0.4531  decode.d7.loss_mask: 1.4782  decode.d7.loss_dice: 1.3875  decode.d8.loss_cls: 0.4304  decode.d8.loss_mask: 1.4589  decode.d8.loss_dice: 1.4103
09/30 22:41:15 - mmengine - INFO - Iter(train) [13950/20000]  base_lr: 3.4094e-05 lr: 3.4094e-06  eta: 0:30:42  time: 0.2965  data_time: 0.0113  memory: 8449  grad_norm: 763.0870  loss: 35.2526  decode.loss_cls: 0.5392  decode.loss_mask: 1.6616  decode.loss_dice: 1.3167  decode.d0.loss_cls: 0.6716  decode.d0.loss_mask: 1.6902  decode.d0.loss_dice: 1.4252  decode.d1.loss_cls: 0.4942  decode.d1.loss_mask: 1.6503  decode.d1.loss_dice: 1.3565  decode.d2.loss_cls: 0.5807  decode.d2.loss_mask: 1.5881  decode.d2.loss_dice: 1.2834  decode.d3.loss_cls: 0.5193  decode.d3.loss_mask: 1.5744  decode.d3.loss_dice: 1.3262  decode.d4.loss_cls: 0.4558  decode.d4.loss_mask: 1.6702  decode.d4.loss_dice: 1.3614  decode.d5.loss_cls: 0.5180  decode.d5.loss_mask: 1.7128  decode.d5.loss_dice: 1.3429  decode.d6.loss_cls: 0.5688  decode.d6.loss_mask: 1.6847  decode.d6.loss_dice: 1.3660  decode.d7.loss_cls: 0.5274  decode.d7.loss_mask: 1.6553  decode.d7.loss_dice: 1.3136  decode.d8.loss_cls: 0.4626  decode.d8.loss_mask: 1.6158  decode.d8.loss_dice: 1.3197
09/30 22:41:30 - mmengine - INFO - Exp name: mask2former_swin_l_512_20260930_211218
09/30 22:41:30 - mmengine - INFO - Iter(train) [14000/20000]  base_lr: 3.3840e-05 lr: 3.3840e-06  eta: 0:30:27  time: 0.3011  data_time: 0.0119  memory: 8436  grad_norm: 310.9099  loss: 30.5869  decode.loss_cls: 0.3614  decode.loss_mask: 1.3409  decode.loss_dice: 1.3304  decode.d0.loss_cls: 0.4070  decode.d0.loss_mask: 1.3561  decode.d0.loss_dice: 1.3683  decode.d1.loss_cls: 0.3434  decode.d1.loss_mask: 1.3191  decode.d1.loss_dice: 1.3337  decode.d2.loss_cls: 0.4010  decode.d2.loss_mask: 1.3131  decode.d2.loss_dice: 1.2905  decode.d3.loss_cls: 0.4587  decode.d3.loss_mask: 1.3580  decode.d3.loss_dice: 1.3011  decode.d4.loss_cls: 0.4976  decode.d4.loss_mask: 1.3193  decode.d4.loss_dice: 1.3069  decode.d5.loss_cls: 0.4214  decode.d5.loss_mask: 1.3180  decode.d5.loss_dice: 1.3076  decode.d6.loss_cls: 0.4530  decode.d6.loss_mask: 1.3332  decode.d6.loss_dice: 1.3103  decode.d7.loss_cls: 0.4563  decode.d7.loss_mask: 1.2830  decode.d7.loss_dice: 1.2828  decode.d8.loss_cls: 0.3644  decode.d8.loss_mask: 1.3293  decode.d8.loss_dice: 1.3211
09/30 22:41:30 - mmengine - INFO - Saving checkpoint at 14000 iterations
09/30 22:41:38 - mmengine - INFO - Iter(val) [ 50/699]    eta: 0:01:14  time: 0.1142  data_time: 0.0039  memory: 3701  
09/30 22:41:44 - mmengine - INFO - Iter(val) [100/699]    eta: 0:01:09  time: 0.1147  data_time: 0.0039  memory: 3701  
09/30 22:41:50 - mmengine - INFO - Iter(val) [150/699]    eta: 0:01:03  time: 0.1158  data_time: 0.0041  memory: 3701  
09/30 22:41:55 - mmengine - INFO - Iter(val) [200/699]    eta: 0:00:57  time: 0.1167  data_time: 0.0044  memory: 3701  
09/30 22:42:01 - mmengine - INFO - Iter(val) [250/699]    eta: 0:00:52  time: 0.1155  data_time: 0.0042  memory: 3701  
09/30 22:42:07 - mmengine - INFO - Iter(val) [300/699]    eta: 0:00:46  time: 0.1166  data_time: 0.0041  memory: 3701  
09/30 22:42:13 - mmengine - INFO - Iter(val) [350/699]    eta: 0:00:40  time: 0.1155  data_time: 0.0041  memory: 3701  
09/30 22:42:19 - mmengine - INFO - Iter(val) [400/699]    eta: 0:00:34  time: 0.1153  data_time: 0.0040  memory: 3701  
09/30 22:42:24 - mmengine - INFO - Iter(val) [450/699]    eta: 0:00:28  time: 0.1154  data_time: 0.0040  memory: 3701  
09/30 22:42:30 - mmengine - INFO - Iter(val) [500/699]    eta: 0:00:23  time: 0.1175  data_time: 0.0040  memory: 3701  
09/30 22:42:36 - mmengine - INFO - Iter(val) [550/699]    eta: 0:00:17  time: 0.1176  data_time: 0.0045  memory: 3701  
09/30 22:42:42 - mmengine - INFO - Iter(val) [600/699]    eta: 0:00:11  time: 0.1153  data_time: 0.0040  memory: 3701  
09/30 22:42:48 - mmengine - INFO - Iter(val) [650/699]    eta: 0:00:05  time: 0.1152  data_time: 0.0041  memory: 3701  
09/30 22:42:53 - mmengine - INFO - per class results:
09/30 22:42:53 - mmengine - INFO - 
+--------------+-------+-------+
|    Class     |  IoU  |  Acc  |
+--------------+-------+-------+
|  Background  | 60.75 | 79.82 |
|   Building   | 81.31 | 87.27 |
|     Road     | 62.78 | 71.46 |
|    Water     | 84.23 | 90.36 |
|    Barren    | 17.58 | 24.77 |
|  Vegetation  | 84.95 | 89.88 |
| Agricultural | 69.34 | 87.56 |
|   Vehicle    | 76.77 | 83.93 |
+--------------+-------+-------+
09/30 22:42:53 - mmengine - INFO - Iter(val) [699/699]    aAcc: 84.0800  mIoU: 67.2100  mAcc: 76.8800  data_time: 0.0042  time: 0.1159
09/30 22:43:08 - mmengine - INFO - Iter(train) [14050/20000]  base_lr: 3.3586e-05 lr: 3.3586e-06  eta: 0:30:11  time: 0.3029  data_time: 0.0117  memory: 8438  grad_norm: 602.7966  loss: 35.8188  decode.loss_cls: 0.3888  decode.loss_mask: 1.7906  decode.loss_dice: 1.3836  decode.d0.loss_cls: 0.5139  decode.d0.loss_mask: 1.8031  decode.d0.loss_dice: 1.4054  decode.d1.loss_cls: 0.3336  decode.d1.loss_mask: 1.8321  decode.d1.loss_dice: 1.3966  decode.d2.loss_cls: 0.4107  decode.d2.loss_mask: 1.8079  decode.d2.loss_dice: 1.3648  decode.d3.loss_cls: 0.3585  decode.d3.loss_mask: 1.7988  decode.d3.loss_dice: 1.3437  decode.d4.loss_cls: 0.3578  decode.d4.loss_mask: 1.7717  decode.d4.loss_dice: 1.3699  decode.d5.loss_cls: 0.3815  decode.d5.loss_mask: 1.7943  decode.d5.loss_dice: 1.3960  decode.d6.loss_cls: 0.3749  decode.d6.loss_mask: 1.8136  decode.d6.loss_dice: 1.3833  decode.d7.loss_cls: 0.4102  decode.d7.loss_mask: 1.8209  decode.d7.loss_dice: 1.4026  decode.d8.loss_cls: 0.3840  decode.d8.loss_mask: 1.8159  decode.d8.loss_dice: 1.4101
09/30 22:43:24 - mmengine - INFO - Iter(train) [14100/20000]  base_lr: 3.3332e-05 lr: 3.3332e-06  eta: 0:29:56  time: 0.3198  data_time: 0.0135  memory: 8457  grad_norm: 1434.5522  loss: 37.4946  decode.loss_cls: 0.3721  decode.loss_mask: 1.7288  decode.loss_dice: 1.6350  decode.d0.loss_cls: 0.6988  decode.d0.loss_mask: 1.6538  decode.d0.loss_dice: 1.6209  decode.d1.loss_cls: 0.4607  decode.d1.loss_mask: 1.7345  decode.d1.loss_dice: 1.6593  decode.d2.loss_cls: 0.3473  decode.d2.loss_mask: 1.7125  decode.d2.loss_dice: 1.6586  decode.d3.loss_cls: 0.3856  decode.d3.loss_mask: 1.7627  decode.d3.loss_dice: 1.6448  decode.d4.loss_cls: 0.3887  decode.d4.loss_mask: 1.7024  decode.d4.loss_dice: 1.5958  decode.d5.loss_cls: 0.4032  decode.d5.loss_mask: 1.7105  decode.d5.loss_dice: 1.5818  decode.d6.loss_cls: 0.3374  decode.d6.loss_mask: 1.7363  decode.d6.loss_dice: 1.6056  decode.d7.loss_cls: 0.3017  decode.d7.loss_mask: 1.7117  decode.d7.loss_dice: 1.6520  decode.d8.loss_cls: 0.3760  decode.d8.loss_mask: 1.6753  decode.d8.loss_dice: 1.6410
09/30 22:43:39 - mmengine - INFO - Iter(train) [14150/20000]  base_lr: 3.3078e-05 lr: 3.3078e-06  eta: 0:29:41  time: 0.2969  data_time: 0.0115  memory: 8457  grad_norm: 415.2337  loss: 37.8389  decode.loss_cls: 0.4493  decode.loss_mask: 1.6880  decode.loss_dice: 1.6241  decode.d0.loss_cls: 0.6025  decode.d0.loss_mask: 1.7593  decode.d0.loss_dice: 1.7141  decode.d1.loss_cls: 0.4960  decode.d1.loss_mask: 1.6939  decode.d1.loss_dice: 1.6140  decode.d2.loss_cls: 0.3670  decode.d2.loss_mask: 1.7225  decode.d2.loss_dice: 1.6736  decode.d3.loss_cls: 0.3640  decode.d3.loss_mask: 1.7206  decode.d3.loss_dice: 1.6680  decode.d4.loss_cls: 0.3116  decode.d4.loss_mask: 1.7128  decode.d4.loss_dice: 1.6322  decode.d5.loss_cls: 0.4203  decode.d5.loss_mask: 1.6756  decode.d5.loss_dice: 1.6297  decode.d6.loss_cls: 0.3912  decode.d6.loss_mask: 1.7294  decode.d6.loss_dice: 1.6472  decode.d7.loss_cls: 0.4440  decode.d7.loss_mask: 1.6992  decode.d7.loss_dice: 1.6266  decode.d8.loss_cls: 0.3801  decode.d8.loss_mask: 1.7112  decode.d8.loss_dice: 1.6710
09/30 22:43:54 - mmengine - INFO - Iter(train) [14200/20000]  base_lr: 3.2823e-05 lr: 3.2823e-06  eta: 0:29:25  time: 0.3026  data_time: 0.0120  memory: 8449  grad_norm: 619.3814  loss: 37.3853  decode.loss_cls: 0.3414  decode.loss_mask: 1.8162  decode.loss_dice: 1.5117  decode.d0.loss_cls: 0.6006  decode.d0.loss_mask: 1.8510  decode.d0.loss_dice: 1.5464  decode.d1.loss_cls: 0.5241  decode.d1.loss_mask: 1.8025  decode.d1.loss_dice: 1.5088  decode.d2.loss_cls: 0.4152  decode.d2.loss_mask: 1.7465  decode.d2.loss_dice: 1.4766  decode.d3.loss_cls: 0.3765  decode.d3.loss_mask: 1.7658  decode.d3.loss_dice: 1.5006  decode.d4.loss_cls: 0.2331  decode.d4.loss_mask: 1.9632  decode.d4.loss_dice: 1.6221  decode.d5.loss_cls: 0.2913  decode.d5.loss_mask: 1.8688  decode.d5.loss_dice: 1.5415  decode.d6.loss_cls: 0.2897  decode.d6.loss_mask: 1.9096  decode.d6.loss_dice: 1.5644  decode.d7.loss_cls: 0.3130  decode.d7.loss_mask: 1.8353  decode.d7.loss_dice: 1.5417  decode.d8.loss_cls: 0.3118  decode.d8.loss_mask: 1.8215  decode.d8.loss_dice: 1.4942
09/30 22:44:09 - mmengine - INFO - Iter(train) [14250/20000]  base_lr: 3.2568e-05 lr: 3.2568e-06  eta: 0:29:10  time: 0.3017  data_time: 0.0117  memory: 8439  grad_norm: 297.3766  loss: 30.2983  decode.loss_cls: 0.1647  decode.loss_mask: 1.6448  decode.loss_dice: 1.2480  decode.d0.loss_cls: 0.4781  decode.d0.loss_mask: 1.4224  decode.d0.loss_dice: 1.2338  decode.d1.loss_cls: 0.2240  decode.d1.loss_mask: 1.6093  decode.d1.loss_dice: 1.2392  decode.d2.loss_cls: 0.1811  decode.d2.loss_mask: 1.5863  decode.d2.loss_dice: 1.2266  decode.d3.loss_cls: 0.1823  decode.d3.loss_mask: 1.5784  decode.d3.loss_dice: 1.2489  decode.d4.loss_cls: 0.1597  decode.d4.loss_mask: 1.6270  decode.d4.loss_dice: 1.2421  decode.d5.loss_cls: 0.1597  decode.d5.loss_mask: 1.6217  decode.d5.loss_dice: 1.2291  decode.d6.loss_cls: 0.2368  decode.d6.loss_mask: 1.4531  decode.d6.loss_dice: 1.2061  decode.d7.loss_cls: 0.1880  decode.d7.loss_mask: 1.6173  decode.d7.loss_dice: 1.2334  decode.d8.loss_cls: 0.2053  decode.d8.loss_mask: 1.6199  decode.d8.loss_dice: 1.2312
09/30 22:44:24 - mmengine - INFO - Iter(train) [14300/20000]  base_lr: 3.2313e-05 lr: 3.2313e-06  eta: 0:28:55  time: 0.3036  data_time: 0.0120  memory: 8442  grad_norm: 608.6118  loss: 40.5268  decode.loss_cls: 0.5241  decode.loss_mask: 1.7775  decode.loss_dice: 1.7526  decode.d0.loss_cls: 0.6165  decode.d0.loss_mask: 1.8111  decode.d0.loss_dice: 1.7889  decode.d1.loss_cls: 0.4238  decode.d1.loss_mask: 1.8093  decode.d1.loss_dice: 1.7432  decode.d2.loss_cls: 0.5142  decode.d2.loss_mask: 1.7946  decode.d2.loss_dice: 1.7019  decode.d3.loss_cls: 0.4248  decode.d3.loss_mask: 1.8106  decode.d3.loss_dice: 1.7687  decode.d4.loss_cls: 0.4280  decode.d4.loss_mask: 1.8218  decode.d4.loss_dice: 1.7857  decode.d5.loss_cls: 0.5547  decode.d5.loss_mask: 1.7686  decode.d5.loss_dice: 1.7582  decode.d6.loss_cls: 0.4452  decode.d6.loss_mask: 1.7772  decode.d6.loss_dice: 1.7521  decode.d7.loss_cls: 0.4877  decode.d7.loss_mask: 1.7842  decode.d7.loss_dice: 1.7935  decode.d8.loss_cls: 0.4410  decode.d8.loss_mask: 1.8512  decode.d8.loss_dice: 1.8160
09/30 22:44:39 - mmengine - INFO - Iter(train) [14350/20000]  base_lr: 3.2058e-05 lr: 3.2058e-06  eta: 0:28:40  time: 0.3025  data_time: 0.0116  memory: 8450  grad_norm: 639.7723  loss: 33.2539  decode.loss_cls: 0.3756  decode.loss_mask: 1.6857  decode.loss_dice: 1.3407  decode.d0.loss_cls: 0.5631  decode.d0.loss_mask: 1.6331  decode.d0.loss_dice: 1.3446  decode.d1.loss_cls: 0.4261  decode.d1.loss_mask: 1.5419  decode.d1.loss_dice: 1.3116  decode.d2.loss_cls: 0.3523  decode.d2.loss_mask: 1.5669  decode.d2.loss_dice: 1.3267  decode.d3.loss_cls: 0.2956  decode.d3.loss_mask: 1.6345  decode.d3.loss_dice: 1.3764  decode.d4.loss_cls: 0.3896  decode.d4.loss_mask: 1.5359  decode.d4.loss_dice: 1.3235  decode.d5.loss_cls: 0.4024  decode.d5.loss_mask: 1.5269  decode.d5.loss_dice: 1.3305  decode.d6.loss_cls: 0.3365  decode.d6.loss_mask: 1.5901  decode.d6.loss_dice: 1.3329  decode.d7.loss_cls: 0.3493  decode.d7.loss_mask: 1.6583  decode.d7.loss_dice: 1.3708  decode.d8.loss_cls: 0.3279  decode.d8.loss_mask: 1.6606  decode.d8.loss_dice: 1.3440
09/30 22:44:54 - mmengine - INFO - Iter(train) [14400/20000]  base_lr: 3.1803e-05 lr: 3.1803e-06  eta: 0:28:24  time: 0.3031  data_time: 0.0122  memory: 8437  grad_norm: 457.1001  loss: 31.5790  decode.loss_cls: 0.4950  decode.loss_mask: 1.3246  decode.loss_dice: 1.3995  decode.d0.loss_cls: 0.4540  decode.d0.loss_mask: 1.3622  decode.d0.loss_dice: 1.4779  decode.d1.loss_cls: 0.4463  decode.d1.loss_mask: 1.3086  decode.d1.loss_dice: 1.3771  decode.d2.loss_cls: 0.5063  decode.d2.loss_mask: 1.3205  decode.d2.loss_dice: 1.3445  decode.d3.loss_cls: 0.4273  decode.d3.loss_mask: 1.3526  decode.d3.loss_dice: 1.3458  decode.d4.loss_cls: 0.4917  decode.d4.loss_mask: 1.3203  decode.d4.loss_dice: 1.3434  decode.d5.loss_cls: 0.3922  decode.d5.loss_mask: 1.3301  decode.d5.loss_dice: 1.3778  decode.d6.loss_cls: 0.4823  decode.d6.loss_mask: 1.2804  decode.d6.loss_dice: 1.3173  decode.d7.loss_cls: 0.4986  decode.d7.loss_mask: 1.3332  decode.d7.loss_dice: 1.3657  decode.d8.loss_cls: 0.4320  decode.d8.loss_mask: 1.3220  decode.d8.loss_dice: 1.3498
09/30 22:45:10 - mmengine - INFO - Iter(train) [14450/20000]  base_lr: 3.1547e-05 lr: 3.1547e-06  eta: 0:28:09  time: 0.3221  data_time: 0.0127  memory: 8435  grad_norm: 719.7777  loss: 39.3355  decode.loss_cls: 0.6118  decode.loss_mask: 1.7422  decode.loss_dice: 1.5550  decode.d0.loss_cls: 0.6391  decode.d0.loss_mask: 1.8077  decode.d0.loss_dice: 1.6561  decode.d1.loss_cls: 0.6039  decode.d1.loss_mask: 1.7891  decode.d1.loss_dice: 1.6206  decode.d2.loss_cls: 0.5380  decode.d2.loss_mask: 1.7422  decode.d2.loss_dice: 1.5647  decode.d3.loss_cls: 0.5083  decode.d3.loss_mask: 1.8207  decode.d3.loss_dice: 1.6203  decode.d4.loss_cls: 0.4089  decode.d4.loss_mask: 1.7599  decode.d4.loss_dice: 1.5995  decode.d5.loss_cls: 0.4774  decode.d5.loss_mask: 1.7725  decode.d5.loss_dice: 1.6172  decode.d6.loss_cls: 0.5530  decode.d6.loss_mask: 1.8006  decode.d6.loss_dice: 1.5920  decode.d7.loss_cls: 0.6236  decode.d7.loss_mask: 1.7659  decode.d7.loss_dice: 1.5880  decode.d8.loss_cls: 0.5596  decode.d8.loss_mask: 1.7969  decode.d8.loss_dice: 1.6005
09/30 22:45:25 - mmengine - INFO - Iter(train) [14500/20000]  base_lr: 3.1291e-05 lr: 3.1291e-06  eta: 0:27:54  time: 0.2982  data_time: 0.0116  memory: 8457  grad_norm: 342.7221  loss: 38.5333  decode.loss_cls: 0.4099  decode.loss_mask: 1.7259  decode.loss_dice: 1.6799  decode.d0.loss_cls: 0.4834  decode.d0.loss_mask: 1.8021  decode.d0.loss_dice: 1.7320  decode.d1.loss_cls: 0.4500  decode.d1.loss_mask: 1.7589  decode.d1.loss_dice: 1.6275  decode.d2.loss_cls: 0.4099  decode.d2.loss_mask: 1.7440  decode.d2.loss_dice: 1.6073  decode.d3.loss_cls: 0.4132  decode.d3.loss_mask: 1.7486  decode.d3.loss_dice: 1.6674  decode.d4.loss_cls: 0.4170  decode.d4.loss_mask: 1.7602  decode.d4.loss_dice: 1.6946  decode.d5.loss_cls: 0.3881  decode.d5.loss_mask: 1.7486  decode.d5.loss_dice: 1.6721  decode.d6.loss_cls: 0.3959  decode.d6.loss_mask: 1.7826  decode.d6.loss_dice: 1.7097  decode.d7.loss_cls: 0.4450  decode.d7.loss_mask: 1.7492  decode.d7.loss_dice: 1.6638  decode.d8.loss_cls: 0.4115  decode.d8.loss_mask: 1.7567  decode.d8.loss_dice: 1.6782
09/30 22:45:40 - mmengine - INFO - Iter(train) [14550/20000]  base_lr: 3.1035e-05 lr: 3.1035e-06  eta: 0:27:39  time: 0.2979  data_time: 0.0119  memory: 8457  grad_norm: 463.8039  loss: 38.3585  decode.loss_cls: 0.5623  decode.loss_mask: 1.4204  decode.loss_dice: 1.8070  decode.d0.loss_cls: 0.7360  decode.d0.loss_mask: 1.4784  decode.d0.loss_dice: 1.7691  decode.d1.loss_cls: 0.5217  decode.d1.loss_mask: 1.5620  decode.d1.loss_dice: 1.7861  decode.d2.loss_cls: 0.6173  decode.d2.loss_mask: 1.5648  decode.d2.loss_dice: 1.7705  decode.d3.loss_cls: 0.6343  decode.d3.loss_mask: 1.5589  decode.d3.loss_dice: 1.7362  decode.d4.loss_cls: 0.5986  decode.d4.loss_mask: 1.4962  decode.d4.loss_dice: 1.7071  decode.d5.loss_cls: 0.6108  decode.d5.loss_mask: 1.4420  decode.d5.loss_dice: 1.7522  decode.d6.loss_cls: 0.5600  decode.d6.loss_mask: 1.4064  decode.d6.loss_dice: 1.7515  decode.d7.loss_cls: 0.6635  decode.d7.loss_mask: 1.4136  decode.d7.loss_dice: 1.7569  decode.d8.loss_cls: 0.6425  decode.d8.loss_mask: 1.3684  decode.d8.loss_dice: 1.6640
09/30 22:45:55 - mmengine - INFO - Iter(train) [14600/20000]  base_lr: 3.0778e-05 lr: 3.0778e-06  eta: 0:27:23  time: 0.2945  data_time: 0.0113  memory: 8466  grad_norm: 539.5328  loss: 34.6263  decode.loss_cls: 0.4928  decode.loss_mask: 1.4696  decode.loss_dice: 1.4598  decode.d0.loss_cls: 0.6600  decode.d0.loss_mask: 1.5096  decode.d0.loss_dice: 1.5710  decode.d1.loss_cls: 0.4890  decode.d1.loss_mask: 1.4773  decode.d1.loss_dice: 1.4689  decode.d2.loss_cls: 0.5301  decode.d2.loss_mask: 1.4990  decode.d2.loss_dice: 1.4720  decode.d3.loss_cls: 0.5031  decode.d3.loss_mask: 1.4726  decode.d3.loss_dice: 1.4758  decode.d4.loss_cls: 0.5063  decode.d4.loss_mask: 1.4346  decode.d4.loss_dice: 1.4648  decode.d5.loss_cls: 0.4640  decode.d5.loss_mask: 1.4597  decode.d5.loss_dice: 1.4330  decode.d6.loss_cls: 0.4781  decode.d6.loss_mask: 1.4721  decode.d6.loss_dice: 1.4423  decode.d7.loss_cls: 0.5298  decode.d7.loss_mask: 1.5052  decode.d7.loss_dice: 1.4487  decode.d8.loss_cls: 0.4808  decode.d8.loss_mask: 1.4907  decode.d8.loss_dice: 1.4656
09/30 22:46:09 - mmengine - INFO - Iter(train) [14650/20000]  base_lr: 3.0522e-05 lr: 3.0522e-06  eta: 0:27:08  time: 0.2959  data_time: 0.0116  memory: 8448  grad_norm: 467.6197  loss: 32.6805  decode.loss_cls: 0.3337  decode.loss_mask: 1.7336  decode.loss_dice: 1.2019  decode.d0.loss_cls: 0.5014  decode.d0.loss_mask: 1.6999  decode.d0.loss_dice: 1.2007  decode.d1.loss_cls: 0.3169  decode.d1.loss_mask: 1.6324  decode.d1.loss_dice: 1.1937  decode.d2.loss_cls: 0.2991  decode.d2.loss_mask: 1.7100  decode.d2.loss_dice: 1.2057  decode.d3.loss_cls: 0.3034  decode.d3.loss_mask: 1.6779  decode.d3.loss_dice: 1.1875  decode.d4.loss_cls: 0.2734  decode.d4.loss_mask: 1.8056  decode.d4.loss_dice: 1.2294  decode.d5.loss_cls: 0.3111  decode.d5.loss_mask: 1.7800  decode.d5.loss_dice: 1.2255  decode.d6.loss_cls: 0.3343  decode.d6.loss_mask: 1.7695  decode.d6.loss_dice: 1.2294  decode.d7.loss_cls: 0.3182  decode.d7.loss_mask: 1.7282  decode.d7.loss_dice: 1.1959  decode.d8.loss_cls: 0.3646  decode.d8.loss_mask: 1.7262  decode.d8.loss_dice: 1.1914
09/30 22:46:24 - mmengine - INFO - Iter(train) [14700/20000]  base_lr: 3.0265e-05 lr: 3.0265e-06  eta: 0:26:53  time: 0.2964  data_time: 0.0113  memory: 8448  grad_norm: 420.1137  loss: 33.0690  decode.loss_cls: 0.3521  decode.loss_mask: 1.5265  decode.loss_dice: 1.4076  decode.d0.loss_cls: 0.3939  decode.d0.loss_mask: 1.5673  decode.d0.loss_dice: 1.4838  decode.d1.loss_cls: 0.3189  decode.d1.loss_mask: 1.5502  decode.d1.loss_dice: 1.4063  decode.d2.loss_cls: 0.3608  decode.d2.loss_mask: 1.5077  decode.d2.loss_dice: 1.3737  decode.d3.loss_cls: 0.3316  decode.d3.loss_mask: 1.5576  decode.d3.loss_dice: 1.4153  decode.d4.loss_cls: 0.3459  decode.d4.loss_mask: 1.5489  decode.d4.loss_dice: 1.4453  decode.d5.loss_cls: 0.3600  decode.d5.loss_mask: 1.5340  decode.d5.loss_dice: 1.3765  decode.d6.loss_cls: 0.3527  decode.d6.loss_mask: 1.5430  decode.d6.loss_dice: 1.3933  decode.d7.loss_cls: 0.3793  decode.d7.loss_mask: 1.5344  decode.d7.loss_dice: 1.4238  decode.d8.loss_cls: 0.3485  decode.d8.loss_mask: 1.5131  decode.d8.loss_dice: 1.4169
09/30 22:46:39 - mmengine - INFO - Iter(train) [14750/20000]  base_lr: 3.0008e-05 lr: 3.0008e-06  eta: 0:26:37  time: 0.2953  data_time: 0.0117  memory: 8449  grad_norm: 615.7731  loss: 37.9768  decode.loss_cls: 0.3487  decode.loss_mask: 1.8599  decode.loss_dice: 1.6292  decode.d0.loss_cls: 0.5940  decode.d0.loss_mask: 1.7706  decode.d0.loss_dice: 1.6384  decode.d1.loss_cls: 0.4039  decode.d1.loss_mask: 1.7988  decode.d1.loss_dice: 1.6360  decode.d2.loss_cls: 0.3302  decode.d2.loss_mask: 1.8080  decode.d2.loss_dice: 1.6155  decode.d3.loss_cls: 0.3526  decode.d3.loss_mask: 1.7668  decode.d3.loss_dice: 1.6006  decode.d4.loss_cls: 0.3394  decode.d4.loss_mask: 1.7628  decode.d4.loss_dice: 1.5870  decode.d5.loss_cls: 0.3713  decode.d5.loss_mask: 1.7843  decode.d5.loss_dice: 1.6146  decode.d6.loss_cls: 0.3507  decode.d6.loss_mask: 1.7826  decode.d6.loss_dice: 1.6059  decode.d7.loss_cls: 0.3848  decode.d7.loss_mask: 1.8058  decode.d7.loss_dice: 1.6258  decode.d8.loss_cls: 0.3734  decode.d8.loss_mask: 1.8025  decode.d8.loss_dice: 1.6328
09/30 22:46:54 - mmengine - INFO - Iter(train) [14800/20000]  base_lr: 2.9751e-05 lr: 2.9751e-06  eta: 0:26:22  time: 0.3034  data_time: 0.0120  memory: 8449  grad_norm: 417.8165  loss: 29.1871  decode.loss_cls: 0.2332  decode.loss_mask: 1.4386  decode.loss_dice: 1.2454  decode.d0.loss_cls: 0.3188  decode.d0.loss_mask: 1.4458  decode.d0.loss_dice: 1.2649  decode.d1.loss_cls: 0.2462  decode.d1.loss_mask: 1.4440  decode.d1.loss_dice: 1.2332  decode.d2.loss_cls: 0.2272  decode.d2.loss_mask: 1.4334  decode.d2.loss_dice: 1.2187  decode.d3.loss_cls: 0.2550  decode.d3.loss_mask: 1.4365  decode.d3.loss_dice: 1.2340  decode.d4.loss_cls: 0.2451  decode.d4.loss_mask: 1.4257  decode.d4.loss_dice: 1.2232  decode.d5.loss_cls: 0.2367  decode.d5.loss_mask: 1.4434  decode.d5.loss_dice: 1.2038  decode.d6.loss_cls: 0.2368  decode.d6.loss_mask: 1.4285  decode.d6.loss_dice: 1.2499  decode.d7.loss_cls: 0.2129  decode.d7.loss_mask: 1.4332  decode.d7.loss_dice: 1.2517  decode.d8.loss_cls: 0.2386  decode.d8.loss_mask: 1.4313  decode.d8.loss_dice: 1.2514
09/30 22:47:10 - mmengine - INFO - Iter(train) [14850/20000]  base_lr: 2.9493e-05 lr: 2.9493e-06  eta: 0:26:07  time: 0.3037  data_time: 0.0118  memory: 8450  grad_norm: 426.8063  loss: 32.4645  decode.loss_cls: 0.4888  decode.loss_mask: 1.4399  decode.loss_dice: 1.3527  decode.d0.loss_cls: 0.5264  decode.d0.loss_mask: 1.4147  decode.d0.loss_dice: 1.4407  decode.d1.loss_cls: 0.5786  decode.d1.loss_mask: 1.3671  decode.d1.loss_dice: 1.3152  decode.d2.loss_cls: 0.4895  decode.d2.loss_mask: 1.3758  decode.d2.loss_dice: 1.3075  decode.d3.loss_cls: 0.5247  decode.d3.loss_mask: 1.3955  decode.d3.loss_dice: 1.2668  decode.d4.loss_cls: 0.5373  decode.d4.loss_mask: 1.3792  decode.d4.loss_dice: 1.2969  decode.d5.loss_cls: 0.4749  decode.d5.loss_mask: 1.4020  decode.d5.loss_dice: 1.3662  decode.d6.loss_cls: 0.4899  decode.d6.loss_mask: 1.3890  decode.d6.loss_dice: 1.3277  decode.d7.loss_cls: 0.5328  decode.d7.loss_mask: 1.3711  decode.d7.loss_dice: 1.3481  decode.d8.loss_cls: 0.5139  decode.d8.loss_mask: 1.4024  decode.d8.loss_dice: 1.3492
09/30 22:47:25 - mmengine - INFO - Iter(train) [14900/20000]  base_lr: 2.9235e-05 lr: 2.9235e-06  eta: 0:25:52  time: 0.3063  data_time: 0.0126  memory: 8439  grad_norm: 576.5037  loss: 39.0481  decode.loss_cls: 0.5834  decode.loss_mask: 1.6787  decode.loss_dice: 1.5464  decode.d0.loss_cls: 0.6711  decode.d0.loss_mask: 1.7144  decode.d0.loss_dice: 1.6530  decode.d1.loss_cls: 0.5469  decode.d1.loss_mask: 1.7005  decode.d1.loss_dice: 1.5508  decode.d2.loss_cls: 0.6293  decode.d2.loss_mask: 1.7060  decode.d2.loss_dice: 1.5764  decode.d3.loss_cls: 0.6161  decode.d3.loss_mask: 1.6941  decode.d3.loss_dice: 1.5711  decode.d4.loss_cls: 0.5589  decode.d4.loss_mask: 1.7821  decode.d4.loss_dice: 1.6258  decode.d5.loss_cls: 0.5368  decode.d5.loss_mask: 1.7296  decode.d5.loss_dice: 1.6158  decode.d6.loss_cls: 0.5045  decode.d6.loss_mask: 1.7529  decode.d6.loss_dice: 1.6055  decode.d7.loss_cls: 0.5899  decode.d7.loss_mask: 1.7291  decode.d7.loss_dice: 1.6239  decode.d8.loss_cls: 0.5825  decode.d8.loss_mask: 1.7581  decode.d8.loss_dice: 1.6145
09/30 22:47:40 - mmengine - INFO - Iter(train) [14950/20000]  base_lr: 2.8977e-05 lr: 2.8977e-06  eta: 0:25:37  time: 0.3036  data_time: 0.0129  memory: 8449  grad_norm: 300.9824  loss: 33.4124  decode.loss_cls: 0.1934  decode.loss_mask: 1.6341  decode.loss_dice: 1.4523  decode.d0.loss_cls: 0.4251  decode.d0.loss_mask: 1.6778  decode.d0.loss_dice: 1.4686  decode.d1.loss_cls: 0.2092  decode.d1.loss_mask: 1.6557  decode.d1.loss_dice: 1.4612  decode.d2.loss_cls: 0.2339  decode.d2.loss_mask: 1.6564  decode.d2.loss_dice: 1.4449  decode.d3.loss_cls: 0.2086  decode.d3.loss_mask: 1.6507  decode.d3.loss_dice: 1.4699  decode.d4.loss_cls: 0.1859  decode.d4.loss_mask: 1.6637  decode.d4.loss_dice: 1.4687  decode.d5.loss_cls: 0.1891  decode.d5.loss_mask: 1.6721  decode.d5.loss_dice: 1.4593  decode.d6.loss_cls: 0.2315  decode.d6.loss_mask: 1.6434  decode.d6.loss_dice: 1.4432  decode.d7.loss_cls: 0.1942  decode.d7.loss_mask: 1.6581  decode.d7.loss_dice: 1.4555  decode.d8.loss_cls: 0.1802  decode.d8.loss_mask: 1.6779  decode.d8.loss_dice: 1.4478
09/30 22:47:56 - mmengine - INFO - Exp name: mask2former_swin_l_512_20260930_211218
09/30 22:47:56 - mmengine - INFO - Iter(train) [15000/20000]  base_lr: 2.8719e-05 lr: 2.8719e-06  eta: 0:25:21  time: 0.3038  data_time: 0.0117  memory: 8435  grad_norm: 422.4856  loss: 40.0310  decode.loss_cls: 0.6666  decode.loss_mask: 1.6381  decode.loss_dice: 1.6854  decode.d0.loss_cls: 0.7810  decode.d0.loss_mask: 1.6062  decode.d0.loss_dice: 1.6622  decode.d1.loss_cls: 0.6254  decode.d1.loss_mask: 1.6528  decode.d1.loss_dice: 1.6365  decode.d2.loss_cls: 0.6678  decode.d2.loss_mask: 1.7072  decode.d2.loss_dice: 1.6600  decode.d3.loss_cls: 0.6283  decode.d3.loss_mask: 1.6872  decode.d3.loss_dice: 1.6675  decode.d4.loss_cls: 0.5703  decode.d4.loss_mask: 1.7209  decode.d4.loss_dice: 1.6898  decode.d5.loss_cls: 0.6528  decode.d5.loss_mask: 1.6661  decode.d5.loss_dice: 1.6685  decode.d6.loss_cls: 0.6485  decode.d6.loss_mask: 1.6745  decode.d6.loss_dice: 1.7270  decode.d7.loss_cls: 0.6758  decode.d7.loss_mask: 1.6583  decode.d7.loss_dice: 1.6834  decode.d8.loss_cls: 0.6645  decode.d8.loss_mask: 1.6719  decode.d8.loss_dice: 1.6865
09/30 22:47:56 - mmengine - INFO - Saving checkpoint at 15000 iterations
09/30 22:48:05 - mmengine - INFO - Iter(val) [ 50/699]    eta: 0:01:15  time: 0.1151  data_time: 0.0040  memory: 3701  
09/30 22:48:10 - mmengine - INFO - Iter(val) [100/699]    eta: 0:01:09  time: 0.1157  data_time: 0.0041  memory: 3701  
09/30 22:48:16 - mmengine - INFO - Iter(val) [150/699]    eta: 0:01:03  time: 0.1156  data_time: 0.0041  memory: 3701  
09/30 22:48:22 - mmengine - INFO - Iter(val) [200/699]    eta: 0:00:57  time: 0.1159  data_time: 0.0042  memory: 3701  
09/30 22:48:28 - mmengine - INFO - Iter(val) [250/699]    eta: 0:00:51  time: 0.1177  data_time: 0.0049  memory: 3701  
09/30 22:48:33 - mmengine - INFO - Iter(val) [300/699]    eta: 0:00:46  time: 0.1157  data_time: 0.0042  memory: 3701  
09/30 22:48:39 - mmengine - INFO - Iter(val) [350/699]    eta: 0:00:40  time: 0.1150  data_time: 0.0040  memory: 3701  
09/30 22:48:45 - mmengine - INFO - Iter(val) [400/699]    eta: 0:00:34  time: 0.1151  data_time: 0.0040  memory: 3701  
09/30 22:48:51 - mmengine - INFO - Iter(val) [450/699]    eta: 0:00:28  time: 0.1150  data_time: 0.0040  memory: 3701  
09/30 22:48:57 - mmengine - INFO - Iter(val) [500/699]    eta: 0:00:23  time: 0.1157  data_time: 0.0041  memory: 3701  
09/30 22:49:02 - mmengine - INFO - Iter(val) [550/699]    eta: 0:00:17  time: 0.1158  data_time: 0.0041  memory: 3701  
09/30 22:49:08 - mmengine - INFO - Iter(val) [600/699]    eta: 0:00:11  time: 0.1158  data_time: 0.0041  memory: 3701  
09/30 22:49:14 - mmengine - INFO - Iter(val) [650/699]    eta: 0:00:05  time: 0.1152  data_time: 0.0040  memory: 3701  
09/30 22:49:20 - mmengine - INFO - per class results:
09/30 22:49:20 - mmengine - INFO - 
+--------------+-------+-------+
|    Class     |  IoU  |  Acc  |
+--------------+-------+-------+
|  Background  | 59.81 | 80.39 |
|   Building   | 81.18 | 87.07 |
|     Road     | 61.19 | 71.49 |
|    Water     | 83.93 | 90.55 |
|    Barren    | 12.05 | 14.01 |
|  Vegetation  | 84.38 | 90.08 |
| Agricultural |  70.5 | 82.39 |
|   Vehicle    | 76.65 | 84.57 |
+--------------+-------+-------+
09/30 22:49:20 - mmengine - INFO - Iter(val) [699/699]    aAcc: 83.7300  mIoU: 66.2100  mAcc: 75.0700  data_time: 0.0042  time: 0.1157
09/30 22:49:35 - mmengine - INFO - Iter(train) [15050/20000]  base_lr: 2.8460e-05 lr: 2.8460e-06  eta: 0:25:06  time: 0.3036  data_time: 0.0124  memory: 8450  grad_norm: 441.8114  loss: 35.8109  decode.loss_cls: 0.3096  decode.loss_mask: 1.6171  decode.loss_dice: 1.5450  decode.d0.loss_cls: 0.4062  decode.d0.loss_mask: 1.6062  decode.d0.loss_dice: 1.6082  decode.d1.loss_cls: 0.3574  decode.d1.loss_mask: 1.6498  decode.d1.loss_dice: 1.5934  decode.d2.loss_cls: 0.3658  decode.d2.loss_mask: 1.6384  decode.d2.loss_dice: 1.5958  decode.d3.loss_cls: 0.3939  decode.d3.loss_mask: 1.5709  decode.d3.loss_dice: 1.5868  decode.d4.loss_cls: 0.3669  decode.d4.loss_mask: 1.6825  decode.d4.loss_dice: 1.6102  decode.d5.loss_cls: 0.3418  decode.d5.loss_mask: 1.6250  decode.d5.loss_dice: 1.5486  decode.d6.loss_cls: 0.3551  decode.d6.loss_mask: 1.6289  decode.d6.loss_dice: 1.5533  decode.d7.loss_cls: 0.3301  decode.d7.loss_mask: 1.6421  decode.d7.loss_dice: 1.6351  decode.d8.loss_cls: 0.3982  decode.d8.loss_mask: 1.6546  decode.d8.loss_dice: 1.5940
09/30 22:49:51 - mmengine - INFO - Iter(train) [15100/20000]  base_lr: 2.8201e-05 lr: 2.8201e-06  eta: 0:24:51  time: 0.3163  data_time: 0.0129  memory: 8457  grad_norm: 426.6111  loss: 33.3602  decode.loss_cls: 0.5513  decode.loss_mask: 1.5120  decode.loss_dice: 1.2202  decode.d0.loss_cls: 0.6685  decode.d0.loss_mask: 1.5300  decode.d0.loss_dice: 1.3025  decode.d1.loss_cls: 0.5225  decode.d1.loss_mask: 1.5525  decode.d1.loss_dice: 1.2581  decode.d2.loss_cls: 0.5041  decode.d2.loss_mask: 1.5349  decode.d2.loss_dice: 1.2552  decode.d3.loss_cls: 0.5224  decode.d3.loss_mask: 1.5368  decode.d3.loss_dice: 1.2669  decode.d4.loss_cls: 0.5052  decode.d4.loss_mask: 1.5439  decode.d4.loss_dice: 1.2627  decode.d5.loss_cls: 0.4861  decode.d5.loss_mask: 1.5773  decode.d5.loss_dice: 1.2790  decode.d6.loss_cls: 0.4435  decode.d6.loss_mask: 1.6260  decode.d6.loss_dice: 1.2734  decode.d7.loss_cls: 0.4694  decode.d7.loss_mask: 1.5404  decode.d7.loss_dice: 1.2544  decode.d8.loss_cls: 0.5755  decode.d8.loss_mask: 1.5298  decode.d8.loss_dice: 1.2558
09/30 22:50:06 - mmengine - INFO - Iter(train) [15150/20000]  base_lr: 2.7942e-05 lr: 2.7942e-06  eta: 0:24:36  time: 0.3016  data_time: 0.0120  memory: 8449  grad_norm: 573.3711  loss: 41.3327  decode.loss_cls: 0.4639  decode.loss_mask: 1.9461  decode.loss_dice: 1.6445  decode.d0.loss_cls: 0.6552  decode.d0.loss_mask: 1.9799  decode.d0.loss_dice: 1.6531  decode.d1.loss_cls: 0.5399  decode.d1.loss_mask: 1.9514  decode.d1.loss_dice: 1.6802  decode.d2.loss_cls: 0.5000  decode.d2.loss_mask: 1.9762  decode.d2.loss_dice: 1.6682  decode.d3.loss_cls: 0.4860  decode.d3.loss_mask: 1.9392  decode.d3.loss_dice: 1.6530  decode.d4.loss_cls: 0.4373  decode.d4.loss_mask: 1.9606  decode.d4.loss_dice: 1.6754  decode.d5.loss_cls: 0.4387  decode.d5.loss_mask: 1.9627  decode.d5.loss_dice: 1.6852  decode.d6.loss_cls: 0.5125  decode.d6.loss_mask: 2.0082  decode.d6.loss_dice: 1.6646  decode.d7.loss_cls: 0.5074  decode.d7.loss_mask: 2.0042  decode.d7.loss_dice: 1.6717  decode.d8.loss_cls: 0.4628  decode.d8.loss_mask: 1.9470  decode.d8.loss_dice: 1.6574
09/30 22:50:21 - mmengine - INFO - Iter(train) [15200/20000]  base_lr: 2.7683e-05 lr: 2.7683e-06  eta: 0:24:21  time: 0.3038  data_time: 0.0119  memory: 8449  grad_norm: 464.2339  loss: 36.4040  decode.loss_cls: 0.3487  decode.loss_mask: 1.7473  decode.loss_dice: 1.5125  decode.d0.loss_cls: 0.6171  decode.d0.loss_mask: 1.6965  decode.d0.loss_dice: 1.5624  decode.d1.loss_cls: 0.3715  decode.d1.loss_mask: 1.6771  decode.d1.loss_dice: 1.5784  decode.d2.loss_cls: 0.3617  decode.d2.loss_mask: 1.7501  decode.d2.loss_dice: 1.5655  decode.d3.loss_cls: 0.3449  decode.d3.loss_mask: 1.7209  decode.d3.loss_dice: 1.5257  decode.d4.loss_cls: 0.3411  decode.d4.loss_mask: 1.7225  decode.d4.loss_dice: 1.5495  decode.d5.loss_cls: 0.3528  decode.d5.loss_mask: 1.7603  decode.d5.loss_dice: 1.5417  decode.d6.loss_cls: 0.3777  decode.d6.loss_mask: 1.7432  decode.d6.loss_dice: 1.5174  decode.d7.loss_cls: 0.4254  decode.d7.loss_mask: 1.6565  decode.d7.loss_dice: 1.5061  decode.d8.loss_cls: 0.3426  decode.d8.loss_mask: 1.6676  decode.d8.loss_dice: 1.5193
09/30 22:50:36 - mmengine - INFO - Iter(train) [15250/20000]  base_lr: 2.7423e-05 lr: 2.7423e-06  eta: 0:24:05  time: 0.3012  data_time: 0.0119  memory: 8450  grad_norm: 418.6386  loss: 32.1970  decode.loss_cls: 0.2918  decode.loss_mask: 1.4945  decode.loss_dice: 1.4330  decode.d0.loss_cls: 0.5017  decode.d0.loss_mask: 1.5160  decode.d0.loss_dice: 1.4347  decode.d1.loss_cls: 0.3707  decode.d1.loss_mask: 1.4936  decode.d1.loss_dice: 1.4483  decode.d2.loss_cls: 0.2885  decode.d2.loss_mask: 1.5002  decode.d2.loss_dice: 1.4207  decode.d3.loss_cls: 0.3060  decode.d3.loss_mask: 1.4816  decode.d3.loss_dice: 1.4233  decode.d4.loss_cls: 0.3013  decode.d4.loss_mask: 1.4536  decode.d4.loss_dice: 1.3674  decode.d5.loss_cls: 0.3274  decode.d5.loss_mask: 1.4088  decode.d5.loss_dice: 1.3448  decode.d6.loss_cls: 0.3426  decode.d6.loss_mask: 1.4191  decode.d6.loss_dice: 1.4024  decode.d7.loss_cls: 0.3365  decode.d7.loss_mask: 1.4643  decode.d7.loss_dice: 1.4183  decode.d8.loss_cls: 0.3385  decode.d8.loss_mask: 1.4594  decode.d8.loss_dice: 1.4081
09/30 22:50:51 - mmengine - INFO - Iter(train) [15300/20000]  base_lr: 2.7163e-05 lr: 2.7163e-06  eta: 0:23:50  time: 0.2992  data_time: 0.0118  memory: 8438  grad_norm: 503.1507  loss: 32.5228  decode.loss_cls: 0.3812  decode.loss_mask: 1.4782  decode.loss_dice: 1.2948  decode.d0.loss_cls: 0.6524  decode.d0.loss_mask: 1.4148  decode.d0.loss_dice: 1.3726  decode.d1.loss_cls: 0.4425  decode.d1.loss_mask: 1.5106  decode.d1.loss_dice: 1.3648  decode.d2.loss_cls: 0.4990  decode.d2.loss_mask: 1.5081  decode.d2.loss_dice: 1.3152  decode.d3.loss_cls: 0.3810  decode.d3.loss_mask: 1.5258  decode.d3.loss_dice: 1.3133  decode.d4.loss_cls: 0.3966  decode.d4.loss_mask: 1.5499  decode.d4.loss_dice: 1.3175  decode.d5.loss_cls: 0.4089  decode.d5.loss_mask: 1.5162  decode.d5.loss_dice: 1.3097  decode.d6.loss_cls: 0.3822  decode.d6.loss_mask: 1.4971  decode.d6.loss_dice: 1.3009  decode.d7.loss_cls: 0.4431  decode.d7.loss_mask: 1.4959  decode.d7.loss_dice: 1.3049  decode.d8.loss_cls: 0.3773  decode.d8.loss_mask: 1.4698  decode.d8.loss_dice: 1.2988
09/30 22:51:06 - mmengine - INFO - Iter(train) [15350/20000]  base_lr: 2.6903e-05 lr: 2.6903e-06  eta: 0:23:35  time: 0.2983  data_time: 0.0117  memory: 8449  grad_norm: 653.3199  loss: 26.5803  decode.loss_cls: 0.2328  decode.loss_mask: 1.2243  decode.loss_dice: 1.1877  decode.d0.loss_cls: 0.3788  decode.d0.loss_mask: 1.2250  decode.d0.loss_dice: 1.1883  decode.d1.loss_cls: 0.1761  decode.d1.loss_mask: 1.2724  decode.d1.loss_dice: 1.2115  decode.d2.loss_cls: 0.2421  decode.d2.loss_mask: 1.2140  decode.d2.loss_dice: 1.1727  decode.d3.loss_cls: 0.2378  decode.d3.loss_mask: 1.2020  decode.d3.loss_dice: 1.1677  decode.d4.loss_cls: 0.2274  decode.d4.loss_mask: 1.2652  decode.d4.loss_dice: 1.1981  decode.d5.loss_cls: 0.2496  decode.d5.loss_mask: 1.1820  decode.d5.loss_dice: 1.1515  decode.d6.loss_cls: 0.2108  decode.d6.loss_mask: 1.2328  decode.d6.loss_dice: 1.2125  decode.d7.loss_cls: 0.2097  decode.d7.loss_mask: 1.2326  decode.d7.loss_dice: 1.2054  decode.d8.loss_cls: 0.2507  decode.d8.loss_mask: 1.2242  decode.d8.loss_dice: 1.1947
09/30 22:51:21 - mmengine - INFO - Iter(train) [15400/20000]  base_lr: 2.6642e-05 lr: 2.6642e-06  eta: 0:23:20  time: 0.3001  data_time: 0.0120  memory: 8449  grad_norm: 281.7675  loss: 34.8504  decode.loss_cls: 0.3393  decode.loss_mask: 1.6667  decode.loss_dice: 1.4746  decode.d0.loss_cls: 0.5000  decode.d0.loss_mask: 1.5939  decode.d0.loss_dice: 1.5625  decode.d1.loss_cls: 0.3901  decode.d1.loss_mask: 1.5774  decode.d1.loss_dice: 1.4532  decode.d2.loss_cls: 0.3141  decode.d2.loss_mask: 1.6070  decode.d2.loss_dice: 1.5446  decode.d3.loss_cls: 0.3612  decode.d3.loss_mask: 1.6149  decode.d3.loss_dice: 1.4347  decode.d4.loss_cls: 0.3305  decode.d4.loss_mask: 1.6819  decode.d4.loss_dice: 1.4987  decode.d5.loss_cls: 0.3920  decode.d5.loss_mask: 1.6057  decode.d5.loss_dice: 1.5129  decode.d6.loss_cls: 0.3031  decode.d6.loss_mask: 1.6496  decode.d6.loss_dice: 1.4884  decode.d7.loss_cls: 0.3317  decode.d7.loss_mask: 1.6605  decode.d7.loss_dice: 1.5598  decode.d8.loss_cls: 0.4141  decode.d8.loss_mask: 1.5425  decode.d8.loss_dice: 1.4449
09/30 22:51:36 - mmengine - INFO - Iter(train) [15450/20000]  base_lr: 2.6382e-05 lr: 2.6382e-06  eta: 0:23:04  time: 0.3002  data_time: 0.0122  memory: 8436  grad_norm: 791.0847  loss: 36.4965  decode.loss_cls: 0.4469  decode.loss_mask: 1.5638  decode.loss_dice: 1.6173  decode.d0.loss_cls: 0.5159  decode.d0.loss_mask: 1.5741  decode.d0.loss_dice: 1.6518  decode.d1.loss_cls: 0.4706  decode.d1.loss_mask: 1.5698  decode.d1.loss_dice: 1.6246  decode.d2.loss_cls: 0.3695  decode.d2.loss_mask: 1.6225  decode.d2.loss_dice: 1.6401  decode.d3.loss_cls: 0.3486  decode.d3.loss_mask: 1.5969  decode.d3.loss_dice: 1.6251  decode.d4.loss_cls: 0.3713  decode.d4.loss_mask: 1.6313  decode.d4.loss_dice: 1.6350  decode.d5.loss_cls: 0.4372  decode.d5.loss_mask: 1.5988  decode.d5.loss_dice: 1.6242  decode.d6.loss_cls: 0.4678  decode.d6.loss_mask: 1.5525  decode.d6.loss_dice: 1.6172  decode.d7.loss_cls: 0.5020  decode.d7.loss_mask: 1.5796  decode.d7.loss_dice: 1.6165  decode.d8.loss_cls: 0.4162  decode.d8.loss_mask: 1.5999  decode.d8.loss_dice: 1.6095
09/30 22:51:52 - mmengine - INFO - Iter(train) [15500/20000]  base_lr: 2.6121e-05 lr: 2.6121e-06  eta: 0:22:49  time: 0.2973  data_time: 0.0116  memory: 8442  grad_norm: 421.7457  loss: 36.5059  decode.loss_cls: 0.3287  decode.loss_mask: 1.6794  decode.loss_dice: 1.6195  decode.d0.loss_cls: 0.5312  decode.d0.loss_mask: 1.6670  decode.d0.loss_dice: 1.6197  decode.d1.loss_cls: 0.3867  decode.d1.loss_mask: 1.6459  decode.d1.loss_dice: 1.5875  decode.d2.loss_cls: 0.4260  decode.d2.loss_mask: 1.6687  decode.d2.loss_dice: 1.5886  decode.d3.loss_cls: 0.3846  decode.d3.loss_mask: 1.7020  decode.d3.loss_dice: 1.5774  decode.d4.loss_cls: 0.3368  decode.d4.loss_mask: 1.6618  decode.d4.loss_dice: 1.6246  decode.d5.loss_cls: 0.3228  decode.d5.loss_mask: 1.6967  decode.d5.loss_dice: 1.6327  decode.d6.loss_cls: 0.3974  decode.d6.loss_mask: 1.6595  decode.d6.loss_dice: 1.5555  decode.d7.loss_cls: 0.3630  decode.d7.loss_mask: 1.6806  decode.d7.loss_dice: 1.5661  decode.d8.loss_cls: 0.4084  decode.d8.loss_mask: 1.6357  decode.d8.loss_dice: 1.5511
09/30 22:52:07 - mmengine - INFO - Iter(train) [15550/20000]  base_lr: 2.5859e-05 lr: 2.5859e-06  eta: 0:22:34  time: 0.3047  data_time: 0.0130  memory: 8439  grad_norm: 519.8008  loss: 32.7451  decode.loss_cls: 0.2680  decode.loss_mask: 1.4707  decode.loss_dice: 1.4739  decode.d0.loss_cls: 0.4314  decode.d0.loss_mask: 1.4590  decode.d0.loss_dice: 1.5422  decode.d1.loss_cls: 0.2982  decode.d1.loss_mask: 1.4833  decode.d1.loss_dice: 1.5219  decode.d2.loss_cls: 0.3021  decode.d2.loss_mask: 1.4591  decode.d2.loss_dice: 1.4675  decode.d3.loss_cls: 0.2847  decode.d3.loss_mask: 1.4791  decode.d3.loss_dice: 1.4794  decode.d4.loss_cls: 0.3418  decode.d4.loss_mask: 1.4719  decode.d4.loss_dice: 1.4731  decode.d5.loss_cls: 0.2765  decode.d5.loss_mask: 1.4675  decode.d5.loss_dice: 1.4891  decode.d6.loss_cls: 0.3239  decode.d6.loss_mask: 1.4604  decode.d6.loss_dice: 1.5059  decode.d7.loss_cls: 0.3109  decode.d7.loss_mask: 1.4519  decode.d7.loss_dice: 1.5062  decode.d8.loss_cls: 0.2795  decode.d8.loss_mask: 1.4516  decode.d8.loss_dice: 1.5143
09/30 22:52:22 - mmengine - INFO - Iter(train) [15600/20000]  base_lr: 2.5598e-05 lr: 2.5598e-06  eta: 0:22:19  time: 0.3051  data_time: 0.0118  memory: 8457  grad_norm: 560.1563  loss: 36.9038  decode.loss_cls: 0.4177  decode.loss_mask: 1.7074  decode.loss_dice: 1.4909  decode.d0.loss_cls: 0.7637  decode.d0.loss_mask: 1.6990  decode.d0.loss_dice: 1.5353  decode.d1.loss_cls: 0.5226  decode.d1.loss_mask: 1.6458  decode.d1.loss_dice: 1.4666  decode.d2.loss_cls: 0.4946  decode.d2.loss_mask: 1.7024  decode.d2.loss_dice: 1.4773  decode.d3.loss_cls: 0.4721  decode.d3.loss_mask: 1.6429  decode.d3.loss_dice: 1.4473  decode.d4.loss_cls: 0.4477  decode.d4.loss_mask: 1.6722  decode.d4.loss_dice: 1.5147  decode.d5.loss_cls: 0.4832  decode.d5.loss_mask: 1.6798  decode.d5.loss_dice: 1.4813  decode.d6.loss_cls: 0.5274  decode.d6.loss_mask: 1.7599  decode.d6.loss_dice: 1.4735  decode.d7.loss_cls: 0.4784  decode.d7.loss_mask: 1.6918  decode.d7.loss_dice: 1.5283  decode.d8.loss_cls: 0.4246  decode.d8.loss_mask: 1.7574  decode.d8.loss_dice: 1.4980
09/30 22:52:38 - mmengine - INFO - Iter(train) [15650/20000]  base_lr: 2.5336e-05 lr: 2.5336e-06  eta: 0:22:04  time: 0.3057  data_time: 0.0124  memory: 8457  grad_norm: 571.6240  loss: 38.0111  decode.loss_cls: 0.2467  decode.loss_mask: 1.8972  decode.loss_dice: 1.6243  decode.d0.loss_cls: 0.4921  decode.d0.loss_mask: 1.8321  decode.d0.loss_dice: 1.6232  decode.d1.loss_cls: 0.2996  decode.d1.loss_mask: 1.9272  decode.d1.loss_dice: 1.6578  decode.d2.loss_cls: 0.2901  decode.d2.loss_mask: 1.7945  decode.d2.loss_dice: 1.6209  decode.d3.loss_cls: 0.2698  decode.d3.loss_mask: 1.9040  decode.d3.loss_dice: 1.6151  decode.d4.loss_cls: 0.2991  decode.d4.loss_mask: 1.8325  decode.d4.loss_dice: 1.6261  decode.d5.loss_cls: 0.2463  decode.d5.loss_mask: 1.9131  decode.d5.loss_dice: 1.6170  decode.d6.loss_cls: 0.2443  decode.d6.loss_mask: 1.9309  decode.d6.loss_dice: 1.6340  decode.d7.loss_cls: 0.2598  decode.d7.loss_mask: 1.9262  decode.d7.loss_dice: 1.6134  decode.d8.loss_cls: 0.2554  decode.d8.loss_mask: 1.9029  decode.d8.loss_dice: 1.6152
09/30 22:52:53 - mmengine - INFO - Iter(train) [15700/20000]  base_lr: 2.5073e-05 lr: 2.5073e-06  eta: 0:21:48  time: 0.3060  data_time: 0.0122  memory: 8439  grad_norm: 752.2088  loss: 26.7863  decode.loss_cls: 0.2796  decode.loss_mask: 1.1996  decode.loss_dice: 1.1706  decode.d0.loss_cls: 0.5155  decode.d0.loss_mask: 1.2192  decode.d0.loss_dice: 1.2157  decode.d1.loss_cls: 0.3294  decode.d1.loss_mask: 1.1340  decode.d1.loss_dice: 1.1861  decode.d2.loss_cls: 0.3261  decode.d2.loss_mask: 1.1365  decode.d2.loss_dice: 1.1817  decode.d3.loss_cls: 0.2852  decode.d3.loss_mask: 1.1590  decode.d3.loss_dice: 1.1550  decode.d4.loss_cls: 0.2817  decode.d4.loss_mask: 1.1578  decode.d4.loss_dice: 1.1541  decode.d5.loss_cls: 0.2648  decode.d5.loss_mask: 1.1700  decode.d5.loss_dice: 1.1985  decode.d6.loss_cls: 0.3030  decode.d6.loss_mask: 1.1965  decode.d6.loss_dice: 1.2053  decode.d7.loss_cls: 0.2928  decode.d7.loss_mask: 1.2090  decode.d7.loss_dice: 1.2250  decode.d8.loss_cls: 0.2522  decode.d8.loss_mask: 1.2363  decode.d8.loss_dice: 1.1463
09/30 22:53:08 - mmengine - INFO - Iter(train) [15750/20000]  base_lr: 2.4811e-05 lr: 2.4811e-06  eta: 0:21:33  time: 0.2963  data_time: 0.0118  memory: 8466  grad_norm: 360.7172  loss: 33.2301  decode.loss_cls: 0.3187  decode.loss_mask: 1.5239  decode.loss_dice: 1.4548  decode.d0.loss_cls: 0.5291  decode.d0.loss_mask: 1.5341  decode.d0.loss_dice: 1.4660  decode.d1.loss_cls: 0.3661  decode.d1.loss_mask: 1.5637  decode.d1.loss_dice: 1.4388  decode.d2.loss_cls: 0.3694  decode.d2.loss_mask: 1.5387  decode.d2.loss_dice: 1.4152  decode.d3.loss_cls: 0.3332  decode.d3.loss_mask: 1.5282  decode.d3.loss_dice: 1.4104  decode.d4.loss_cls: 0.3209  decode.d4.loss_mask: 1.5303  decode.d4.loss_dice: 1.4365  decode.d5.loss_cls: 0.3124  decode.d5.loss_mask: 1.5239  decode.d5.loss_dice: 1.4672  decode.d6.loss_cls: 0.3257  decode.d6.loss_mask: 1.5264  decode.d6.loss_dice: 1.3968  decode.d7.loss_cls: 0.3481  decode.d7.loss_mask: 1.5258  decode.d7.loss_dice: 1.4666  decode.d8.loss_cls: 0.3480  decode.d8.loss_mask: 1.4966  decode.d8.loss_dice: 1.4148
09/30 22:53:23 - mmengine - INFO - Iter(train) [15800/20000]  base_lr: 2.4548e-05 lr: 2.4548e-06  eta: 0:21:18  time: 0.2990  data_time: 0.0118  memory: 8437  grad_norm: 487.1849  loss: 37.8645  decode.loss_cls: 0.3376  decode.loss_mask: 1.8713  decode.loss_dice: 1.5139  decode.d0.loss_cls: 0.6457  decode.d0.loss_mask: 1.7496  decode.d0.loss_dice: 1.5724  decode.d1.loss_cls: 0.4218  decode.d1.loss_mask: 1.8161  decode.d1.loss_dice: 1.6014  decode.d2.loss_cls: 0.4636  decode.d2.loss_mask: 1.8046  decode.d2.loss_dice: 1.5277  decode.d3.loss_cls: 0.4201  decode.d3.loss_mask: 1.8074  decode.d3.loss_dice: 1.5599  decode.d4.loss_cls: 0.4292  decode.d4.loss_mask: 1.7986  decode.d4.loss_dice: 1.5520  decode.d5.loss_cls: 0.4552  decode.d5.loss_mask: 1.8147  decode.d5.loss_dice: 1.5485  decode.d6.loss_cls: 0.3689  decode.d6.loss_mask: 1.8649  decode.d6.loss_dice: 1.5438  decode.d7.loss_cls: 0.4508  decode.d7.loss_mask: 1.7256  decode.d7.loss_dice: 1.4955  decode.d8.loss_cls: 0.3793  decode.d8.loss_mask: 1.8480  decode.d8.loss_dice: 1.4761
09/30 22:53:38 - mmengine - INFO - Iter(train) [15850/20000]  base_lr: 2.4285e-05 lr: 2.4285e-06  eta: 0:21:03  time: 0.3036  data_time: 0.0119  memory: 8439  grad_norm: 679.5659  loss: 29.3332  decode.loss_cls: 0.2096  decode.loss_mask: 1.5260  decode.loss_dice: 1.2339  decode.d0.loss_cls: 0.3500  decode.d0.loss_mask: 1.4709  decode.d0.loss_dice: 1.2860  decode.d1.loss_cls: 0.2456  decode.d1.loss_mask: 1.4714  decode.d1.loss_dice: 1.2054  decode.d2.loss_cls: 0.2586  decode.d2.loss_mask: 1.4225  decode.d2.loss_dice: 1.2388  decode.d3.loss_cls: 0.1904  decode.d3.loss_mask: 1.4548  decode.d3.loss_dice: 1.2220  decode.d4.loss_cls: 0.1965  decode.d4.loss_mask: 1.5223  decode.d4.loss_dice: 1.1647  decode.d5.loss_cls: 0.2617  decode.d5.loss_mask: 1.4305  decode.d5.loss_dice: 1.2149  decode.d6.loss_cls: 0.2509  decode.d6.loss_mask: 1.4439  decode.d6.loss_dice: 1.1746  decode.d7.loss_cls: 0.1945  decode.d7.loss_mask: 1.4547  decode.d7.loss_dice: 1.2499  decode.d8.loss_cls: 0.2249  decode.d8.loss_mask: 1.4961  decode.d8.loss_dice: 1.2671
09/30 22:53:53 - mmengine - INFO - Iter(train) [15900/20000]  base_lr: 2.4021e-05 lr: 2.4021e-06  eta: 0:20:47  time: 0.3014  data_time: 0.0119  memory: 8438  grad_norm: 525.0969  loss: 34.9434  decode.loss_cls: 0.5349  decode.loss_mask: 1.4238  decode.loss_dice: 1.4987  decode.d0.loss_cls: 0.6900  decode.d0.loss_mask: 1.4888  decode.d0.loss_dice: 1.5317  decode.d1.loss_cls: 0.4965  decode.d1.loss_mask: 1.5030  decode.d1.loss_dice: 1.4852  decode.d2.loss_cls: 0.4506  decode.d2.loss_mask: 1.5084  decode.d2.loss_dice: 1.4764  decode.d3.loss_cls: 0.5076  decode.d3.loss_mask: 1.4488  decode.d3.loss_dice: 1.4589  decode.d4.loss_cls: 0.5269  decode.d4.loss_mask: 1.4868  decode.d4.loss_dice: 1.5172  decode.d5.loss_cls: 0.5024  decode.d5.loss_mask: 1.5052  decode.d5.loss_dice: 1.4615  decode.d6.loss_cls: 0.5111  decode.d6.loss_mask: 1.4861  decode.d6.loss_dice: 1.5154  decode.d7.loss_cls: 0.4989  decode.d7.loss_mask: 1.4999  decode.d7.loss_dice: 1.5158  decode.d8.loss_cls: 0.5196  decode.d8.loss_mask: 1.4726  decode.d8.loss_dice: 1.4206
09/30 22:54:08 - mmengine - INFO - Iter(train) [15950/20000]  base_lr: 2.3758e-05 lr: 2.3758e-06  eta: 0:20:32  time: 0.2982  data_time: 0.0118  memory: 8457  grad_norm: 380.4688  loss: 29.6692  decode.loss_cls: 0.2535  decode.loss_mask: 1.4075  decode.loss_dice: 1.3081  decode.d0.loss_cls: 0.4916  decode.d0.loss_mask: 1.3771  decode.d0.loss_dice: 1.3403  decode.d1.loss_cls: 0.3273  decode.d1.loss_mask: 1.3541  decode.d1.loss_dice: 1.2481  decode.d2.loss_cls: 0.3410  decode.d2.loss_mask: 1.3586  decode.d2.loss_dice: 1.2372  decode.d3.loss_cls: 0.2843  decode.d3.loss_mask: 1.3674  decode.d3.loss_dice: 1.2669  decode.d4.loss_cls: 0.2668  decode.d4.loss_mask: 1.3927  decode.d4.loss_dice: 1.2723  decode.d5.loss_cls: 0.2830  decode.d5.loss_mask: 1.3875  decode.d5.loss_dice: 1.2640  decode.d6.loss_cls: 0.3104  decode.d6.loss_mask: 1.3829  decode.d6.loss_dice: 1.2664  decode.d7.loss_cls: 0.2539  decode.d7.loss_mask: 1.3968  decode.d7.loss_dice: 1.2896  decode.d8.loss_cls: 0.2632  decode.d8.loss_mask: 1.3955  decode.d8.loss_dice: 1.2813
09/30 22:54:23 - mmengine - INFO - Exp name: mask2former_swin_l_512_20260930_211218
09/30 22:54:23 - mmengine - INFO - Iter(train) [16000/20000]  base_lr: 2.3493e-05 lr: 2.3493e-06  eta: 0:20:17  time: 0.3004  data_time: 0.0115  memory: 8437  grad_norm: 544.2807  loss: 33.5979  decode.loss_cls: 0.2408  decode.loss_mask: 1.7042  decode.loss_dice: 1.4107  decode.d0.loss_cls: 0.4754  decode.d0.loss_mask: 1.5880  decode.d0.loss_dice: 1.4285  decode.d1.loss_cls: 0.3389  decode.d1.loss_mask: 1.6509  decode.d1.loss_dice: 1.4329  decode.d2.loss_cls: 0.3486  decode.d2.loss_mask: 1.6410  decode.d2.loss_dice: 1.3893  decode.d3.loss_cls: 0.3153  decode.d3.loss_mask: 1.6608  decode.d3.loss_dice: 1.3776  decode.d4.loss_cls: 0.3063  decode.d4.loss_mask: 1.6501  decode.d4.loss_dice: 1.3714  decode.d5.loss_cls: 0.2917  decode.d5.loss_mask: 1.6662  decode.d5.loss_dice: 1.3665  decode.d6.loss_cls: 0.2645  decode.d6.loss_mask: 1.6786  decode.d6.loss_dice: 1.3974  decode.d7.loss_cls: 0.2659  decode.d7.loss_mask: 1.6792  decode.d7.loss_dice: 1.3887  decode.d8.loss_cls: 0.2664  decode.d8.loss_mask: 1.6220  decode.d8.loss_dice: 1.3801
09/30 22:54:23 - mmengine - INFO - Saving checkpoint at 16000 iterations
09/30 22:54:31 - mmengine - INFO - Iter(val) [ 50/699]    eta: 0:01:15  time: 0.1145  data_time: 0.0040  memory: 3701  
09/30 22:54:37 - mmengine - INFO - Iter(val) [100/699]    eta: 0:01:09  time: 0.1146  data_time: 0.0039  memory: 3701  
09/30 22:54:43 - mmengine - INFO - Iter(val) [150/699]    eta: 0:01:03  time: 0.1150  data_time: 0.0040  memory: 3701  
09/30 22:54:49 - mmengine - INFO - Iter(val) [200/699]    eta: 0:00:57  time: 0.1165  data_time: 0.0040  memory: 3701  
09/30 22:54:55 - mmengine - INFO - Iter(val) [250/699]    eta: 0:00:51  time: 0.1155  data_time: 0.0040  memory: 3701  
09/30 22:55:00 - mmengine - INFO - Iter(val) [300/699]    eta: 0:00:46  time: 0.1160  data_time: 0.0040  memory: 3701  
09/30 22:55:06 - mmengine - INFO - Iter(val) [350/699]    eta: 0:00:40  time: 0.1156  data_time: 0.0040  memory: 3701  
09/30 22:55:12 - mmengine - INFO - Iter(val) [400/699]    eta: 0:00:34  time: 0.1161  data_time: 0.0040  memory: 3701  
09/30 22:55:18 - mmengine - INFO - Iter(val) [450/699]    eta: 0:00:28  time: 0.1155  data_time: 0.0040  memory: 3701  
09/30 22:55:24 - mmengine - INFO - Iter(val) [500/699]    eta: 0:00:23  time: 0.1162  data_time: 0.0041  memory: 3701  
09/30 22:55:29 - mmengine - INFO - Iter(val) [550/699]    eta: 0:00:17  time: 0.1149  data_time: 0.0040  memory: 3701  
09/30 22:55:35 - mmengine - INFO - Iter(val) [600/699]    eta: 0:00:11  time: 0.1148  data_time: 0.0040  memory: 3701  
09/30 22:55:41 - mmengine - INFO - Iter(val) [650/699]    eta: 0:00:05  time: 0.1148  data_time: 0.0040  memory: 3701  
09/30 22:55:47 - mmengine - INFO - per class results:
09/30 22:55:47 - mmengine - INFO - 
+--------------+-------+-------+
|    Class     |  IoU  |  Acc  |
+--------------+-------+-------+
|  Background  | 60.95 | 80.95 |
|   Building   | 82.87 | 90.24 |
|     Road     | 62.45 | 68.55 |
|    Water     | 83.34 | 89.19 |
|    Barren    | 26.31 | 44.93 |
|  Vegetation  | 84.42 | 88.81 |
| Agricultural | 70.01 |  82.8 |
|   Vehicle    | 77.23 | 87.93 |
+--------------+-------+-------+
09/30 22:55:47 - mmengine - INFO - Iter(val) [699/699]    aAcc: 84.1900  mIoU: 68.4500  mAcc: 79.1700  data_time: 0.0042  time: 0.1156
09/30 22:55:47 - mmengine - INFO - The previous best checkpoint /root/hyperseg/runs/mask2former_uav/h2_swin_l_mask2former_20k_seed3407_fp32/best_mIoU_iter_11000.pth is removed
09/30 22:55:49 - mmengine - INFO - The best checkpoint with 68.4500 mIoU at 16000 iter is saved to best_mIoU_iter_16000.pth.
09/30 22:56:07 - mmengine - INFO - Iter(train) [16050/20000]  base_lr: 2.3229e-05 lr: 2.3229e-06  eta: 0:20:03  time: 0.3053  data_time: 0.0123  memory: 8449  grad_norm: 342.8677  loss: 37.1458  decode.loss_cls: 0.3666  decode.loss_mask: 1.7477  decode.loss_dice: 1.5720  decode.d0.loss_cls: 0.5434  decode.d0.loss_mask: 1.7567  decode.d0.loss_dice: 1.6397  decode.d1.loss_cls: 0.3964  decode.d1.loss_mask: 1.6918  decode.d1.loss_dice: 1.5950  decode.d2.loss_cls: 0.3459  decode.d2.loss_mask: 1.7104  decode.d2.loss_dice: 1.5725  decode.d3.loss_cls: 0.3489  decode.d3.loss_mask: 1.7379  decode.d3.loss_dice: 1.5599  decode.d4.loss_cls: 0.3742  decode.d4.loss_mask: 1.7405  decode.d4.loss_dice: 1.5884  decode.d5.loss_cls: 0.3036  decode.d5.loss_mask: 1.7602  decode.d5.loss_dice: 1.5889  decode.d6.loss_cls: 0.4077  decode.d6.loss_mask: 1.7381  decode.d6.loss_dice: 1.5895  decode.d7.loss_cls: 0.3885  decode.d7.loss_mask: 1.7829  decode.d7.loss_dice: 1.6263  decode.d8.loss_cls: 0.3394  decode.d8.loss_mask: 1.7558  decode.d8.loss_dice: 1.5768
09/30 22:56:22 - mmengine - INFO - Iter(train) [16100/20000]  base_lr: 2.2964e-05 lr: 2.2964e-06  eta: 0:19:48  time: 0.2979  data_time: 0.0116  memory: 8457  grad_norm: 507.5478  loss: 35.7852  decode.loss_cls: 0.4416  decode.loss_mask: 1.7798  decode.loss_dice: 1.3416  decode.d0.loss_cls: 0.5139  decode.d0.loss_mask: 1.7602  decode.d0.loss_dice: 1.4812  decode.d1.loss_cls: 0.5656  decode.d1.loss_mask: 1.6021  decode.d1.loss_dice: 1.3375  decode.d2.loss_cls: 0.5162  decode.d2.loss_mask: 1.6406  decode.d2.loss_dice: 1.3407  decode.d3.loss_cls: 0.5285  decode.d3.loss_mask: 1.6888  decode.d3.loss_dice: 1.3621  decode.d4.loss_cls: 0.4902  decode.d4.loss_mask: 1.7266  decode.d4.loss_dice: 1.3047  decode.d5.loss_cls: 0.5289  decode.d5.loss_mask: 1.6468  decode.d5.loss_dice: 1.3246  decode.d6.loss_cls: 0.4211  decode.d6.loss_mask: 1.7842  decode.d6.loss_dice: 1.3483  decode.d7.loss_cls: 0.4120  decode.d7.loss_mask: 1.8146  decode.d7.loss_dice: 1.4410  decode.d8.loss_cls: 0.4200  decode.d8.loss_mask: 1.8329  decode.d8.loss_dice: 1.3886
09/30 22:56:37 - mmengine - INFO - Iter(train) [16150/20000]  base_lr: 2.2699e-05 lr: 2.2699e-06  eta: 0:19:32  time: 0.2972  data_time: 0.0116  memory: 8437  grad_norm: 492.0140  loss: 36.2999  decode.loss_cls: 0.4200  decode.loss_mask: 1.6583  decode.loss_dice: 1.4948  decode.d0.loss_cls: 0.7029  decode.d0.loss_mask: 1.6419  decode.d0.loss_dice: 1.5594  decode.d1.loss_cls: 0.5426  decode.d1.loss_mask: 1.6304  decode.d1.loss_dice: 1.5275  decode.d2.loss_cls: 0.4401  decode.d2.loss_mask: 1.6456  decode.d2.loss_dice: 1.5072  decode.d3.loss_cls: 0.4837  decode.d3.loss_mask: 1.6531  decode.d3.loss_dice: 1.4893  decode.d4.loss_cls: 0.4869  decode.d4.loss_mask: 1.6117  decode.d4.loss_dice: 1.4991  decode.d5.loss_cls: 0.4806  decode.d5.loss_mask: 1.5934  decode.d5.loss_dice: 1.4987  decode.d6.loss_cls: 0.3971  decode.d6.loss_mask: 1.6700  decode.d6.loss_dice: 1.5056  decode.d7.loss_cls: 0.4381  decode.d7.loss_mask: 1.6483  decode.d7.loss_dice: 1.4869  decode.d8.loss_cls: 0.4172  decode.d8.loss_mask: 1.6341  decode.d8.loss_dice: 1.5353
09/30 22:56:52 - mmengine - INFO - Iter(train) [16200/20000]  base_lr: 2.2434e-05 lr: 2.2434e-06  eta: 0:19:17  time: 0.2946  data_time: 0.0114  memory: 8466  grad_norm: 957.1519  loss: 33.1085  decode.loss_cls: 0.3300  decode.loss_mask: 1.5441  decode.loss_dice: 1.3607  decode.d0.loss_cls: 0.6036  decode.d0.loss_mask: 1.5431  decode.d0.loss_dice: 1.4586  decode.d1.loss_cls: 0.4010  decode.d1.loss_mask: 1.5587  decode.d1.loss_dice: 1.3786  decode.d2.loss_cls: 0.3973  decode.d2.loss_mask: 1.5490  decode.d2.loss_dice: 1.3648  decode.d3.loss_cls: 0.3449  decode.d3.loss_mask: 1.5367  decode.d3.loss_dice: 1.3779  decode.d4.loss_cls: 0.3753  decode.d4.loss_mask: 1.5213  decode.d4.loss_dice: 1.3771  decode.d5.loss_cls: 0.3128  decode.d5.loss_mask: 1.5339  decode.d5.loss_dice: 1.4082  decode.d6.loss_cls: 0.3342  decode.d6.loss_mask: 1.5253  decode.d6.loss_dice: 1.3683  decode.d7.loss_cls: 0.3944  decode.d7.loss_mask: 1.5113  decode.d7.loss_dice: 1.3647  decode.d8.loss_cls: 0.4255  decode.d8.loss_mask: 1.5294  decode.d8.loss_dice: 1.3781
09/30 22:57:07 - mmengine - INFO - Iter(train) [16250/20000]  base_lr: 2.2168e-05 lr: 2.2168e-06  eta: 0:19:02  time: 0.3174  data_time: 0.0131  memory: 8450  grad_norm: 418.9231  loss: 32.3073  decode.loss_cls: 0.5668  decode.loss_mask: 1.4441  decode.loss_dice: 1.2377  decode.d0.loss_cls: 0.6818  decode.d0.loss_mask: 1.4852  decode.d0.loss_dice: 1.2769  decode.d1.loss_cls: 0.4739  decode.d1.loss_mask: 1.4361  decode.d1.loss_dice: 1.2742  decode.d2.loss_cls: 0.5607  decode.d2.loss_mask: 1.4321  decode.d2.loss_dice: 1.2638  decode.d3.loss_cls: 0.5402  decode.d3.loss_mask: 1.4434  decode.d3.loss_dice: 1.3101  decode.d4.loss_cls: 0.5092  decode.d4.loss_mask: 1.4271  decode.d4.loss_dice: 1.2112  decode.d5.loss_cls: 0.4495  decode.d5.loss_mask: 1.4911  decode.d5.loss_dice: 1.2390  decode.d6.loss_cls: 0.4190  decode.d6.loss_mask: 1.4980  decode.d6.loss_dice: 1.2373  decode.d7.loss_cls: 0.4647  decode.d7.loss_mask: 1.4449  decode.d7.loss_dice: 1.2344  decode.d8.loss_cls: 0.5474  decode.d8.loss_mask: 1.4317  decode.d8.loss_dice: 1.2758
09/30 22:57:22 - mmengine - INFO - Iter(train) [16300/20000]  base_lr: 2.1902e-05 lr: 2.1902e-06  eta: 0:18:46  time: 0.3050  data_time: 0.0118  memory: 8442  grad_norm: 431.4088  loss: 34.2366  decode.loss_cls: 0.4645  decode.loss_mask: 1.4833  decode.loss_dice: 1.4301  decode.d0.loss_cls: 0.6789  decode.d0.loss_mask: 1.4884  decode.d0.loss_dice: 1.4623  decode.d1.loss_cls: 0.5434  decode.d1.loss_mask: 1.4717  decode.d1.loss_dice: 1.4134  decode.d2.loss_cls: 0.5477  decode.d2.loss_mask: 1.4578  decode.d2.loss_dice: 1.4104  decode.d3.loss_cls: 0.5697  decode.d3.loss_mask: 1.4099  decode.d3.loss_dice: 1.3999  decode.d4.loss_cls: 0.5201  decode.d4.loss_mask: 1.4319  decode.d4.loss_dice: 1.4687  decode.d5.loss_cls: 0.4688  decode.d5.loss_mask: 1.4722  decode.d5.loss_dice: 1.4554  decode.d6.loss_cls: 0.4664  decode.d6.loss_mask: 1.5538  decode.d6.loss_dice: 1.4495  decode.d7.loss_cls: 0.4165  decode.d7.loss_mask: 1.5260  decode.d7.loss_dice: 1.4309  decode.d8.loss_cls: 0.4182  decode.d8.loss_mask: 1.4906  decode.d8.loss_dice: 1.4363
09/30 22:57:37 - mmengine - INFO - Iter(train) [16350/20000]  base_lr: 2.1635e-05 lr: 2.1635e-06  eta: 0:18:31  time: 0.3029  data_time: 0.0122  memory: 8449  grad_norm: 324.8124  loss: 30.6148  decode.loss_cls: 0.3177  decode.loss_mask: 1.4491  decode.loss_dice: 1.2180  decode.d0.loss_cls: 0.5454  decode.d0.loss_mask: 1.5081  decode.d0.loss_dice: 1.3213  decode.d1.loss_cls: 0.3551  decode.d1.loss_mask: 1.4385  decode.d1.loss_dice: 1.1981  decode.d2.loss_cls: 0.3380  decode.d2.loss_mask: 1.4075  decode.d2.loss_dice: 1.2401  decode.d3.loss_cls: 0.3539  decode.d3.loss_mask: 1.4321  decode.d3.loss_dice: 1.2232  decode.d4.loss_cls: 0.3322  decode.d4.loss_mask: 1.4718  decode.d4.loss_dice: 1.2482  decode.d5.loss_cls: 0.3313  decode.d5.loss_mask: 1.4482  decode.d5.loss_dice: 1.2731  decode.d6.loss_cls: 0.3212  decode.d6.loss_mask: 1.4728  decode.d6.loss_dice: 1.2932  decode.d7.loss_cls: 0.3457  decode.d7.loss_mask: 1.4355  decode.d7.loss_dice: 1.2420  decode.d8.loss_cls: 0.3683  decode.d8.loss_mask: 1.4327  decode.d8.loss_dice: 1.2523
09/30 22:57:53 - mmengine - INFO - Iter(train) [16400/20000]  base_lr: 2.1368e-05 lr: 2.1368e-06  eta: 0:18:16  time: 0.3176  data_time: 0.0124  memory: 8457  grad_norm: 421.3249  loss: 34.6712  decode.loss_cls: 0.5182  decode.loss_mask: 1.4987  decode.loss_dice: 1.4420  decode.d0.loss_cls: 0.7401  decode.d0.loss_mask: 1.4415  decode.d0.loss_dice: 1.5201  decode.d1.loss_cls: 0.4988  decode.d1.loss_mask: 1.4451  decode.d1.loss_dice: 1.4344  decode.d2.loss_cls: 0.5117  decode.d2.loss_mask: 1.3987  decode.d2.loss_dice: 1.4092  decode.d3.loss_cls: 0.6102  decode.d3.loss_mask: 1.4215  decode.d3.loss_dice: 1.4029  decode.d4.loss_cls: 0.5185  decode.d4.loss_mask: 1.4555  decode.d4.loss_dice: 1.4333  decode.d5.loss_cls: 0.5732  decode.d5.loss_mask: 1.4525  decode.d5.loss_dice: 1.4133  decode.d6.loss_cls: 0.6109  decode.d6.loss_mask: 1.4317  decode.d6.loss_dice: 1.4067  decode.d7.loss_cls: 0.6718  decode.d7.loss_mask: 1.4110  decode.d7.loss_dice: 1.4204  decode.d8.loss_cls: 0.5908  decode.d8.loss_mask: 1.5127  decode.d8.loss_dice: 1.4759
09/30 22:58:08 - mmengine - INFO - Iter(train) [16450/20000]  base_lr: 2.1101e-05 lr: 2.1101e-06  eta: 0:18:01  time: 0.3009  data_time: 0.0119  memory: 8439  grad_norm: 296.9128  loss: 34.1189  decode.loss_cls: 0.4551  decode.loss_mask: 1.4079  decode.loss_dice: 1.5661  decode.d0.loss_cls: 0.5611  decode.d0.loss_mask: 1.4289  decode.d0.loss_dice: 1.6482  decode.d1.loss_cls: 0.4692  decode.d1.loss_mask: 1.3804  decode.d1.loss_dice: 1.5477  decode.d2.loss_cls: 0.5247  decode.d2.loss_mask: 1.3350  decode.d2.loss_dice: 1.5218  decode.d3.loss_cls: 0.4451  decode.d3.loss_mask: 1.3496  decode.d3.loss_dice: 1.5653  decode.d4.loss_cls: 0.4370  decode.d4.loss_mask: 1.3555  decode.d4.loss_dice: 1.5444  decode.d5.loss_cls: 0.4228  decode.d5.loss_mask: 1.3946  decode.d5.loss_dice: 1.5310  decode.d6.loss_cls: 0.4532  decode.d6.loss_mask: 1.4333  decode.d6.loss_dice: 1.5167  decode.d7.loss_cls: 0.4445  decode.d7.loss_mask: 1.4081  decode.d7.loss_dice: 1.5420  decode.d8.loss_cls: 0.4506  decode.d8.loss_mask: 1.4289  decode.d8.loss_dice: 1.5502
09/30 22:58:23 - mmengine - INFO - Iter(train) [16500/20000]  base_lr: 2.0833e-05 lr: 2.0833e-06  eta: 0:17:45  time: 0.3132  data_time: 0.0116  memory: 8437  grad_norm: 487.0596  loss: 27.5149  decode.loss_cls: 0.4258  decode.loss_mask: 1.1979  decode.loss_dice: 1.0842  decode.d0.loss_cls: 0.6399  decode.d0.loss_mask: 1.1374  decode.d0.loss_dice: 1.1416  decode.d1.loss_cls: 0.4207  decode.d1.loss_mask: 1.2070  decode.d1.loss_dice: 1.1155  decode.d2.loss_cls: 0.4183  decode.d2.loss_mask: 1.2050  decode.d2.loss_dice: 1.1118  decode.d3.loss_cls: 0.4850  decode.d3.loss_mask: 1.1878  decode.d3.loss_dice: 1.1124  decode.d4.loss_cls: 0.5005  decode.d4.loss_mask: 1.1731  decode.d4.loss_dice: 1.0543  decode.d5.loss_cls: 0.5117  decode.d5.loss_mask: 1.1660  decode.d5.loss_dice: 1.0641  decode.d6.loss_cls: 0.4145  decode.d6.loss_mask: 1.1962  decode.d6.loss_dice: 1.0992  decode.d7.loss_cls: 0.4143  decode.d7.loss_mask: 1.2054  decode.d7.loss_dice: 1.0930  decode.d8.loss_cls: 0.4826  decode.d8.loss_mask: 1.2207  decode.d8.loss_dice: 1.0289
09/30 22:58:38 - mmengine - INFO - Iter(train) [16550/20000]  base_lr: 2.0565e-05 lr: 2.0565e-06  eta: 0:17:30  time: 0.2974  data_time: 0.0115  memory: 8429  grad_norm: 970.4870  loss: 29.1650  decode.loss_cls: 0.1992  decode.loss_mask: 1.5261  decode.loss_dice: 1.2213  decode.d0.loss_cls: 0.3733  decode.d0.loss_mask: 1.5121  decode.d0.loss_dice: 1.2446  decode.d1.loss_cls: 0.2852  decode.d1.loss_mask: 1.4613  decode.d1.loss_dice: 1.2176  decode.d2.loss_cls: 0.1998  decode.d2.loss_mask: 1.4313  decode.d2.loss_dice: 1.1945  decode.d3.loss_cls: 0.2076  decode.d3.loss_mask: 1.4272  decode.d3.loss_dice: 1.1878  decode.d4.loss_cls: 0.2031  decode.d4.loss_mask: 1.4684  decode.d4.loss_dice: 1.2025  decode.d5.loss_cls: 0.2005  decode.d5.loss_mask: 1.4497  decode.d5.loss_dice: 1.1911  decode.d6.loss_cls: 0.2267  decode.d6.loss_mask: 1.4559  decode.d6.loss_dice: 1.1947  decode.d7.loss_cls: 0.2399  decode.d7.loss_mask: 1.4682  decode.d7.loss_dice: 1.1984  decode.d8.loss_cls: 0.2288  decode.d8.loss_mask: 1.5291  decode.d8.loss_dice: 1.2192
09/30 22:58:53 - mmengine - INFO - Iter(train) [16600/20000]  base_lr: 2.0297e-05 lr: 2.0297e-06  eta: 0:17:15  time: 0.3187  data_time: 0.0130  memory: 8449  grad_norm: 1104.0757  loss: 34.2355  decode.loss_cls: 0.4453  decode.loss_mask: 1.5774  decode.loss_dice: 1.3756  decode.d0.loss_cls: 0.5263  decode.d0.loss_mask: 1.6133  decode.d0.loss_dice: 1.5028  decode.d1.loss_cls: 0.4181  decode.d1.loss_mask: 1.5638  decode.d1.loss_dice: 1.4273  decode.d2.loss_cls: 0.4124  decode.d2.loss_mask: 1.5777  decode.d2.loss_dice: 1.4272  decode.d3.loss_cls: 0.4065  decode.d3.loss_mask: 1.5859  decode.d3.loss_dice: 1.3898  decode.d4.loss_cls: 0.4266  decode.d4.loss_mask: 1.6205  decode.d4.loss_dice: 1.4044  decode.d5.loss_cls: 0.3933  decode.d5.loss_mask: 1.5930  decode.d5.loss_dice: 1.4073  decode.d6.loss_cls: 0.3677  decode.d6.loss_mask: 1.5422  decode.d6.loss_dice: 1.4523  decode.d7.loss_cls: 0.4452  decode.d7.loss_mask: 1.5832  decode.d7.loss_dice: 1.3938  decode.d8.loss_cls: 0.4013  decode.d8.loss_mask: 1.5904  decode.d8.loss_dice: 1.3648
09/30 22:59:08 - mmengine - INFO - Iter(train) [16650/20000]  base_lr: 2.0028e-05 lr: 2.0028e-06  eta: 0:17:00  time: 0.2988  data_time: 0.0116  memory: 8449  grad_norm: 359.7553  loss: 35.4321  decode.loss_cls: 0.5615  decode.loss_mask: 1.4147  decode.loss_dice: 1.5383  decode.d0.loss_cls: 0.6383  decode.d0.loss_mask: 1.4751  decode.d0.loss_dice: 1.6908  decode.d1.loss_cls: 0.5927  decode.d1.loss_mask: 1.4213  decode.d1.loss_dice: 1.5283  decode.d2.loss_cls: 0.5957  decode.d2.loss_mask: 1.4078  decode.d2.loss_dice: 1.4946  decode.d3.loss_cls: 0.6000  decode.d3.loss_mask: 1.4070  decode.d3.loss_dice: 1.5607  decode.d4.loss_cls: 0.6085  decode.d4.loss_mask: 1.4019  decode.d4.loss_dice: 1.4473  decode.d5.loss_cls: 0.6696  decode.d5.loss_mask: 1.3902  decode.d5.loss_dice: 1.4693  decode.d6.loss_cls: 0.5637  decode.d6.loss_mask: 1.3981  decode.d6.loss_dice: 1.5005  decode.d7.loss_cls: 0.6202  decode.d7.loss_mask: 1.4294  decode.d7.loss_dice: 1.5286  decode.d8.loss_cls: 0.5771  decode.d8.loss_mask: 1.3982  decode.d8.loss_dice: 1.5028
09/30 22:59:23 - mmengine - INFO - Iter(train) [16700/20000]  base_lr: 1.9759e-05 lr: 1.9759e-06  eta: 0:16:44  time: 0.3028  data_time: 0.0116  memory: 8438  grad_norm: 470.1039  loss: 34.0711  decode.loss_cls: 0.3386  decode.loss_mask: 1.6663  decode.loss_dice: 1.4400  decode.d0.loss_cls: 0.4308  decode.d0.loss_mask: 1.6866  decode.d0.loss_dice: 1.4250  decode.d1.loss_cls: 0.2596  decode.d1.loss_mask: 1.6877  decode.d1.loss_dice: 1.4000  decode.d2.loss_cls: 0.2640  decode.d2.loss_mask: 1.6590  decode.d2.loss_dice: 1.4517  decode.d3.loss_cls: 0.2768  decode.d3.loss_mask: 1.6342  decode.d3.loss_dice: 1.4578  decode.d4.loss_cls: 0.2885  decode.d4.loss_mask: 1.6589  decode.d4.loss_dice: 1.4363  decode.d5.loss_cls: 0.3021  decode.d5.loss_mask: 1.6664  decode.d5.loss_dice: 1.4403  decode.d6.loss_cls: 0.3169  decode.d6.loss_mask: 1.6704  decode.d6.loss_dice: 1.4324  decode.d7.loss_cls: 0.2795  decode.d7.loss_mask: 1.6583  decode.d7.loss_dice: 1.4551  decode.d8.loss_cls: 0.3406  decode.d8.loss_mask: 1.6616  decode.d8.loss_dice: 1.3855
09/30 22:59:38 - mmengine - INFO - Iter(train) [16750/20000]  base_lr: 1.9489e-05 lr: 1.9489e-06  eta: 0:16:29  time: 0.3105  data_time: 0.0122  memory: 8457  grad_norm: 330.6275  loss: 26.6975  decode.loss_cls: 0.4238  decode.loss_mask: 1.0995  decode.loss_dice: 1.1073  decode.d0.loss_cls: 0.6191  decode.d0.loss_mask: 1.1246  decode.d0.loss_dice: 1.1566  decode.d1.loss_cls: 0.4666  decode.d1.loss_mask: 1.1170  decode.d1.loss_dice: 1.1459  decode.d2.loss_cls: 0.4367  decode.d2.loss_mask: 1.0897  decode.d2.loss_dice: 1.1002  decode.d3.loss_cls: 0.4256  decode.d3.loss_mask: 1.0744  decode.d3.loss_dice: 1.1056  decode.d4.loss_cls: 0.4278  decode.d4.loss_mask: 1.0827  decode.d4.loss_dice: 1.1049  decode.d5.loss_cls: 0.4189  decode.d5.loss_mask: 1.0673  decode.d5.loss_dice: 1.1098  decode.d6.loss_cls: 0.4335  decode.d6.loss_mask: 1.1286  decode.d6.loss_dice: 1.1539  decode.d7.loss_cls: 0.4238  decode.d7.loss_mask: 1.1073  decode.d7.loss_dice: 1.1064  decode.d8.loss_cls: 0.3874  decode.d8.loss_mask: 1.1434  decode.d8.loss_dice: 1.1092
09/30 22:59:54 - mmengine - INFO - Iter(train) [16800/20000]  base_lr: 1.9219e-05 lr: 1.9219e-06  eta: 0:16:14  time: 0.3030  data_time: 0.0119  memory: 8449  grad_norm: 627.1434  loss: 34.2123  decode.loss_cls: 0.5555  decode.loss_mask: 1.5713  decode.loss_dice: 1.2478  decode.d0.loss_cls: 0.8113  decode.d0.loss_mask: 1.5481  decode.d0.loss_dice: 1.2493  decode.d1.loss_cls: 0.5638  decode.d1.loss_mask: 1.5775  decode.d1.loss_dice: 1.2567  decode.d2.loss_cls: 0.5334  decode.d2.loss_mask: 1.5879  decode.d2.loss_dice: 1.2582  decode.d3.loss_cls: 0.5743  decode.d3.loss_mask: 1.5896  decode.d3.loss_dice: 1.2648  decode.d4.loss_cls: 0.5841  decode.d4.loss_mask: 1.5749  decode.d4.loss_dice: 1.2309  decode.d5.loss_cls: 0.5463  decode.d5.loss_mask: 1.5674  decode.d5.loss_dice: 1.2617  decode.d6.loss_cls: 0.5876  decode.d6.loss_mask: 1.6123  decode.d6.loss_dice: 1.2421  decode.d7.loss_cls: 0.5616  decode.d7.loss_mask: 1.5637  decode.d7.loss_dice: 1.2489  decode.d8.loss_cls: 0.5413  decode.d8.loss_mask: 1.6400  decode.d8.loss_dice: 1.2599
09/30 23:00:09 - mmengine - INFO - Iter(train) [16850/20000]  base_lr: 1.8948e-05 lr: 1.8948e-06  eta: 0:15:59  time: 0.3016  data_time: 0.0123  memory: 8457  grad_norm: 566.7703  loss: 31.1099  decode.loss_cls: 0.3779  decode.loss_mask: 1.3268  decode.loss_dice: 1.4056  decode.d0.loss_cls: 0.4735  decode.d0.loss_mask: 1.3047  decode.d0.loss_dice: 1.3819  decode.d1.loss_cls: 0.5149  decode.d1.loss_mask: 1.2635  decode.d1.loss_dice: 1.3730  decode.d2.loss_cls: 0.4427  decode.d2.loss_mask: 1.2883  decode.d2.loss_dice: 1.4004  decode.d3.loss_cls: 0.4488  decode.d3.loss_mask: 1.2684  decode.d3.loss_dice: 1.3807  decode.d4.loss_cls: 0.4060  decode.d4.loss_mask: 1.2685  decode.d4.loss_dice: 1.4123  decode.d5.loss_cls: 0.4134  decode.d5.loss_mask: 1.2668  decode.d5.loss_dice: 1.3759  decode.d6.loss_cls: 0.5120  decode.d6.loss_mask: 1.2604  decode.d6.loss_dice: 1.3462  decode.d7.loss_cls: 0.4728  decode.d7.loss_mask: 1.2634  decode.d7.loss_dice: 1.3710  decode.d8.loss_cls: 0.4320  decode.d8.loss_mask: 1.3073  decode.d8.loss_dice: 1.3507
09/30 23:00:24 - mmengine - INFO - Iter(train) [16900/20000]  base_lr: 1.8677e-05 lr: 1.8677e-06  eta: 0:15:44  time: 0.2978  data_time: 0.0118  memory: 8457  grad_norm: 487.9103  loss: 26.9351  decode.loss_cls: 0.3202  decode.loss_mask: 1.1658  decode.loss_dice: 1.1440  decode.d0.loss_cls: 0.4515  decode.d0.loss_mask: 1.2010  decode.d0.loss_dice: 1.2810  decode.d1.loss_cls: 0.3965  decode.d1.loss_mask: 1.1648  decode.d1.loss_dice: 1.1658  decode.d2.loss_cls: 0.3278  decode.d2.loss_mask: 1.1510  decode.d2.loss_dice: 1.1455  decode.d3.loss_cls: 0.3181  decode.d3.loss_mask: 1.1526  decode.d3.loss_dice: 1.1625  decode.d4.loss_cls: 0.3236  decode.d4.loss_mask: 1.1520  decode.d4.loss_dice: 1.1654  decode.d5.loss_cls: 0.3666  decode.d5.loss_mask: 1.1751  decode.d5.loss_dice: 1.1465  decode.d6.loss_cls: 0.3544  decode.d6.loss_mask: 1.1806  decode.d6.loss_dice: 1.1615  decode.d7.loss_cls: 0.3237  decode.d7.loss_mask: 1.1781  decode.d7.loss_dice: 1.1585  decode.d8.loss_cls: 0.3702  decode.d8.loss_mask: 1.1659  decode.d8.loss_dice: 1.1647
09/30 23:00:39 - mmengine - INFO - Iter(train) [16950/20000]  base_lr: 1.8406e-05 lr: 1.8406e-06  eta: 0:15:28  time: 0.3002  data_time: 0.0116  memory: 8449  grad_norm: 626.5941  loss: 31.0663  decode.loss_cls: 0.2144  decode.loss_mask: 1.6127  decode.loss_dice: 1.2709  decode.d0.loss_cls: 0.3815  decode.d0.loss_mask: 1.6412  decode.d0.loss_dice: 1.2841  decode.d1.loss_cls: 0.2693  decode.d1.loss_mask: 1.5578  decode.d1.loss_dice: 1.2765  decode.d2.loss_cls: 0.2755  decode.d2.loss_mask: 1.5805  decode.d2.loss_dice: 1.2627  decode.d3.loss_cls: 0.2423  decode.d3.loss_mask: 1.5651  decode.d3.loss_dice: 1.2707  decode.d4.loss_cls: 0.2351  decode.d4.loss_mask: 1.5578  decode.d4.loss_dice: 1.2630  decode.d5.loss_cls: 0.2989  decode.d5.loss_mask: 1.5305  decode.d5.loss_dice: 1.2229  decode.d6.loss_cls: 0.2464  decode.d6.loss_mask: 1.5492  decode.d6.loss_dice: 1.2325  decode.d7.loss_cls: 0.1893  decode.d7.loss_mask: 1.6285  decode.d7.loss_dice: 1.3055  decode.d8.loss_cls: 0.2701  decode.d8.loss_mask: 1.5809  decode.d8.loss_dice: 1.2505
09/30 23:00:54 - mmengine - INFO - Exp name: mask2former_swin_l_512_20260930_211218
09/30 23:00:54 - mmengine - INFO - Iter(train) [17000/20000]  base_lr: 1.8134e-05 lr: 1.8134e-06  eta: 0:15:13  time: 0.2990  data_time: 0.0118  memory: 8457  grad_norm: 475.5431  loss: 33.1245  decode.loss_cls: 0.4576  decode.loss_mask: 1.3758  decode.loss_dice: 1.4820  decode.d0.loss_cls: 0.4237  decode.d0.loss_mask: 1.4236  decode.d0.loss_dice: 1.5663  decode.d1.loss_cls: 0.3652  decode.d1.loss_mask: 1.4330  decode.d1.loss_dice: 1.5135  decode.d2.loss_cls: 0.4026  decode.d2.loss_mask: 1.4067  decode.d2.loss_dice: 1.4665  decode.d3.loss_cls: 0.4533  decode.d3.loss_mask: 1.4078  decode.d3.loss_dice: 1.4975  decode.d4.loss_cls: 0.4259  decode.d4.loss_mask: 1.3957  decode.d4.loss_dice: 1.5023  decode.d5.loss_cls: 0.4427  decode.d5.loss_mask: 1.3687  decode.d5.loss_dice: 1.4561  decode.d6.loss_cls: 0.4232  decode.d6.loss_mask: 1.3964  decode.d6.loss_dice: 1.4857  decode.d7.loss_cls: 0.4655  decode.d7.loss_mask: 1.3624  decode.d7.loss_dice: 1.4619  decode.d8.loss_cls: 0.3960  decode.d8.loss_mask: 1.3715  decode.d8.loss_dice: 1.4957
09/30 23:00:54 - mmengine - INFO - Saving checkpoint at 17000 iterations
09/30 23:01:02 - mmengine - INFO - Iter(val) [ 50/699]    eta: 0:01:15  time: 0.1145  data_time: 0.0039  memory: 3701  
09/30 23:01:08 - mmengine - INFO - Iter(val) [100/699]    eta: 0:01:08  time: 0.1143  data_time: 0.0038  memory: 3701  
09/30 23:01:14 - mmengine - INFO - Iter(val) [150/699]    eta: 0:01:03  time: 0.1150  data_time: 0.0039  memory: 3701  
09/30 23:01:19 - mmengine - INFO - Iter(val) [200/699]    eta: 0:00:57  time: 0.1139  data_time: 0.0035  memory: 3701  
09/30 23:01:25 - mmengine - INFO - Iter(val) [250/699]    eta: 0:00:51  time: 0.1149  data_time: 0.0039  memory: 3701  
09/30 23:01:31 - mmengine - INFO - Iter(val) [300/699]    eta: 0:00:45  time: 0.1154  data_time: 0.0042  memory: 3701  
09/30 23:01:37 - mmengine - INFO - Iter(val) [350/699]    eta: 0:00:40  time: 0.1148  data_time: 0.0039  memory: 3701  
09/30 23:01:42 - mmengine - INFO - Iter(val) [400/699]    eta: 0:00:34  time: 0.1150  data_time: 0.0039  memory: 3701  
09/30 23:01:48 - mmengine - INFO - Iter(val) [450/699]    eta: 0:00:28  time: 0.1159  data_time: 0.0043  memory: 3701  
09/30 23:01:54 - mmengine - INFO - Iter(val) [500/699]    eta: 0:00:22  time: 0.1158  data_time: 0.0040  memory: 3701  
09/30 23:02:00 - mmengine - INFO - Iter(val) [550/699]    eta: 0:00:17  time: 0.1158  data_time: 0.0040  memory: 3701  
09/30 23:02:06 - mmengine - INFO - Iter(val) [600/699]    eta: 0:00:11  time: 0.1153  data_time: 0.0041  memory: 3701  
09/30 23:02:12 - mmengine - INFO - Iter(val) [650/699]    eta: 0:00:05  time: 0.1162  data_time: 0.0042  memory: 3701  
09/30 23:02:17 - mmengine - INFO - per class results:
09/30 23:02:17 - mmengine - INFO - 
+--------------+-------+-------+
|    Class     |  IoU  |  Acc  |
+--------------+-------+-------+
|  Background  | 59.34 | 77.78 |
|   Building   | 81.29 | 87.32 |
|     Road     | 56.61 | 60.82 |
|    Water     | 84.34 | 92.65 |
|    Barren    | 25.71 | 58.58 |
|  Vegetation  | 85.04 | 89.76 |
| Agricultural | 69.26 |  89.8 |
|   Vehicle    | 76.46 | 84.01 |
+--------------+-------+-------+
09/30 23:02:17 - mmengine - INFO - Iter(val) [699/699]    aAcc: 83.3000  mIoU: 67.2600  mAcc: 80.0900  data_time: 0.0041  time: 0.1155
09/30 23:02:33 - mmengine - INFO - Iter(train) [17050/20000]  base_lr: 1.7862e-05 lr: 1.7862e-06  eta: 0:14:58  time: 0.3071  data_time: 0.0134  memory: 8437  grad_norm: 544.4969  loss: 33.0147  decode.loss_cls: 0.2949  decode.loss_mask: 1.5064  decode.loss_dice: 1.4088  decode.d0.loss_cls: 0.5429  decode.d0.loss_mask: 1.5167  decode.d0.loss_dice: 1.4303  decode.d1.loss_cls: 0.4741  decode.d1.loss_mask: 1.5168  decode.d1.loss_dice: 1.4366  decode.d2.loss_cls: 0.3861  decode.d2.loss_mask: 1.5063  decode.d2.loss_dice: 1.4043  decode.d3.loss_cls: 0.3339  decode.d3.loss_mask: 1.5489  decode.d3.loss_dice: 1.4196  decode.d4.loss_cls: 0.3104  decode.d4.loss_mask: 1.5298  decode.d4.loss_dice: 1.4247  decode.d5.loss_cls: 0.4054  decode.d5.loss_mask: 1.4864  decode.d5.loss_dice: 1.3493  decode.d6.loss_cls: 0.4013  decode.d6.loss_mask: 1.4863  decode.d6.loss_dice: 1.4064  decode.d7.loss_cls: 0.3849  decode.d7.loss_mask: 1.4728  decode.d7.loss_dice: 1.3913  decode.d8.loss_cls: 0.4210  decode.d8.loss_mask: 1.4629  decode.d8.loss_dice: 1.3552
09/30 23:02:48 - mmengine - INFO - Iter(train) [17100/20000]  base_lr: 1.7589e-05 lr: 1.7589e-06  eta: 0:14:43  time: 0.3048  data_time: 0.0127  memory: 8437  grad_norm: 1092.5261  loss: 32.1139  decode.loss_cls: 0.4190  decode.loss_mask: 1.3733  decode.loss_dice: 1.4750  decode.d0.loss_cls: 0.4306  decode.d0.loss_mask: 1.3695  decode.d0.loss_dice: 1.4921  decode.d1.loss_cls: 0.3428  decode.d1.loss_mask: 1.3599  decode.d1.loss_dice: 1.4703  decode.d2.loss_cls: 0.4089  decode.d2.loss_mask: 1.4003  decode.d2.loss_dice: 1.4613  decode.d3.loss_cls: 0.2951  decode.d3.loss_mask: 1.4204  decode.d3.loss_dice: 1.5148  decode.d4.loss_cls: 0.3458  decode.d4.loss_mask: 1.3392  decode.d4.loss_dice: 1.4518  decode.d5.loss_cls: 0.3057  decode.d5.loss_mask: 1.3930  decode.d5.loss_dice: 1.4733  decode.d6.loss_cls: 0.3549  decode.d6.loss_mask: 1.3460  decode.d6.loss_dice: 1.4406  decode.d7.loss_cls: 0.4127  decode.d7.loss_mask: 1.3835  decode.d7.loss_dice: 1.4299  decode.d8.loss_cls: 0.3339  decode.d8.loss_mask: 1.3826  decode.d8.loss_dice: 1.4879
09/30 23:03:03 - mmengine - INFO - Iter(train) [17150/20000]  base_lr: 1.7316e-05 lr: 1.7316e-06  eta: 0:14:27  time: 0.2977  data_time: 0.0116  memory: 8436  grad_norm: 478.1876  loss: 36.5085  decode.loss_cls: 0.4127  decode.loss_mask: 1.7101  decode.loss_dice: 1.4864  decode.d0.loss_cls: 0.6090  decode.d0.loss_mask: 1.6814  decode.d0.loss_dice: 1.5325  decode.d1.loss_cls: 0.4544  decode.d1.loss_mask: 1.7155  decode.d1.loss_dice: 1.4812  decode.d2.loss_cls: 0.4682  decode.d2.loss_mask: 1.7277  decode.d2.loss_dice: 1.4727  decode.d3.loss_cls: 0.4159  decode.d3.loss_mask: 1.7109  decode.d3.loss_dice: 1.4679  decode.d4.loss_cls: 0.4524  decode.d4.loss_mask: 1.7365  decode.d4.loss_dice: 1.4703  decode.d5.loss_cls: 0.4427  decode.d5.loss_mask: 1.7184  decode.d5.loss_dice: 1.4660  decode.d6.loss_cls: 0.3764  decode.d6.loss_mask: 1.7646  decode.d6.loss_dice: 1.5108  decode.d7.loss_cls: 0.3814  decode.d7.loss_mask: 1.7159  decode.d7.loss_dice: 1.4976  decode.d8.loss_cls: 0.3539  decode.d8.loss_mask: 1.7532  decode.d8.loss_dice: 1.5220
09/30 23:03:18 - mmengine - INFO - Iter(train) [17200/20000]  base_lr: 1.7043e-05 lr: 1.7043e-06  eta: 0:14:12  time: 0.3004  data_time: 0.0114  memory: 8439  grad_norm: 349.7518  loss: 30.1431  decode.loss_cls: 0.2631  decode.loss_mask: 1.4575  decode.loss_dice: 1.2524  decode.d0.loss_cls: 0.4822  decode.d0.loss_mask: 1.4110  decode.d0.loss_dice: 1.2238  decode.d1.loss_cls: 0.3971  decode.d1.loss_mask: 1.4704  decode.d1.loss_dice: 1.2569  decode.d2.loss_cls: 0.2886  decode.d2.loss_mask: 1.4381  decode.d2.loss_dice: 1.2388  decode.d3.loss_cls: 0.2502  decode.d3.loss_mask: 1.4464  decode.d3.loss_dice: 1.2706  decode.d4.loss_cls: 0.2613  decode.d4.loss_mask: 1.4602  decode.d4.loss_dice: 1.2742  decode.d5.loss_cls: 0.2999  decode.d5.loss_mask: 1.4576  decode.d5.loss_dice: 1.2481  decode.d6.loss_cls: 0.2553  decode.d6.loss_mask: 1.4849  decode.d6.loss_dice: 1.2734  decode.d7.loss_cls: 0.2765  decode.d7.loss_mask: 1.4626  decode.d7.loss_dice: 1.2631  decode.d8.loss_cls: 0.2777  decode.d8.loss_mask: 1.4569  decode.d8.loss_dice: 1.2443
09/30 23:03:33 - mmengine - INFO - Iter(train) [17250/20000]  base_lr: 1.6768e-05 lr: 1.6768e-06  eta: 0:13:57  time: 0.2963  data_time: 0.0114  memory: 8439  grad_norm: 436.5490  loss: 34.7014  decode.loss_cls: 0.4120  decode.loss_mask: 1.7227  decode.loss_dice: 1.4413  decode.d0.loss_cls: 0.6317  decode.d0.loss_mask: 1.5230  decode.d0.loss_dice: 1.4926  decode.d1.loss_cls: 0.4878  decode.d1.loss_mask: 1.5425  decode.d1.loss_dice: 1.4319  decode.d2.loss_cls: 0.6373  decode.d2.loss_mask: 1.4899  decode.d2.loss_dice: 1.2823  decode.d3.loss_cls: 0.4500  decode.d3.loss_mask: 1.5723  decode.d3.loss_dice: 1.3501  decode.d4.loss_cls: 0.6325  decode.d4.loss_mask: 1.5133  decode.d4.loss_dice: 1.3147  decode.d5.loss_cls: 0.5449  decode.d5.loss_mask: 1.5510  decode.d5.loss_dice: 1.3420  decode.d6.loss_cls: 0.5436  decode.d6.loss_mask: 1.5359  decode.d6.loss_dice: 1.3222  decode.d7.loss_cls: 0.5438  decode.d7.loss_mask: 1.5102  decode.d7.loss_dice: 1.4030  decode.d8.loss_cls: 0.4741  decode.d8.loss_mask: 1.6153  decode.d8.loss_dice: 1.3876
09/30 23:03:48 - mmengine - INFO - Iter(train) [17300/20000]  base_lr: 1.6494e-05 lr: 1.6494e-06  eta: 0:13:42  time: 0.2981  data_time: 0.0120  memory: 8457  grad_norm: 437.4122  loss: 29.5645  decode.loss_cls: 0.2120  decode.loss_mask: 1.2630  decode.loss_dice: 1.3992  decode.d0.loss_cls: 0.3757  decode.d0.loss_mask: 1.3274  decode.d0.loss_dice: 1.5050  decode.d1.loss_cls: 0.2308  decode.d1.loss_mask: 1.3095  decode.d1.loss_dice: 1.4400  decode.d2.loss_cls: 0.2420  decode.d2.loss_mask: 1.3004  decode.d2.loss_dice: 1.4106  decode.d3.loss_cls: 0.1839  decode.d3.loss_mask: 1.2905  decode.d3.loss_dice: 1.4127  decode.d4.loss_cls: 0.2456  decode.d4.loss_mask: 1.2726  decode.d4.loss_dice: 1.4237  decode.d5.loss_cls: 0.2454  decode.d5.loss_mask: 1.2769  decode.d5.loss_dice: 1.4034  decode.d6.loss_cls: 0.2816  decode.d6.loss_mask: 1.2613  decode.d6.loss_dice: 1.3907  decode.d7.loss_cls: 0.2525  decode.d7.loss_mask: 1.2814  decode.d7.loss_dice: 1.3852  decode.d8.loss_cls: 0.2732  decode.d8.loss_mask: 1.2742  decode.d8.loss_dice: 1.3940
09/30 23:04:03 - mmengine - INFO - Iter(train) [17350/20000]  base_lr: 1.6219e-05 lr: 1.6219e-06  eta: 0:13:26  time: 0.2995  data_time: 0.0116  memory: 8449  grad_norm: 608.9963  loss: 33.1926  decode.loss_cls: 0.4084  decode.loss_mask: 1.5580  decode.loss_dice: 1.2775  decode.d0.loss_cls: 0.6209  decode.d0.loss_mask: 1.5298  decode.d0.loss_dice: 1.3485  decode.d1.loss_cls: 0.4689  decode.d1.loss_mask: 1.5162  decode.d1.loss_dice: 1.2923  decode.d2.loss_cls: 0.2949  decode.d2.loss_mask: 1.6065  decode.d2.loss_dice: 1.3132  decode.d3.loss_cls: 0.4580  decode.d3.loss_mask: 1.5547  decode.d3.loss_dice: 1.3105  decode.d4.loss_cls: 0.4641  decode.d4.loss_mask: 1.5467  decode.d4.loss_dice: 1.3376  decode.d5.loss_cls: 0.4701  decode.d5.loss_mask: 1.5642  decode.d5.loss_dice: 1.3199  decode.d6.loss_cls: 0.3810  decode.d6.loss_mask: 1.5670  decode.d6.loss_dice: 1.3337  decode.d7.loss_cls: 0.4102  decode.d7.loss_mask: 1.6076  decode.d7.loss_dice: 1.3492  decode.d8.loss_cls: 0.3914  decode.d8.loss_mask: 1.5826  decode.d8.loss_dice: 1.3092
09/30 23:04:18 - mmengine - INFO - Iter(train) [17400/20000]  base_lr: 1.5943e-05 lr: 1.5943e-06  eta: 0:13:11  time: 0.3068  data_time: 0.0118  memory: 8439  grad_norm: 465.8123  loss: 35.5401  decode.loss_cls: 0.4024  decode.loss_mask: 1.6494  decode.loss_dice: 1.5154  decode.d0.loss_cls: 0.5137  decode.d0.loss_mask: 1.6393  decode.d0.loss_dice: 1.5485  decode.d1.loss_cls: 0.3777  decode.d1.loss_mask: 1.6205  decode.d1.loss_dice: 1.5026  decode.d2.loss_cls: 0.3653  decode.d2.loss_mask: 1.6302  decode.d2.loss_dice: 1.5120  decode.d3.loss_cls: 0.3670  decode.d3.loss_mask: 1.6285  decode.d3.loss_dice: 1.5219  decode.d4.loss_cls: 0.4009  decode.d4.loss_mask: 1.6611  decode.d4.loss_dice: 1.4801  decode.d5.loss_cls: 0.3935  decode.d5.loss_mask: 1.6353  decode.d5.loss_dice: 1.5144  decode.d6.loss_cls: 0.4204  decode.d6.loss_mask: 1.6648  decode.d6.loss_dice: 1.5086  decode.d7.loss_cls: 0.3826  decode.d7.loss_mask: 1.6206  decode.d7.loss_dice: 1.5204  decode.d8.loss_cls: 0.3754  decode.d8.loss_mask: 1.6176  decode.d8.loss_dice: 1.5499
09/30 23:04:33 - mmengine - INFO - Iter(train) [17450/20000]  base_lr: 1.5667e-05 lr: 1.5667e-06  eta: 0:12:56  time: 0.2968  data_time: 0.0117  memory: 8449  grad_norm: 349.1830  loss: 32.8736  decode.loss_cls: 0.3422  decode.loss_mask: 1.5188  decode.loss_dice: 1.4099  decode.d0.loss_cls: 0.5691  decode.d0.loss_mask: 1.4768  decode.d0.loss_dice: 1.5320  decode.d1.loss_cls: 0.4218  decode.d1.loss_mask: 1.5276  decode.d1.loss_dice: 1.4366  decode.d2.loss_cls: 0.3693  decode.d2.loss_mask: 1.4779  decode.d2.loss_dice: 1.4328  decode.d3.loss_cls: 0.3742  decode.d3.loss_mask: 1.4931  decode.d3.loss_dice: 1.4015  decode.d4.loss_cls: 0.3629  decode.d4.loss_mask: 1.4547  decode.d4.loss_dice: 1.3874  decode.d5.loss_cls: 0.3376  decode.d5.loss_mask: 1.4808  decode.d5.loss_dice: 1.4183  decode.d6.loss_cls: 0.3502  decode.d6.loss_mask: 1.4229  decode.d6.loss_dice: 1.3775  decode.d7.loss_cls: 0.3141  decode.d7.loss_mask: 1.4628  decode.d7.loss_dice: 1.4246  decode.d8.loss_cls: 0.3764  decode.d8.loss_mask: 1.5187  decode.d8.loss_dice: 1.4013
09/30 23:04:49 - mmengine - INFO - Iter(train) [17500/20000]  base_lr: 1.5390e-05 lr: 1.5390e-06  eta: 0:12:41  time: 0.3027  data_time: 0.0115  memory: 8449  grad_norm: 566.1354  loss: 35.5179  decode.loss_cls: 0.3750  decode.loss_mask: 1.6394  decode.loss_dice: 1.4921  decode.d0.loss_cls: 0.5566  decode.d0.loss_mask: 1.6658  decode.d0.loss_dice: 1.5781  decode.d1.loss_cls: 0.3213  decode.d1.loss_mask: 1.6546  decode.d1.loss_dice: 1.5583  decode.d2.loss_cls: 0.3776  decode.d2.loss_mask: 1.6406  decode.d2.loss_dice: 1.5125  decode.d3.loss_cls: 0.3757  decode.d3.loss_mask: 1.6302  decode.d3.loss_dice: 1.5369  decode.d4.loss_cls: 0.3903  decode.d4.loss_mask: 1.6219  decode.d4.loss_dice: 1.5411  decode.d5.loss_cls: 0.3717  decode.d5.loss_mask: 1.6336  decode.d5.loss_dice: 1.5247  decode.d6.loss_cls: 0.2889  decode.d6.loss_mask: 1.6155  decode.d6.loss_dice: 1.5295  decode.d7.loss_cls: 0.3303  decode.d7.loss_mask: 1.6222  decode.d7.loss_dice: 1.5334  decode.d8.loss_cls: 0.3443  decode.d8.loss_mask: 1.6997  decode.d8.loss_dice: 1.5562
09/30 23:05:05 - mmengine - INFO - Iter(train) [17550/20000]  base_lr: 1.5113e-05 lr: 1.5113e-06  eta: 0:12:25  time: 0.3056  data_time: 0.0124  memory: 8449  grad_norm: 453.8319  loss: 40.5440  decode.loss_cls: 0.3426  decode.loss_mask: 1.9624  decode.loss_dice: 1.6991  decode.d0.loss_cls: 0.4940  decode.d0.loss_mask: 2.0135  decode.d0.loss_dice: 1.7353  decode.d1.loss_cls: 0.3694  decode.d1.loss_mask: 1.9765  decode.d1.loss_dice: 1.6868  decode.d2.loss_cls: 0.4439  decode.d2.loss_mask: 1.9263  decode.d2.loss_dice: 1.6511  decode.d3.loss_cls: 0.4335  decode.d3.loss_mask: 1.9268  decode.d3.loss_dice: 1.6970  decode.d4.loss_cls: 0.3686  decode.d4.loss_mask: 1.9573  decode.d4.loss_dice: 1.6935  decode.d5.loss_cls: 0.3660  decode.d5.loss_mask: 1.9298  decode.d5.loss_dice: 1.7159  decode.d6.loss_cls: 0.3746  decode.d6.loss_mask: 1.9601  decode.d6.loss_dice: 1.7358  decode.d7.loss_cls: 0.3487  decode.d7.loss_mask: 1.9590  decode.d7.loss_dice: 1.7301  decode.d8.loss_cls: 0.3442  decode.d8.loss_mask: 1.9906  decode.d8.loss_dice: 1.7120
09/30 23:05:20 - mmengine - INFO - Iter(train) [17600/20000]  base_lr: 1.4835e-05 lr: 1.4835e-06  eta: 0:12:10  time: 0.2975  data_time: 0.0114  memory: 8457  grad_norm: 552.3716  loss: 38.4630  decode.loss_cls: 0.6760  decode.loss_mask: 1.4299  decode.loss_dice: 1.7430  decode.d0.loss_cls: 0.7815  decode.d0.loss_mask: 1.4131  decode.d0.loss_dice: 1.8785  decode.d1.loss_cls: 0.5834  decode.d1.loss_mask: 1.4074  decode.d1.loss_dice: 1.7538  decode.d2.loss_cls: 0.6893  decode.d2.loss_mask: 1.4008  decode.d2.loss_dice: 1.7317  decode.d3.loss_cls: 0.7179  decode.d3.loss_mask: 1.3675  decode.d3.loss_dice: 1.7250  decode.d4.loss_cls: 0.7142  decode.d4.loss_mask: 1.3891  decode.d4.loss_dice: 1.7389  decode.d5.loss_cls: 0.7295  decode.d5.loss_mask: 1.3966  decode.d5.loss_dice: 1.7196  decode.d6.loss_cls: 0.6619  decode.d6.loss_mask: 1.3957  decode.d6.loss_dice: 1.7234  decode.d7.loss_cls: 0.6191  decode.d7.loss_mask: 1.4246  decode.d7.loss_dice: 1.7773  decode.d8.loss_cls: 0.7429  decode.d8.loss_mask: 1.3980  decode.d8.loss_dice: 1.7333
09/30 23:05:35 - mmengine - INFO - Iter(train) [17650/20000]  base_lr: 1.4556e-05 lr: 1.4556e-06  eta: 0:11:55  time: 0.2980  data_time: 0.0116  memory: 8449  grad_norm: 421.8523  loss: 35.2796  decode.loss_cls: 0.3002  decode.loss_mask: 1.8760  decode.loss_dice: 1.3528  decode.d0.loss_cls: 0.5780  decode.d0.loss_mask: 1.8024  decode.d0.loss_dice: 1.4184  decode.d1.loss_cls: 0.3831  decode.d1.loss_mask: 1.8047  decode.d1.loss_dice: 1.3796  decode.d2.loss_cls: 0.2983  decode.d2.loss_mask: 1.7917  decode.d2.loss_dice: 1.3930  decode.d3.loss_cls: 0.2840  decode.d3.loss_mask: 1.8028  decode.d3.loss_dice: 1.3833  decode.d4.loss_cls: 0.2797  decode.d4.loss_mask: 1.7924  decode.d4.loss_dice: 1.3696  decode.d5.loss_cls: 0.2898  decode.d5.loss_mask: 1.7837  decode.d5.loss_dice: 1.3630  decode.d6.loss_cls: 0.2886  decode.d6.loss_mask: 1.8231  decode.d6.loss_dice: 1.4058  decode.d7.loss_cls: 0.3255  decode.d7.loss_mask: 1.7999  decode.d7.loss_dice: 1.3932  decode.d8.loss_cls: 0.3324  decode.d8.loss_mask: 1.8224  decode.d8.loss_dice: 1.3623
09/30 23:05:50 - mmengine - INFO - Iter(train) [17700/20000]  base_lr: 1.4277e-05 lr: 1.4277e-06  eta: 0:11:40  time: 0.2978  data_time: 0.0120  memory: 8449  grad_norm: 622.6032  loss: 36.0267  decode.loss_cls: 0.6135  decode.loss_mask: 1.5742  decode.loss_dice: 1.3549  decode.d0.loss_cls: 0.6746  decode.d0.loss_mask: 1.6633  decode.d0.loss_dice: 1.4422  decode.d1.loss_cls: 0.5582  decode.d1.loss_mask: 1.6420  decode.d1.loss_dice: 1.4371  decode.d2.loss_cls: 0.5630  decode.d2.loss_mask: 1.6459  decode.d2.loss_dice: 1.4047  decode.d3.loss_cls: 0.5664  decode.d3.loss_mask: 1.6256  decode.d3.loss_dice: 1.3911  decode.d4.loss_cls: 0.5868  decode.d4.loss_mask: 1.5872  decode.d4.loss_dice: 1.3874  decode.d5.loss_cls: 0.5872  decode.d5.loss_mask: 1.6218  decode.d5.loss_dice: 1.3864  decode.d6.loss_cls: 0.6088  decode.d6.loss_mask: 1.6051  decode.d6.loss_dice: 1.3701  decode.d7.loss_cls: 0.5957  decode.d7.loss_mask: 1.5954  decode.d7.loss_dice: 1.3832  decode.d8.loss_cls: 0.5675  decode.d8.loss_mask: 1.6099  decode.d8.loss_dice: 1.3775
09/30 23:06:05 - mmengine - INFO - Iter(train) [17750/20000]  base_lr: 1.3998e-05 lr: 1.3998e-06  eta: 0:11:25  time: 0.2997  data_time: 0.0117  memory: 8438  grad_norm: 498.8808  loss: 28.4346  decode.loss_cls: 0.3025  decode.loss_mask: 1.2938  decode.loss_dice: 1.2334  decode.d0.loss_cls: 0.4313  decode.d0.loss_mask: 1.2454  decode.d0.loss_dice: 1.3086  decode.d1.loss_cls: 0.2780  decode.d1.loss_mask: 1.2597  decode.d1.loss_dice: 1.2893  decode.d2.loss_cls: 0.2744  decode.d2.loss_mask: 1.2880  decode.d2.loss_dice: 1.2852  decode.d3.loss_cls: 0.2313  decode.d3.loss_mask: 1.3079  decode.d3.loss_dice: 1.3031  decode.d4.loss_cls: 0.2772  decode.d4.loss_mask: 1.2753  decode.d4.loss_dice: 1.2932  decode.d5.loss_cls: 0.2545  decode.d5.loss_mask: 1.2662  decode.d5.loss_dice: 1.2758  decode.d6.loss_cls: 0.2488  decode.d6.loss_mask: 1.2595  decode.d6.loss_dice: 1.2676  decode.d7.loss_cls: 0.2748  decode.d7.loss_mask: 1.2698  decode.d7.loss_dice: 1.2688  decode.d8.loss_cls: 0.3196  decode.d8.loss_mask: 1.2733  decode.d8.loss_dice: 1.2782
09/30 23:06:20 - mmengine - INFO - Iter(train) [17800/20000]  base_lr: 1.3717e-05 lr: 1.3717e-06  eta: 0:11:09  time: 0.2964  data_time: 0.0115  memory: 8449  grad_norm: 520.5651  loss: 37.2802  decode.loss_cls: 0.4779  decode.loss_mask: 1.6446  decode.loss_dice: 1.5089  decode.d0.loss_cls: 0.5216  decode.d0.loss_mask: 1.7233  decode.d0.loss_dice: 1.6109  decode.d1.loss_cls: 0.4714  decode.d1.loss_mask: 1.7388  decode.d1.loss_dice: 1.5470  decode.d2.loss_cls: 0.4737  decode.d2.loss_mask: 1.6495  decode.d2.loss_dice: 1.5199  decode.d3.loss_cls: 0.5236  decode.d3.loss_mask: 1.6830  decode.d3.loss_dice: 1.5281  decode.d4.loss_cls: 0.5158  decode.d4.loss_mask: 1.6880  decode.d4.loss_dice: 1.5428  decode.d5.loss_cls: 0.5187  decode.d5.loss_mask: 1.6880  decode.d5.loss_dice: 1.5340  decode.d6.loss_cls: 0.5027  decode.d6.loss_mask: 1.7809  decode.d6.loss_dice: 1.6061  decode.d7.loss_cls: 0.5380  decode.d7.loss_mask: 1.6222  decode.d7.loss_dice: 1.4981  decode.d8.loss_cls: 0.4924  decode.d8.loss_mask: 1.6234  decode.d8.loss_dice: 1.5068
09/30 23:06:35 - mmengine - INFO - Iter(train) [17850/20000]  base_lr: 1.3437e-05 lr: 1.3437e-06  eta: 0:10:54  time: 0.2986  data_time: 0.0114  memory: 8457  grad_norm: 318.7832  loss: 31.7168  decode.loss_cls: 0.1992  decode.loss_mask: 1.6177  decode.loss_dice: 1.3275  decode.d0.loss_cls: 0.3630  decode.d0.loss_mask: 1.6629  decode.d0.loss_dice: 1.3588  decode.d1.loss_cls: 0.1822  decode.d1.loss_mask: 1.6313  decode.d1.loss_dice: 1.3377  decode.d2.loss_cls: 0.1836  decode.d2.loss_mask: 1.6192  decode.d2.loss_dice: 1.3005  decode.d3.loss_cls: 0.2428  decode.d3.loss_mask: 1.5948  decode.d3.loss_dice: 1.2842  decode.d4.loss_cls: 0.1919  decode.d4.loss_mask: 1.5985  decode.d4.loss_dice: 1.3161  decode.d5.loss_cls: 0.1733  decode.d5.loss_mask: 1.6875  decode.d5.loss_dice: 1.3352  decode.d6.loss_cls: 0.1434  decode.d6.loss_mask: 1.7068  decode.d6.loss_dice: 1.3675  decode.d7.loss_cls: 0.1964  decode.d7.loss_mask: 1.6128  decode.d7.loss_dice: 1.3204  decode.d8.loss_cls: 0.2013  decode.d8.loss_mask: 1.6363  decode.d8.loss_dice: 1.3241
09/30 23:06:50 - mmengine - INFO - Iter(train) [17900/20000]  base_lr: 1.3155e-05 lr: 1.3155e-06  eta: 0:10:39  time: 0.2991  data_time: 0.0117  memory: 8449  grad_norm: 294.9530  loss: 35.0155  decode.loss_cls: 0.5736  decode.loss_mask: 1.5963  decode.loss_dice: 1.3507  decode.d0.loss_cls: 0.7009  decode.d0.loss_mask: 1.5908  decode.d0.loss_dice: 1.4232  decode.d1.loss_cls: 0.4919  decode.d1.loss_mask: 1.5965  decode.d1.loss_dice: 1.3724  decode.d2.loss_cls: 0.5051  decode.d2.loss_mask: 1.5996  decode.d2.loss_dice: 1.3379  decode.d3.loss_cls: 0.5171  decode.d3.loss_mask: 1.6042  decode.d3.loss_dice: 1.3217  decode.d4.loss_cls: 0.5300  decode.d4.loss_mask: 1.5473  decode.d4.loss_dice: 1.2994  decode.d5.loss_cls: 0.5920  decode.d5.loss_mask: 1.5808  decode.d5.loss_dice: 1.3293  decode.d6.loss_cls: 0.6125  decode.d6.loss_mask: 1.5881  decode.d6.loss_dice: 1.3320  decode.d7.loss_cls: 0.5417  decode.d7.loss_mask: 1.5914  decode.d7.loss_dice: 1.3883  decode.d8.loss_cls: 0.5702  decode.d8.loss_mask: 1.5886  decode.d8.loss_dice: 1.3417
09/30 23:07:05 - mmengine - INFO - Iter(train) [17950/20000]  base_lr: 1.2873e-05 lr: 1.2873e-06  eta: 0:10:24  time: 0.3232  data_time: 0.0138  memory: 8437  grad_norm: 641.2661  loss: 35.0941  decode.loss_cls: 0.2373  decode.loss_mask: 1.7126  decode.loss_dice: 1.5811  decode.d0.loss_cls: 0.3406  decode.d0.loss_mask: 1.8456  decode.d0.loss_dice: 1.5823  decode.d1.loss_cls: 0.2630  decode.d1.loss_mask: 1.6926  decode.d1.loss_dice: 1.5397  decode.d2.loss_cls: 0.1881  decode.d2.loss_mask: 1.6997  decode.d2.loss_dice: 1.5458  decode.d3.loss_cls: 0.1836  decode.d3.loss_mask: 1.7142  decode.d3.loss_dice: 1.5614  decode.d4.loss_cls: 0.1841  decode.d4.loss_mask: 1.7135  decode.d4.loss_dice: 1.5501  decode.d5.loss_cls: 0.1901  decode.d5.loss_mask: 1.7350  decode.d5.loss_dice: 1.5516  decode.d6.loss_cls: 0.1910  decode.d6.loss_mask: 1.7499  decode.d6.loss_dice: 1.5669  decode.d7.loss_cls: 0.2109  decode.d7.loss_mask: 1.6994  decode.d7.loss_dice: 1.5597  decode.d8.loss_cls: 0.2367  decode.d8.loss_mask: 1.7005  decode.d8.loss_dice: 1.5671
09/30 23:07:20 - mmengine - INFO - Exp name: mask2former_swin_l_512_20260930_211218
09/30 23:07:20 - mmengine - INFO - Iter(train) [18000/20000]  base_lr: 1.2590e-05 lr: 1.2590e-06  eta: 0:10:08  time: 0.2993  data_time: 0.0123  memory: 8450  grad_norm: 473.4218  loss: 34.2758  decode.loss_cls: 0.1930  decode.loss_mask: 1.5901  decode.loss_dice: 1.6238  decode.d0.loss_cls: 0.3671  decode.d0.loss_mask: 1.5990  decode.d0.loss_dice: 1.7078  decode.d1.loss_cls: 0.1901  decode.d1.loss_mask: 1.5999  decode.d1.loss_dice: 1.6540  decode.d2.loss_cls: 0.2568  decode.d2.loss_mask: 1.5473  decode.d2.loss_dice: 1.5678  decode.d3.loss_cls: 0.1953  decode.d3.loss_mask: 1.5753  decode.d3.loss_dice: 1.6198  decode.d4.loss_cls: 0.2163  decode.d4.loss_mask: 1.5779  decode.d4.loss_dice: 1.6088  decode.d5.loss_cls: 0.1875  decode.d5.loss_mask: 1.5949  decode.d5.loss_dice: 1.5992  decode.d6.loss_cls: 0.2374  decode.d6.loss_mask: 1.5381  decode.d6.loss_dice: 1.5743  decode.d7.loss_cls: 0.2132  decode.d7.loss_mask: 1.5706  decode.d7.loss_dice: 1.6346  decode.d8.loss_cls: 0.2288  decode.d8.loss_mask: 1.5772  decode.d8.loss_dice: 1.6299
09/30 23:07:20 - mmengine - INFO - Saving checkpoint at 18000 iterations
09/30 23:07:29 - mmengine - INFO - Iter(val) [ 50/699]    eta: 0:01:15  time: 0.1145  data_time: 0.0039  memory: 3701  
09/30 23:07:34 - mmengine - INFO - Iter(val) [100/699]    eta: 0:01:09  time: 0.1156  data_time: 0.0039  memory: 3701  
09/30 23:07:40 - mmengine - INFO - Iter(val) [150/699]    eta: 0:01:03  time: 0.1152  data_time: 0.0044  memory: 3701  
09/30 23:07:46 - mmengine - INFO - Iter(val) [200/699]    eta: 0:00:57  time: 0.1145  data_time: 0.0040  memory: 3701  
09/30 23:07:52 - mmengine - INFO - Iter(val) [250/699]    eta: 0:00:51  time: 0.1146  data_time: 0.0039  memory: 3701  
09/30 23:07:57 - mmengine - INFO - Iter(val) [300/699]    eta: 0:00:46  time: 0.1145  data_time: 0.0039  memory: 3701  
09/30 23:08:03 - mmengine - INFO - Iter(val) [350/699]    eta: 0:00:40  time: 0.1147  data_time: 0.0040  memory: 3701  
09/30 23:08:09 - mmengine - INFO - Iter(val) [400/699]    eta: 0:00:34  time: 0.1150  data_time: 0.0039  memory: 3701  
09/30 23:08:15 - mmengine - INFO - Iter(val) [450/699]    eta: 0:00:28  time: 0.1149  data_time: 0.0038  memory: 3701  
09/30 23:08:20 - mmengine - INFO - Iter(val) [500/699]    eta: 0:00:22  time: 0.1147  data_time: 0.0039  memory: 3701  
09/30 23:08:26 - mmengine - INFO - Iter(val) [550/699]    eta: 0:00:17  time: 0.1146  data_time: 0.0039  memory: 3701  
09/30 23:08:32 - mmengine - INFO - Iter(val) [600/699]    eta: 0:00:11  time: 0.1148  data_time: 0.0039  memory: 3701  
09/30 23:08:38 - mmengine - INFO - Iter(val) [650/699]    eta: 0:00:05  time: 0.1153  data_time: 0.0039  memory: 3701  
09/30 23:08:43 - mmengine - INFO - per class results:
09/30 23:08:43 - mmengine - INFO - 
+--------------+-------+-------+
|    Class     |  IoU  |  Acc  |
+--------------+-------+-------+
|  Background  |  62.0 | 74.25 |
|   Building   | 83.05 | 90.67 |
|     Road     | 69.85 | 82.36 |
|    Water     | 84.67 | 93.24 |
|    Barren    | 24.81 | 45.67 |
|  Vegetation  | 86.08 | 91.53 |
| Agricultural | 70.18 | 91.63 |
|   Vehicle    | 77.68 | 85.78 |
+--------------+-------+-------+
09/30 23:08:43 - mmengine - INFO - Iter(val) [699/699]    aAcc: 85.3700  mIoU: 69.7900  mAcc: 81.8900  data_time: 0.0041  time: 0.1152
09/30 23:08:43 - mmengine - INFO - The previous best checkpoint /root/hyperseg/runs/mask2former_uav/h2_swin_l_mask2former_20k_seed3407_fp32/best_mIoU_iter_16000.pth is removed
09/30 23:08:46 - mmengine - INFO - The best checkpoint with 69.7900 mIoU at 18000 iter is saved to best_mIoU_iter_18000.pth.
09/30 23:09:03 - mmengine - INFO - Iter(train) [18050/20000]  base_lr: 1.2306e-05 lr: 1.2306e-06  eta: 0:09:54  time: 0.2986  data_time: 0.0115  memory: 8437  grad_norm: 444.8049  loss: 35.2935  decode.loss_cls: 0.4299  decode.loss_mask: 1.6635  decode.loss_dice: 1.3692  decode.d0.loss_cls: 0.5950  decode.d0.loss_mask: 1.6653  decode.d0.loss_dice: 1.4016  decode.d1.loss_cls: 0.4470  decode.d1.loss_mask: 1.7195  decode.d1.loss_dice: 1.3984  decode.d2.loss_cls: 0.5109  decode.d2.loss_mask: 1.6090  decode.d2.loss_dice: 1.4333  decode.d3.loss_cls: 0.5428  decode.d3.loss_mask: 1.5969  decode.d3.loss_dice: 1.3542  decode.d4.loss_cls: 0.5021  decode.d4.loss_mask: 1.5911  decode.d4.loss_dice: 1.3632  decode.d5.loss_cls: 0.5601  decode.d5.loss_mask: 1.5360  decode.d5.loss_dice: 1.3465  decode.d6.loss_cls: 0.5418  decode.d6.loss_mask: 1.6460  decode.d6.loss_dice: 1.3768  decode.d7.loss_cls: 0.4979  decode.d7.loss_mask: 1.6720  decode.d7.loss_dice: 1.4021  decode.d8.loss_cls: 0.4500  decode.d8.loss_mask: 1.6950  decode.d8.loss_dice: 1.3766
09/30 23:09:19 - mmengine - INFO - Iter(train) [18100/20000]  base_lr: 1.2022e-05 lr: 1.2022e-06  eta: 0:09:38  time: 0.3109  data_time: 0.0128  memory: 8438  grad_norm: 635.9389  loss: 38.1897  decode.loss_cls: 0.3659  decode.loss_mask: 1.8855  decode.loss_dice: 1.5664  decode.d0.loss_cls: 0.4702  decode.d0.loss_mask: 1.9550  decode.d0.loss_dice: 1.5951  decode.d1.loss_cls: 0.3159  decode.d1.loss_mask: 1.8824  decode.d1.loss_dice: 1.5457  decode.d2.loss_cls: 0.3334  decode.d2.loss_mask: 1.8962  decode.d2.loss_dice: 1.5615  decode.d3.loss_cls: 0.3149  decode.d3.loss_mask: 1.9151  decode.d3.loss_dice: 1.5504  decode.d4.loss_cls: 0.3253  decode.d4.loss_mask: 1.8886  decode.d4.loss_dice: 1.5561  decode.d5.loss_cls: 0.3365  decode.d5.loss_mask: 1.8865  decode.d5.loss_dice: 1.5524  decode.d6.loss_cls: 0.3527  decode.d6.loss_mask: 1.9151  decode.d6.loss_dice: 1.5796  decode.d7.loss_cls: 0.3417  decode.d7.loss_mask: 1.9342  decode.d7.loss_dice: 1.5715  decode.d8.loss_cls: 0.2876  decode.d8.loss_mask: 1.9219  decode.d8.loss_dice: 1.5863
09/30 23:09:34 - mmengine - INFO - Iter(train) [18150/20000]  base_lr: 1.1737e-05 lr: 1.1737e-06  eta: 0:09:23  time: 0.3012  data_time: 0.0123  memory: 8449  grad_norm: 637.8811  loss: 37.8266  decode.loss_cls: 0.4066  decode.loss_mask: 1.8049  decode.loss_dice: 1.5685  decode.d0.loss_cls: 0.6060  decode.d0.loss_mask: 1.7374  decode.d0.loss_dice: 1.5244  decode.d1.loss_cls: 0.3957  decode.d1.loss_mask: 1.7465  decode.d1.loss_dice: 1.5521  decode.d2.loss_cls: 0.4237  decode.d2.loss_mask: 1.8039  decode.d2.loss_dice: 1.5305  decode.d3.loss_cls: 0.4336  decode.d3.loss_mask: 1.7688  decode.d3.loss_dice: 1.5236  decode.d4.loss_cls: 0.4966  decode.d4.loss_mask: 1.7525  decode.d4.loss_dice: 1.5460  decode.d5.loss_cls: 0.4514  decode.d5.loss_mask: 1.7381  decode.d5.loss_dice: 1.5309  decode.d6.loss_cls: 0.4658  decode.d6.loss_mask: 1.8370  decode.d6.loss_dice: 1.6010  decode.d7.loss_cls: 0.4167  decode.d7.loss_mask: 1.8367  decode.d7.loss_dice: 1.5832  decode.d8.loss_cls: 0.4441  decode.d8.loss_mask: 1.7797  decode.d8.loss_dice: 1.5208
09/30 23:09:49 - mmengine - INFO - Iter(train) [18200/20000]  base_lr: 1.1451e-05 lr: 1.1451e-06  eta: 0:09:08  time: 0.3049  data_time: 0.0116  memory: 8449  grad_norm: 483.9605  loss: 34.0492  decode.loss_cls: 0.3882  decode.loss_mask: 1.7071  decode.loss_dice: 1.2832  decode.d0.loss_cls: 0.6309  decode.d0.loss_mask: 1.7311  decode.d0.loss_dice: 1.3541  decode.d1.loss_cls: 0.3906  decode.d1.loss_mask: 1.7117  decode.d1.loss_dice: 1.3400  decode.d2.loss_cls: 0.4002  decode.d2.loss_mask: 1.6173  decode.d2.loss_dice: 1.2336  decode.d3.loss_cls: 0.4214  decode.d3.loss_mask: 1.6718  decode.d3.loss_dice: 1.2788  decode.d4.loss_cls: 0.4204  decode.d4.loss_mask: 1.7053  decode.d4.loss_dice: 1.2899  decode.d5.loss_cls: 0.4405  decode.d5.loss_mask: 1.6767  decode.d5.loss_dice: 1.2686  decode.d6.loss_cls: 0.3996  decode.d6.loss_mask: 1.6857  decode.d6.loss_dice: 1.2747  decode.d7.loss_cls: 0.4217  decode.d7.loss_mask: 1.6706  decode.d7.loss_dice: 1.2539  decode.d8.loss_cls: 0.3775  decode.d8.loss_mask: 1.7020  decode.d8.loss_dice: 1.3021
09/30 23:10:04 - mmengine - INFO - Iter(train) [18250/20000]  base_lr: 1.1164e-05 lr: 1.1164e-06  eta: 0:08:53  time: 0.3100  data_time: 0.0129  memory: 8438  grad_norm: 506.7725  loss: 41.4081  decode.loss_cls: 0.5899  decode.loss_mask: 1.8209  decode.loss_dice: 1.6739  decode.d0.loss_cls: 0.7817  decode.d0.loss_mask: 1.9052  decode.d0.loss_dice: 1.7745  decode.d1.loss_cls: 0.6960  decode.d1.loss_mask: 1.7891  decode.d1.loss_dice: 1.6630  decode.d2.loss_cls: 0.6719  decode.d2.loss_mask: 1.8091  decode.d2.loss_dice: 1.6972  decode.d3.loss_cls: 0.6417  decode.d3.loss_mask: 1.7973  decode.d3.loss_dice: 1.6512  decode.d4.loss_cls: 0.5699  decode.d4.loss_mask: 1.8106  decode.d4.loss_dice: 1.6782  decode.d5.loss_cls: 0.5515  decode.d5.loss_mask: 1.7829  decode.d5.loss_dice: 1.6501  decode.d6.loss_cls: 0.5805  decode.d6.loss_mask: 1.8217  decode.d6.loss_dice: 1.7570  decode.d7.loss_cls: 0.6392  decode.d7.loss_mask: 1.7576  decode.d7.loss_dice: 1.6796  decode.d8.loss_cls: 0.5685  decode.d8.loss_mask: 1.8975  decode.d8.loss_dice: 1.7008
09/30 23:10:19 - mmengine - INFO - Iter(train) [18300/20000]  base_lr: 1.0877e-05 lr: 1.0877e-06  eta: 0:08:37  time: 0.2988  data_time: 0.0115  memory: 8439  grad_norm: 477.7888  loss: 34.2762  decode.loss_cls: 0.2724  decode.loss_mask: 1.6373  decode.loss_dice: 1.4141  decode.d0.loss_cls: 0.4828  decode.d0.loss_mask: 1.6532  decode.d0.loss_dice: 1.5030  decode.d1.loss_cls: 0.4567  decode.d1.loss_mask: 1.5987  decode.d1.loss_dice: 1.4243  decode.d2.loss_cls: 0.3626  decode.d2.loss_mask: 1.6522  decode.d2.loss_dice: 1.4179  decode.d3.loss_cls: 0.3347  decode.d3.loss_mask: 1.6567  decode.d3.loss_dice: 1.3531  decode.d4.loss_cls: 0.3655  decode.d4.loss_mask: 1.6077  decode.d4.loss_dice: 1.4196  decode.d5.loss_cls: 0.3725  decode.d5.loss_mask: 1.6224  decode.d5.loss_dice: 1.4455  decode.d6.loss_cls: 0.3437  decode.d6.loss_mask: 1.6522  decode.d6.loss_dice: 1.4103  decode.d7.loss_cls: 0.3493  decode.d7.loss_mask: 1.6653  decode.d7.loss_dice: 1.3973  decode.d8.loss_cls: 0.3144  decode.d8.loss_mask: 1.6591  decode.d8.loss_dice: 1.4316
09/30 23:10:35 - mmengine - INFO - Iter(train) [18350/20000]  base_lr: 1.0588e-05 lr: 1.0588e-06  eta: 0:08:22  time: 0.2973  data_time: 0.0115  memory: 8448  grad_norm: 353.9507  loss: 31.6908  decode.loss_cls: 0.1908  decode.loss_mask: 1.6783  decode.loss_dice: 1.2879  decode.d0.loss_cls: 0.3718  decode.d0.loss_mask: 1.6893  decode.d0.loss_dice: 1.3388  decode.d1.loss_cls: 0.2362  decode.d1.loss_mask: 1.6062  decode.d1.loss_dice: 1.3190  decode.d2.loss_cls: 0.1665  decode.d2.loss_mask: 1.6744  decode.d2.loss_dice: 1.3044  decode.d3.loss_cls: 0.2022  decode.d3.loss_mask: 1.5982  decode.d3.loss_dice: 1.2825  decode.d4.loss_cls: 0.2085  decode.d4.loss_mask: 1.6587  decode.d4.loss_dice: 1.3015  decode.d5.loss_cls: 0.2103  decode.d5.loss_mask: 1.5956  decode.d5.loss_dice: 1.2831  decode.d6.loss_cls: 0.1756  decode.d6.loss_mask: 1.6845  decode.d6.loss_dice: 1.3204  decode.d7.loss_cls: 0.1907  decode.d7.loss_mask: 1.6785  decode.d7.loss_dice: 1.3125  decode.d8.loss_cls: 0.2113  decode.d8.loss_mask: 1.6094  decode.d8.loss_dice: 1.3034
09/30 23:10:49 - mmengine - INFO - Iter(train) [18400/20000]  base_lr: 1.0299e-05 lr: 1.0299e-06  eta: 0:08:07  time: 0.2973  data_time: 0.0115  memory: 8437  grad_norm: 407.2492  loss: 34.3897  decode.loss_cls: 0.3679  decode.loss_mask: 1.5918  decode.loss_dice: 1.4287  decode.d0.loss_cls: 0.5993  decode.d0.loss_mask: 1.6475  decode.d0.loss_dice: 1.5124  decode.d1.loss_cls: 0.4684  decode.d1.loss_mask: 1.5638  decode.d1.loss_dice: 1.4065  decode.d2.loss_cls: 0.4522  decode.d2.loss_mask: 1.5747  decode.d2.loss_dice: 1.3686  decode.d3.loss_cls: 0.4125  decode.d3.loss_mask: 1.5614  decode.d3.loss_dice: 1.4077  decode.d4.loss_cls: 0.3934  decode.d4.loss_mask: 1.5786  decode.d4.loss_dice: 1.4244  decode.d5.loss_cls: 0.3809  decode.d5.loss_mask: 1.5897  decode.d5.loss_dice: 1.4040  decode.d6.loss_cls: 0.4128  decode.d6.loss_mask: 1.6110  decode.d6.loss_dice: 1.4134  decode.d7.loss_cls: 0.4472  decode.d7.loss_mask: 1.5767  decode.d7.loss_dice: 1.4160  decode.d8.loss_cls: 0.4108  decode.d8.loss_mask: 1.5452  decode.d8.loss_dice: 1.4222
09/30 23:11:05 - mmengine - INFO - Iter(train) [18450/20000]  base_lr: 1.0009e-05 lr: 1.0009e-06  eta: 0:07:52  time: 0.2992  data_time: 0.0117  memory: 8457  grad_norm: 560.4837  loss: 27.1665  decode.loss_cls: 0.3474  decode.loss_mask: 1.2394  decode.loss_dice: 1.1179  decode.d0.loss_cls: 0.3776  decode.d0.loss_mask: 1.2560  decode.d0.loss_dice: 1.1894  decode.d1.loss_cls: 0.3208  decode.d1.loss_mask: 1.2596  decode.d1.loss_dice: 1.1381  decode.d2.loss_cls: 0.3275  decode.d2.loss_mask: 1.2421  decode.d2.loss_dice: 1.1337  decode.d3.loss_cls: 0.2882  decode.d3.loss_mask: 1.2702  decode.d3.loss_dice: 1.1158  decode.d4.loss_cls: 0.2975  decode.d4.loss_mask: 1.2573  decode.d4.loss_dice: 1.1264  decode.d5.loss_cls: 0.2905  decode.d5.loss_mask: 1.2576  decode.d5.loss_dice: 1.1300  decode.d6.loss_cls: 0.3441  decode.d6.loss_mask: 1.2542  decode.d6.loss_dice: 1.1274  decode.d7.loss_cls: 0.3338  decode.d7.loss_mask: 1.2660  decode.d7.loss_dice: 1.1176  decode.d8.loss_cls: 0.3451  decode.d8.loss_mask: 1.2585  decode.d8.loss_dice: 1.1370
09/30 23:11:20 - mmengine - INFO - Iter(train) [18500/20000]  base_lr: 9.7180e-06 lr: 9.7180e-07  eta: 0:07:36  time: 0.2966  data_time: 0.0114  memory: 8450  grad_norm: 470.3098  loss: 34.9380  decode.loss_cls: 0.2977  decode.loss_mask: 1.7439  decode.loss_dice: 1.4266  decode.d0.loss_cls: 0.5300  decode.d0.loss_mask: 1.6736  decode.d0.loss_dice: 1.5074  decode.d1.loss_cls: 0.3157  decode.d1.loss_mask: 1.6777  decode.d1.loss_dice: 1.4398  decode.d2.loss_cls: 0.3609  decode.d2.loss_mask: 1.6615  decode.d2.loss_dice: 1.4336  decode.d3.loss_cls: 0.3660  decode.d3.loss_mask: 1.7131  decode.d3.loss_dice: 1.4342  decode.d4.loss_cls: 0.3446  decode.d4.loss_mask: 1.6504  decode.d4.loss_dice: 1.4602  decode.d5.loss_cls: 0.3873  decode.d5.loss_mask: 1.6396  decode.d5.loss_dice: 1.4243  decode.d6.loss_cls: 0.3636  decode.d6.loss_mask: 1.6441  decode.d6.loss_dice: 1.4565  decode.d7.loss_cls: 0.3618  decode.d7.loss_mask: 1.6818  decode.d7.loss_dice: 1.4119  decode.d8.loss_cls: 0.3731  decode.d8.loss_mask: 1.7327  decode.d8.loss_dice: 1.4243
09/30 23:11:35 - mmengine - INFO - Iter(train) [18550/20000]  base_lr: 9.4259e-06 lr: 9.4259e-07  eta: 0:07:21  time: 0.2971  data_time: 0.0115  memory: 8457  grad_norm: 406.8704  loss: 36.0732  decode.loss_cls: 0.3679  decode.loss_mask: 1.6618  decode.loss_dice: 1.5550  decode.d0.loss_cls: 0.6448  decode.d0.loss_mask: 1.6423  decode.d0.loss_dice: 1.5831  decode.d1.loss_cls: 0.3828  decode.d1.loss_mask: 1.6233  decode.d1.loss_dice: 1.5038  decode.d2.loss_cls: 0.3957  decode.d2.loss_mask: 1.6343  decode.d2.loss_dice: 1.5687  decode.d3.loss_cls: 0.4076  decode.d3.loss_mask: 1.6314  decode.d3.loss_dice: 1.5595  decode.d4.loss_cls: 0.4322  decode.d4.loss_mask: 1.6313  decode.d4.loss_dice: 1.5101  decode.d5.loss_cls: 0.3995  decode.d5.loss_mask: 1.6488  decode.d5.loss_dice: 1.5621  decode.d6.loss_cls: 0.3853  decode.d6.loss_mask: 1.6408  decode.d6.loss_dice: 1.5056  decode.d7.loss_cls: 0.4222  decode.d7.loss_mask: 1.6194  decode.d7.loss_dice: 1.5481  decode.d8.loss_cls: 0.3561  decode.d8.loss_mask: 1.7177  decode.d8.loss_dice: 1.5320
09/30 23:11:50 - mmengine - INFO - Iter(train) [18600/20000]  base_lr: 9.1329e-06 lr: 9.1329e-07  eta: 0:07:06  time: 0.3047  data_time: 0.0118  memory: 8450  grad_norm: 654.7613  loss: 32.5351  decode.loss_cls: 0.4188  decode.loss_mask: 1.4469  decode.loss_dice: 1.3896  decode.d0.loss_cls: 0.4675  decode.d0.loss_mask: 1.4871  decode.d0.loss_dice: 1.4764  decode.d1.loss_cls: 0.3615  decode.d1.loss_mask: 1.4549  decode.d1.loss_dice: 1.4275  decode.d2.loss_cls: 0.3739  decode.d2.loss_mask: 1.4688  decode.d2.loss_dice: 1.3950  decode.d3.loss_cls: 0.4157  decode.d3.loss_mask: 1.4318  decode.d3.loss_dice: 1.3911  decode.d4.loss_cls: 0.3526  decode.d4.loss_mask: 1.4504  decode.d4.loss_dice: 1.3805  decode.d5.loss_cls: 0.3642  decode.d5.loss_mask: 1.4427  decode.d5.loss_dice: 1.3719  decode.d6.loss_cls: 0.2951  decode.d6.loss_mask: 1.5029  decode.d6.loss_dice: 1.4382  decode.d7.loss_cls: 0.3556  decode.d7.loss_mask: 1.4826  decode.d7.loss_dice: 1.4131  decode.d8.loss_cls: 0.3555  decode.d8.loss_mask: 1.4808  decode.d8.loss_dice: 1.4425
09/30 23:12:05 - mmengine - INFO - Iter(train) [18650/20000]  base_lr: 8.8388e-06 lr: 8.8388e-07  eta: 0:06:51  time: 0.3016  data_time: 0.0118  memory: 8431  grad_norm: 668.0085  loss: 29.8312  decode.loss_cls: 0.2323  decode.loss_mask: 1.5413  decode.loss_dice: 1.1646  decode.d0.loss_cls: 0.4370  decode.d0.loss_mask: 1.5158  decode.d0.loss_dice: 1.1923  decode.d1.loss_cls: 0.2409  decode.d1.loss_mask: 1.5411  decode.d1.loss_dice: 1.1798  decode.d2.loss_cls: 0.2136  decode.d2.loss_mask: 1.5464  decode.d2.loss_dice: 1.1731  decode.d3.loss_cls: 0.2332  decode.d3.loss_mask: 1.6117  decode.d3.loss_dice: 1.1846  decode.d4.loss_cls: 0.1783  decode.d4.loss_mask: 1.5890  decode.d4.loss_dice: 1.2051  decode.d5.loss_cls: 0.2268  decode.d5.loss_mask: 1.5605  decode.d5.loss_dice: 1.1675  decode.d6.loss_cls: 0.2386  decode.d6.loss_mask: 1.5524  decode.d6.loss_dice: 1.1749  decode.d7.loss_cls: 0.2169  decode.d7.loss_mask: 1.5502  decode.d7.loss_dice: 1.1855  decode.d8.loss_cls: 0.1997  decode.d8.loss_mask: 1.5888  decode.d8.loss_dice: 1.1893
09/30 23:12:20 - mmengine - INFO - Iter(train) [18700/20000]  base_lr: 8.5436e-06 lr: 8.5436e-07  eta: 0:06:35  time: 0.3055  data_time: 0.0119  memory: 8439  grad_norm: 350.2423  loss: 25.4876  decode.loss_cls: 0.1371  decode.loss_mask: 1.2702  decode.loss_dice: 1.1076  decode.d0.loss_cls: 0.3547  decode.d0.loss_mask: 1.3328  decode.d0.loss_dice: 1.1776  decode.d1.loss_cls: 0.1172  decode.d1.loss_mask: 1.2735  decode.d1.loss_dice: 1.1142  decode.d2.loss_cls: 0.1163  decode.d2.loss_mask: 1.2765  decode.d2.loss_dice: 1.1059  decode.d3.loss_cls: 0.1172  decode.d3.loss_mask: 1.2740  decode.d3.loss_dice: 1.1085  decode.d4.loss_cls: 0.1283  decode.d4.loss_mask: 1.2697  decode.d4.loss_dice: 1.1155  decode.d5.loss_cls: 0.1438  decode.d5.loss_mask: 1.2581  decode.d5.loss_dice: 1.1088  decode.d6.loss_cls: 0.1524  decode.d6.loss_mask: 1.2620  decode.d6.loss_dice: 1.1074  decode.d7.loss_cls: 0.1476  decode.d7.loss_mask: 1.2815  decode.d7.loss_dice: 1.1111  decode.d8.loss_cls: 0.1332  decode.d8.loss_mask: 1.2684  decode.d8.loss_dice: 1.1166
09/30 23:12:36 - mmengine - INFO - Iter(train) [18750/20000]  base_lr: 8.2473e-06 lr: 8.2473e-07  eta: 0:06:20  time: 0.2959  data_time: 0.0117  memory: 8457  grad_norm: 836.5785  loss: 28.4657  decode.loss_cls: 0.3484  decode.loss_mask: 1.2243  decode.loss_dice: 1.2600  decode.d0.loss_cls: 0.5369  decode.d0.loss_mask: 1.2082  decode.d0.loss_dice: 1.2879  decode.d1.loss_cls: 0.3654  decode.d1.loss_mask: 1.2457  decode.d1.loss_dice: 1.2622  decode.d2.loss_cls: 0.4153  decode.d2.loss_mask: 1.2396  decode.d2.loss_dice: 1.2394  decode.d3.loss_cls: 0.3335  decode.d3.loss_mask: 1.2304  decode.d3.loss_dice: 1.2463  decode.d4.loss_cls: 0.3094  decode.d4.loss_mask: 1.2440  decode.d4.loss_dice: 1.2635  decode.d5.loss_cls: 0.4185  decode.d5.loss_mask: 1.1968  decode.d5.loss_dice: 1.2134  decode.d6.loss_cls: 0.3248  decode.d6.loss_mask: 1.2194  decode.d6.loss_dice: 1.2323  decode.d7.loss_cls: 0.3324  decode.d7.loss_mask: 1.2279  decode.d7.loss_dice: 1.2544  decode.d8.loss_cls: 0.3478  decode.d8.loss_mask: 1.2209  decode.d8.loss_dice: 1.2165
09/30 23:12:50 - mmengine - INFO - Iter(train) [18800/20000]  base_lr: 7.9498e-06 lr: 7.9498e-07  eta: 0:06:05  time: 0.2967  data_time: 0.0114  memory: 8435  grad_norm: 796.6759  loss: 34.3534  decode.loss_cls: 0.2573  decode.loss_mask: 1.6912  decode.loss_dice: 1.4530  decode.d0.loss_cls: 0.6126  decode.d0.loss_mask: 1.6082  decode.d0.loss_dice: 1.4111  decode.d1.loss_cls: 0.2548  decode.d1.loss_mask: 1.7307  decode.d1.loss_dice: 1.4693  decode.d2.loss_cls: 0.2426  decode.d2.loss_mask: 1.6900  decode.d2.loss_dice: 1.4541  decode.d3.loss_cls: 0.2178  decode.d3.loss_mask: 1.7383  decode.d3.loss_dice: 1.4761  decode.d4.loss_cls: 0.2558  decode.d4.loss_mask: 1.7000  decode.d4.loss_dice: 1.4612  decode.d5.loss_cls: 0.2730  decode.d5.loss_mask: 1.6888  decode.d5.loss_dice: 1.4755  decode.d6.loss_cls: 0.2618  decode.d6.loss_mask: 1.6838  decode.d6.loss_dice: 1.4706  decode.d7.loss_cls: 0.2515  decode.d7.loss_mask: 1.6683  decode.d7.loss_dice: 1.4528  decode.d8.loss_cls: 0.2421  decode.d8.loss_mask: 1.6979  decode.d8.loss_dice: 1.4633
09/30 23:13:05 - mmengine - INFO - Iter(train) [18850/20000]  base_lr: 7.6510e-06 lr: 7.6510e-07  eta: 0:05:50  time: 0.2987  data_time: 0.0118  memory: 8442  grad_norm: 327.1273  loss: 38.0092  decode.loss_cls: 0.4527  decode.loss_mask: 1.6693  decode.loss_dice: 1.5494  decode.d0.loss_cls: 0.7448  decode.d0.loss_mask: 1.6837  decode.d0.loss_dice: 1.6640  decode.d1.loss_cls: 0.5501  decode.d1.loss_mask: 1.6848  decode.d1.loss_dice: 1.5726  decode.d2.loss_cls: 0.5058  decode.d2.loss_mask: 1.7080  decode.d2.loss_dice: 1.5899  decode.d3.loss_cls: 0.5441  decode.d3.loss_mask: 1.6972  decode.d3.loss_dice: 1.5684  decode.d4.loss_cls: 0.5181  decode.d4.loss_mask: 1.7059  decode.d4.loss_dice: 1.5570  decode.d5.loss_cls: 0.4804  decode.d5.loss_mask: 1.6991  decode.d5.loss_dice: 1.5305  decode.d6.loss_cls: 0.5114  decode.d6.loss_mask: 1.7084  decode.d6.loss_dice: 1.5627  decode.d7.loss_cls: 0.4951  decode.d7.loss_mask: 1.7180  decode.d7.loss_dice: 1.5630  decode.d8.loss_cls: 0.4858  decode.d8.loss_mask: 1.6908  decode.d8.loss_dice: 1.5982
09/30 23:13:20 - mmengine - INFO - Iter(train) [18900/20000]  base_lr: 7.3510e-06 lr: 7.3510e-07  eta: 0:05:35  time: 0.2972  data_time: 0.0115  memory: 8449  grad_norm: 486.5360  loss: 29.3143  decode.loss_cls: 0.3390  decode.loss_mask: 1.4165  decode.loss_dice: 1.1447  decode.d0.loss_cls: 0.4653  decode.d0.loss_mask: 1.5079  decode.d0.loss_dice: 1.2350  decode.d1.loss_cls: 0.3261  decode.d1.loss_mask: 1.4505  decode.d1.loss_dice: 1.1772  decode.d2.loss_cls: 0.3428  decode.d2.loss_mask: 1.3777  decode.d2.loss_dice: 1.1414  decode.d3.loss_cls: 0.3051  decode.d3.loss_mask: 1.3644  decode.d3.loss_dice: 1.1610  decode.d4.loss_cls: 0.3164  decode.d4.loss_mask: 1.3667  decode.d4.loss_dice: 1.1783  decode.d5.loss_cls: 0.3196  decode.d5.loss_mask: 1.3962  decode.d5.loss_dice: 1.1860  decode.d6.loss_cls: 0.2592  decode.d6.loss_mask: 1.4357  decode.d6.loss_dice: 1.1628  decode.d7.loss_cls: 0.3003  decode.d7.loss_mask: 1.4780  decode.d7.loss_dice: 1.1917  decode.d8.loss_cls: 0.2984  decode.d8.loss_mask: 1.4639  decode.d8.loss_dice: 1.2066
09/30 23:13:35 - mmengine - INFO - Iter(train) [18950/20000]  base_lr: 7.0496e-06 lr: 7.0496e-07  eta: 0:05:19  time: 0.2981  data_time: 0.0115  memory: 8438  grad_norm: 330.4064  loss: 32.1723  decode.loss_cls: 0.2776  decode.loss_mask: 1.6127  decode.loss_dice: 1.2616  decode.d0.loss_cls: 0.4485  decode.d0.loss_mask: 1.6952  decode.d0.loss_dice: 1.2950  decode.d1.loss_cls: 0.2472  decode.d1.loss_mask: 1.7081  decode.d1.loss_dice: 1.2848  decode.d2.loss_cls: 0.1921  decode.d2.loss_mask: 1.6821  decode.d2.loss_dice: 1.2681  decode.d3.loss_cls: 0.2066  decode.d3.loss_mask: 1.6847  decode.d3.loss_dice: 1.2517  decode.d4.loss_cls: 0.2752  decode.d4.loss_mask: 1.6883  decode.d4.loss_dice: 1.2408  decode.d5.loss_cls: 0.2698  decode.d5.loss_mask: 1.6912  decode.d5.loss_dice: 1.2522  decode.d6.loss_cls: 0.2118  decode.d6.loss_mask: 1.7025  decode.d6.loss_dice: 1.3138  decode.d7.loss_cls: 0.2715  decode.d7.loss_mask: 1.6957  decode.d7.loss_dice: 1.2500  decode.d8.loss_cls: 0.2566  decode.d8.loss_mask: 1.6682  decode.d8.loss_dice: 1.2687
09/30 23:13:50 - mmengine - INFO - Exp name: mask2former_swin_l_512_20260930_211218
09/30 23:13:50 - mmengine - INFO - Iter(train) [19000/20000]  base_lr: 6.7467e-06 lr: 6.7467e-07  eta: 0:05:04  time: 0.2995  data_time: 0.0115  memory: 8457  grad_norm: 405.7388  loss: 36.8688  decode.loss_cls: 0.2941  decode.loss_mask: 1.8340  decode.loss_dice: 1.5561  decode.d0.loss_cls: 0.4556  decode.d0.loss_mask: 1.7480  decode.d0.loss_dice: 1.5481  decode.d1.loss_cls: 0.3747  decode.d1.loss_mask: 1.7460  decode.d1.loss_dice: 1.5835  decode.d2.loss_cls: 0.3634  decode.d2.loss_mask: 1.7677  decode.d2.loss_dice: 1.5800  decode.d3.loss_cls: 0.3856  decode.d3.loss_mask: 1.7706  decode.d3.loss_dice: 1.5428  decode.d4.loss_cls: 0.4080  decode.d4.loss_mask: 1.7248  decode.d4.loss_dice: 1.5366  decode.d5.loss_cls: 0.4137  decode.d5.loss_mask: 1.7245  decode.d5.loss_dice: 1.5375  decode.d6.loss_cls: 0.4110  decode.d6.loss_mask: 1.7064  decode.d6.loss_dice: 1.5252  decode.d7.loss_cls: 0.3999  decode.d7.loss_mask: 1.7374  decode.d7.loss_dice: 1.5419  decode.d8.loss_cls: 0.3599  decode.d8.loss_mask: 1.7492  decode.d8.loss_dice: 1.5426
09/30 23:13:50 - mmengine - INFO - Saving checkpoint at 19000 iterations
09/30 23:13:58 - mmengine - INFO - Iter(val) [ 50/699]    eta: 0:01:14  time: 0.1141  data_time: 0.0039  memory: 3701  
09/30 23:14:04 - mmengine - INFO - Iter(val) [100/699]    eta: 0:01:08  time: 0.1155  data_time: 0.0039  memory: 3701  
09/30 23:14:10 - mmengine - INFO - Iter(val) [150/699]    eta: 0:01:03  time: 0.1155  data_time: 0.0039  memory: 3701  
09/30 23:14:16 - mmengine - INFO - Iter(val) [200/699]    eta: 0:00:57  time: 0.1187  data_time: 0.0047  memory: 3701  
09/30 23:14:21 - mmengine - INFO - Iter(val) [250/699]    eta: 0:00:51  time: 0.1163  data_time: 0.0039  memory: 3701  
09/30 23:14:27 - mmengine - INFO - Iter(val) [300/699]    eta: 0:00:46  time: 0.1149  data_time: 0.0039  memory: 3701  
09/30 23:14:33 - mmengine - INFO - Iter(val) [350/699]    eta: 0:00:40  time: 0.1160  data_time: 0.0040  memory: 3701  
09/30 23:14:39 - mmengine - INFO - Iter(val) [400/699]    eta: 0:00:34  time: 0.1162  data_time: 0.0040  memory: 3701  
09/30 23:14:45 - mmengine - INFO - Iter(val) [450/699]    eta: 0:00:28  time: 0.1165  data_time: 0.0039  memory: 3701  
09/30 23:14:50 - mmengine - INFO - Iter(val) [500/699]    eta: 0:00:23  time: 0.1155  data_time: 0.0040  memory: 3701  
09/30 23:14:56 - mmengine - INFO - Iter(val) [550/699]    eta: 0:00:17  time: 0.1164  data_time: 0.0040  memory: 3701  
09/30 23:15:02 - mmengine - INFO - Iter(val) [600/699]    eta: 0:00:11  time: 0.1145  data_time: 0.0038  memory: 3701  
09/30 23:15:08 - mmengine - INFO - Iter(val) [650/699]    eta: 0:00:05  time: 0.1145  data_time: 0.0039  memory: 3701  
09/30 23:15:13 - mmengine - INFO - per class results:
09/30 23:15:13 - mmengine - INFO - 
+--------------+-------+-------+
|    Class     |  IoU  |  Acc  |
+--------------+-------+-------+
|  Background  | 61.67 | 79.18 |
|   Building   | 83.01 | 90.33 |
|     Road     | 61.53 | 66.07 |
|    Water     | 84.24 |  89.8 |
|    Barren    | 29.18 | 55.52 |
|  Vegetation  | 85.78 | 90.82 |
| Agricultural |  71.9 | 89.14 |
|   Vehicle    | 78.02 | 85.97 |
+--------------+-------+-------+
09/30 23:15:13 - mmengine - INFO - Iter(val) [699/699]    aAcc: 84.7700  mIoU: 69.4200  mAcc: 80.8500  data_time: 0.0041  time: 0.1156
09/30 23:15:28 - mmengine - INFO - Iter(train) [19050/20000]  base_lr: 6.4423e-06 lr: 6.4423e-07  eta: 0:04:49  time: 0.2997  data_time: 0.0116  memory: 8457  grad_norm: 419.1212  loss: 29.3993  decode.loss_cls: 0.1336  decode.loss_mask: 1.5038  decode.loss_dice: 1.2972  decode.d0.loss_cls: 0.3584  decode.d0.loss_mask: 1.4721  decode.d0.loss_dice: 1.3006  decode.d1.loss_cls: 0.1313  decode.d1.loss_mask: 1.4901  decode.d1.loss_dice: 1.3072  decode.d2.loss_cls: 0.1351  decode.d2.loss_mask: 1.4554  decode.d2.loss_dice: 1.2905  decode.d3.loss_cls: 0.1259  decode.d3.loss_mask: 1.4809  decode.d3.loss_dice: 1.3284  decode.d4.loss_cls: 0.1296  decode.d4.loss_mask: 1.4854  decode.d4.loss_dice: 1.3069  decode.d5.loss_cls: 0.1714  decode.d5.loss_mask: 1.4642  decode.d5.loss_dice: 1.2748  decode.d6.loss_cls: 0.1450  decode.d6.loss_mask: 1.4844  decode.d6.loss_dice: 1.2947  decode.d7.loss_cls: 0.1540  decode.d7.loss_mask: 1.4806  decode.d7.loss_dice: 1.2862  decode.d8.loss_cls: 0.1707  decode.d8.loss_mask: 1.4710  decode.d8.loss_dice: 1.2699
09/30 23:15:43 - mmengine - INFO - Iter(train) [19100/20000]  base_lr: 6.1364e-06 lr: 6.1364e-07  eta: 0:04:34  time: 0.2985  data_time: 0.0115  memory: 8457  grad_norm: 2723.8064  loss: 37.2596  decode.loss_cls: 0.5811  decode.loss_mask: 1.5682  decode.loss_dice: 1.5599  decode.d0.loss_cls: 0.6836  decode.d0.loss_mask: 1.5775  decode.d0.loss_dice: 1.6546  decode.d1.loss_cls: 0.5045  decode.d1.loss_mask: 1.6057  decode.d1.loss_dice: 1.6161  decode.d2.loss_cls: 0.5737  decode.d2.loss_mask: 1.5768  decode.d2.loss_dice: 1.5786  decode.d3.loss_cls: 0.5718  decode.d3.loss_mask: 1.5525  decode.d3.loss_dice: 1.5414  decode.d4.loss_cls: 0.6304  decode.d4.loss_mask: 1.5276  decode.d4.loss_dice: 1.5578  decode.d5.loss_cls: 0.5854  decode.d5.loss_mask: 1.5438  decode.d5.loss_dice: 1.5550  decode.d6.loss_cls: 0.6488  decode.d6.loss_mask: 1.5445  decode.d6.loss_dice: 1.5453  decode.d7.loss_cls: 0.6694  decode.d7.loss_mask: 1.5050  decode.d7.loss_dice: 1.5541  decode.d8.loss_cls: 0.5217  decode.d8.loss_mask: 1.5551  decode.d8.loss_dice: 1.5696
09/30 23:15:58 - mmengine - INFO - Iter(train) [19150/20000]  base_lr: 5.8287e-06 lr: 5.8287e-07  eta: 0:04:18  time: 0.2997  data_time: 0.0115  memory: 8449  grad_norm: 511.4285  loss: 36.3114  decode.loss_cls: 0.3249  decode.loss_mask: 1.7576  decode.loss_dice: 1.5302  decode.d0.loss_cls: 0.4591  decode.d0.loss_mask: 1.7635  decode.d0.loss_dice: 1.5672  decode.d1.loss_cls: 0.3757  decode.d1.loss_mask: 1.7983  decode.d1.loss_dice: 1.5274  decode.d2.loss_cls: 0.3837  decode.d2.loss_mask: 1.7200  decode.d2.loss_dice: 1.4931  decode.d3.loss_cls: 0.3287  decode.d3.loss_mask: 1.7386  decode.d3.loss_dice: 1.4956  decode.d4.loss_cls: 0.3642  decode.d4.loss_mask: 1.7443  decode.d4.loss_dice: 1.4888  decode.d5.loss_cls: 0.3564  decode.d5.loss_mask: 1.7100  decode.d5.loss_dice: 1.4899  decode.d6.loss_cls: 0.3567  decode.d6.loss_mask: 1.7394  decode.d6.loss_dice: 1.4983  decode.d7.loss_cls: 0.3613  decode.d7.loss_mask: 1.7890  decode.d7.loss_dice: 1.5183  decode.d8.loss_cls: 0.3358  decode.d8.loss_mask: 1.7586  decode.d8.loss_dice: 1.5368
09/30 23:16:13 - mmengine - INFO - Iter(train) [19200/20000]  base_lr: 5.5192e-06 lr: 5.5192e-07  eta: 0:04:03  time: 0.2971  data_time: 0.0115  memory: 8457  grad_norm: 452.8808  loss: 32.6867  decode.loss_cls: 0.3649  decode.loss_mask: 1.4639  decode.loss_dice: 1.4050  decode.d0.loss_cls: 0.5295  decode.d0.loss_mask: 1.4696  decode.d0.loss_dice: 1.4858  decode.d1.loss_cls: 0.3627  decode.d1.loss_mask: 1.4900  decode.d1.loss_dice: 1.4320  decode.d2.loss_cls: 0.3293  decode.d2.loss_mask: 1.4620  decode.d2.loss_dice: 1.4168  decode.d3.loss_cls: 0.3136  decode.d3.loss_mask: 1.4517  decode.d3.loss_dice: 1.4295  decode.d4.loss_cls: 0.3277  decode.d4.loss_mask: 1.5079  decode.d4.loss_dice: 1.4505  decode.d5.loss_cls: 0.3182  decode.d5.loss_mask: 1.4543  decode.d5.loss_dice: 1.4488  decode.d6.loss_cls: 0.4069  decode.d6.loss_mask: 1.4516  decode.d6.loss_dice: 1.4167  decode.d7.loss_cls: 0.3420  decode.d7.loss_mask: 1.4814  decode.d7.loss_dice: 1.4354  decode.d8.loss_cls: 0.3151  decode.d8.loss_mask: 1.4719  decode.d8.loss_dice: 1.4521
09/30 23:16:28 - mmengine - INFO - Iter(train) [19250/20000]  base_lr: 5.2077e-06 lr: 5.2077e-07  eta: 0:03:48  time: 0.3002  data_time: 0.0116  memory: 8448  grad_norm: 510.0694  loss: 27.4680  decode.loss_cls: 0.4445  decode.loss_mask: 1.2530  decode.loss_dice: 0.9867  decode.d0.loss_cls: 0.6810  decode.d0.loss_mask: 1.2300  decode.d0.loss_dice: 1.0006  decode.d1.loss_cls: 0.4783  decode.d1.loss_mask: 1.2339  decode.d1.loss_dice: 0.9923  decode.d2.loss_cls: 0.4988  decode.d2.loss_mask: 1.2683  decode.d2.loss_dice: 0.9827  decode.d3.loss_cls: 0.4559  decode.d3.loss_mask: 1.2858  decode.d3.loss_dice: 0.9505  decode.d4.loss_cls: 0.4913  decode.d4.loss_mask: 1.2779  decode.d4.loss_dice: 0.9663  decode.d5.loss_cls: 0.5156  decode.d5.loss_mask: 1.2806  decode.d5.loss_dice: 0.9746  decode.d6.loss_cls: 0.5210  decode.d6.loss_mask: 1.2973  decode.d6.loss_dice: 0.9663  decode.d7.loss_cls: 0.4977  decode.d7.loss_mask: 1.2678  decode.d7.loss_dice: 0.9665  decode.d8.loss_cls: 0.4821  decode.d8.loss_mask: 1.2484  decode.d8.loss_dice: 0.9726
09/30 23:16:43 - mmengine - INFO - Iter(train) [19300/20000]  base_lr: 4.8942e-06 lr: 4.8942e-07  eta: 0:03:33  time: 0.3027  data_time: 0.0122  memory: 8457  grad_norm: 1945.2405  loss: 39.4729  decode.loss_cls: 0.4018  decode.loss_mask: 1.8201  decode.loss_dice: 1.7392  decode.d0.loss_cls: 0.4496  decode.d0.loss_mask: 1.8261  decode.d0.loss_dice: 1.7929  decode.d1.loss_cls: 0.4114  decode.d1.loss_mask: 1.7597  decode.d1.loss_dice: 1.7631  decode.d2.loss_cls: 0.4014  decode.d2.loss_mask: 1.7560  decode.d2.loss_dice: 1.7281  decode.d3.loss_cls: 0.3912  decode.d3.loss_mask: 1.7565  decode.d3.loss_dice: 1.7369  decode.d4.loss_cls: 0.3770  decode.d4.loss_mask: 1.8017  decode.d4.loss_dice: 1.7194  decode.d5.loss_cls: 0.4457  decode.d5.loss_mask: 1.7828  decode.d5.loss_dice: 1.7342  decode.d6.loss_cls: 0.4143  decode.d6.loss_mask: 1.8128  decode.d6.loss_dice: 1.7497  decode.d7.loss_cls: 0.3990  decode.d7.loss_mask: 1.7968  decode.d7.loss_dice: 1.7308  decode.d8.loss_cls: 0.3668  decode.d8.loss_mask: 1.8784  decode.d8.loss_dice: 1.7295
09/30 23:16:59 - mmengine - INFO - Iter(train) [19350/20000]  base_lr: 4.5784e-06 lr: 4.5784e-07  eta: 0:03:17  time: 0.3028  data_time: 0.0113  memory: 8430  grad_norm: 447.3197  loss: 29.3879  decode.loss_cls: 0.2817  decode.loss_mask: 1.3123  decode.loss_dice: 1.2703  decode.d0.loss_cls: 0.4211  decode.d0.loss_mask: 1.3270  decode.d0.loss_dice: 1.3897  decode.d1.loss_cls: 0.2898  decode.d1.loss_mask: 1.3131  decode.d1.loss_dice: 1.2918  decode.d2.loss_cls: 0.3402  decode.d2.loss_mask: 1.2838  decode.d2.loss_dice: 1.2479  decode.d3.loss_cls: 0.3147  decode.d3.loss_mask: 1.3275  decode.d3.loss_dice: 1.2900  decode.d4.loss_cls: 0.3151  decode.d4.loss_mask: 1.3639  decode.d4.loss_dice: 1.2716  decode.d5.loss_cls: 0.3599  decode.d5.loss_mask: 1.2753  decode.d5.loss_dice: 1.2569  decode.d6.loss_cls: 0.3629  decode.d6.loss_mask: 1.3349  decode.d6.loss_dice: 1.2947  decode.d7.loss_cls: 0.3284  decode.d7.loss_mask: 1.3309  decode.d7.loss_dice: 1.2705  decode.d8.loss_cls: 0.3331  decode.d8.loss_mask: 1.3044  decode.d8.loss_dice: 1.2845
09/30 23:17:14 - mmengine - INFO - Iter(train) [19400/20000]  base_lr: 4.2602e-06 lr: 4.2602e-07  eta: 0:03:02  time: 0.3067  data_time: 0.0117  memory: 8449  grad_norm: 494.1714  loss: 38.2401  decode.loss_cls: 0.4968  decode.loss_mask: 1.6844  decode.loss_dice: 1.6559  decode.d0.loss_cls: 0.6035  decode.d0.loss_mask: 1.6612  decode.d0.loss_dice: 1.7428  decode.d1.loss_cls: 0.5547  decode.d1.loss_mask: 1.7297  decode.d1.loss_dice: 1.5871  decode.d2.loss_cls: 0.4887  decode.d2.loss_mask: 1.6448  decode.d2.loss_dice: 1.5887  decode.d3.loss_cls: 0.4819  decode.d3.loss_mask: 1.6883  decode.d3.loss_dice: 1.6167  decode.d4.loss_cls: 0.5747  decode.d4.loss_mask: 1.6792  decode.d4.loss_dice: 1.6100  decode.d5.loss_cls: 0.5550  decode.d5.loss_mask: 1.6942  decode.d5.loss_dice: 1.6011  decode.d6.loss_cls: 0.5265  decode.d6.loss_mask: 1.6713  decode.d6.loss_dice: 1.5562  decode.d7.loss_cls: 0.4903  decode.d7.loss_mask: 1.6808  decode.d7.loss_dice: 1.6188  decode.d8.loss_cls: 0.4929  decode.d8.loss_mask: 1.6653  decode.d8.loss_dice: 1.5982
09/30 23:17:29 - mmengine - INFO - Iter(train) [19450/20000]  base_lr: 3.9393e-06 lr: 3.9393e-07  eta: 0:02:47  time: 0.2995  data_time: 0.0117  memory: 8436  grad_norm: 443.8626  loss: 27.9087  decode.loss_cls: 0.3924  decode.loss_mask: 1.2386  decode.loss_dice: 1.1067  decode.d0.loss_cls: 0.5652  decode.d0.loss_mask: 1.2055  decode.d0.loss_dice: 1.1367  decode.d1.loss_cls: 0.3870  decode.d1.loss_mask: 1.2270  decode.d1.loss_dice: 1.1411  decode.d2.loss_cls: 0.4516  decode.d2.loss_mask: 1.2382  decode.d2.loss_dice: 1.1232  decode.d3.loss_cls: 0.4600  decode.d3.loss_mask: 1.2043  decode.d3.loss_dice: 1.0845  decode.d4.loss_cls: 0.4680  decode.d4.loss_mask: 1.2182  decode.d4.loss_dice: 1.1034  decode.d5.loss_cls: 0.4700  decode.d5.loss_mask: 1.2178  decode.d5.loss_dice: 1.1241  decode.d6.loss_cls: 0.4396  decode.d6.loss_mask: 1.2340  decode.d6.loss_dice: 1.1090  decode.d7.loss_cls: 0.4582  decode.d7.loss_mask: 1.2668  decode.d7.loss_dice: 1.1171  decode.d8.loss_cls: 0.4080  decode.d8.loss_mask: 1.2239  decode.d8.loss_dice: 1.0887
09/30 23:17:44 - mmengine - INFO - Iter(train) [19500/20000]  base_lr: 3.6155e-06 lr: 3.6155e-07  eta: 0:02:32  time: 0.2973  data_time: 0.0117  memory: 8457  grad_norm: 393.3735  loss: 27.4660  decode.loss_cls: 0.2957  decode.loss_mask: 1.2262  decode.loss_dice: 1.2272  decode.d0.loss_cls: 0.3778  decode.d0.loss_mask: 1.2399  decode.d0.loss_dice: 1.2655  decode.d1.loss_cls: 0.3831  decode.d1.loss_mask: 1.1601  decode.d1.loss_dice: 1.2070  decode.d2.loss_cls: 0.3225  decode.d2.loss_mask: 1.1662  decode.d2.loss_dice: 1.2385  decode.d3.loss_cls: 0.2709  decode.d3.loss_mask: 1.1958  decode.d3.loss_dice: 1.2432  decode.d4.loss_cls: 0.3602  decode.d4.loss_mask: 1.1705  decode.d4.loss_dice: 1.2041  decode.d5.loss_cls: 0.3090  decode.d5.loss_mask: 1.1862  decode.d5.loss_dice: 1.2432  decode.d6.loss_cls: 0.2969  decode.d6.loss_mask: 1.1871  decode.d6.loss_dice: 1.2406  decode.d7.loss_cls: 0.2756  decode.d7.loss_mask: 1.1969  decode.d7.loss_dice: 1.2034  decode.d8.loss_cls: 0.2919  decode.d8.loss_mask: 1.2440  decode.d8.loss_dice: 1.2366
09/30 23:17:59 - mmengine - INFO - Iter(train) [19550/20000]  base_lr: 3.2884e-06 lr: 3.2884e-07  eta: 0:02:16  time: 0.2992  data_time: 0.0116  memory: 8442  grad_norm: 236.7654  loss: 23.8539  decode.loss_cls: 0.1547  decode.loss_mask: 1.2217  decode.loss_dice: 1.0049  decode.d0.loss_cls: 0.2770  decode.d0.loss_mask: 1.2349  decode.d0.loss_dice: 1.0277  decode.d1.loss_cls: 0.1311  decode.d1.loss_mask: 1.2050  decode.d1.loss_dice: 1.0085  decode.d2.loss_cls: 0.1206  decode.d2.loss_mask: 1.2254  decode.d2.loss_dice: 1.0096  decode.d3.loss_cls: 0.1529  decode.d3.loss_mask: 1.2087  decode.d3.loss_dice: 0.9963  decode.d4.loss_cls: 0.1520  decode.d4.loss_mask: 1.2073  decode.d4.loss_dice: 0.9952  decode.d5.loss_cls: 0.1603  decode.d5.loss_mask: 1.2145  decode.d5.loss_dice: 1.0163  decode.d6.loss_cls: 0.1418  decode.d6.loss_mask: 1.2310  decode.d6.loss_dice: 1.0157  decode.d7.loss_cls: 0.1693  decode.d7.loss_mask: 1.2045  decode.d7.loss_dice: 0.9940  decode.d8.loss_cls: 0.1487  decode.d8.loss_mask: 1.2117  decode.d8.loss_dice: 1.0127
09/30 23:18:14 - mmengine - INFO - Iter(train) [19600/20000]  base_lr: 2.9576e-06 lr: 2.9576e-07  eta: 0:02:01  time: 0.2966  data_time: 0.0114  memory: 8438  grad_norm: 837.4689  loss: 31.2208  decode.loss_cls: 0.4999  decode.loss_mask: 1.3220  decode.loss_dice: 1.2343  decode.d0.loss_cls: 0.6284  decode.d0.loss_mask: 1.4593  decode.d0.loss_dice: 1.3695  decode.d1.loss_cls: 0.5675  decode.d1.loss_mask: 1.3423  decode.d1.loss_dice: 1.2340  decode.d2.loss_cls: 0.5601  decode.d2.loss_mask: 1.3320  decode.d2.loss_dice: 1.1649  decode.d3.loss_cls: 0.4735  decode.d3.loss_mask: 1.4243  decode.d3.loss_dice: 1.1928  decode.d4.loss_cls: 0.5071  decode.d4.loss_mask: 1.3737  decode.d4.loss_dice: 1.2083  decode.d5.loss_cls: 0.5134  decode.d5.loss_mask: 1.3190  decode.d5.loss_dice: 1.2616  decode.d6.loss_cls: 0.4819  decode.d6.loss_mask: 1.3985  decode.d6.loss_dice: 1.2037  decode.d7.loss_cls: 0.4261  decode.d7.loss_mask: 1.4338  decode.d7.loss_dice: 1.2508  decode.d8.loss_cls: 0.4195  decode.d8.loss_mask: 1.3947  decode.d8.loss_dice: 1.2238
09/30 23:18:29 - mmengine - INFO - Iter(train) [19650/20000]  base_lr: 2.6227e-06 lr: 2.6227e-07  eta: 0:01:46  time: 0.2986  data_time: 0.0117  memory: 8442  grad_norm: 393.0042  loss: 25.7786  decode.loss_cls: 0.2966  decode.loss_mask: 1.2023  decode.loss_dice: 1.0099  decode.d0.loss_cls: 0.4362  decode.d0.loss_mask: 1.2285  decode.d0.loss_dice: 1.0664  decode.d1.loss_cls: 0.2925  decode.d1.loss_mask: 1.2187  decode.d1.loss_dice: 1.0125  decode.d2.loss_cls: 0.2812  decode.d2.loss_mask: 1.2474  decode.d2.loss_dice: 1.0255  decode.d3.loss_cls: 0.2770  decode.d3.loss_mask: 1.2569  decode.d3.loss_dice: 1.0301  decode.d4.loss_cls: 0.2797  decode.d4.loss_mask: 1.2405  decode.d4.loss_dice: 1.0177  decode.d5.loss_cls: 0.2759  decode.d5.loss_mask: 1.2556  decode.d5.loss_dice: 1.0252  decode.d6.loss_cls: 0.2779  decode.d6.loss_mask: 1.3155  decode.d6.loss_dice: 1.0475  decode.d7.loss_cls: 0.2911  decode.d7.loss_mask: 1.2733  decode.d7.loss_dice: 1.0431  decode.d8.loss_cls: 0.2811  decode.d8.loss_mask: 1.2616  decode.d8.loss_dice: 1.0110
09/30 23:18:44 - mmengine - INFO - Iter(train) [19700/20000]  base_lr: 2.2830e-06 lr: 2.2830e-07  eta: 0:01:31  time: 0.3007  data_time: 0.0117  memory: 8457  grad_norm: 548.1915  loss: 34.6679  decode.loss_cls: 0.3360  decode.loss_mask: 1.5702  decode.loss_dice: 1.5033  decode.d0.loss_cls: 0.5225  decode.d0.loss_mask: 1.5422  decode.d0.loss_dice: 1.6417  decode.d1.loss_cls: 0.3580  decode.d1.loss_mask: 1.5397  decode.d1.loss_dice: 1.5775  decode.d2.loss_cls: 0.3963  decode.d2.loss_mask: 1.5390  decode.d2.loss_dice: 1.4855  decode.d3.loss_cls: 0.3527  decode.d3.loss_mask: 1.5809  decode.d3.loss_dice: 1.4971  decode.d4.loss_cls: 0.4135  decode.d4.loss_mask: 1.5396  decode.d4.loss_dice: 1.4712  decode.d5.loss_cls: 0.4359  decode.d5.loss_mask: 1.5118  decode.d5.loss_dice: 1.4817  decode.d6.loss_cls: 0.3716  decode.d6.loss_mask: 1.5483  decode.d6.loss_dice: 1.5199  decode.d7.loss_cls: 0.3560  decode.d7.loss_mask: 1.6074  decode.d7.loss_dice: 1.5251  decode.d8.loss_cls: 0.3978  decode.d8.loss_mask: 1.5539  decode.d8.loss_dice: 1.4916
09/30 23:18:59 - mmengine - INFO - Iter(train) [19750/20000]  base_lr: 1.9375e-06 lr: 1.9375e-07  eta: 0:01:16  time: 0.3218  data_time: 0.0137  memory: 8457  grad_norm: 677.7136  loss: 29.8796  decode.loss_cls: 0.2892  decode.loss_mask: 1.4734  decode.loss_dice: 1.2428  decode.d0.loss_cls: 0.4320  decode.d0.loss_mask: 1.4679  decode.d0.loss_dice: 1.2973  decode.d1.loss_cls: 0.2451  decode.d1.loss_mask: 1.4620  decode.d1.loss_dice: 1.2917  decode.d2.loss_cls: 0.3079  decode.d2.loss_mask: 1.4507  decode.d2.loss_dice: 1.2156  decode.d3.loss_cls: 0.2752  decode.d3.loss_mask: 1.4216  decode.d3.loss_dice: 1.2133  decode.d4.loss_cls: 0.2838  decode.d4.loss_mask: 1.4261  decode.d4.loss_dice: 1.2339  decode.d5.loss_cls: 0.2865  decode.d5.loss_mask: 1.4315  decode.d5.loss_dice: 1.2287  decode.d6.loss_cls: 0.2664  decode.d6.loss_mask: 1.4424  decode.d6.loss_dice: 1.2528  decode.d7.loss_cls: 0.3070  decode.d7.loss_mask: 1.4428  decode.d7.loss_dice: 1.2550  decode.d8.loss_cls: 0.2424  decode.d8.loss_mask: 1.4693  decode.d8.loss_dice: 1.2254
09/30 23:19:15 - mmengine - INFO - Iter(train) [19800/20000]  base_lr: 1.5850e-06 lr: 1.5850e-07  eta: 0:01:00  time: 0.3024  data_time: 0.0117  memory: 8439  grad_norm: 391.8653  loss: 28.4195  decode.loss_cls: 0.2673  decode.loss_mask: 1.2172  decode.loss_dice: 1.3241  decode.d0.loss_cls: 0.3791  decode.d0.loss_mask: 1.2757  decode.d0.loss_dice: 1.4274  decode.d1.loss_cls: 0.2049  decode.d1.loss_mask: 1.2493  decode.d1.loss_dice: 1.3690  decode.d2.loss_cls: 0.2917  decode.d2.loss_mask: 1.2193  decode.d2.loss_dice: 1.3297  decode.d3.loss_cls: 0.2204  decode.d3.loss_mask: 1.2261  decode.d3.loss_dice: 1.3512  decode.d4.loss_cls: 0.2757  decode.d4.loss_mask: 1.2204  decode.d4.loss_dice: 1.3341  decode.d5.loss_cls: 0.2175  decode.d5.loss_mask: 1.2193  decode.d5.loss_dice: 1.3479  decode.d6.loss_cls: 0.2624  decode.d6.loss_mask: 1.2106  decode.d6.loss_dice: 1.3343  decode.d7.loss_cls: 0.2669  decode.d7.loss_mask: 1.2493  decode.d7.loss_dice: 1.3325  decode.d8.loss_cls: 0.2249  decode.d8.loss_mask: 1.2298  decode.d8.loss_dice: 1.3414
09/30 23:19:30 - mmengine - INFO - Iter(train) [19850/20000]  base_lr: 1.2234e-06 lr: 1.2234e-07  eta: 0:00:45  time: 0.3092  data_time: 0.0131  memory: 8457  grad_norm: 309.3040  loss: 42.0881  decode.loss_cls: 0.4668  decode.loss_mask: 1.9100  decode.loss_dice: 1.8026  decode.d0.loss_cls: 0.5445  decode.d0.loss_mask: 1.9310  decode.d0.loss_dice: 1.8829  decode.d1.loss_cls: 0.4385  decode.d1.loss_mask: 1.8419  decode.d1.loss_dice: 1.8372  decode.d2.loss_cls: 0.4548  decode.d2.loss_mask: 1.8417  decode.d2.loss_dice: 1.8566  decode.d3.loss_cls: 0.4901  decode.d3.loss_mask: 1.8914  decode.d3.loss_dice: 1.8037  decode.d4.loss_cls: 0.4938  decode.d4.loss_mask: 1.8776  decode.d4.loss_dice: 1.8141  decode.d5.loss_cls: 0.4495  decode.d5.loss_mask: 1.9058  decode.d5.loss_dice: 1.7991  decode.d6.loss_cls: 0.5027  decode.d6.loss_mask: 1.9022  decode.d6.loss_dice: 1.8370  decode.d7.loss_cls: 0.5943  decode.d7.loss_mask: 1.8425  decode.d7.loss_dice: 1.8597  decode.d8.loss_cls: 0.5049  decode.d8.loss_mask: 1.8983  decode.d8.loss_dice: 1.8129
09/30 23:19:45 - mmengine - INFO - Iter(train) [19900/20000]  base_lr: 8.4936e-07 lr: 8.4936e-08  eta: 0:00:30  time: 0.3039  data_time: 0.0118  memory: 8448  grad_norm: 1587.1125  loss: 35.1843  decode.loss_cls: 0.3366  decode.loss_mask: 1.6845  decode.loss_dice: 1.4382  decode.d0.loss_cls: 0.5469  decode.d0.loss_mask: 1.6821  decode.d0.loss_dice: 1.5317  decode.d1.loss_cls: 0.3430  decode.d1.loss_mask: 1.7036  decode.d1.loss_dice: 1.4851  decode.d2.loss_cls: 0.3470  decode.d2.loss_mask: 1.7033  decode.d2.loss_dice: 1.4827  decode.d3.loss_cls: 0.3056  decode.d3.loss_mask: 1.7078  decode.d3.loss_dice: 1.4718  decode.d4.loss_cls: 0.3648  decode.d4.loss_mask: 1.6436  decode.d4.loss_dice: 1.4613  decode.d5.loss_cls: 0.4037  decode.d5.loss_mask: 1.6699  decode.d5.loss_dice: 1.4648  decode.d6.loss_cls: 0.3839  decode.d6.loss_mask: 1.6221  decode.d6.loss_dice: 1.4329  decode.d7.loss_cls: 0.3058  decode.d7.loss_mask: 1.6866  decode.d7.loss_dice: 1.4839  decode.d8.loss_cls: 0.3221  decode.d8.loss_mask: 1.6979  decode.d8.loss_dice: 1.4715
09/30 23:20:01 - mmengine - INFO - Iter(train) [19950/20000]  base_lr: 4.5516e-07 lr: 4.5516e-08  eta: 0:00:15  time: 0.2984  data_time: 0.0115  memory: 8449  grad_norm: 828.7901  loss: 31.8305  decode.loss_cls: 0.3803  decode.loss_mask: 1.4393  decode.loss_dice: 1.2516  decode.d0.loss_cls: 0.5338  decode.d0.loss_mask: 1.6373  decode.d0.loss_dice: 1.3584  decode.d1.loss_cls: 0.4650  decode.d1.loss_mask: 1.4872  decode.d1.loss_dice: 1.2669  decode.d2.loss_cls: 0.4173  decode.d2.loss_mask: 1.4455  decode.d2.loss_dice: 1.3013  decode.d3.loss_cls: 0.4146  decode.d3.loss_mask: 1.4152  decode.d3.loss_dice: 1.2237  decode.d4.loss_cls: 0.4179  decode.d4.loss_mask: 1.4940  decode.d4.loss_dice: 1.2814  decode.d5.loss_cls: 0.4280  decode.d5.loss_mask: 1.4549  decode.d5.loss_dice: 1.2480  decode.d6.loss_cls: 0.4126  decode.d6.loss_mask: 1.4357  decode.d6.loss_dice: 1.2395  decode.d7.loss_cls: 0.4315  decode.d7.loss_mask: 1.4485  decode.d7.loss_dice: 1.2297  decode.d8.loss_cls: 0.3812  decode.d8.loss_mask: 1.5841  decode.d8.loss_dice: 1.3061
09/30 23:20:16 - mmengine - INFO - Exp name: mask2former_swin_l_512_20260930_211218
09/30 23:20:16 - mmengine - INFO - Iter(train) [20000/20000]  base_lr: 0.0000e+00 lr: 0.0000e+00  eta: 0:00:00  time: 0.3188  data_time: 0.0132  memory: 8442  grad_norm: 485.9906  loss: 30.8394  decode.loss_cls: 0.3479  decode.loss_mask: 1.4375  decode.loss_dice: 1.2930  decode.d0.loss_cls: 0.5023  decode.d0.loss_mask: 1.3956  decode.d0.loss_dice: 1.3346  decode.d1.loss_cls: 0.3010  decode.d1.loss_mask: 1.4706  decode.d1.loss_dice: 1.3288  decode.d2.loss_cls: 0.3715  decode.d2.loss_mask: 1.3681  decode.d2.loss_dice: 1.2845  decode.d3.loss_cls: 0.3807  decode.d3.loss_mask: 1.3567  decode.d3.loss_dice: 1.2842  decode.d4.loss_cls: 0.3696  decode.d4.loss_mask: 1.4031  decode.d4.loss_dice: 1.2826  decode.d5.loss_cls: 0.3635  decode.d5.loss_mask: 1.4198  decode.d5.loss_dice: 1.2950  decode.d6.loss_cls: 0.3685  decode.d6.loss_mask: 1.4473  decode.d6.loss_dice: 1.2800  decode.d7.loss_cls: 0.3609  decode.d7.loss_mask: 1.4430  decode.d7.loss_dice: 1.2984  decode.d8.loss_cls: 0.3497  decode.d8.loss_mask: 1.3898  decode.d8.loss_dice: 1.3113
09/30 23:20:16 - mmengine - INFO - Saving checkpoint at 20000 iterations
09/30 23:20:24 - mmengine - INFO - Iter(val) [ 50/699]    eta: 0:01:14  time: 0.1132  data_time: 0.0033  memory: 3701  
09/30 23:20:30 - mmengine - INFO - Iter(val) [100/699]    eta: 0:01:08  time: 0.1151  data_time: 0.0041  memory: 3701  
09/30 23:20:36 - mmengine - INFO - Iter(val) [150/699]    eta: 0:01:02  time: 0.1145  data_time: 0.0039  memory: 3701  
09/30 23:20:42 - mmengine - INFO - Iter(val) [200/699]    eta: 0:00:57  time: 0.1145  data_time: 0.0039  memory: 3701  
09/30 23:20:47 - mmengine - INFO - Iter(val) [250/699]    eta: 0:00:51  time: 0.1149  data_time: 0.0040  memory: 3701  
09/30 23:20:53 - mmengine - INFO - Iter(val) [300/699]    eta: 0:00:45  time: 0.1147  data_time: 0.0040  memory: 3701  
09/30 23:20:59 - mmengine - INFO - Iter(val) [350/699]    eta: 0:00:40  time: 0.1152  data_time: 0.0041  memory: 3701  
09/30 23:21:05 - mmengine - INFO - Iter(val) [400/699]    eta: 0:00:34  time: 0.1157  data_time: 0.0042  memory: 3701  
09/30 23:21:10 - mmengine - INFO - Iter(val) [450/699]    eta: 0:00:28  time: 0.1155  data_time: 0.0042  memory: 3701  
09/30 23:21:16 - mmengine - INFO - Iter(val) [500/699]    eta: 0:00:22  time: 0.1155  data_time: 0.0040  memory: 3701  
09/30 23:21:22 - mmengine - INFO - Iter(val) [550/699]    eta: 0:00:17  time: 0.1167  data_time: 0.0043  memory: 3701  
09/30 23:21:28 - mmengine - INFO - Iter(val) [600/699]    eta: 0:00:11  time: 0.1154  data_time: 0.0041  memory: 3701  
09/30 23:21:34 - mmengine - INFO - Iter(val) [650/699]    eta: 0:00:05  time: 0.1161  data_time: 0.0040  memory: 3701  
09/30 23:21:39 - mmengine - INFO - per class results:
09/30 23:21:39 - mmengine - INFO - 
+--------------+-------+-------+
|    Class     |  IoU  |  Acc  |
+--------------+-------+-------+
|  Background  | 61.98 | 79.38 |
|   Building   | 82.54 | 89.25 |
|     Road     | 65.52 | 72.93 |
|    Water     | 83.81 | 90.21 |
|    Barren    | 30.01 | 50.39 |
|  Vegetation  | 85.53 |  90.8 |
| Agricultural | 71.31 | 86.67 |
|   Vehicle    | 77.68 | 85.65 |
+--------------+-------+-------+
09/30 23:21:39 - mmengine - INFO - Iter(val) [699/699]    aAcc: 84.9700  mIoU: 69.8000  mAcc: 80.6600  data_time: 0.0041  time: 0.1152
09/30 23:21:39 - mmengine - INFO - The previous best checkpoint /root/hyperseg/runs/mask2former_uav/h2_swin_l_mask2former_20k_seed3407_fp32/best_mIoU_iter_18000.pth is removed
09/30 23:21:42 - mmengine - INFO - The best checkpoint with 69.8000 mIoU at 20000 iter is saved to best_mIoU_iter_20000.pth.
2026-09-30T23:21:46+08:00
H2 DONE
